{
"type": "FeatureCollection",
"name": "область",
"crs": { "type": "name", "properties": { "name": "urn:ogc:def:crs:EPSG::32640" } },
"features": [
{ "type": "Feature", "properties": { "full_id": "n7796147287", "osm_id": "7796147287", "osm_type": "node", "amenity": "community_centre", "entrance": null, "full_name": null, "community_centre": null, "check_date": null, "operator": null, "contact:phone": null, "opening_hours": "24/7", "name": "Арт-Квадрат", "type": "lines", "start": "55.9471595, 54.7279338" }, "geometry": { "type": "MultiLineString", "coordinates": [ [ [ 431809.363947874109726, 6065825.636868412606418 ], [ 431734.140330448804889, 6065847.746088120155036 ] ], [ [ 431809.363947874109726, 6065825.636868412606418 ], [ 431835.65143900946714, 6065817.905950746499002 ] ], [ [ 431835.65143900946714, 6065817.905950746499002 ], [ 431809.363947874109726, 6065825.636868412606418 ] ], [ [ 431835.65143900946714, 6065817.905950746499002 ], [ 431881.039378716726787, 6065804.567344475537539 ] ], [ [ 431881.039378716726787, 6065804.567344475537539 ], [ 431835.65143900946714, 6065817.905950746499002 ] ], [ [ 431881.039378716726787, 6065804.567344475537539 ], [ 431924.869532835611608, 6065791.68671578168869 ] ], [ [ 431924.869532835611608, 6065791.68671578168869 ], [ 431881.039378716726787, 6065804.567344475537539 ] ], [ [ 431924.869532835611608, 6065791.68671578168869 ], [ 432055.418976469722111, 6065753.328670262359083 ] ], [ [ 432055.418976469722111, 6065753.328670262359083 ], [ 431924.869532835611608, 6065791.68671578168869 ] ], [ [ 432055.418976469722111, 6065753.328670262359083 ], [ 432070.428992309374735, 6065748.918344254605472 ] ], [ [ 432070.428992309374735, 6065748.918344254605472 ], [ 432055.418976469722111, 6065753.328670262359083 ] ], [ [ 432070.428992309374735, 6065748.918344254605472 ], [ 432082.380498823185917, 6065745.399872727692127 ] ], [ [ 432070.428992309374735, 6065748.918344254605472 ], [ 432066.504749546526, 6065735.92268221732229 ] ], [ [ 432070.428992309374735, 6065748.918344254605472 ], [ 432073.069978968822397, 6065757.949014308862388 ] ], [ [ 432082.380498823185917, 6065745.399872727692127 ], [ 432070.428992309374735, 6065748.918344254605472 ] ], [ [ 432082.380498823185917, 6065745.399872727692127 ], [ 432120.332220166223124, 6065734.256675763987005 ] ], [ [ 432120.332220166223124, 6065734.256675763987005 ], [ 432082.380498823185917, 6065745.399872727692127 ] ], [ [ 432120.332220166223124, 6065734.256675763987005 ], [ 432154.946353247854859, 6065723.853936587460339 ] ], [ [ 432154.946353247854859, 6065723.853936587460339 ], [ 432120.332220166223124, 6065734.256675763987005 ] ], [ [ 432154.946353247854859, 6065723.853936587460339 ], [ 432165.877740442287177, 6065720.584723086096346 ] ], [ [ 432165.877740442287177, 6065720.584723086096346 ], [ 432154.946353247854859, 6065723.853936587460339 ] ], [ [ 432165.877740442287177, 6065720.584723086096346 ], [ 432219.635056856262963, 6065704.786759932525456 ] ], [ [ 432219.635056856262963, 6065704.786759932525456 ], [ 432165.877740442287177, 6065720.584723086096346 ] ], [ [ 432219.635056856262963, 6065704.786759932525456 ], [ 432246.760609433811624, 6065697.023435011506081 ] ], [ [ 432246.760609433811624, 6065697.023435011506081 ], [ 432219.635056856262963, 6065704.786759932525456 ] ], [ [ 432246.760609433811624, 6065697.023435011506081 ], [ 432259.833558081183583, 6065693.544268255122006 ] ], [ [ 432259.833558081183583, 6065693.544268255122006 ], [ 432246.760609433811624, 6065697.023435011506081 ] ], [ [ 432259.833558081183583, 6065693.544268255122006 ], [ 432273.099021566682495, 6065690.017736749723554 ] ], [ [ 432273.099021566682495, 6065690.017736749723554 ], [ 432259.833558081183583, 6065693.544268255122006 ] ], [ [ 432273.099021566682495, 6065690.017736749723554 ], [ 432301.774196476384532, 6065681.218752126209438 ] ], [ [ 432301.774196476384532, 6065681.218752126209438 ], [ 432273.099021566682495, 6065690.017736749723554 ] ], [ [ 432301.774196476384532, 6065681.218752126209438 ], [ 432382.07383251702413, 6065657.757691984064877 ] ], [ [ 432382.07383251702413, 6065657.757691984064877 ], [ 432301.774196476384532, 6065681.218752126209438 ] ], [ [ 432382.07383251702413, 6065657.757691984064877 ], [ 432424.214285434107296, 6065644.554982436820865 ] ], [ [ 432435.381117875804193, 6065641.056464594788849 ], [ 432424.214285434107296, 6065644.554982436820865 ] ], [ [ 432435.381117875804193, 6065641.056464594788849 ], [ 432452.213992674020119, 6065636.186123014427722 ] ], [ [ 432452.213992674020119, 6065636.186123014427722 ], [ 432435.381117875804193, 6065641.056464594788849 ] ], [ [ 432452.213992674020119, 6065636.186123014427722 ], [ 432448.543744749156758, 6065625.033816346898675 ] ], [ [ 432452.213992674020119, 6065636.186123014427722 ], [ 432462.487250243313611, 6065633.239096000790596 ] ], [ [ 432452.213992674020119, 6065636.186123014427722 ], [ 432455.231428552127909, 6065645.890256830491126 ] ], [ [ 432073.07410780916689, 6064349.292955107986927 ], [ 432086.249908936675638, 6064345.5447299759835 ] ], [ [ 432073.07410780916689, 6064349.292955107986927 ], [ 432055.979054540512152, 6064354.591453775763512 ] ], [ [ 432073.07410780916689, 6064349.292955107986927 ], [ 432078.347386396315414, 6064364.538721030578017 ] ], [ [ 432086.249908936675638, 6064345.5447299759835 ], [ 432073.07410780916689, 6064349.292955107986927 ] ], [ [ 432086.249908936675638, 6064345.5447299759835 ], [ 432175.895685983763542, 6064320.025913667865098 ] ], [ [ 432175.895685983763542, 6064320.025913667865098 ], [ 432086.249908936675638, 6064345.5447299759835 ] ], [ [ 432175.895685983763542, 6064320.025913667865098 ], [ 432185.727725384000223, 6064317.107205837033689 ] ], [ [ 432185.727725384000223, 6064317.107205837033689 ], [ 432175.895685983763542, 6064320.025913667865098 ] ], [ [ 432185.727725384000223, 6064317.107205837033689 ], [ 432193.145147135481238, 6064315.12621199619025 ] ], [ [ 432193.145147135481238, 6064315.12621199619025 ], [ 432185.727725384000223, 6064317.107205837033689 ] ], [ [ 432193.145147135481238, 6064315.12621199619025 ], [ 432280.938442237267736, 6064285.853347329422832 ] ], [ [ 432280.938442237267736, 6064285.853347329422832 ], [ 432193.145147135481238, 6064315.12621199619025 ] ], [ [ 432280.938442237267736, 6064285.853347329422832 ], [ 432352.833048715081532, 6064261.294081816449761 ] ], [ [ 432352.833048715081532, 6064261.294081816449761 ], [ 432280.938442237267736, 6064285.853347329422832 ] ], [ [ 432352.833048715081532, 6064261.294081816449761 ], [ 432386.758382018888369, 6064249.701755079440773 ] ], [ [ 432386.758382018888369, 6064249.701755079440773 ], [ 432352.833048715081532, 6064261.294081816449761 ] ], [ [ 432386.758382018888369, 6064249.701755079440773 ], [ 432399.442835492372978, 6064245.371954628266394 ] ], [ [ 432399.442835492372978, 6064245.371954628266394 ], [ 432386.758382018888369, 6064249.701755079440773 ] ], [ [ 432399.442835492372978, 6064245.371954628266394 ], [ 432401.910259682801552, 6064253.559572860598564 ] ], [ [ 432399.442835492372978, 6064245.371954628266394 ], [ 432410.369655037589837, 6064236.805967653170228 ] ], [ [ 432399.442835492372978, 6064245.371954628266394 ], [ 432395.013126799487509, 6064228.744323330931365 ] ], [ [ 433390.262479237979278, 6064778.119256278499961 ], [ 433408.912123691814486, 6064772.690183731727302 ] ], [ [ 433390.262479237979278, 6064778.119256278499961 ], [ 433371.608463462034706, 6064783.533412217162549 ] ], [ [ 433346.230460934282746, 6064790.899287608452141 ], [ 433390.262479237979278, 6064778.119256278499961 ] ], [ [ 433346.230460934282746, 6064790.899287608452141 ], [ 433283.545383840857539, 6064809.096875880844891 ] ], [ [ 433263.59336030553095, 6064814.889196446165442 ], [ 433346.230460934282746, 6064790.899287608452141 ] ], [ [ 433263.59336030553095, 6064814.889196446165442 ], [ 433228.971172460413072, 6064824.938333152793348 ] ], [ [ 433228.971172460413072, 6064824.938333152793348 ], [ 433263.59336030553095, 6064814.889196446165442 ] ], [ [ 433228.971172460413072, 6064824.938333152793348 ], [ 433146.668835583142936, 6064848.836428065784276 ] ], [ [ 433146.668835583142936, 6064848.836428065784276 ], [ 433228.971172460413072, 6064824.938333152793348 ] ], [ [ 433146.668835583142936, 6064848.836428065784276 ], [ 433152.694194850861095, 6064864.695476232096553 ] ], [ [ 433146.668835583142936, 6064848.836428065784276 ], [ 433029.073960348730907, 6064882.206808998249471 ] ], [ [ 432831.587152878753841, 6065525.069415330886841 ], [ 432834.677486262051389, 6065535.395938716828823 ] ], [ [ 432831.587152878753841, 6065525.069415330886841 ], [ 432815.671443882398307, 6065529.735489646904171 ] ], [ [ 432831.587152878753841, 6065525.069415330886841 ], [ 432848.51909658923978, 6065520.310389403253794 ] ], [ [ 432831.587152878753841, 6065525.069415330886841 ], [ 432827.7436998935882, 6065512.172103753313422 ] ], [ [ 432834.677486262051389, 6065535.395938716828823 ], [ 432831.587152878753841, 6065525.069415330886841 ] ], [ [ 432834.677486262051389, 6065535.395938716828823 ], [ 432843.921394060482271, 6065568.891134449280798 ] ], [ [ 432786.354434254579246, 6065825.820247069001198 ], [ 432842.302771315851714, 6065809.975888752378523 ] ], [ [ 432786.354434254579246, 6065825.820247069001198 ], [ 432730.529363614856265, 6065842.093775160610676 ] ], [ [ 432728.580967503192369, 6065842.661765339784324 ], [ 432786.354434254579246, 6065825.820247069001198 ] ], [ [ 432728.580967503192369, 6065842.661765339784324 ], [ 432670.490274420706555, 6065859.364079393446445 ] ], [ [ 432670.490274420706555, 6065859.364079393446445 ], [ 432728.580967503192369, 6065842.661765339784324 ] ], [ [ 432670.490274420706555, 6065859.364079393446445 ], [ 432602.899527533503715, 6065879.414095631800592 ] ], [ [ 432602.899527533503715, 6065879.414095631800592 ], [ 432670.490274420706555, 6065859.364079393446445 ] ], [ [ 432602.899527533503715, 6065879.414095631800592 ], [ 432560.595117470249534, 6065891.452913231216371 ] ], [ [ 432560.595117470249534, 6065891.452913231216371 ], [ 432602.899527533503715, 6065879.414095631800592 ] ], [ [ 432560.595117470249534, 6065891.452913231216371 ], [ 432534.581815721758176, 6065899.475992859341204 ] ], [ [ 432534.581815721758176, 6065899.475992859341204 ], [ 432560.595117470249534, 6065891.452913231216371 ] ], [ [ 432534.581815721758176, 6065899.475992859341204 ], [ 432512.138981096097268, 6065905.954562019556761 ] ], [ [ 432534.581815721758176, 6065899.475992859341204 ], [ 432538.82978257117793, 6065912.255740984342992 ] ], [ [ 432534.581815721758176, 6065899.475992859341204 ], [ 432532.494668783037923, 6065893.397189781069756 ] ], [ [ 432477.286899663740769, 6064524.966086612083018 ], [ 432461.71467508864589, 6064530.418375111185014 ] ], [ [ 432477.286899663740769, 6064524.966086612083018 ], [ 432471.920150632446166, 6064507.673499596305192 ] ], [ [ 432477.286899663740769, 6064524.966086612083018 ], [ 432478.744971910084132, 6064527.270318208262324 ] ], [ [ 432477.286899663740769, 6064524.966086612083018 ], [ 432490.008718697179575, 6064512.834357944317162 ] ], [ [ 432461.71467508864589, 6064530.418375111185014 ], [ 432477.286899663740769, 6064524.966086612083018 ] ], [ [ 432461.71467508864589, 6064530.418375111185014 ], [ 432351.850232574914116, 6064567.085196411237121 ] ], [ [ 432351.850232574914116, 6064567.085196411237121 ], [ 432461.71467508864589, 6064530.418375111185014 ] ], [ [ 432351.850232574914116, 6064567.085196411237121 ], [ 432284.53721034724731, 6064589.695106595754623 ] ], [ [ 432284.53721034724731, 6064589.695106595754623 ], [ 432351.850232574914116, 6064567.085196411237121 ] ], [ [ 432284.53721034724731, 6064589.695106595754623 ], [ 432261.161585272871889, 6064597.535388085059822 ] ], [ [ 432261.161585272871889, 6064597.535388085059822 ], [ 432284.53721034724731, 6064589.695106595754623 ] ], [ [ 432261.161585272871889, 6064597.535388085059822 ], [ 432253.457522940181661, 6064600.13268724642694 ] ], [ [ 432253.457522940181661, 6064600.13268724642694 ], [ 432261.161585272871889, 6064597.535388085059822 ] ], [ [ 432253.457522940181661, 6064600.13268724642694 ], [ 432193.426389790023677, 6064620.286554773338139 ] ], [ [ 432193.426389790023677, 6064620.286554773338139 ], [ 432253.457522940181661, 6064600.13268724642694 ] ], [ [ 432193.426389790023677, 6064620.286554773338139 ], [ 432165.340353470586706, 6064629.722721357829869 ] ], [ [ 432165.340353470586706, 6064629.722721357829869 ], [ 432193.426389790023677, 6064620.286554773338139 ] ], [ [ 432165.340353470586706, 6064629.722721357829869 ], [ 432157.57216241734568, 6064632.332278275862336 ] ], [ [ 432157.57216241734568, 6064632.332278275862336 ], [ 432165.340353470586706, 6064629.722721357829869 ] ], [ [ 432157.57216241734568, 6064632.332278275862336 ], [ 432163.066823991306592, 6064651.636997849680483 ] ], [ [ 432157.57216241734568, 6064632.332278275862336 ], [ 432151.46807957382407, 6064611.912656819447875 ] ], [ [ 432372.722046228183899, 6065371.574737990275025 ], [ 432377.444136902573518, 6065387.140697102062404 ] ], [ [ 432372.722046228183899, 6065371.574737990275025 ], [ 432383.301615897275042, 6065368.400374521501362 ] ], [ [ 432372.722046228183899, 6065371.574737990275025 ], [ 432368.625307057169266, 6065355.621028029359877 ] ], [ [ 432377.444136902573518, 6065387.140697102062404 ], [ 432372.722046228183899, 6065371.574737990275025 ] ], [ [ 432377.444136902573518, 6065387.140697102062404 ], [ 432408.328583204478491, 6065494.454483228735626 ] ], [ [ 432408.328583204478491, 6065494.454483228735626 ], [ 432377.444136902573518, 6065387.140697102062404 ] ], [ [ 432408.328583204478491, 6065494.454483228735626 ], [ 432430.913009770447388, 6065570.096245061606169 ] ], [ [ 432430.913009770447388, 6065570.096245061606169 ], [ 432408.328583204478491, 6065494.454483228735626 ] ], [ [ 432430.913009770447388, 6065570.096245061606169 ], [ 432448.543744749156758, 6065625.033816346898675 ] ], [ [ 432448.543744749156758, 6065625.033816346898675 ], [ 432430.913009770447388, 6065570.096245061606169 ] ], [ [ 432448.543744749156758, 6065625.033816346898675 ], [ 432452.213992674020119, 6065636.186123014427722 ] ], [ [ 432462.487250243313611, 6065633.239096000790596 ], [ 432452.213992674020119, 6065636.186123014427722 ] ], [ [ 432462.487250243313611, 6065633.239096000790596 ], [ 432557.599517398222815, 6065605.352933144196868 ] ], [ [ 432557.599517398222815, 6065605.352933144196868 ], [ 432462.487250243313611, 6065633.239096000790596 ] ], [ [ 432557.599517398222815, 6065605.352933144196868 ], [ 432639.189491768949665, 6065581.443201469257474 ] ], [ [ 432639.189491768949665, 6065581.443201469257474 ], [ 432557.599517398222815, 6065605.352933144196868 ] ], [ [ 432639.189491768949665, 6065581.443201469257474 ], [ 432648.827194008801598, 6065578.61737182084471 ] ], [ [ 432648.827194008801598, 6065578.61737182084471 ], [ 432639.189491768949665, 6065581.443201469257474 ] ], [ [ 432648.827194008801598, 6065578.61737182084471 ], [ 432653.283826593367849, 6065577.315591933205724 ] ], [ [ 432653.283826593367849, 6065577.315591933205724 ], [ 432648.827194008801598, 6065578.61737182084471 ] ], [ [ 432653.283826593367849, 6065577.315591933205724 ], [ 432704.672473842801992, 6065562.259927828796208 ] ], [ [ 432704.672473842801992, 6065562.259927828796208 ], [ 432653.283826593367849, 6065577.315591933205724 ] ], [ [ 432704.672473842801992, 6065562.259927828796208 ], [ 432716.887937461200636, 6065558.672450166195631 ] ], [ [ 432716.887937461200636, 6065558.672450166195631 ], [ 432704.672473842801992, 6065562.259927828796208 ] ], [ [ 432716.887937461200636, 6065558.672450166195631 ], [ 432759.530519662308507, 6065546.184977375902236 ] ], [ [ 432759.530519662308507, 6065546.184977375902236 ], [ 432716.887937461200636, 6065558.672450166195631 ] ], [ [ 432759.530519662308507, 6065546.184977375902236 ], [ 432815.671443882398307, 6065529.735489646904171 ] ], [ [ 432815.671443882398307, 6065529.735489646904171 ], [ 432759.530519662308507, 6065546.184977375902236 ] ], [ [ 432815.671443882398307, 6065529.735489646904171 ], [ 432831.587152878753841, 6065525.069415330886841 ] ], [ [ 432401.910259682801552, 6064253.559572860598564 ], [ 432399.442835492372978, 6064245.371954628266394 ] ], [ [ 432401.910259682801552, 6064253.559572860598564 ], [ 432419.25149442726979, 6064316.981454850174487 ] ], [ [ 432419.69710355240386, 6064318.611198367550969 ], [ 432401.910259682801552, 6064253.559572860598564 ] ], [ [ 432419.69710355240386, 6064318.611198367550969 ], [ 432455.163503969321027, 6064445.51102286670357 ] ], [ [ 432455.163503969321027, 6064445.51102286670357 ], [ 432419.69710355240386, 6064318.611198367550969 ] ], [ [ 432455.163503969321027, 6064445.51102286670357 ], [ 432461.783698926330544, 6064469.940972064621747 ] ], [ [ 432461.783698926330544, 6064469.940972064621747 ], [ 432455.163503969321027, 6064445.51102286670357 ] ], [ [ 432461.783698926330544, 6064469.940972064621747 ], [ 432471.920150632446166, 6064507.673499596305192 ] ], [ [ 432471.920150632446166, 6064507.673499596305192 ], [ 432461.783698926330544, 6064469.940972064621747 ] ], [ [ 432471.920150632446166, 6064507.673499596305192 ], [ 432477.286899663740769, 6064524.966086612083018 ] ], [ [ 432055.979054540512152, 6064354.591453775763512 ], [ 432073.07410780916689, 6064349.292955107986927 ] ], [ [ 432055.979054540512152, 6064354.591453775763512 ], [ 432012.173117029364221, 6064368.327050489373505 ] ], [ [ 432012.173117029364221, 6064368.327050489373505 ], [ 432055.979054540512152, 6064354.591453775763512 ] ], [ [ 432012.173117029364221, 6064368.327050489373505 ], [ 431939.429249340028036, 6064391.023755332455039 ] ], [ [ 431939.429249340028036, 6064391.023755332455039 ], [ 432012.173117029364221, 6064368.327050489373505 ] ], [ [ 431939.429249340028036, 6064391.023755332455039 ], [ 431898.88039411540376, 6064403.687528566457331 ] ], [ [ 431898.88039411540376, 6064403.687528566457331 ], [ 431939.429249340028036, 6064391.023755332455039 ] ], [ [ 431898.88039411540376, 6064403.687528566457331 ], [ 431888.166118813154753, 6064407.031946953386068 ] ], [ [ 431888.166118813154753, 6064407.031946953386068 ], [ 431898.88039411540376, 6064403.687528566457331 ] ], [ [ 431888.166118813154753, 6064407.031946953386068 ], [ 431866.295227121619973, 6064413.861080316826701 ] ], [ [ 431866.295227121619973, 6064413.861080316826701 ], [ 431888.166118813154753, 6064407.031946953386068 ] ], [ [ 431866.295227121619973, 6064413.861080316826701 ], [ 431855.939993150474038, 6064417.08887111954391 ] ], [ [ 431855.939993150474038, 6064417.08887111954391 ], [ 431866.295227121619973, 6064413.861080316826701 ] ], [ [ 431855.939993150474038, 6064417.08887111954391 ], [ 431771.163000844535418, 6064443.564514973200858 ] ], [ [ 431771.163000844535418, 6064443.564514973200858 ], [ 431854.683683961746283, 6064417.48119948990643 ] ], [ [ 431771.163000844535418, 6064443.564514973200858 ], [ 431707.430376901640557, 6064463.480217448435724 ] ], [ [ 431707.430376901640557, 6064463.480217448435724 ], [ 431771.163000844535418, 6064443.564514973200858 ] ], [ [ 431707.430376901640557, 6064463.480217448435724 ], [ 431695.164668349549174, 6064467.304842674173415 ] ], [ [ 431695.164668349549174, 6064467.304842674173415 ], [ 431707.430376901640557, 6064463.480217448435724 ] ], [ [ 431695.164668349549174, 6064467.304842674173415 ], [ 431690.230281526164617, 6064454.102163605391979 ] ], [ [ 431695.164668349549174, 6064467.304842674173415 ], [ 431698.921719737001695, 6064476.774744818918407 ] ], [ [ 431695.164668349549174, 6064467.304842674173415 ], [ 431681.778887288761325, 6064470.756906223483384 ] ], [ [ 432078.347386396315414, 6064364.538721030578017 ], [ 432073.07410780916689, 6064349.292955107986927 ] ], [ [ 432078.347386396315414, 6064364.538721030578017 ], [ 432099.999901919160038, 6064439.625357392244041 ] ], [ [ 432099.999901919160038, 6064439.625357392244041 ], [ 432078.347386396315414, 6064364.538721030578017 ] ], [ [ 432099.999901919160038, 6064439.625357392244041 ], [ 432129.761577456083614, 6064538.273407747969031 ] ], [ [ 432129.761577456083614, 6064538.273407747969031 ], [ 432099.999901919160038, 6064439.625357392244041 ] ], [ [ 432129.761577456083614, 6064538.273407747969031 ], [ 432134.988333481829613, 6064556.024020243436098 ] ], [ [ 432134.988333481829613, 6064556.024020243436098 ], [ 432129.761577456083614, 6064538.273407747969031 ] ], [ [ 432134.988333481829613, 6064556.024020243436098 ], [ 432140.587980733893346, 6064575.015518360771239 ] ], [ [ 432478.744971910084132, 6064527.270318208262324 ], [ 432477.286899663740769, 6064524.966086612083018 ] ], [ [ 432478.744971910084132, 6064527.270318208262324 ], [ 432481.223621153389104, 6064531.484665135852993 ] ], [ [ 432478.744971910084132, 6064527.270318208262324 ], [ 432491.313713539449964, 6064515.241043235175312 ] ], [ [ 432481.223621153389104, 6064531.484665135852993 ], [ 432478.744971910084132, 6064527.270318208262324 ] ], [ [ 432481.223621153389104, 6064531.484665135852993 ], [ 432584.344428572221659, 6064695.581988700665534 ] ], [ [ 432584.344428572221659, 6064695.581988700665534 ], [ 432481.223621153389104, 6064531.484665135852993 ] ], [ [ 432584.344428572221659, 6064695.581988700665534 ], [ 432592.172113010659814, 6064712.070075826719403 ] ], [ [ 432592.172113010659814, 6064712.070075826719403 ], [ 432584.344428572221659, 6064695.581988700665534 ] ], [ [ 432592.172113010659814, 6064712.070075826719403 ], [ 432573.935654680652078, 6064717.227851001545787 ] ], [ [ 432592.172113010659814, 6064712.070075826719403 ], [ 432598.862962092389353, 6064728.35254477430135 ] ], [ [ 432592.172113010659814, 6064712.070075826719403 ], [ 432609.966563761350699, 6064707.074775446206331 ] ], [ [ 432848.51909658923978, 6065520.310389403253794 ], [ 432831.587152878753841, 6065525.069415330886841 ] ], [ [ 432848.51909658923978, 6065520.310389403253794 ], [ 432897.884688054327853, 6065506.422202981077135 ] ], [ [ 432897.884688054327853, 6065506.422202981077135 ], [ 432848.51909658923978, 6065520.310389403253794 ] ], [ [ 432897.884688054327853, 6065506.422202981077135 ], [ 432987.226948411785997, 6065481.279659849591553 ] ], [ [ 432987.226948411785997, 6065481.279659849591553 ], [ 432949.332110462826677, 6065491.943709357641637 ] ], [ [ 432987.226948411785997, 6065481.279659849591553 ], [ 432992.774775667232461, 6065479.717192065902054 ] ], [ [ 432992.774775667232461, 6065479.717192065902054 ], [ 432987.226948411785997, 6065481.279659849591553 ] ], [ [ 432992.774775667232461, 6065479.717192065902054 ], [ 433025.123568798415363, 6065470.62223351560533 ] ], [ [ 432889.270932221319526, 6064986.257953389547765 ], [ 432875.788847946270835, 6064940.442480494268239 ] ], [ [ 432889.270932221319526, 6064986.257953389547765 ], [ 432902.750648725836072, 6065032.074179512448609 ] ], [ [ 432948.658631055732258, 6065188.11773880943656 ], [ 432889.270932221319526, 6064986.257953389547765 ] ], [ [ 432948.658631055732258, 6065188.11773880943656 ], [ 432952.735117148433346, 6065201.968802119605243 ] ], [ [ 432952.735117148433346, 6065201.968802119605243 ], [ 432948.658631055732258, 6065188.11773880943656 ] ], [ [ 432952.735117148433346, 6065201.968802119605243 ], [ 432940.637553006235976, 6065205.331280367448926 ] ], [ [ 432952.735117148433346, 6065201.968802119605243 ], [ 432963.819889586011413, 6065198.498959835618734 ] ], [ [ 431149.152739648183342, 6065438.74426510091871 ], [ 431152.628939017886296, 6065449.620312318205833 ] ], [ [ 431149.152739648183342, 6065438.74426510091871 ], [ 431145.398442423087545, 6065426.525807544589043 ] ], [ [ 431149.152739648183342, 6065438.74426510091871 ], [ 431158.621621613798197, 6065435.439255273900926 ] ], [ [ 431152.628939017886296, 6065449.620312318205833 ], [ 431149.152739648183342, 6065438.74426510091871 ] ], [ [ 431152.628939017886296, 6065449.620312318205833 ], [ 431190.336645780596882, 6065575.843197953887284 ] ], [ [ 432410.369655037589837, 6064236.805967653170228 ], [ 432399.442835492372978, 6064245.371954628266394 ] ], [ [ 432410.369655037589837, 6064236.805967653170228 ], [ 432445.1216837214306, 6064210.951930279843509 ] ], [ [ 431112.849706581328064, 6065308.806021986529231 ], [ 431110.652411883638706, 6065300.870667765848339 ] ], [ [ 431112.849706581328064, 6065308.806021986529231 ], [ 431115.046606232994236, 6065316.74149080645293 ] ], [ [ 431131.552983710716944, 6065376.365401896648109 ], [ 431112.849706581328064, 6065308.806021986529231 ] ], [ [ 431131.552983710716944, 6065376.365401896648109 ], [ 431135.438362906570546, 6065390.418192795477808 ] ], [ [ 431135.438362906570546, 6065390.418192795477808 ], [ 431131.552983710716944, 6065376.365401896648109 ] ], [ [ 431135.438362906570546, 6065390.418192795477808 ], [ 431145.398442423087545, 6065426.525807544589043 ] ], [ [ 431145.398442423087545, 6065426.525807544589043 ], [ 431135.438362906570546, 6065390.418192795477808 ] ], [ [ 431145.398442423087545, 6065426.525807544589043 ], [ 431149.152739648183342, 6065438.74426510091871 ] ], [ [ 432383.301615897275042, 6065368.400374521501362 ], [ 432372.722046228183899, 6065371.574737990275025 ] ], [ [ 432383.301615897275042, 6065368.400374521501362 ], [ 432419.176737033878453, 6065357.680380965583026 ] ], [ [ 432419.176737033878453, 6065357.680380965583026 ], [ 432383.301615897275042, 6065368.400374521501362 ] ], [ [ 432419.176737033878453, 6065357.680380965583026 ], [ 432434.12077350274194, 6065352.898411002010107 ] ], [ [ 432479.450117203814443, 6065338.39375420846045 ], [ 432434.12077350274194, 6065352.898411002010107 ] ], [ [ 432479.450117203814443, 6065338.39375420846045 ], [ 432505.761513711302541, 6065330.710988809354603 ] ], [ [ 432505.761513711302541, 6065330.710988809354603 ], [ 432479.450117203814443, 6065338.39375420846045 ] ], [ [ 432505.761513711302541, 6065330.710988809354603 ], [ 432551.651052863977384, 6065317.305012723430991 ] ], [ [ 432551.651052863977384, 6065317.305012723430991 ], [ 432505.761513711302541, 6065330.710988809354603 ] ], [ [ 432551.651052863977384, 6065317.305012723430991 ], [ 432566.066321075428277, 6065313.483978361822665 ] ], [ [ 432566.066321075428277, 6065313.483978361822665 ], [ 432551.651052863977384, 6065317.305012723430991 ] ], [ [ 432566.066321075428277, 6065313.483978361822665 ], [ 432574.346698109933641, 6065310.733905684202909 ] ], [ [ 432574.346698109933641, 6065310.733905684202909 ], [ 432566.066321075428277, 6065313.483978361822665 ] ], [ [ 432574.346698109933641, 6065310.733905684202909 ], [ 432632.144030482042581, 6065294.201832123100758 ] ], [ [ 432632.144030482042581, 6065294.201832123100758 ], [ 432574.346698109933641, 6065310.733905684202909 ] ], [ [ 432632.144030482042581, 6065294.201832123100758 ], [ 432649.735261159949005, 6065289.120629382319748 ] ], [ [ 432649.735261159949005, 6065289.120629382319748 ], [ 432632.144030482042581, 6065294.201832123100758 ] ], [ [ 432649.735261159949005, 6065289.120629382319748 ], [ 432674.015561750507914, 6065282.114627741277218 ] ], [ [ 432674.015561750507914, 6065282.114627741277218 ], [ 432649.735261159949005, 6065289.120629382319748 ] ], [ [ 432674.015561750507914, 6065282.114627741277218 ], [ 432736.132233544834889, 6065264.940825174562633 ] ], [ [ 432736.132233544834889, 6065264.940825174562633 ], [ 432674.015561750507914, 6065282.114627741277218 ] ], [ [ 432736.132233544834889, 6065264.940825174562633 ], [ 432758.400615269492846, 6065259.055899139493704 ] ], [ [ 432758.400615269492846, 6065259.055899139493704 ], [ 432736.132233544834889, 6065264.940825174562633 ] ], [ [ 432758.400615269492846, 6065259.055899139493704 ], [ 432776.612595789250918, 6065253.687728086486459 ] ], [ [ 432758.400615269492846, 6065259.055899139493704 ], [ 432763.562380464980379, 6065276.118138095363975 ] ], [ [ 432758.400615269492846, 6065259.055899139493704 ], [ 432753.58527125173714, 6065243.201598709449172 ] ], [ [ 432930.801001625601202, 6064449.579627914354205 ], [ 432951.817590161168482, 6064421.337993584573269 ] ], [ [ 432930.801001625601202, 6064449.579627914354205 ], [ 432909.786159688432235, 6064477.82277265843004 ] ], [ [ 432845.000678845390212, 6064564.894875678233802 ], [ 432930.801001625601202, 6064449.579627914354205 ] ], [ [ 432845.000678845390212, 6064564.894875678233802 ], [ 432819.728996838559397, 6064598.658151453360915 ] ], [ [ 432819.728996838559397, 6064598.658151453360915 ], [ 432845.000678845390212, 6064564.894875678233802 ] ], [ [ 432819.728996838559397, 6064598.658151453360915 ], [ 432815.996048553846776, 6064603.643891965970397 ] ], [ [ 432815.996048553846776, 6064603.643891965970397 ], [ 432819.728996838559397, 6064598.658151453360915 ] ], [ [ 432815.996048553846776, 6064603.643891965970397 ], [ 432807.235393850191031, 6064615.34853443223983 ] ], [ [ 432807.235393850191031, 6064615.34853443223983 ], [ 432815.996048553846776, 6064603.643891965970397 ] ], [ [ 432807.235393850191031, 6064615.34853443223983 ], [ 432783.448118713102303, 6064647.097825673408806 ] ], [ [ 432783.448118713102303, 6064647.097825673408806 ], [ 432807.235393850191031, 6064615.34853443223983 ] ], [ [ 432783.448118713102303, 6064647.097825673408806 ], [ 432766.596870463050436, 6064662.695697951130569 ] ], [ [ 432766.596870463050436, 6064662.695697951130569 ], [ 432783.448118713102303, 6064647.097825673408806 ] ], [ [ 432766.596870463050436, 6064662.695697951130569 ], [ 432761.969383381889202, 6064664.266987095586956 ] ], [ [ 432761.969383381889202, 6064664.266987095586956 ], [ 432766.596870463050436, 6064662.695697951130569 ] ], [ [ 432761.969383381889202, 6064664.266987095586956 ], [ 432749.90963401546469, 6064667.662769220769405 ] ], [ [ 432395.013126799487509, 6064228.744323330931365 ], [ 432383.981026904308237, 6064190.305080973543227 ] ], [ [ 432395.013126799487509, 6064228.744323330931365 ], [ 432399.442835492372978, 6064245.371954628266394 ] ], [ [ 432776.612595789250918, 6065253.687728086486459 ], [ 432758.400615269492846, 6065259.055899139493704 ] ], [ [ 432776.612595789250918, 6065253.687728086486459 ], [ 432791.406496278825216, 6065249.316455365158617 ] ], [ [ 432791.406496278825216, 6065249.316455365158617 ], [ 432776.612595789250918, 6065253.687728086486459 ] ], [ [ 432791.406496278825216, 6065249.316455365158617 ], [ 432804.777003382623661, 6065245.378180399537086 ] ], [ [ 432804.777003382623661, 6065245.378180399537086 ], [ 432791.406496278825216, 6065249.316455365158617 ] ], [ [ 432804.777003382623661, 6065245.378180399537086 ], [ 432829.812318613927346, 6065238.005663284100592 ] ], [ [ 432829.812318613927346, 6065238.005663284100592 ], [ 432804.777003382623661, 6065245.378180399537086 ] ], [ [ 432829.812318613927346, 6065238.005663284100592 ], [ 432848.171908028889447, 6065232.591073287650943 ] ], [ [ 432848.171908028889447, 6065232.591073287650943 ], [ 432829.812318613927346, 6065238.005663284100592 ] ], [ [ 432848.171908028889447, 6065232.591073287650943 ], [ 432931.976350639015436, 6065208.052936950698495 ] ], [ [ 432931.976350639015436, 6065208.052936950698495 ], [ 432848.171908028889447, 6065232.591073287650943 ] ], [ [ 432931.976350639015436, 6065208.052936950698495 ], [ 432940.637553006235976, 6065205.331280367448926 ] ], [ [ 432940.637553006235976, 6065205.331280367448926 ], [ 432931.976350639015436, 6065208.052936950698495 ] ], [ [ 432940.637553006235976, 6065205.331280367448926 ], [ 432952.735117148433346, 6065201.968802119605243 ] ], [ [ 432963.819889586011413, 6065198.498959835618734 ], [ 432952.735117148433346, 6065201.968802119605243 ] ], [ [ 432963.819889586011413, 6065198.498959835618734 ], [ 432973.746894573909231, 6065195.569392312318087 ] ], [ [ 432973.746894573909231, 6065195.569392312318087 ], [ 432963.819889586011413, 6065198.498959835618734 ] ], [ [ 432973.746894573909231, 6065195.569392312318087 ], [ 433061.891754530137405, 6065169.58929265383631 ] ], [ [ 433061.891754530137405, 6065169.58929265383631 ], [ 432973.746894573909231, 6065195.569392312318087 ] ], [ [ 433061.891754530137405, 6065169.58929265383631 ], [ 433077.108866529539227, 6065165.103956565260887 ] ], [ [ 433177.023391688067932, 6065135.655036942102015 ], [ 433139.879833951534238, 6065146.602468385361135 ] ], [ [ 433177.023391688067932, 6065135.655036942102015 ], [ 433185.23210616176948, 6065133.241036006249487 ] ], [ [ 433185.23210616176948, 6065133.241036006249487 ], [ 433177.023391688067932, 6065135.655036942102015 ] ], [ [ 433185.23210616176948, 6065133.241036006249487 ], [ 433194.851606562267989, 6065130.405541190877557 ] ], [ [ 433194.851606562267989, 6065130.405541190877557 ], [ 433185.23210616176948, 6065133.241036006249487 ] ], [ [ 433194.851606562267989, 6065130.405541190877557 ], [ 433213.84048661054112, 6065124.805085800588131 ] ], [ [ 433213.84048661054112, 6065124.805085800588131 ], [ 433213.513770273711998, 6065124.90144457668066 ] ], [ [ 433213.84048661054112, 6065124.805085800588131 ], [ 433214.167291020799894, 6065124.709027253091335 ] ], [ [ 432455.231428552127909, 6065645.890256830491126 ], [ 432452.213992674020119, 6065636.186123014427722 ] ], [ [ 432455.231428552127909, 6065645.890256830491126 ], [ 432472.780204580631107, 6065702.27594705298543 ] ], [ [ 432472.780204580631107, 6065702.27594705298543 ], [ 432455.231428552127909, 6065645.890256830491126 ] ], [ [ 432472.780204580631107, 6065702.27594705298543 ], [ 432491.525736095150933, 6065762.494547254405916 ] ], [ [ 432491.525736095150933, 6065762.494547254405916 ], [ 432472.780204580631107, 6065702.27594705298543 ] ], [ [ 432491.525736095150933, 6065762.494547254405916 ], [ 432516.913739866926335, 6065844.060108553618193 ] ], [ [ 432516.913739866926335, 6065844.060108553618193 ], [ 432491.525736095150933, 6065762.494547254405916 ] ], [ [ 432516.913739866926335, 6065844.060108553618193 ], [ 432517.887757405347656, 6065847.18401516135782 ] ], [ [ 432517.887757405347656, 6065847.18401516135782 ], [ 432516.913739866926335, 6065844.060108553618193 ] ], [ [ 432517.887757405347656, 6065847.18401516135782 ], [ 432523.616318160202354, 6065866.385484956204891 ] ], [ [ 432523.616318160202354, 6065866.385484956204891 ], [ 432517.887757405347656, 6065847.18401516135782 ] ], [ [ 432523.616318160202354, 6065866.385484956204891 ], [ 432530.152053340163548, 6065886.598799995146692 ] ], [ [ 432163.066823991306592, 6064651.636997849680483 ], [ 432157.57216241734568, 6064632.332278275862336 ] ], [ [ 432163.066823991306592, 6064651.636997849680483 ], [ 432178.410181683429983, 6064704.816110423766077 ] ], [ [ 432178.410181683429983, 6064704.816110423766077 ], [ 432163.066823991306592, 6064651.636997849680483 ] ], [ [ 432178.410181683429983, 6064704.816110423766077 ], [ 432208.401279991900083, 6064808.669699246063828 ] ], [ [ 432208.401279991900083, 6064808.669699246063828 ], [ 432178.410181683429983, 6064704.816110423766077 ] ], [ [ 432208.401279991900083, 6064808.669699246063828 ], [ 432212.050163038133178, 6064821.32459728512913 ] ], [ [ 432212.050163038133178, 6064821.32459728512913 ], [ 432208.401279991900083, 6064808.669699246063828 ] ], [ [ 432212.050163038133178, 6064821.32459728512913 ], [ 432198.883776248898357, 6064825.183638916350901 ] ], [ [ 432212.050163038133178, 6064821.32459728512913 ], [ 432225.346038999326993, 6064817.508169710636139 ] ], [ [ 432212.050163038133178, 6064821.32459728512913 ], [ 432215.047244247922208, 6064831.752290258184075 ] ], [ [ 432763.562380464980379, 6065276.118138095363975 ], [ 432758.400615269492846, 6065259.055899139493704 ] ], [ [ 432763.562380464980379, 6065276.118138095363975 ], [ 432782.113805502420291, 6065343.363302670419216 ] ], [ [ 432782.113805502420291, 6065343.363302670419216 ], [ 432763.562380464980379, 6065276.118138095363975 ] ], [ [ 432782.113805502420291, 6065343.363302670419216 ], [ 432801.346192887926009, 6065413.124751015566289 ] ], [ [ 432801.346192887926009, 6065413.124751015566289 ], [ 432782.113805502420291, 6065343.363302670419216 ] ], [ [ 432801.346192887926009, 6065413.124751015566289 ], [ 432827.7436998935882, 6065512.172103753313422 ] ], [ [ 432827.7436998935882, 6065512.172103753313422 ], [ 432801.346192887926009, 6065413.124751015566289 ] ], [ [ 432827.7436998935882, 6065512.172103753313422 ], [ 432831.587152878753841, 6065525.069415330886841 ] ], [ [ 432290.082035447587259, 6065092.610539412125945 ], [ 432293.738284952181857, 6065103.206472538411617 ] ], [ [ 432290.082035447587259, 6065092.610539412125945 ], [ 432301.363629088271409, 6065089.392092197202146 ] ], [ [ 432290.082035447587259, 6065092.610539412125945 ], [ 432287.296244358818512, 6065082.93642483651638 ] ], [ [ 432290.082035447587259, 6065092.610539412125945 ], [ 432276.123044740990736, 6065096.826257732696831 ] ], [ [ 432293.738284952181857, 6065103.206472538411617 ], [ 432290.082035447587259, 6065092.610539412125945 ] ], [ [ 432293.738284952181857, 6065103.206472538411617 ], [ 432318.764588930178434, 6065184.676255348138511 ] ], [ [ 432318.764588930178434, 6065184.676255348138511 ], [ 432293.738284952181857, 6065103.206472538411617 ] ], [ [ 432318.764588930178434, 6065184.676255348138511 ], [ 432364.032491128600668, 6065336.647584278136492 ] ], [ [ 432364.032491128600668, 6065336.647584278136492 ], [ 432318.764588930178434, 6065184.676255348138511 ] ], [ [ 432364.032491128600668, 6065336.647584278136492 ], [ 432368.625307057169266, 6065355.621028029359877 ] ], [ [ 432368.625307057169266, 6065355.621028029359877 ], [ 432364.032491128600668, 6065336.647584278136492 ] ], [ [ 432368.625307057169266, 6065355.621028029359877 ], [ 432372.722046228183899, 6065371.574737990275025 ] ], [ [ 432166.803319879749324, 6066085.455915029160678 ], [ 432166.88992965396028, 6066085.770566631108522 ] ], [ [ 432166.803319879749324, 6066085.455915029160678 ], [ 432166.714354634401388, 6066085.141921404749155 ] ], [ [ 432155.719186300877482, 6066046.335941381752491 ], [ 432166.803319879749324, 6066085.455915029160678 ] ], [ [ 432155.719186300877482, 6066046.335941381752491 ], [ 432150.110479768365622, 6066028.34619605075568 ] ], [ [ 432150.110479768365622, 6066028.34619605075568 ], [ 432155.719186300877482, 6066046.335941381752491 ] ], [ [ 432150.110479768365622, 6066028.34619605075568 ], [ 432147.20006218389608, 6066017.650136172771454 ] ], [ [ 432147.20006218389608, 6066017.650136172771454 ], [ 432150.110479768365622, 6066028.34619605075568 ] ], [ [ 432147.20006218389608, 6066017.650136172771454 ], [ 432152.017794770246837, 6066012.558463042601943 ] ], [ [ 432147.20006218389608, 6066017.650136172771454 ], [ 432144.764094614249188, 6066012.389178673736751 ] ], [ [ 432147.20006218389608, 6066017.650136172771454 ], [ 432134.90884359262418, 6066021.229202701710165 ] ], [ [ 432674.541698986315168, 6064982.818881155923009 ], [ 432659.411325131542981, 6064987.139885272830725 ] ], [ [ 432674.541698986315168, 6064982.818881155923009 ], [ 432671.38771008013282, 6064971.725489652715623 ] ], [ [ 432674.541698986315168, 6064982.818881155923009 ], [ 432689.345330102427397, 6064978.614087614230812 ] ], [ [ 432674.541698986315168, 6064982.818881155923009 ], [ 432678.99208347662352, 6064997.487710193730891 ] ], [ [ 432659.411325131542981, 6064987.139885272830725 ], [ 432674.541698986315168, 6064982.818881155923009 ] ], [ [ 432659.411325131542981, 6064987.139885272830725 ], [ 432595.926903849525843, 6065005.269914173521101 ] ], [ [ 432595.926903849525843, 6065005.269914173521101 ], [ 432659.411325131542981, 6064987.139885272830725 ] ], [ [ 432595.926903849525843, 6065005.269914173521101 ], [ 432587.697930272785015, 6065007.61851317808032 ] ], [ [ 432587.697930272785015, 6065007.61851317808032 ], [ 432595.926903849525843, 6065005.269914173521101 ] ], [ [ 432587.697930272785015, 6065007.61851317808032 ], [ 432551.030000303988345, 6065018.081823385320604 ] ], [ [ 432551.030000303988345, 6065018.081823385320604 ], [ 432587.697930272785015, 6065007.61851317808032 ] ], [ [ 432551.030000303988345, 6065018.081823385320604 ], [ 432527.376044018659741, 6065024.845388935878873 ] ], [ [ 432527.376044018659741, 6065024.845388935878873 ], [ 432551.030000303988345, 6065018.081823385320604 ] ], [ [ 432527.376044018659741, 6065024.845388935878873 ], [ 432503.972140716330614, 6065031.527440246194601 ] ], [ [ 432503.972140716330614, 6065031.527440246194601 ], [ 432527.376044018659741, 6065024.845388935878873 ] ], [ [ 432503.972140716330614, 6065031.527440246194601 ], [ 432487.30270802648738, 6065036.283798513934016 ] ], [ [ 432487.30270802648738, 6065036.283798513934016 ], [ 432503.972140716330614, 6065031.527440246194601 ] ], [ [ 432487.30270802648738, 6065036.283798513934016 ], [ 432478.181886656326242, 6065038.857379625551403 ] ], [ [ 432478.181886656326242, 6065038.857379625551403 ], [ 432487.30270802648738, 6065036.283798513934016 ] ], [ [ 432478.181886656326242, 6065038.857379625551403 ], [ 432465.155441708979197, 6065042.568884785287082 ] ], [ [ 432465.155441708979197, 6065042.568884785287082 ], [ 432478.181886656326242, 6065038.857379625551403 ] ], [ [ 432465.155441708979197, 6065042.568884785287082 ], [ 432458.242075669346377, 6065044.586441967636347 ] ], [ [ 432458.242075669346377, 6065044.586441967636347 ], [ 432465.155441708979197, 6065042.568884785287082 ] ], [ [ 432458.242075669346377, 6065044.586441967636347 ], [ 432369.258419457939453, 6065070.001031664200127 ] ], [ [ 432369.258419457939453, 6065070.001031664200127 ], [ 432458.242075669346377, 6065044.586441967636347 ] ], [ [ 432369.258419457939453, 6065070.001031664200127 ], [ 432301.363629088271409, 6065089.392092197202146 ] ], [ [ 432301.363629088271409, 6065089.392092197202146 ], [ 432369.258419457939453, 6065070.001031664200127 ] ], [ [ 432301.363629088271409, 6065089.392092197202146 ], [ 432290.082035447587259, 6065092.610539412125945 ] ], [ [ 431525.697710006381385, 6065321.51751577667892 ], [ 431516.280555322009604, 6065324.442563655786216 ] ], [ [ 431525.697710006381385, 6065321.51751577667892 ], [ 431530.43293135217391, 6065337.327301776967943 ] ], [ [ 431525.697710006381385, 6065321.51751577667892 ], [ 431521.803762546682265, 6065308.521832535043359 ] ], [ [ 431525.697710006381385, 6065321.51751577667892 ], [ 431529.005713925347663, 6065320.499136548489332 ] ], [ [ 431516.280555322009604, 6065324.442563655786216 ], [ 431525.697710006381385, 6065321.51751577667892 ] ], [ [ 431516.280555322009604, 6065324.442563655786216 ], [ 431387.550124783592764, 6065364.390980153344572 ] ], [ [ 431387.550124783592764, 6065364.390980153344572 ], [ 431516.280555322009604, 6065324.442563655786216 ] ], [ [ 431387.550124783592764, 6065364.390980153344572 ], [ 431350.657695295638405, 6065375.83582126814872 ] ], [ [ 431350.657695295638405, 6065375.83582126814872 ], [ 431387.550124783592764, 6065364.390980153344572 ] ], [ [ 431350.657695295638405, 6065375.83582126814872 ], [ 431339.067674841673579, 6065379.439757941290736 ] ], [ [ 431339.067674841673579, 6065379.439757941290736 ], [ 431350.657695295638405, 6065375.83582126814872 ] ], [ [ 431339.067674841673579, 6065379.439757941290736 ], [ 431329.522477367485408, 6065382.400534317828715 ] ], [ [ 431329.522477367485408, 6065382.400534317828715 ], [ 431339.067674841673579, 6065379.439757941290736 ] ], [ [ 431329.522477367485408, 6065382.400534317828715 ], [ 431323.509393968153745, 6065384.261487550102174 ] ], [ [ 431323.509393968153745, 6065384.261487550102174 ], [ 431329.522477367485408, 6065382.400534317828715 ] ], [ [ 431323.509393968153745, 6065384.261487550102174 ], [ 431244.750898469181266, 6065408.697287916205823 ] ], [ [ 431244.750898469181266, 6065408.697287916205823 ], [ 431323.509393968153745, 6065384.261487550102174 ] ], [ [ 431244.750898469181266, 6065408.697287916205823 ], [ 431233.609750757168513, 6065412.161116619594395 ] ], [ [ 431233.609750757168513, 6065412.161116619594395 ], [ 431244.750898469181266, 6065408.697287916205823 ] ], [ [ 431233.609750757168513, 6065412.161116619594395 ], [ 431221.949249632423744, 6065415.777560018934309 ] ], [ [ 431221.949249632423744, 6065415.777560018934309 ], [ 431233.609750757168513, 6065412.161116619594395 ] ], [ [ 431221.949249632423744, 6065415.777560018934309 ], [ 431158.621621613798197, 6065435.439255273900926 ] ], [ [ 431158.621621613798197, 6065435.439255273900926 ], [ 431221.949249632423744, 6065415.777560018934309 ] ], [ [ 431158.621621613798197, 6065435.439255273900926 ], [ 431149.152739648183342, 6065438.74426510091871 ] ], [ [ 432512.138981096097268, 6065905.954562019556761 ], [ 432534.581815721758176, 6065899.475992859341204 ] ], [ [ 432512.138981096097268, 6065905.954562019556761 ], [ 432347.962232659803703, 6065953.372435555793345 ] ], [ [ 432347.962232659803703, 6065953.372435555793345 ], [ 432469.237867886782624, 6065918.344680327922106 ] ], [ [ 432347.962232659803703, 6065953.372435555793345 ], [ 432336.477759443805553, 6065956.660632755607367 ] ], [ [ 432336.477759443805553, 6065956.660632755607367 ], [ 432347.962232659803703, 6065953.372435555793345 ] ], [ [ 432336.477759443805553, 6065956.660632755607367 ], [ 432325.904550623206887, 6065959.734881417825818 ] ], [ [ 432160.942841968615539, 6066007.382855922915041 ], [ 432152.017794770246837, 6066012.558463042601943 ] ], [ [ 432160.942841968615539, 6066007.382855922915041 ], [ 432178.191051851550583, 6066002.405053141526878 ] ], [ [ 432152.017794770246837, 6066012.558463042601943 ], [ 432160.942841968615539, 6066007.382855922915041 ] ], [ [ 432152.017794770246837, 6066012.558463042601943 ], [ 432147.20006218389608, 6066017.650136172771454 ] ], [ [ 432066.504749546526, 6065735.92268221732229 ], [ 432070.428992309374735, 6065748.918344254605472 ] ], [ [ 432066.504749546526, 6065735.92268221732229 ], [ 432032.606453584041446, 6065621.366693217307329 ] ], [ [ 432032.606453584041446, 6065621.366693217307329 ], [ 432066.504749546526, 6065735.92268221732229 ] ], [ [ 432032.606453584041446, 6065621.366693217307329 ], [ 432031.257575190160424, 6065616.467835218645632 ] ], [ [ 432144.764094614249188, 6066012.389178673736751 ], [ 432147.20006218389608, 6066017.650136172771454 ] ], [ [ 432144.764094614249188, 6066012.389178673736751 ], [ 432143.479640316392761, 6066009.192104578018188 ] ], [ [ 432143.479640316392761, 6066009.192104578018188 ], [ 432144.764094614249188, 6066012.389178673736751 ] ], [ [ 432143.479640316392761, 6066009.192104578018188 ], [ 432141.909486038028263, 6066004.552513480186462 ] ], [ [ 432141.909486038028263, 6066004.552513480186462 ], [ 432143.479640316392761, 6066009.192104578018188 ] ], [ [ 432141.909486038028263, 6066004.552513480186462 ], [ 432136.454301118210424, 6065983.499920664355159 ] ], [ [ 432141.909486038028263, 6066004.552513480186462 ], [ 432132.141867224185262, 6066010.65341916307807 ] ], [ [ 432141.909486038028263, 6066004.552513480186462 ], [ 432154.467054093664046, 6065994.692543024197221 ] ], [ [ 432136.454301118210424, 6065983.499920664355159 ], [ 432141.909486038028263, 6066004.552513480186462 ] ], [ [ 432136.454301118210424, 6065983.499920664355159 ], [ 432133.61287844076287, 6065974.828364841639996 ] ], [ [ 432133.61287844076287, 6065974.828364841639996 ], [ 432136.454301118210424, 6065983.499920664355159 ] ], [ [ 432133.61287844076287, 6065974.828364841639996 ], [ 432121.433375892404001, 6065931.417886273935437 ] ], [ [ 432133.61287844076287, 6065974.828364841639996 ], [ 432129.808669957448728, 6065985.658677605912089 ] ], [ [ 432121.433375892404001, 6065931.417886273935437 ], [ 432133.61287844076287, 6065974.828364841639996 ] ], [ [ 432121.433375892404001, 6065931.417886273935437 ], [ 432078.191215813101735, 6065776.317150064744055 ] ], [ [ 432073.069978968822397, 6065757.949014308862388 ], [ 432121.433375892404001, 6065931.417886273935437 ] ], [ [ 432073.069978968822397, 6065757.949014308862388 ], [ 432070.428992309374735, 6065748.918344254605472 ] ], [ [ 431690.230281526164617, 6064454.102163605391979 ], [ 431695.164668349549174, 6064467.304842674173415 ] ], [ [ 431690.230281526164617, 6064454.102163605391979 ], [ 431678.085975679627154, 6064415.244145209901035 ] ], [ [ 431678.085975679627154, 6064415.244145209901035 ], [ 431690.230281526164617, 6064454.102163605391979 ] ], [ [ 431678.085975679627154, 6064415.244145209901035 ], [ 431672.541759382351302, 6064395.373124009929597 ] ], [ [ 431672.541759382351302, 6064395.373124009929597 ], [ 431678.085975679627154, 6064415.244145209901035 ] ], [ [ 431672.541759382351302, 6064395.373124009929597 ], [ 431655.847630076634232, 6064338.955136059783399 ] ], [ [ 431655.847630076634232, 6064338.955136059783399 ], [ 431665.167579635512084, 6064370.451834136620164 ] ], [ [ 431655.847630076634232, 6064338.955136059783399 ], [ 431646.723124750424176, 6064307.401278567500412 ] ], [ [ 431908.57672297465615, 6065207.087375104427338 ], [ 431904.56785507168388, 6065193.236162883229554 ] ], [ [ 431908.57672297465615, 6065207.087375104427338 ], [ 431922.414043679600582, 6065202.961373205296695 ] ], [ [ 431908.57672297465615, 6065207.087375104427338 ], [ 431896.55256536003435, 6065210.57398128323257 ] ], [ [ 431908.57672297465615, 6065207.087375104427338 ], [ 431911.903566617285833, 6065218.422516722232103 ] ], [ [ 431904.56785507168388, 6065193.236162883229554 ], [ 431908.57672297465615, 6065207.087375104427338 ] ], [ [ 431904.56785507168388, 6065193.236162883229554 ], [ 431879.521987396932673, 6065106.693840497173369 ] ], [ [ 431879.521987396932673, 6065106.693840497173369 ], [ 431904.56785507168388, 6065193.236162883229554 ] ], [ [ 431879.521987396932673, 6065106.693840497173369 ], [ 431876.165206228732131, 6065095.092069185338914 ] ], [ [ 431876.165206228732131, 6065095.092069185338914 ], [ 431879.521987396932673, 6065106.693840497173369 ] ], [ [ 431876.165206228732131, 6065095.092069185338914 ], [ 431875.241110052797012, 6065091.90076257660985 ] ], [ [ 431875.241110052797012, 6065091.90076257660985 ], [ 431876.165206228732131, 6065095.092069185338914 ] ], [ [ 431875.241110052797012, 6065091.90076257660985 ], [ 431871.870590277190786, 6065080.243554854765534 ] ], [ [ 431871.870590277190786, 6065080.243554854765534 ], [ 431875.241110052797012, 6065091.90076257660985 ] ], [ [ 431871.870590277190786, 6065080.243554854765534 ], [ 431871.238825692795217, 6065078.071737154386938 ] ], [ [ 431871.238825692795217, 6065078.071737154386938 ], [ 431871.870590277190786, 6065080.243554854765534 ] ], [ [ 431871.238825692795217, 6065078.071737154386938 ], [ 431857.49894366634544, 6065030.589862871915102 ] ], [ [ 431857.49894366634544, 6065030.589862871915102 ], [ 431871.238825692795217, 6065078.071737154386938 ] ], [ [ 431857.49894366634544, 6065030.589862871915102 ], [ 431838.750708466628566, 6064965.810732095502317 ] ], [ [ 431838.750708466628566, 6064965.810732095502317 ], [ 431857.49894366634544, 6065030.589862871915102 ] ], [ [ 431838.750708466628566, 6064965.810732095502317 ], [ 431833.029149381502066, 6064946.053495950996876 ] ], [ [ 431833.029149381502066, 6064946.053495950996876 ], [ 431838.750708466628566, 6064965.810732095502317 ] ], [ [ 431833.029149381502066, 6064946.053495950996876 ], [ 431829.420610704168212, 6064933.576339918188751 ] ], [ [ 431829.420610704168212, 6064933.576339918188751 ], [ 431833.029149381502066, 6064946.053495950996876 ] ], [ [ 431829.420610704168212, 6064933.576339918188751 ], [ 431825.168620009848382, 6064917.302673725411296 ] ], [ [ 431829.420610704168212, 6064933.576339918188751 ], [ 431844.212542363035027, 6064929.057321537286043 ] ], [ [ 431829.420610704168212, 6064933.576339918188751 ], [ 431813.701479619659949, 6064938.543439852073789 ] ], [ [ 431825.168620009848382, 6064917.302673725411296 ], [ 431829.420610704168212, 6064933.576339918188751 ] ], [ [ 431825.168620009848382, 6064917.302673725411296 ], [ 431816.642365423380397, 6064885.846359693445265 ] ], [ [ 431816.642365423380397, 6064885.846359693445265 ], [ 431825.168620009848382, 6064917.302673725411296 ] ], [ [ 431816.642365423380397, 6064885.846359693445265 ], [ 431807.30963880935451, 6064850.896501030772924 ] ], [ [ 431807.30963880935451, 6064850.896501030772924 ], [ 431816.642365423380397, 6064885.846359693445265 ] ], [ [ 431807.30963880935451, 6064850.896501030772924 ], [ 431779.833287497633137, 6064751.225408025085926 ] ], [ [ 431779.833287497633137, 6064751.225408025085926 ], [ 431807.30963880935451, 6064850.896501030772924 ] ], [ [ 431779.833287497633137, 6064751.225408025085926 ], [ 431777.053269274067134, 6064742.018927087076008 ] ], [ [ 431777.053269274067134, 6064742.018927087076008 ], [ 431779.833287497633137, 6064751.225408025085926 ] ], [ [ 431777.053269274067134, 6064742.018927087076008 ], [ 431775.698732112417929, 6064737.632173030637205 ] ], [ [ 431775.698732112417929, 6064737.632173030637205 ], [ 431777.053269274067134, 6064742.018927087076008 ] ], [ [ 431775.698732112417929, 6064737.632173030637205 ], [ 431772.683886997867376, 6064727.80599884595722 ] ], [ [ 431772.683886997867376, 6064727.80599884595722 ], [ 431775.698732112417929, 6064737.632173030637205 ] ], [ [ 431772.683886997867376, 6064727.80599884595722 ], [ 431744.821557839226443, 6064629.543221822939813 ] ], [ [ 431744.821557839226443, 6064629.543221822939813 ], [ 431772.683886997867376, 6064727.80599884595722 ] ], [ [ 431744.821557839226443, 6064629.543221822939813 ], [ 431698.921719737001695, 6064476.774744818918407 ] ], [ [ 431698.921719737001695, 6064476.774744818918407 ], [ 431744.821557839226443, 6064629.543221822939813 ] ], [ [ 431698.921719737001695, 6064476.774744818918407 ], [ 431695.164668349549174, 6064467.304842674173415 ] ], [ [ 431681.778887288761325, 6064470.756906223483384 ], [ 431695.164668349549174, 6064467.304842674173415 ] ], [ [ 431681.778887288761325, 6064470.756906223483384 ], [ 431627.758335163933225, 6064487.911573890596628 ] ], [ [ 431627.758335163933225, 6064487.911573890596628 ], [ 431681.778887288761325, 6064470.756906223483384 ] ], [ [ 431627.758335163933225, 6064487.911573890596628 ], [ 431541.766923504881561, 6064513.575254941359162 ] ], [ [ 431541.766923504881561, 6064513.575254941359162 ], [ 431548.356567788985558, 6064511.608542389236391 ] ], [ [ 431541.766923504881561, 6064513.575254941359162 ], [ 431535.167694990464952, 6064515.509636405855417 ] ], [ [ 432023.952455321152229, 6064876.502066615968943 ], [ 432012.139676562335808, 6064879.974033023230731 ] ], [ [ 432023.952455321152229, 6064876.502066615968943 ], [ 432032.129211535793729, 6064874.108708954416215 ] ], [ [ 432012.139676562335808, 6064879.974033023230731 ], [ 432023.952455321152229, 6064876.502066615968943 ] ], [ [ 432012.139676562335808, 6064879.974033023230731 ], [ 431929.616644969792105, 6064904.176003720611334 ] ], [ [ 431929.616644969792105, 6064904.176003720611334 ], [ 432012.139676562335808, 6064879.974033023230731 ] ], [ [ 431929.616644969792105, 6064904.176003720611334 ], [ 431873.474859489768278, 6064920.531933007761836 ] ], [ [ 431844.212542363035027, 6064929.057321537286043 ], [ 431873.474859489768278, 6064920.531933007761836 ] ], [ [ 431844.212542363035027, 6064929.057321537286043 ], [ 431829.420610704168212, 6064933.576339918188751 ] ], [ [ 431813.701479619659949, 6064938.543439852073789 ], [ 431829.420610704168212, 6064933.576339918188751 ] ], [ [ 431813.701479619659949, 6064938.543439852073789 ], [ 431779.985077422228642, 6064949.035273175686598 ] ], [ [ 431779.985077422228642, 6064949.035273175686598 ], [ 431813.701479619659949, 6064938.543439852073789 ] ], [ [ 431779.985077422228642, 6064949.035273175686598 ], [ 431744.331179595261347, 6064960.458098316565156 ] ], [ [ 431744.331179595261347, 6064960.458098316565156 ], [ 431779.985077422228642, 6064949.035273175686598 ] ], [ [ 431744.331179595261347, 6064960.458098316565156 ], [ 431739.523178231553175, 6064961.97752941865474 ] ], [ [ 431739.523178231553175, 6064961.97752941865474 ], [ 431744.331179595261347, 6064960.458098316565156 ] ], [ [ 431739.523178231553175, 6064961.97752941865474 ], [ 431726.509391243453138, 6064966.080505535937846 ] ], [ [ 431726.509391243453138, 6064966.080505535937846 ], [ 431739.523178231553175, 6064961.97752941865474 ] ], [ [ 431726.509391243453138, 6064966.080505535937846 ], [ 431650.34472855378408, 6064990.147072582505643 ] ], [ [ 431650.34472855378408, 6064990.147072582505643 ], [ 431726.509391243453138, 6064966.080505535937846 ] ], [ [ 431650.34472855378408, 6064990.147072582505643 ], [ 431643.50464235781692, 6064992.30945455096662 ] ], [ [ 431643.50464235781692, 6064992.30945455096662 ], [ 431650.34472855378408, 6064990.147072582505643 ] ], [ [ 431643.50464235781692, 6064992.30945455096662 ], [ 431629.356744035321753, 6064996.797136739827693 ] ], [ [ 431629.356744035321753, 6064996.797136739827693 ], [ 431643.50464235781692, 6064992.30945455096662 ] ], [ [ 431629.356744035321753, 6064996.797136739827693 ], [ 431569.065034679020755, 6065015.817111290059984 ] ], [ [ 431569.065034679020755, 6065015.817111290059984 ], [ 431629.356744035321753, 6064996.797136739827693 ] ], [ [ 431569.065034679020755, 6065015.817111290059984 ], [ 431464.0099421775667, 6065049.00530690792948 ] ], [ [ 431464.0099421775667, 6065049.00530690792948 ], [ 431569.065034679020755, 6065015.817111290059984 ] ], [ [ 431464.0099421775667, 6065049.00530690792948 ], [ 431459.464968876098283, 6065050.443145929835737 ] ], [ [ 431459.464968876098283, 6065050.443145929835737 ], [ 431464.0099421775667, 6065049.00530690792948 ] ], [ [ 431459.464968876098283, 6065050.443145929835737 ], [ 431452.721148463548161, 6065052.57097283564508 ] ], [ [ 431459.464968876098283, 6065050.443145929835737 ], [ 431456.546457994787488, 6065039.358092617243528 ] ], [ [ 431459.464968876098283, 6065050.443145929835737 ], [ 431462.319177506491542, 6065059.837519587948918 ] ], [ [ 431452.721148463548161, 6065052.57097283564508 ], [ 431459.464968876098283, 6065050.443145929835737 ] ], [ [ 431452.721148463548161, 6065052.57097283564508 ], [ 431450.522467983828392, 6065053.272083958610892 ] ], [ [ 431450.522467983828392, 6065053.272083958610892 ], [ 431452.721148463548161, 6065052.57097283564508 ] ], [ [ 431450.522467983828392, 6065053.272083958610892 ], [ 431446.990244525368325, 6065054.382952149957418 ] ], [ [ 431446.990244525368325, 6065054.382952149957418 ], [ 431450.522467983828392, 6065053.272083958610892 ] ], [ [ 431446.990244525368325, 6065054.382952149957418 ], [ 431437.534948939399328, 6065057.375505913048983 ] ], [ [ 431446.990244525368325, 6065054.382952149957418 ], [ 431450.369490749319084, 6065063.569026221521199 ] ], [ [ 431446.990244525368325, 6065054.382952149957418 ], [ 431443.906155291304458, 6065042.999926460906863 ] ], [ [ 431437.534948939399328, 6065057.375505913048983 ], [ 431446.990244525368325, 6065054.382952149957418 ] ], [ [ 431437.534948939399328, 6065057.375505913048983 ], [ 431271.410875604022294, 6065109.869722811505198 ] ], [ [ 431271.410875604022294, 6065109.869722811505198 ], [ 431342.808587618288584, 6065087.307574237696826 ] ], [ [ 431271.410875604022294, 6065109.869722811505198 ], [ 431260.340307053062133, 6065113.365781344473362 ] ], [ [ 431260.340307053062133, 6065113.365781344473362 ], [ 431271.410875604022294, 6065109.869722811505198 ] ], [ [ 431260.340307053062133, 6065113.365781344473362 ], [ 431201.564740939706098, 6065131.933623902499676 ] ], [ [ 431201.564740939706098, 6065131.933623902499676 ], [ 431203.118850413360633, 6065131.442651969380677 ] ], [ [ 431201.564740939706098, 6065131.933623902499676 ], [ 431200.010677417099942, 6065132.424752634949982 ] ], [ [ 431390.258532534004189, 6064841.104644547216594 ], [ 431376.950664774805773, 6064793.357596305198967 ] ], [ [ 431390.258532534004189, 6064841.104644547216594 ], [ 431393.760374847566709, 6064854.106175134889781 ] ], [ [ 432134.90884359262418, 6066021.229202701710165 ], [ 432147.20006218389608, 6066017.650136172771454 ] ], [ [ 432134.90884359262418, 6066021.229202701710165 ], [ 432089.738636878319085, 6066034.383954117074609 ] ], [ [ 432089.738636878319085, 6066034.383954117074609 ], [ 432100.363806343346369, 6066031.28957802709192 ] ], [ [ 432089.738636878319085, 6066034.383954117074609 ], [ 432079.113446097471751, 6066037.478438580408692 ] ], [ [ 432198.883776248898357, 6064825.183638916350901 ], [ 432212.050163038133178, 6064821.32459728512913 ] ], [ [ 432198.883776248898357, 6064825.183638916350901 ], [ 432116.455243240226991, 6064849.369605254381895 ] ], [ [ 432116.455243240226991, 6064849.369605254381895 ], [ 432198.883776248898357, 6064825.183638916350901 ] ], [ [ 432116.455243240226991, 6064849.369605254381895 ], [ 432095.997219658398535, 6064855.364012678153813 ] ], [ [ 432095.997219658398535, 6064855.364012678153813 ], [ 432116.455243240226991, 6064849.369605254381895 ] ], [ [ 432095.997219658398535, 6064855.364012678153813 ], [ 432078.656181870668661, 6064860.454711876809597 ] ], [ [ 432078.656181870668661, 6064860.454711876809597 ], [ 432095.997219658398535, 6064855.364012678153813 ] ], [ [ 432078.656181870668661, 6064860.454711876809597 ], [ 432067.984779904771131, 6064863.586627173237503 ] ], [ [ 432067.984779904771131, 6064863.586627173237503 ], [ 432078.656181870668661, 6064860.454711876809597 ] ], [ [ 432067.984779904771131, 6064863.586627173237503 ], [ 432032.129211535793729, 6064874.108708954416215 ] ], [ [ 432032.129211535793729, 6064874.108708954416215 ], [ 432067.984779904771131, 6064863.586627173237503 ] ], [ [ 432032.129211535793729, 6064874.108708954416215 ], [ 432023.952455321152229, 6064876.502066615968943 ] ], [ [ 432573.935654680652078, 6064717.227851001545787 ], [ 432592.172113010659814, 6064712.070075826719403 ] ], [ [ 432573.935654680652078, 6064717.227851001545787 ], [ 432493.47287118784152, 6064740.442666165530682 ] ], [ [ 432493.47287118784152, 6064740.442666165530682 ], [ 432573.935654680652078, 6064717.227851001545787 ] ], [ [ 432493.47287118784152, 6064740.442666165530682 ], [ 432403.606684226891957, 6064766.270265481434762 ] ], [ [ 432403.606684226891957, 6064766.270265481434762 ], [ 432493.47287118784152, 6064740.442666165530682 ] ], [ [ 432403.606684226891957, 6064766.270265481434762 ], [ 432347.555437320377678, 6064782.378323222510517 ] ], [ [ 432347.555437320377678, 6064782.378323222510517 ], [ 432403.606684226891957, 6064766.270265481434762 ] ], [ [ 432347.555437320377678, 6064782.378323222510517 ], [ 432341.814915307390038, 6064784.022356670349836 ] ], [ [ 432341.814915307390038, 6064784.022356670349836 ], [ 432347.555437320377678, 6064782.378323222510517 ] ], [ [ 432341.814915307390038, 6064784.022356670349836 ], [ 432276.457636617007665, 6064802.808108290657401 ] ], [ [ 432276.457636617007665, 6064802.808108290657401 ], [ 432341.814915307390038, 6064784.022356670349836 ] ], [ [ 432276.457636617007665, 6064802.808108290657401 ], [ 432225.346038999326993, 6064817.508169710636139 ] ], [ [ 432225.346038999326993, 6064817.508169710636139 ], [ 432276.457636617007665, 6064802.808108290657401 ] ], [ [ 432225.346038999326993, 6064817.508169710636139 ], [ 432212.050163038133178, 6064821.32459728512913 ] ], [ [ 432215.047244247922208, 6064831.752290258184075 ], [ 432212.050163038133178, 6064821.32459728512913 ] ], [ [ 432215.047244247922208, 6064831.752290258184075 ], [ 432232.634588791290298, 6064892.899865079671144 ] ], [ [ 432232.634588791290298, 6064892.899865079671144 ], [ 432215.047244247922208, 6064831.752290258184075 ] ], [ [ 432232.634588791290298, 6064892.899865079671144 ], [ 432287.296244358818512, 6065082.93642483651638 ] ], [ [ 432287.296244358818512, 6065082.93642483651638 ], [ 432232.634588791290298, 6064892.899865079671144 ] ], [ [ 432287.296244358818512, 6065082.93642483651638 ], [ 432290.082035447587259, 6065092.610539412125945 ] ], [ [ 432598.862962092389353, 6064728.35254477430135 ], [ 432592.172113010659814, 6064712.070075826719403 ] ], [ [ 432598.862962092389353, 6064728.35254477430135 ], [ 432617.400202481541783, 6064787.005509762093425 ] ], [ [ 432617.400202481541783, 6064787.005509762093425 ], [ 432598.862962092389353, 6064728.35254477430135 ] ], [ [ 432617.400202481541783, 6064787.005509762093425 ], [ 432631.391066760756075, 6064833.673336344771087 ] ], [ [ 432631.391066760756075, 6064833.673336344771087 ], [ 432617.400202481541783, 6064787.005509762093425 ] ], [ [ 432631.391066760756075, 6064833.673336344771087 ], [ 432645.144322524196468, 6064879.543438416905701 ] ], [ [ 432645.144322524196468, 6064879.543438416905701 ], [ 432631.391066760756075, 6064833.673336344771087 ] ], [ [ 432645.144322524196468, 6064879.543438416905701 ], [ 432671.38771008013282, 6064971.725489652715623 ] ], [ [ 432671.38771008013282, 6064971.725489652715623 ], [ 432645.144322524196468, 6064879.543438416905701 ] ], [ [ 432671.38771008013282, 6064971.725489652715623 ], [ 432674.541698986315168, 6064982.818881155923009 ] ], [ [ 432749.90963401546469, 6064667.662769220769405 ], [ 432761.969383381889202, 6064664.266987095586956 ] ], [ [ 432749.90963401546469, 6064667.662769220769405 ], [ 432738.388726404460613, 6064670.905884470790625 ] ], [ [ 432738.388726404460613, 6064670.905884470790625 ], [ 432749.90963401546469, 6064667.662769220769405 ] ], [ [ 432738.388726404460613, 6064670.905884470790625 ], [ 432719.208550853014458, 6064676.299695760942996 ] ], [ [ 432719.208550853014458, 6064676.299695760942996 ], [ 432738.388726404460613, 6064670.905884470790625 ] ], [ [ 432719.208550853014458, 6064676.299695760942996 ], [ 432672.939249828050379, 6064689.331064386293292 ] ], [ [ 432672.939249828050379, 6064689.331064386293292 ], [ 432719.208550853014458, 6064676.299695760942996 ] ], [ [ 432672.939249828050379, 6064689.331064386293292 ], [ 432638.165198509173933, 6064699.119891488924623 ] ], [ [ 432638.165198509173933, 6064699.119891488924623 ], [ 432672.939249828050379, 6064689.331064386293292 ] ], [ [ 432638.165198509173933, 6064699.119891488924623 ], [ 432609.966563761350699, 6064707.074775446206331 ] ], [ [ 432609.966563761350699, 6064707.074775446206331 ], [ 432638.165198509173933, 6064699.119891488924623 ] ], [ [ 432609.966563761350699, 6064707.074775446206331 ], [ 432592.172113010659814, 6064712.070075826719403 ] ], [ [ 432709.546842789219227, 6065098.130748949944973 ], [ 432717.044753419002518, 6065122.826206188648939 ] ], [ [ 432709.546842789219227, 6065098.130748949944973 ], [ 432678.99208347662352, 6064997.487710193730891 ] ], [ [ 432717.044753419002518, 6065122.826206188648939 ], [ 432709.546842789219227, 6065098.130748949944973 ] ], [ [ 432717.044753419002518, 6065122.826206188648939 ], [ 432733.422074219794013, 6065176.770712644793093 ] ], [ [ 432733.422074219794013, 6065176.770712644793093 ], [ 432717.044753419002518, 6065122.826206188648939 ] ], [ [ 432733.422074219794013, 6065176.770712644793093 ], [ 432744.292689047986642, 6065212.578646537847817 ] ], [ [ 432744.292689047986642, 6065212.578646537847817 ], [ 432733.422074219794013, 6065176.770712644793093 ] ], [ [ 432744.292689047986642, 6065212.578646537847817 ], [ 432753.58527125173714, 6065243.201598709449172 ] ], [ [ 432753.58527125173714, 6065243.201598709449172 ], [ 432744.292689047986642, 6065212.578646537847817 ] ], [ [ 432753.58527125173714, 6065243.201598709449172 ], [ 432758.400615269492846, 6065259.055899139493704 ] ], [ [ 432101.622525093436707, 6065149.582268909551203 ], [ 432087.444931188831106, 6065153.801862768828869 ] ], [ [ 432101.622525093436707, 6065149.582268909551203 ], [ 432111.373750439845026, 6065146.55327545851469 ] ], [ [ 432087.444931188831106, 6065153.801862768828869 ], [ 432101.622525093436707, 6065149.582268909551203 ] ], [ [ 432087.444931188831106, 6065153.801862768828869 ], [ 432010.260885905008763, 6065176.798180266283453 ] ], [ [ 432010.260885905008763, 6065176.798180266283453 ], [ 432087.444931188831106, 6065153.801862768828869 ] ], [ [ 432010.260885905008763, 6065176.798180266283453 ], [ 432000.16799435246503, 6065179.799148559570312 ] ], [ [ 432000.16799435246503, 6065179.799148559570312 ], [ 432010.260885905008763, 6065176.798180266283453 ] ], [ [ 432000.16799435246503, 6065179.799148559570312 ], [ 431993.242822830448858, 6065181.862121461890638 ] ], [ [ 431993.242822830448858, 6065181.862121461890638 ], [ 432000.16799435246503, 6065179.799148559570312 ] ], [ [ 431993.242822830448858, 6065181.862121461890638 ], [ 431922.414043679600582, 6065202.961373205296695 ] ], [ [ 431922.414043679600582, 6065202.961373205296695 ], [ 431993.242822830448858, 6065181.862121461890638 ] ], [ [ 431922.414043679600582, 6065202.961373205296695 ], [ 431908.57672297465615, 6065207.087375104427338 ] ], [ [ 432276.123044740990736, 6065096.826257732696831 ], [ 432290.082035447587259, 6065092.610539412125945 ] ], [ [ 432276.123044740990736, 6065096.826257732696831 ], [ 432251.346858434379101, 6065104.298120808787644 ] ], [ [ 432251.346858434379101, 6065104.298120808787644 ], [ 432276.123044740990736, 6065096.826257732696831 ] ], [ [ 432251.346858434379101, 6065104.298120808787644 ], [ 432225.763035759329796, 6065112.027078618295491 ] ], [ [ 432225.763035759329796, 6065112.027078618295491 ], [ 432251.346858434379101, 6065104.298120808787644 ] ], [ [ 432225.763035759329796, 6065112.027078618295491 ], [ 432207.851760732301045, 6065117.432151434011757 ] ], [ [ 432181.481838422478177, 6065125.389936887659132 ], [ 432207.851760732301045, 6065117.432151434011757 ] ], [ [ 432181.481838422478177, 6065125.389936887659132 ], [ 432111.373750439845026, 6065146.55327545851469 ] ], [ [ 432111.373750439845026, 6065146.55327545851469 ], [ 432181.481838422478177, 6065125.389936887659132 ] ], [ [ 432111.373750439845026, 6065146.55327545851469 ], [ 432101.622525093436707, 6065149.582268909551203 ] ], [ [ 431896.55256536003435, 6065210.57398128323257 ], [ 431908.57672297465615, 6065207.087375104427338 ] ], [ [ 431896.55256536003435, 6065210.57398128323257 ], [ 431871.888634725299198, 6065217.723511919379234 ] ], [ [ 431871.888634725299198, 6065217.723511919379234 ], [ 431896.55256536003435, 6065210.57398128323257 ] ], [ [ 431871.888634725299198, 6065217.723511919379234 ], [ 431804.239836046181154, 6065237.352147469297051 ] ], [ [ 431804.239836046181154, 6065237.352147469297051 ], [ 431871.888634725299198, 6065217.723511919379234 ] ], [ [ 431804.239836046181154, 6065237.352147469297051 ], [ 431789.528810699586757, 6065241.614127160981297 ] ], [ [ 431789.528810699586757, 6065241.614127160981297 ], [ 431804.239836046181154, 6065237.352147469297051 ] ], [ [ 431789.528810699586757, 6065241.614127160981297 ], [ 431731.820376116782427, 6065258.35601129103452 ] ], [ [ 431731.820376116782427, 6065258.35601129103452 ], [ 431789.528810699586757, 6065241.614127160981297 ] ], [ [ 431731.820376116782427, 6065258.35601129103452 ], [ 431721.79732750414405, 6065261.267520076595247 ] ], [ [ 431721.79732750414405, 6065261.267520076595247 ], [ 431731.820376116782427, 6065258.35601129103452 ] ], [ [ 431721.79732750414405, 6065261.267520076595247 ], [ 431708.391793988179415, 6065265.387618840672076 ] ], [ [ 432648.494155964115635, 6066189.975332813337445 ], [ 432651.556245120707899, 6066197.798866170458496 ] ], [ [ 432648.494155964115635, 6066189.975332813337445 ], [ 432645.483554090722464, 6066182.131855141371489 ] ], [ [ 432635.369316372205503, 6066155.781582665629685 ], [ 432648.494155964115635, 6066189.975332813337445 ] ], [ [ 432635.369316372205503, 6066155.781582665629685 ], [ 432630.896827567485161, 6066145.186436295509338 ] ], [ [ 432630.896827567485161, 6066145.186436295509338 ], [ 432635.369316372205503, 6066155.781582665629685 ] ], [ [ 432630.896827567485161, 6066145.186436295509338 ], [ 432625.838479910744354, 6066132.874994322657585 ] ], [ [ 432625.838479910744354, 6066132.874994322657585 ], [ 432630.896827567485161, 6066145.186436295509338 ] ], [ [ 432625.838479910744354, 6066132.874994322657585 ], [ 432603.835111946798861, 6066077.234094070270658 ] ], [ [ 432603.835111946798861, 6066077.234094070270658 ], [ 432625.838479910744354, 6066132.874994322657585 ] ], [ [ 432603.835111946798861, 6066077.234094070270658 ], [ 432583.470578111475334, 6066026.154097677208483 ] ], [ [ 432583.470578111475334, 6066026.154097677208483 ], [ 432603.835111946798861, 6066077.234094070270658 ] ], [ [ 432583.470578111475334, 6066026.154097677208483 ], [ 432567.637748073728289, 6065988.350542027503252 ] ], [ [ 432567.637748073728289, 6065988.350542027503252 ], [ 432583.470578111475334, 6066026.154097677208483 ] ], [ [ 432567.637748073728289, 6065988.350542027503252 ], [ 432563.010436043550726, 6065976.032731734216213 ] ], [ [ 432563.010436043550726, 6065976.032731734216213 ], [ 432567.637748073728289, 6065988.350542027503252 ] ], [ [ 432563.010436043550726, 6065976.032731734216213 ], [ 432538.82978257117793, 6065912.255740984342992 ] ], [ [ 432538.82978257117793, 6065912.255740984342992 ], [ 432563.010436043550726, 6065976.032731734216213 ] ], [ [ 432538.82978257117793, 6065912.255740984342992 ], [ 432534.581815721758176, 6065899.475992859341204 ] ], [ [ 431412.763592297909781, 6065655.318421179428697 ], [ 431365.537827030522749, 6065669.504016349092126 ] ], [ [ 431412.763592297909781, 6065655.318421179428697 ], [ 431421.456961180083454, 6065652.704617060720921 ] ], [ [ 431421.456961180083454, 6065652.704617060720921 ], [ 431412.763592297909781, 6065655.318421179428697 ] ], [ [ 431421.456961180083454, 6065652.704617060720921 ], [ 431428.925760016543791, 6065650.454424435272813 ] ], [ [ 431428.925760016543791, 6065650.454424435272813 ], [ 431421.456961180083454, 6065652.704617060720921 ] ], [ [ 431428.925760016543791, 6065650.454424435272813 ], [ 431463.943198117311113, 6065639.94008844345808 ] ], [ [ 431463.943198117311113, 6065639.94008844345808 ], [ 431428.925760016543791, 6065650.454424435272813 ] ], [ [ 431463.943198117311113, 6065639.94008844345808 ], [ 431533.388532323937397, 6065619.076986248604953 ] ], [ [ 431533.388532323937397, 6065619.076986248604953 ], [ 431463.943198117311113, 6065639.94008844345808 ] ], [ [ 431533.388532323937397, 6065619.076986248604953 ], [ 431572.913424778962508, 6065607.204201898537576 ] ], [ [ 431572.913424778962508, 6065607.204201898537576 ], [ 431533.388532323937397, 6065619.076986248604953 ] ], [ [ 431572.913424778962508, 6065607.204201898537576 ], [ 431596.218187053164002, 6065600.207106149755418 ] ], [ [ 431596.218187053164002, 6065600.207106149755418 ], [ 431572.913424778962508, 6065607.204201898537576 ] ], [ [ 431596.218187053164002, 6065600.207106149755418 ], [ 431605.251675067760516, 6065597.499476665630937 ] ], [ [ 431605.251675067760516, 6065597.499476665630937 ], [ 431596.218187053164002, 6065600.207106149755418 ] ], [ [ 431605.251675067760516, 6065597.499476665630937 ], [ 431608.452782910782844, 6065609.003255764953792 ] ], [ [ 431605.251675067760516, 6065597.499476665630937 ], [ 431601.170746897172648, 6065582.759256982244551 ] ], [ [ 433223.038338980986737, 6065105.638182635419071 ], [ 433224.397831798065454, 6065110.520299890078604 ] ], [ [ 433223.038338980986737, 6065105.638182635419071 ], [ 433221.684064033441246, 6065100.754619677551091 ] ], [ [ 433189.223951160325669, 6064983.70539499912411 ], [ 433223.038338980986737, 6065105.638182635419071 ] ], [ [ 433189.223951160325669, 6064983.70539499912411 ], [ 433165.298310562910046, 6064902.481966765597463 ] ], [ [ 433165.298310562910046, 6064902.481966765597463 ], [ 433189.223951160325669, 6064983.70539499912411 ] ], [ [ 433165.298310562910046, 6064902.481966765597463 ], [ 433152.694194850861095, 6064864.695476232096553 ] ], [ [ 433152.694194850861095, 6064864.695476232096553 ], [ 433165.298310562910046, 6064902.481966765597463 ] ], [ [ 433152.694194850861095, 6064864.695476232096553 ], [ 433146.668835583142936, 6064848.836428065784276 ] ], [ [ 432012.588893070816994, 6065567.368019265122712 ], [ 432011.332838070811704, 6065565.819752440787852 ] ], [ [ 432012.588893070816994, 6065567.368019265122712 ], [ 432017.390049651497975, 6065576.132439215667546 ] ], [ [ 432006.407379245385528, 6065559.74843580275774 ], [ 432011.332838070811704, 6065565.819752440787852 ] ], [ [ 432006.407379245385528, 6065559.74843580275774 ], [ 431989.650161318713799, 6065544.820278899744153 ] ], [ [ 431989.650161318713799, 6065544.820278899744153 ], [ 432006.407379245385528, 6065559.74843580275774 ] ], [ [ 431989.650161318713799, 6065544.820278899744153 ], [ 431970.581331801309716, 6065530.361029101535678 ] ], [ [ 431970.581331801309716, 6065530.361029101535678 ], [ 431989.650161318713799, 6065544.820278899744153 ] ], [ [ 431970.581331801309716, 6065530.361029101535678 ], [ 431964.674179602181539, 6065523.861428814008832 ] ], [ [ 432596.002078300807625, 6064412.113088917918503 ], [ 432729.818057063384913, 6064286.343931836076081 ] ], [ [ 432596.002078300807625, 6064412.113088917918503 ], [ 432490.008718697179575, 6064512.834357944317162 ] ], [ [ 432490.008718697179575, 6064512.834357944317162 ], [ 432596.002078300807625, 6064412.113088917918503 ] ], [ [ 432490.008718697179575, 6064512.834357944317162 ], [ 432477.286899663740769, 6064524.966086612083018 ] ], [ [ 432843.921394060482271, 6065568.891134449280798 ], [ 432834.677486262051389, 6065535.395938716828823 ] ], [ [ 432843.921394060482271, 6065568.891134449280798 ], [ 432858.981111295986921, 6065623.645825579762459 ] ], [ [ 432858.981111295986921, 6065623.645825579762459 ], [ 432843.921394060482271, 6065568.891134449280798 ] ], [ [ 432858.981111295986921, 6065623.645825579762459 ], [ 432886.836030456644949, 6065718.37028737179935 ] ], [ [ 433029.073960348730907, 6064882.206808998249471 ], [ 433146.668835583142936, 6064848.836428065784276 ] ], [ [ 433029.073960348730907, 6064882.206808998249471 ], [ 432981.062734267208725, 6064895.828460709191859 ] ], [ [ 432981.062734267208725, 6064895.828460709191859 ], [ 433029.073960348730907, 6064882.206808998249471 ] ], [ [ 432981.062734267208725, 6064895.828460709191859 ], [ 432926.907007714733481, 6064911.20007711648941 ] ], [ [ 432926.907007714733481, 6064911.20007711648941 ], [ 432981.062734267208725, 6064895.828460709191859 ] ], [ [ 432926.907007714733481, 6064911.20007711648941 ], [ 432887.061573715414852, 6064922.497962899506092 ] ], [ [ 432887.061573715414852, 6064922.497962899506092 ], [ 432926.907007714733481, 6064911.20007711648941 ] ], [ [ 432887.061573715414852, 6064922.497962899506092 ], [ 432879.229925928753801, 6064924.728831259533763 ] ], [ [ 432879.229925928753801, 6064924.728831259533763 ], [ 432887.061573715414852, 6064922.497962899506092 ] ], [ [ 432879.229925928753801, 6064924.728831259533763 ], [ 432873.893300124211237, 6064926.243768704123795 ] ], [ [ 432873.893300124211237, 6064926.243768704123795 ], [ 432879.229925928753801, 6064924.728831259533763 ] ], [ [ 432873.893300124211237, 6064926.243768704123795 ], [ 432864.31680725683691, 6064928.956879835575819 ] ], [ [ 432864.31680725683691, 6064928.956879835575819 ], [ 432873.893300124211237, 6064926.243768704123795 ] ], [ [ 432864.31680725683691, 6064928.956879835575819 ], [ 432856.472632094286382, 6064931.210232723504305 ] ], [ [ 432856.472632094286382, 6064931.210232723504305 ], [ 432864.31680725683691, 6064928.956879835575819 ] ], [ [ 432856.472632094286382, 6064931.210232723504305 ], [ 432767.09083728591213, 6064956.556027768179774 ] ], [ [ 432767.09083728591213, 6064956.556027768179774 ], [ 432856.472632094286382, 6064931.210232723504305 ] ], [ [ 432767.09083728591213, 6064956.556027768179774 ], [ 432689.345330102427397, 6064978.614087614230812 ] ], [ [ 432689.345330102427397, 6064978.614087614230812 ], [ 432767.09083728591213, 6064956.556027768179774 ] ], [ [ 432689.345330102427397, 6064978.614087614230812 ], [ 432674.541698986315168, 6064982.818881155923009 ] ], [ [ 432325.904550623206887, 6065959.734881417825818 ], [ 432336.477759443805553, 6065956.660632755607367 ] ], [ [ 432325.904550623206887, 6065959.734881417825818 ], [ 432264.958093814610038, 6065977.34221404325217 ] ], [ [ 432264.958093814610038, 6065977.34221404325217 ], [ 432303.230030800565146, 6065966.285401466302574 ] ], [ [ 432264.958093814610038, 6065977.34221404325217 ], [ 432226.685511260118801, 6065988.397088971920311 ] ], [ [ 432178.191051851550583, 6066002.405053141526878 ], [ 432212.427354855346493, 6065992.515594294294715 ] ], [ [ 432178.191051851550583, 6066002.405053141526878 ], [ 432160.942841968615539, 6066007.382855922915041 ] ], [ [ 431613.649841740319971, 6065626.853926948271692 ], [ 431671.356913685041945, 6065838.903773975558579 ] ], [ [ 431613.649841740319971, 6065626.853926948271692 ], [ 431608.452782910782844, 6065609.003255764953792 ] ], [ [ 431608.452782910782844, 6065609.003255764953792 ], [ 431613.649841740319971, 6065626.853926948271692 ] ], [ [ 431608.452782910782844, 6065609.003255764953792 ], [ 431605.251675067760516, 6065597.499476665630937 ] ], [ [ 431601.170746897172648, 6065582.759256982244551 ], [ 431605.251675067760516, 6065597.499476665630937 ] ], [ [ 431601.170746897172648, 6065582.759256982244551 ], [ 431579.746504139853641, 6065505.122740520164371 ] ], [ [ 431579.746504139853641, 6065505.122740520164371 ], [ 431601.170746897172648, 6065582.759256982244551 ] ], [ [ 431579.746504139853641, 6065505.122740520164371 ], [ 431566.474244435608853, 6065459.303996309638023 ] ], [ [ 431566.474244435608853, 6065459.303996309638023 ], [ 431579.746504139853641, 6065505.122740520164371 ] ], [ [ 431566.474244435608853, 6065459.303996309638023 ], [ 431562.052116481529083, 6065442.888449631631374 ] ], [ [ 431562.052116481529083, 6065442.888449631631374 ], [ 431566.474244435608853, 6065459.303996309638023 ] ], [ [ 431562.052116481529083, 6065442.888449631631374 ], [ 431530.43293135217391, 6065337.327301776967943 ] ], [ [ 431530.43293135217391, 6065337.327301776967943 ], [ 431562.052116481529083, 6065442.888449631631374 ] ], [ [ 431530.43293135217391, 6065337.327301776967943 ], [ 431525.697710006381385, 6065321.51751577667892 ] ], [ [ 431521.803762546682265, 6065308.521832535043359 ], [ 431525.697710006381385, 6065321.51751577667892 ] ], [ [ 431521.803762546682265, 6065308.521832535043359 ], [ 431502.434854638762772, 6065243.8424262246117 ] ], [ [ 431502.434854638762772, 6065243.8424262246117 ], [ 431521.803762546682265, 6065308.521832535043359 ] ], [ [ 431502.434854638762772, 6065243.8424262246117 ], [ 431450.369490749319084, 6065063.569026221521199 ] ], [ [ 431450.369490749319084, 6065063.569026221521199 ], [ 431502.434854638762772, 6065243.8424262246117 ] ], [ [ 431450.369490749319084, 6065063.569026221521199 ], [ 431446.990244525368325, 6065054.382952149957418 ] ], [ [ 431443.906155291304458, 6065042.999926460906863 ], [ 431446.990244525368325, 6065054.382952149957418 ] ], [ [ 431443.906155291304458, 6065042.999926460906863 ], [ 431394.872220876975916, 6064868.791128787212074 ] ], [ [ 431394.872220876975916, 6064868.791128787212074 ], [ 431412.820913586590905, 6064932.55810256395489 ] ], [ [ 431394.872220876975916, 6064868.791128787212074 ], [ 431394.403100164316129, 6064862.499054962769151 ] ], [ [ 431394.872220876975916, 6064868.791128787212074 ], [ 431390.704144786286633, 6064863.668141454458237 ] ], [ [ 432031.257575190160424, 6065616.467835218645632 ], [ 432032.606453584041446, 6065621.366693217307329 ] ], [ [ 432031.257575190160424, 6065616.467835218645632 ], [ 432025.353941832436249, 6065596.490526071749628 ] ], [ [ 432025.353941832436249, 6065596.490526071749628 ], [ 432031.257575190160424, 6065616.467835218645632 ] ], [ [ 432025.353941832436249, 6065596.490526071749628 ], [ 432021.065963343135081, 6065584.591044249944389 ] ], [ [ 432021.065963343135081, 6065584.591044249944389 ], [ 432025.353941832436249, 6065596.490526071749628 ] ], [ [ 432021.065963343135081, 6065584.591044249944389 ], [ 432017.390049651497975, 6065576.132439215667546 ] ], [ [ 432017.390049651497975, 6065576.132439215667546 ], [ 432021.065963343135081, 6065584.591044249944389 ] ], [ [ 432017.390049651497975, 6065576.132439215667546 ], [ 432012.588893070816994, 6065567.368019265122712 ] ], [ [ 432075.979925917286891, 6066026.44415657967329 ], [ 432098.703350692579988, 6066013.860318230465055 ] ], [ [ 432075.979925917286891, 6066026.44415657967329 ], [ 432041.670716160908341, 6066036.088395150378346 ] ], [ [ 432075.979925917286891, 6066026.44415657967329 ], [ 432110.288404629682191, 6066016.797738404013216 ] ], [ [ 432098.703350692579988, 6066013.860318230465055 ], [ 432075.979925917286891, 6066026.44415657967329 ] ], [ [ 432098.703350692579988, 6066013.860318230465055 ], [ 432126.15316184272524, 6065993.526366329751909 ] ], [ [ 432126.15316184272524, 6065993.526366329751909 ], [ 432098.703350692579988, 6066013.860318230465055 ] ], [ [ 432126.15316184272524, 6065993.526366329751909 ], [ 432129.808669957448728, 6065985.658677605912089 ] ], [ [ 432129.808669957448728, 6065985.658677605912089 ], [ 432126.15316184272524, 6065993.526366329751909 ] ], [ [ 432129.808669957448728, 6065985.658677605912089 ], [ 432133.61287844076287, 6065974.828364841639996 ] ], [ [ 431708.391793988179415, 6065265.387618840672076 ], [ 431721.79732750414405, 6065261.267520076595247 ] ], [ [ 431708.391793988179415, 6065265.387618840672076 ], [ 431640.357882119249552, 6065286.29330263659358 ] ], [ [ 431640.357882119249552, 6065286.29330263659358 ], [ 431708.391793988179415, 6065265.387618840672076 ] ], [ [ 431640.357882119249552, 6065286.29330263659358 ], [ 431637.678022815904114, 6065287.112897571176291 ] ], [ [ 431637.678022815904114, 6065287.112897571176291 ], [ 431640.357882119249552, 6065286.29330263659358 ] ], [ [ 431637.678022815904114, 6065287.112897571176291 ], [ 431592.711291302228346, 6065300.926019497215748 ] ], [ [ 431592.711291302228346, 6065300.926019497215748 ], [ 431637.678022815904114, 6065287.112897571176291 ] ], [ [ 431592.711291302228346, 6065300.926019497215748 ], [ 431590.685395251086447, 6065301.546543953940272 ] ], [ [ 431590.685395251086447, 6065301.546543953940272 ], [ 431592.711291302228346, 6065300.926019497215748 ] ], [ [ 431590.685395251086447, 6065301.546543953940272 ], [ 431546.719089586113114, 6065315.055621939711273 ] ], [ [ 431546.719089586113114, 6065315.055621939711273 ], [ 431590.685395251086447, 6065301.546543953940272 ] ], [ [ 431546.719089586113114, 6065315.055621939711273 ], [ 431538.160559351847041, 6065317.68938307557255 ] ], [ [ 431538.160559351847041, 6065317.68938307557255 ], [ 431546.719089586113114, 6065315.055621939711273 ] ], [ [ 431538.160559351847041, 6065317.68938307557255 ], [ 431531.544544977950864, 6065319.726130493916571 ] ], [ [ 431538.160559351847041, 6065317.68938307557255 ], [ 431534.324261705041863, 6065304.670557760633528 ] ], [ [ 431538.160559351847041, 6065317.68938307557255 ], [ 431542.865566846448928, 6065333.633190730586648 ] ], [ [ 431531.544544977950864, 6065319.726130493916571 ], [ 431538.160559351847041, 6065317.68938307557255 ] ], [ [ 431531.544544977950864, 6065319.726130493916571 ], [ 431529.005713925347663, 6065320.499136548489332 ] ], [ [ 431529.005713925347663, 6065320.499136548489332 ], [ 431531.544544977950864, 6065319.726130493916571 ] ], [ [ 431529.005713925347663, 6065320.499136548489332 ], [ 431525.697710006381385, 6065321.51751577667892 ] ], [ [ 432530.152053340163548, 6065886.598799995146692 ], [ 432523.616318160202354, 6065866.385484956204891 ] ], [ [ 432530.152053340163548, 6065886.598799995146692 ], [ 432508.223527655296493, 6065892.591147332452238 ] ], [ [ 432530.152053340163548, 6065886.598799995146692 ], [ 432556.601119945233222, 6065878.858552233316004 ] ], [ [ 432530.152053340163548, 6065886.598799995146692 ], [ 432531.417820873204619, 6065890.28594521805644 ] ], [ [ 432140.587980733893346, 6064575.015518360771239 ], [ 432134.988333481829613, 6064556.024020243436098 ] ], [ [ 432140.587980733893346, 6064575.015518360771239 ], [ 432151.46807957382407, 6064611.912656819447875 ] ], [ [ 432151.46807957382407, 6064611.912656819447875 ], [ 432140.587980733893346, 6064575.015518360771239 ] ], [ [ 432151.46807957382407, 6064611.912656819447875 ], [ 432157.57216241734568, 6064632.332278275862336 ] ], [ [ 432678.99208347662352, 6064997.487710193730891 ], [ 432674.541698986315168, 6064982.818881155923009 ] ], [ [ 432678.99208347662352, 6064997.487710193730891 ], [ 432709.546842789219227, 6065098.130748949944973 ] ], [ [ 432132.141867224185262, 6066010.65341916307807 ], [ 432075.979925917286891, 6066026.44415657967329 ] ], [ [ 432132.141867224185262, 6066010.65341916307807 ], [ 432141.909486038028263, 6066004.552513480186462 ] ], [ [ 432321.252064866304863, 6065943.633723037317395 ], [ 432330.301303722895682, 6065941.138756049796939 ] ], [ [ 432321.252064866304863, 6065943.633723037317395 ], [ 432243.647657098365016, 6065967.389449090696871 ] ], [ [ 432330.301303722895682, 6065941.138756049796939 ], [ 432321.252064866304863, 6065943.633723037317395 ] ], [ [ 432330.301303722895682, 6065941.138756049796939 ], [ 432343.436815735360142, 6065937.580973265692592 ] ], [ [ 432343.436815735360142, 6065937.580973265692592 ], [ 432330.301303722895682, 6065941.138756049796939 ] ], [ [ 432343.436815735360142, 6065937.580973265692592 ], [ 432411.055862599459942, 6065919.118093744851649 ] ], [ [ 432411.055862599459942, 6065919.118093744851649 ], [ 432343.436815735360142, 6065937.580973265692592 ] ], [ [ 432411.055862599459942, 6065919.118093744851649 ], [ 432480.195368528889958, 6065900.23286025878042 ] ], [ [ 432480.195368528889958, 6065900.23286025878042 ], [ 432411.055862599459942, 6065919.118093744851649 ] ], [ [ 432480.195368528889958, 6065900.23286025878042 ], [ 432508.223527655296493, 6065892.591147332452238 ] ], [ [ 432508.223527655296493, 6065892.591147332452238 ], [ 432480.195368528889958, 6065900.23286025878042 ] ], [ [ 432508.223527655296493, 6065892.591147332452238 ], [ 432530.152053340163548, 6065886.598799995146692 ] ], [ [ 431519.733937205863185, 6065255.243754220195115 ], [ 431534.324261705041863, 6065304.670557760633528 ] ], [ [ 431519.733937205863185, 6065255.243754220195115 ], [ 431504.944851099164225, 6065199.097897781990469 ] ], [ [ 431534.324261705041863, 6065304.670557760633528 ], [ 431519.733937205863185, 6065255.243754220195115 ] ], [ [ 431534.324261705041863, 6065304.670557760633528 ], [ 431538.160559351847041, 6065317.68938307557255 ] ], [ [ 431542.865566846448928, 6065333.633190730586648 ], [ 431538.160559351847041, 6065317.68938307557255 ] ], [ [ 431542.865566846448928, 6065333.633190730586648 ], [ 431574.05289272184018, 6065439.189829640090466 ] ], [ [ 431574.05289272184018, 6065439.189829640090466 ], [ 431542.865566846448928, 6065333.633190730586648 ] ], [ [ 431574.05289272184018, 6065439.189829640090466 ], [ 431613.482305476907641, 6065578.766666045412421 ] ], [ [ 431613.482305476907641, 6065578.766666045412421 ], [ 431574.05289272184018, 6065439.189829640090466 ] ], [ [ 431613.482305476907641, 6065578.766666045412421 ], [ 431617.815531833039131, 6065593.15806844457984 ] ], [ [ 431617.815531833039131, 6065593.15806844457984 ], [ 431613.482305476907641, 6065578.766666045412421 ] ], [ [ 431617.815531833039131, 6065593.15806844457984 ], [ 431620.531118864426389, 6065603.222392068244517 ] ], [ [ 431620.531118864426389, 6065603.222392068244517 ], [ 431617.815531833039131, 6065593.15806844457984 ] ], [ [ 431620.531118864426389, 6065603.222392068244517 ], [ 431685.335604093270376, 6065835.879875232465565 ] ], [ [ 431685.335604093270376, 6065835.879875232465565 ], [ 431682.151153791754041, 6065824.446692103520036 ] ], [ [ 431685.335604093270376, 6065835.879875232465565 ], [ 431688.474712868046481, 6065847.139799318276346 ] ], [ [ 431688.474712868046481, 6065847.139799318276346 ], [ 431688.42661967780441, 6065846.967289536260068 ] ], [ [ 431688.474712868046481, 6065847.139799318276346 ], [ 431688.526955986977555, 6065847.311098017729819 ] ], [ [ 432556.601119945233222, 6065878.858552233316004 ], [ 432530.152053340163548, 6065886.598799995146692 ] ], [ [ 432556.601119945233222, 6065878.858552233316004 ], [ 432630.6076303460286, 6065857.198581132106483 ] ], [ [ 432630.6076303460286, 6065857.198581132106483 ], [ 432556.601119945233222, 6065878.858552233316004 ] ], [ [ 432630.6076303460286, 6065857.198581132106483 ], [ 432678.665817300963681, 6065843.160453665070236 ] ], [ [ 432678.665817300963681, 6065843.160453665070236 ], [ 432630.6076303460286, 6065857.198581132106483 ] ], [ [ 432678.665817300963681, 6065843.160453665070236 ], [ 432732.872688234667294, 6065827.272866303101182 ] ], [ [ 432732.872688234667294, 6065827.272866303101182 ], [ 432678.665817300963681, 6065843.160453665070236 ] ], [ [ 432732.872688234667294, 6065827.272866303101182 ], [ 432850.802900890470482, 6065792.769949560053647 ] ], [ [ 432531.417820873204619, 6065890.28594521805644 ], [ 432530.152053340163548, 6065886.598799995146692 ] ], [ [ 432531.417820873204619, 6065890.28594521805644 ], [ 432532.494668783037923, 6065893.397189781069756 ] ], [ [ 432532.494668783037923, 6065893.397189781069756 ], [ 432531.417820873204619, 6065890.28594521805644 ] ], [ [ 432532.494668783037923, 6065893.397189781069756 ], [ 432534.581815721758176, 6065899.475992859341204 ] ], [ [ 431405.198485611646902, 6064865.440266091376543 ], [ 431424.729179263056722, 6064929.983278889209032 ] ], [ [ 431405.198485611646902, 6064865.440266091376543 ], [ 431393.760374847566709, 6064854.106175134889781 ] ], [ [ 431424.729179263056722, 6064929.983278889209032 ], [ 431405.198485611646902, 6064865.440266091376543 ] ], [ [ 431424.729179263056722, 6064929.983278889209032 ], [ 431456.546457994787488, 6065039.358092617243528 ] ], [ [ 431456.546457994787488, 6065039.358092617243528 ], [ 431424.729179263056722, 6064929.983278889209032 ] ], [ [ 431456.546457994787488, 6065039.358092617243528 ], [ 431459.464968876098283, 6065050.443145929835737 ] ], [ [ 431462.319177506491542, 6065059.837519587948918 ], [ 431459.464968876098283, 6065050.443145929835737 ] ], [ [ 431462.319177506491542, 6065059.837519587948918 ], [ 431494.211949030694086, 6065165.382948156446218 ] ], [ [ 431494.211949030694086, 6065165.382948156446218 ], [ 431462.319177506491542, 6065059.837519587948918 ] ], [ [ 431494.211949030694086, 6065165.382948156446218 ], [ 431504.944851099164225, 6065199.097897781990469 ] ], [ [ 431504.944851099164225, 6065199.097897781990469 ], [ 431494.211949030694086, 6065165.382948156446218 ] ], [ [ 431504.944851099164225, 6065199.097897781990469 ], [ 431519.733937205863185, 6065255.243754220195115 ] ], [ [ 431393.760374847566709, 6064854.106175134889781 ], [ 431405.198485611646902, 6064865.440266091376543 ] ], [ [ 431393.760374847566709, 6064854.106175134889781 ], [ 431394.234416613879148, 6064860.298010258004069 ] ], [ [ 431393.760374847566709, 6064854.106175134889781 ], [ 431390.258532534004189, 6064841.104644547216594 ] ], [ [ 431394.403100164316129, 6064862.499054962769151 ], [ 431394.872220876975916, 6064868.791128787212074 ] ], [ [ 431394.403100164316129, 6064862.499054962769151 ], [ 431394.234416613879148, 6064860.298010258004069 ] ], [ [ 431394.234416613879148, 6064860.298010258004069 ], [ 431394.403100164316129, 6064862.499054962769151 ] ], [ [ 431394.234416613879148, 6064860.298010258004069 ], [ 431393.760374847566709, 6064854.106175134889781 ] ], [ [ 431390.704144786286633, 6064863.668141454458237 ], [ 431394.872220876975916, 6064868.791128787212074 ] ], [ [ 431390.704144786286633, 6064863.668141454458237 ], [ 431385.918377053516451, 6064861.136538363993168 ] ], [ [ 431385.918377053516451, 6064861.136538363993168 ], [ 431390.704144786286633, 6064863.668141454458237 ] ], [ [ 431385.918377053516451, 6064861.136538363993168 ], [ 431378.700171954580583, 6064862.158739727921784 ] ], [ [ 431378.700171954580583, 6064862.158739727921784 ], [ 431385.918377053516451, 6064861.136538363993168 ] ], [ [ 431378.700171954580583, 6064862.158739727921784 ], [ 431333.610297196835745, 6064875.193644257262349 ] ], [ [ 432598.692490054294467, 6064415.411742337048054 ], [ 432730.345486268750392, 6064291.639738933183253 ] ], [ [ 432598.692490054294467, 6064415.411742337048054 ], [ 432491.313713539449964, 6064515.241043235175312 ] ], [ [ 432491.313713539449964, 6064515.241043235175312 ], [ 432598.692490054294467, 6064415.411742337048054 ] ], [ [ 432491.313713539449964, 6064515.241043235175312 ], [ 432478.744971910084132, 6064527.270318208262324 ] ], [ [ 431964.674179602181539, 6065523.861428814008832 ], [ 431970.581331801309716, 6065530.361029101535678 ] ], [ [ 431964.674179602181539, 6065523.861428814008832 ], [ 431960.474208325671498, 6065518.248730188235641 ] ], [ [ 431960.474208325671498, 6065518.248730188235641 ], [ 431964.674179602181539, 6065523.861428814008832 ] ], [ [ 431960.474208325671498, 6065518.248730188235641 ], [ 431956.995156903285533, 6065513.036962630227208 ] ], [ [ 431956.995156903285533, 6065513.036962630227208 ], [ 431960.474208325671498, 6065518.248730188235641 ] ], [ [ 431956.995156903285533, 6065513.036962630227208 ], [ 431952.384166527946945, 6065504.937497587874532 ] ], [ [ 431952.384166527946945, 6065504.937497587874532 ], [ 431956.995156903285533, 6065513.036962630227208 ] ], [ [ 431952.384166527946945, 6065504.937497587874532 ], [ 431949.768255064031109, 6065496.741212771274149 ] ], [ [ 431949.768255064031109, 6065496.741212771274149 ], [ 431952.384166527946945, 6065504.937497587874532 ] ], [ [ 431949.768255064031109, 6065496.741212771274149 ], [ 431947.321760865394026, 6065488.675929277203977 ] ], [ [ 431947.321760865394026, 6065488.675929277203977 ], [ 431949.768255064031109, 6065496.741212771274149 ] ], [ [ 431947.321760865394026, 6065488.675929277203977 ], [ 431946.306360489048529, 6065481.980254611931741 ] ], [ [ 431946.306360489048529, 6065481.980254611931741 ], [ 431947.321760865394026, 6065488.675929277203977 ] ], [ [ 431946.306360489048529, 6065481.980254611931741 ], [ 431945.102257731487043, 6065473.874001237563789 ] ], [ [ 431945.102257731487043, 6065473.874001237563789 ], [ 431946.306360489048529, 6065481.980254611931741 ] ], [ [ 431945.102257731487043, 6065473.874001237563789 ], [ 431944.982571434811689, 6065465.072527319192886 ] ], [ [ 431944.982571434811689, 6065465.072527319192886 ], [ 431945.102257731487043, 6065473.874001237563789 ] ], [ [ 431944.982571434811689, 6065465.072527319192886 ], [ 431946.431219507823698, 6065454.778364039957523 ] ], [ [ 431946.431219507823698, 6065454.778364039957523 ], [ 431944.982571434811689, 6065465.072527319192886 ] ], [ [ 431946.431219507823698, 6065454.778364039957523 ], [ 431950.082309642108157, 6065441.902421038597822 ] ], [ [ 431950.082309642108157, 6065441.902421038597822 ], [ 431946.431219507823698, 6065454.778364039957523 ] ], [ [ 431950.082309642108157, 6065441.902421038597822 ], [ 431953.426521135086659, 6065430.379925727844238 ] ], [ [ 431954.319334149709903, 6065427.303745606914163 ], [ 431953.426521135086659, 6065430.379925727844238 ] ], [ [ 431954.319334149709903, 6065427.303745606914163 ], [ 431959.260124186694156, 6065410.680074323900044 ] ], [ [ 431959.260124186694156, 6065410.680074323900044 ], [ 431954.319334149709903, 6065427.303745606914163 ] ], [ [ 431959.260124186694156, 6065410.680074323900044 ], [ 431960.751311784842983, 6065403.635032180696726 ] ], [ [ 431960.751311784842983, 6065403.635032180696726 ], [ 431959.260124186694156, 6065410.680074323900044 ] ], [ [ 431960.751311784842983, 6065403.635032180696726 ], [ 431961.227822169836145, 6065394.646513121202588 ] ], [ [ 431961.227822169836145, 6065394.646513121202588 ], [ 431960.751311784842983, 6065403.635032180696726 ] ], [ [ 431961.227822169836145, 6065394.646513121202588 ], [ 431959.904042137204669, 6065385.863171902485192 ] ], [ [ 431959.904042137204669, 6065385.863171902485192 ], [ 431961.227822169836145, 6065394.646513121202588 ] ], [ [ 431959.904042137204669, 6065385.863171902485192 ], [ 431958.091429675812833, 6065375.840710800141096 ] ], [ [ 431958.091429675812833, 6065375.840710800141096 ], [ 431959.904042137204669, 6065385.863171902485192 ] ], [ [ 431958.091429675812833, 6065375.840710800141096 ], [ 431936.90934498840943, 6065303.663481755182147 ] ], [ [ 431936.90934498840943, 6065303.663481755182147 ], [ 431958.091429675812833, 6065375.840710800141096 ] ], [ [ 431936.90934498840943, 6065303.663481755182147 ], [ 431917.574275169405155, 6065237.412690191529691 ] ], [ [ 431917.574275169405155, 6065237.412690191529691 ], [ 431936.90934498840943, 6065303.663481755182147 ] ], [ [ 431917.574275169405155, 6065237.412690191529691 ], [ 431911.903566617285833, 6065218.422516722232103 ] ], [ [ 431911.903566617285833, 6065218.422516722232103 ], [ 431917.574275169405155, 6065237.412690191529691 ] ], [ [ 431911.903566617285833, 6065218.422516722232103 ], [ 431908.57672297465615, 6065207.087375104427338 ] ], [ [ 432154.467054093664046, 6065994.692543024197221 ], [ 432220.530361083277967, 6065974.466725940816104 ] ], [ [ 432154.467054093664046, 6065994.692543024197221 ], [ 432141.909486038028263, 6066004.552513480186462 ] ], [ [ 432243.647657098365016, 6065967.389449090696871 ], [ 432208.84959641972091, 6065978.042803323827684 ] ], [ [ 432243.647657098365016, 6065967.389449090696871 ], [ 432278.445899777347222, 6065956.737055427394807 ] ], [ [ 432207.851760732301045, 6065117.432151434011757 ], [ 432225.763035759329796, 6065112.027078618295491 ] ], [ [ 432207.851760732301045, 6065117.432151434011757 ], [ 432181.481838422478177, 6065125.389936887659132 ] ], [ [ 431873.474859489768278, 6064920.531933007761836 ], [ 431929.616644969792105, 6064904.176003720611334 ] ], [ [ 431873.474859489768278, 6064920.531933007761836 ], [ 431844.212542363035027, 6064929.057321537286043 ] ], [ [ 432424.214285434107296, 6065644.554982436820865 ], [ 432382.07383251702413, 6065657.757691984064877 ] ], [ [ 432424.214285434107296, 6065644.554982436820865 ], [ 432435.381117875804193, 6065641.056464594788849 ] ], [ [ 433077.108866529539227, 6065165.103956565260887 ], [ 433061.891754530137405, 6065169.58929265383631 ] ], [ [ 433077.108866529539227, 6065165.103956565260887 ], [ 433177.023391688067932, 6065135.655036942102015 ] ], [ [ 432011.332838070811704, 6065565.819752440787852 ], [ 432012.588893070816994, 6065567.368019265122712 ] ], [ [ 432011.332838070811704, 6065565.819752440787852 ], [ 432006.407379245385528, 6065559.74843580275774 ] ], [ [ 431953.426521135086659, 6065430.379925727844238 ], [ 431950.082309642108157, 6065441.902421038597822 ] ], [ [ 431953.426521135086659, 6065430.379925727844238 ], [ 431954.319334149709903, 6065427.303745606914163 ] ], [ [ 432434.12077350274194, 6065352.898411002010107 ], [ 432419.176737033878453, 6065357.680380965583026 ] ], [ [ 432434.12077350274194, 6065352.898411002010107 ], [ 432479.450117203814443, 6065338.39375420846045 ] ] ] } },
{ "type": "Feature", "properties": { "full_id": "n8635420139", "osm_id": "8635420139", "osm_type": "node", "amenity": "community_centre", "entrance": null, "full_name": null, "community_centre": null, "check_date": null, "operator": "АлексМастер", "contact:phone": "+7 937 3380223", "opening_hours": "Mo-Sa 09:00-20:00;Su 10:00-15:00", "name": "АлексМастер", "type": "lines", "start": "55.9248814, 54.7306298" }, "geometry": { "type": "MultiLineString", "coordinates": [ [ [ 431229.529266843921505, 6064287.637864761985838 ], [ 431233.308902377379127, 6064300.212139446288347 ] ], [ [ 431229.529266843921505, 6064287.637864761985838 ], [ 431219.582314017810859, 6064290.170886375941336 ] ], [ [ 431229.529266843921505, 6064287.637864761985838 ], [ 431241.401022581500001, 6064284.162981237284839 ] ], [ [ 431233.308902377379127, 6064300.212139446288347 ], [ 431229.529266843921505, 6064287.637864761985838 ] ], [ [ 431233.308902377379127, 6064300.212139446288347 ], [ 431245.039278697920963, 6064296.3387601217255 ] ], [ [ 431233.308902377379127, 6064300.212139446288347 ], [ 431235.763183041708544, 6064307.820644355379045 ] ], [ [ 431233.308902377379127, 6064300.212139446288347 ], [ 431223.320939063618425, 6064303.858709412626922 ] ], [ [ 430907.601725317828823, 6064384.074921634979546 ], [ 430957.631923323089723, 6064368.508418181911111 ] ], [ [ 430907.601725317828823, 6064384.074921634979546 ], [ 430904.218931912211701, 6064385.295213029719889 ] ], [ [ 430957.631923323089723, 6064368.508418181911111 ], [ 430907.601725317828823, 6064384.074921634979546 ] ], [ [ 430957.631923323089723, 6064368.508418181911111 ], [ 430966.206199098727666, 6064365.962389415130019 ] ], [ [ 430966.206199098727666, 6064365.962389415130019 ], [ 430957.631923323089723, 6064368.508418181911111 ] ], [ [ 430966.206199098727666, 6064365.962389415130019 ], [ 431145.584751687885728, 6064312.888368444517255 ] ], [ [ 431145.584751687885728, 6064312.888368444517255 ], [ 430966.206199098727666, 6064365.962389415130019 ] ], [ [ 431145.584751687885728, 6064312.888368444517255 ], [ 431219.582314017810859, 6064290.170886375941336 ] ], [ [ 431219.582314017810859, 6064290.170886375941336 ], [ 431145.584751687885728, 6064312.888368444517255 ] ], [ [ 431219.582314017810859, 6064290.170886375941336 ], [ 431229.529266843921505, 6064287.637864761985838 ] ], [ [ 431149.152739648183342, 6065438.74426510091871 ], [ 431152.628939017886296, 6065449.620312318205833 ] ], [ [ 431149.152739648183342, 6065438.74426510091871 ], [ 431145.398442423087545, 6065426.525807544589043 ] ], [ [ 431149.152739648183342, 6065438.74426510091871 ], [ 431158.621621613798197, 6065435.439255273900926 ] ], [ [ 431152.628939017886296, 6065449.620312318205833 ], [ 431149.152739648183342, 6065438.74426510091871 ] ], [ [ 431152.628939017886296, 6065449.620312318205833 ], [ 431227.740809389215428, 6065701.056862909346819 ] ], [ [ 431227.740809389215428, 6065701.056862909346819 ], [ 431152.628939017886296, 6065449.620312318205833 ] ], [ [ 431227.740809389215428, 6065701.056862909346819 ], [ 431230.57616906973999, 6065710.050731950439513 ] ], [ [ 431230.57616906973999, 6065710.050731950439513 ], [ 431227.740809389215428, 6065701.056862909346819 ] ], [ [ 431230.57616906973999, 6065710.050731950439513 ], [ 431239.59008581051603, 6065707.353788492269814 ] ], [ [ 431089.067720774037298, 6065222.905098126269877 ], [ 431100.396608239738271, 6065263.833011133596301 ] ], [ [ 431089.067720774037298, 6065222.905098126269877 ], [ 431078.522628608159721, 6065184.814368746243417 ] ], [ [ 431100.396608239738271, 6065263.833011133596301 ], [ 431089.067720774037298, 6065222.905098126269877 ] ], [ [ 431100.396608239738271, 6065263.833011133596301 ], [ 431112.849706581328064, 6065308.806021986529231 ] ], [ [ 431112.849706581328064, 6065308.806021986529231 ], [ 431100.396608239738271, 6065263.833011133596301 ] ], [ [ 431112.849706581328064, 6065308.806021986529231 ], [ 431131.552983710716944, 6065376.365401896648109 ] ], [ [ 431131.552983710716944, 6065376.365401896648109 ], [ 431112.849706581328064, 6065308.806021986529231 ] ], [ [ 431131.552983710716944, 6065376.365401896648109 ], [ 431135.438362906570546, 6065390.418192795477808 ] ], [ [ 431135.438362906570546, 6065390.418192795477808 ], [ 431131.552983710716944, 6065376.365401896648109 ] ], [ [ 431135.438362906570546, 6065390.418192795477808 ], [ 431145.398442423087545, 6065426.525807544589043 ] ], [ [ 431145.398442423087545, 6065426.525807544589043 ], [ 431135.438362906570546, 6065390.418192795477808 ] ], [ [ 431145.398442423087545, 6065426.525807544589043 ], [ 431149.152739648183342, 6065438.74426510091871 ] ], [ [ 430885.047017507371493, 6064517.571195586584508 ], [ 430883.931081946357153, 6064499.781311609782279 ] ], [ [ 430885.047017507371493, 6064517.571195586584508 ], [ 430931.302713728859089, 6064675.390448614954948 ] ], [ [ 430883.931081946357153, 6064499.781311609782279 ], [ 430885.047017507371493, 6064517.571195586584508 ] ], [ [ 430883.931081946357153, 6064499.781311609782279 ], [ 430885.850196755374782, 6064468.567547862417996 ] ], [ [ 430885.850196755374782, 6064468.567547862417996 ], [ 430883.931081946357153, 6064499.781311609782279 ] ], [ [ 430885.850196755374782, 6064468.567547862417996 ], [ 430886.09765079151839, 6064462.843282174319029 ] ], [ [ 430886.09765079151839, 6064462.843282174319029 ], [ 430885.850196755374782, 6064468.567547862417996 ] ], [ [ 430886.09765079151839, 6064462.843282174319029 ], [ 430886.435340808006003, 6064452.487830557860434 ] ], [ [ 430886.435340808006003, 6064452.487830557860434 ], [ 430886.09765079151839, 6064462.843282174319029 ] ], [ [ 430886.435340808006003, 6064452.487830557860434 ], [ 430890.687429641082417, 6064413.748352915048599 ] ], [ [ 430890.687429641082417, 6064413.748352915048599 ], [ 430886.435340808006003, 6064452.487830557860434 ] ], [ [ 430890.687429641082417, 6064413.748352915048599 ], [ 430893.655796389270108, 6064403.541879820637405 ] ], [ [ 430893.655796389270108, 6064403.541879820637405 ], [ 430890.687429641082417, 6064413.748352915048599 ] ], [ [ 430893.655796389270108, 6064403.541879820637405 ], [ 430895.219897331029642, 6064398.398469639010727 ] ], [ [ 430893.655796389270108, 6064403.541879820637405 ], [ 430897.833905667765066, 6064400.829218774102628 ] ], [ [ 431525.697710006381385, 6065321.51751577667892 ], [ 431516.280555322009604, 6065324.442563655786216 ] ], [ [ 431525.697710006381385, 6065321.51751577667892 ], [ 431530.43293135217391, 6065337.327301776967943 ] ], [ [ 431525.697710006381385, 6065321.51751577667892 ], [ 431521.803762546682265, 6065308.521832535043359 ] ], [ [ 431525.697710006381385, 6065321.51751577667892 ], [ 431529.005713925347663, 6065320.499136548489332 ] ], [ [ 431516.280555322009604, 6065324.442563655786216 ], [ 431525.697710006381385, 6065321.51751577667892 ] ], [ [ 431516.280555322009604, 6065324.442563655786216 ], [ 431387.550124783592764, 6065364.390980153344572 ] ], [ [ 431387.550124783592764, 6065364.390980153344572 ], [ 431516.280555322009604, 6065324.442563655786216 ] ], [ [ 431387.550124783592764, 6065364.390980153344572 ], [ 431350.657695295638405, 6065375.83582126814872 ] ], [ [ 431350.657695295638405, 6065375.83582126814872 ], [ 431387.550124783592764, 6065364.390980153344572 ] ], [ [ 431350.657695295638405, 6065375.83582126814872 ], [ 431339.067674841673579, 6065379.439757941290736 ] ], [ [ 431339.067674841673579, 6065379.439757941290736 ], [ 431350.657695295638405, 6065375.83582126814872 ] ], [ [ 431339.067674841673579, 6065379.439757941290736 ], [ 431329.522477367485408, 6065382.400534317828715 ] ], [ [ 431329.522477367485408, 6065382.400534317828715 ], [ 431339.067674841673579, 6065379.439757941290736 ] ], [ [ 431329.522477367485408, 6065382.400534317828715 ], [ 431323.509393968153745, 6065384.261487550102174 ] ], [ [ 431323.509393968153745, 6065384.261487550102174 ], [ 431329.522477367485408, 6065382.400534317828715 ] ], [ [ 431323.509393968153745, 6065384.261487550102174 ], [ 431244.750898469181266, 6065408.697287916205823 ] ], [ [ 431244.750898469181266, 6065408.697287916205823 ], [ 431323.509393968153745, 6065384.261487550102174 ] ], [ [ 431244.750898469181266, 6065408.697287916205823 ], [ 431233.609750757168513, 6065412.161116619594395 ] ], [ [ 431233.609750757168513, 6065412.161116619594395 ], [ 431244.750898469181266, 6065408.697287916205823 ] ], [ [ 431233.609750757168513, 6065412.161116619594395 ], [ 431221.949249632423744, 6065415.777560018934309 ] ], [ [ 431221.949249632423744, 6065415.777560018934309 ], [ 431233.609750757168513, 6065412.161116619594395 ] ], [ [ 431221.949249632423744, 6065415.777560018934309 ], [ 431158.621621613798197, 6065435.439255273900926 ] ], [ [ 431158.621621613798197, 6065435.439255273900926 ], [ 431221.949249632423744, 6065415.777560018934309 ] ], [ [ 431158.621621613798197, 6065435.439255273900926 ], [ 431149.152739648183342, 6065438.74426510091871 ] ], [ [ 431310.12290160509292, 6064277.108298619277775 ], [ 431343.684818350593559, 6064265.701091786846519 ] ], [ [ 431310.12290160509292, 6064277.108298619277775 ], [ 431296.353065396659076, 6064281.168315337970853 ] ], [ [ 431296.353065396659076, 6064281.168315337970853 ], [ 431310.12290160509292, 6064277.108298619277775 ] ], [ [ 431296.353065396659076, 6064281.168315337970853 ], [ 431248.593093685456552, 6064295.288085664622486 ] ], [ [ 431245.039278697920963, 6064296.3387601217255 ], [ 431296.353065396659076, 6064281.168315337970853 ] ], [ [ 431245.039278697920963, 6064296.3387601217255 ], [ 431233.308902377379127, 6064300.212139446288347 ] ], [ [ 431838.750708466628566, 6064965.810732095502317 ], [ 431847.23142996977549, 6064995.113198873586953 ] ], [ [ 431838.750708466628566, 6064965.810732095502317 ], [ 431833.029149381502066, 6064946.053495950996876 ] ], [ [ 431833.029149381502066, 6064946.053495950996876 ], [ 431838.750708466628566, 6064965.810732095502317 ] ], [ [ 431833.029149381502066, 6064946.053495950996876 ], [ 431829.420610704168212, 6064933.576339918188751 ] ], [ [ 431829.420610704168212, 6064933.576339918188751 ], [ 431833.029149381502066, 6064946.053495950996876 ] ], [ [ 431829.420610704168212, 6064933.576339918188751 ], [ 431825.168620009848382, 6064917.302673725411296 ] ], [ [ 431829.420610704168212, 6064933.576339918188751 ], [ 431844.212542363035027, 6064929.057321537286043 ] ], [ [ 431829.420610704168212, 6064933.576339918188751 ], [ 431813.701479619659949, 6064938.543439852073789 ] ], [ [ 431825.168620009848382, 6064917.302673725411296 ], [ 431829.420610704168212, 6064933.576339918188751 ] ], [ [ 431825.168620009848382, 6064917.302673725411296 ], [ 431816.642365423380397, 6064885.846359693445265 ] ], [ [ 431816.642365423380397, 6064885.846359693445265 ], [ 431820.47529462800594, 6064899.987313971854746 ] ], [ [ 431816.642365423380397, 6064885.846359693445265 ], [ 431812.862486260943115, 6064871.691136174835265 ] ], [ [ 430931.302713728859089, 6064675.390448614954948 ], [ 430885.047017507371493, 6064517.571195586584508 ] ], [ [ 430931.302713728859089, 6064675.390448614954948 ], [ 430937.585154526575934, 6064696.161961172707379 ] ], [ [ 430937.585154526575934, 6064696.161961172707379 ], [ 430931.302713728859089, 6064675.390448614954948 ] ], [ [ 430937.585154526575934, 6064696.161961172707379 ], [ 430940.479822236346081, 6064706.0117147564888 ] ], [ [ 430937.585154526575934, 6064696.161961172707379 ], [ 430951.702696553431451, 6064691.772750007919967 ] ], [ [ 430940.479822236346081, 6064706.0117147564888 ], [ 430937.585154526575934, 6064696.161961172707379 ] ], [ [ 430940.479822236346081, 6064706.0117147564888 ], [ 430944.255561802419834, 6064718.719378077425063 ] ], [ [ 430944.255561802419834, 6064718.719378077425063 ], [ 430940.479822236346081, 6064706.0117147564888 ] ], [ [ 430944.255561802419834, 6064718.719378077425063 ], [ 430952.951988125627395, 6064748.2462073629722 ] ], [ [ 430952.951988125627395, 6064748.2462073629722 ], [ 430944.255561802419834, 6064718.719378077425063 ] ], [ [ 430952.951988125627395, 6064748.2462073629722 ], [ 430954.383437090902589, 6064752.976567674428225 ] ], [ [ 430954.383437090902589, 6064752.976567674428225 ], [ 430952.951988125627395, 6064748.2462073629722 ] ], [ [ 430954.383437090902589, 6064752.976567674428225 ], [ 430980.582284548203461, 6064839.919469371438026 ] ], [ [ 430980.582284548203461, 6064839.919469371438026 ], [ 430954.383437090902589, 6064752.976567674428225 ] ], [ [ 430980.582284548203461, 6064839.919469371438026 ], [ 430986.898077304649632, 6064862.059445284307003 ] ], [ [ 430986.898077304649632, 6064862.059445284307003 ], [ 430980.582284548203461, 6064839.919469371438026 ] ], [ [ 430986.898077304649632, 6064862.059445284307003 ], [ 431012.170476746861823, 6064949.996046625077724 ] ], [ [ 431012.170476746861823, 6064949.996046625077724 ], [ 430986.898077304649632, 6064862.059445284307003 ] ], [ [ 431012.170476746861823, 6064949.996046625077724 ], [ 431015.129786180797964, 6064956.083139630965889 ] ], [ [ 431015.129786180797964, 6064956.083139630965889 ], [ 431012.170476746861823, 6064949.996046625077724 ] ], [ [ 431015.129786180797964, 6064956.083139630965889 ], [ 431016.430079135694541, 6064959.825008704327047 ] ], [ [ 431016.430079135694541, 6064959.825008704327047 ], [ 431015.129786180797964, 6064956.083139630965889 ] ], [ [ 431016.430079135694541, 6064959.825008704327047 ], [ 431017.058364912285469, 6064961.740794441662729 ] ], [ [ 431017.058364912285469, 6064961.740794441662729 ], [ 431016.430079135694541, 6064959.825008704327047 ] ], [ [ 431017.058364912285469, 6064961.740794441662729 ], [ 431017.842762708722148, 6064964.600191456265748 ] ], [ [ 431017.842762708722148, 6064964.600191456265748 ], [ 431017.058364912285469, 6064961.740794441662729 ] ], [ [ 431017.842762708722148, 6064964.600191456265748 ], [ 431020.895566181628965, 6064974.703553771600127 ] ], [ [ 431017.842762708722148, 6064964.600191456265748 ], [ 431029.286355523508973, 6064961.053333457559347 ] ], [ [ 431017.842762708722148, 6064964.600191456265748 ], [ 431000.128911258128937, 6064969.645109468139708 ] ], [ [ 431020.895566181628965, 6064974.703553771600127 ], [ 431017.842762708722148, 6064964.600191456265748 ] ], [ [ 431020.895566181628965, 6064974.703553771600127 ], [ 431044.311888738244306, 6065060.120033473707736 ] ], [ [ 431044.311888738244306, 6065060.120033473707736 ], [ 431020.895566181628965, 6064974.703553771600127 ] ], [ [ 431044.311888738244306, 6065060.120033473707736 ], [ 431071.887848378450144, 6065160.286330947652459 ] ], [ [ 431071.887848378450144, 6065160.286330947652459 ], [ 431044.311888738244306, 6065060.120033473707736 ] ], [ [ 431071.887848378450144, 6065160.286330947652459 ], [ 431074.957735642849002, 6065171.94757463503629 ] ], [ [ 431074.957735642849002, 6065171.94757463503629 ], [ 431071.887848378450144, 6065160.286330947652459 ] ], [ [ 431074.957735642849002, 6065171.94757463503629 ], [ 431087.681784103973769, 6065167.925018707290292 ] ], [ [ 431074.957735642849002, 6065171.94757463503629 ], [ 431078.522628608159721, 6065184.814368746243417 ] ], [ [ 431627.758335163933225, 6064487.911573890596628 ], [ 431676.476793700770941, 6064472.4405950428918 ] ], [ [ 431627.758335163933225, 6064487.911573890596628 ], [ 431578.777097181882709, 6064502.529528677463531 ] ], [ [ 431541.766923504881561, 6064513.575254941359162 ], [ 431627.758335163933225, 6064487.911573890596628 ] ], [ [ 431541.766923504881561, 6064513.575254941359162 ], [ 431513.060404489398934, 6064521.989859863184392 ] ], [ [ 431513.060404489398934, 6064521.989859863184392 ], [ 431541.766923504881561, 6064513.575254941359162 ] ], [ [ 431513.060404489398934, 6064521.989859863184392 ], [ 431502.627559214364737, 6064524.741087391972542 ] ], [ [ 431502.627559214364737, 6064524.741087391972542 ], [ 431513.060404489398934, 6064521.989859863184392 ] ], [ [ 431502.627559214364737, 6064524.741087391972542 ], [ 431491.983204206859227, 6064527.562321092933416 ] ], [ [ 431491.983204206859227, 6064527.562321092933416 ], [ 431502.627559214364737, 6064524.741087391972542 ] ], [ [ 431491.983204206859227, 6064527.562321092933416 ], [ 431468.401122209033929, 6064534.897905056364834 ] ], [ [ 431468.401122209033929, 6064534.897905056364834 ], [ 431491.983204206859227, 6064527.562321092933416 ] ], [ [ 431468.401122209033929, 6064534.897905056364834 ], [ 431445.35673255805159, 6064542.002871912904084 ] ], [ [ 431445.35673255805159, 6064542.002871912904084 ], [ 431468.401122209033929, 6064534.897905056364834 ] ], [ [ 431445.35673255805159, 6064542.002871912904084 ], [ 431324.164232115086634, 6064578.799919274635613 ] ], [ [ 431324.164232115086634, 6064578.799919274635613 ], [ 431445.35673255805159, 6064542.002871912904084 ] ], [ [ 431324.164232115086634, 6064578.799919274635613 ], [ 431316.712335354823153, 6064581.005468056537211 ] ], [ [ 431316.712335354823153, 6064581.005468056537211 ], [ 431324.164232115086634, 6064578.799919274635613 ] ], [ [ 431316.712335354823153, 6064581.005468056537211 ], [ 431313.142567608389072, 6064569.91926817689091 ] ], [ [ 431316.712335354823153, 6064581.005468056537211 ], [ 431320.013099161442369, 6064592.618836318142712 ] ], [ [ 431316.712335354823153, 6064581.005468056537211 ], [ 431301.862270659650676, 6064585.983381673693657 ] ], [ [ 431844.212542363035027, 6064929.057321537286043 ], [ 431873.474859489768278, 6064920.531933007761836 ] ], [ [ 431844.212542363035027, 6064929.057321537286043 ], [ 431829.420610704168212, 6064933.576339918188751 ] ], [ [ 431813.701479619659949, 6064938.543439852073789 ], [ 431829.420610704168212, 6064933.576339918188751 ] ], [ [ 431813.701479619659949, 6064938.543439852073789 ], [ 431779.985077422228642, 6064949.035273175686598 ] ], [ [ 431779.985077422228642, 6064949.035273175686598 ], [ 431813.701479619659949, 6064938.543439852073789 ] ], [ [ 431779.985077422228642, 6064949.035273175686598 ], [ 431744.331179595261347, 6064960.458098316565156 ] ], [ [ 431744.331179595261347, 6064960.458098316565156 ], [ 431779.985077422228642, 6064949.035273175686598 ] ], [ [ 431744.331179595261347, 6064960.458098316565156 ], [ 431739.523178231553175, 6064961.97752941865474 ] ], [ [ 431739.523178231553175, 6064961.97752941865474 ], [ 431744.331179595261347, 6064960.458098316565156 ] ], [ [ 431739.523178231553175, 6064961.97752941865474 ], [ 431726.509391243453138, 6064966.080505535937846 ] ], [ [ 431726.509391243453138, 6064966.080505535937846 ], [ 431739.523178231553175, 6064961.97752941865474 ] ], [ [ 431726.509391243453138, 6064966.080505535937846 ], [ 431650.34472855378408, 6064990.147072582505643 ] ], [ [ 431650.34472855378408, 6064990.147072582505643 ], [ 431726.509391243453138, 6064966.080505535937846 ] ], [ [ 431650.34472855378408, 6064990.147072582505643 ], [ 431643.50464235781692, 6064992.30945455096662 ] ], [ [ 431643.50464235781692, 6064992.30945455096662 ], [ 431650.34472855378408, 6064990.147072582505643 ] ], [ [ 431643.50464235781692, 6064992.30945455096662 ], [ 431629.356744035321753, 6064996.797136739827693 ] ], [ [ 431629.356744035321753, 6064996.797136739827693 ], [ 431643.50464235781692, 6064992.30945455096662 ] ], [ [ 431629.356744035321753, 6064996.797136739827693 ], [ 431569.065034679020755, 6065015.817111290059984 ] ], [ [ 431569.065034679020755, 6065015.817111290059984 ], [ 431629.356744035321753, 6064996.797136739827693 ] ], [ [ 431569.065034679020755, 6065015.817111290059984 ], [ 431464.0099421775667, 6065049.00530690792948 ] ], [ [ 431464.0099421775667, 6065049.00530690792948 ], [ 431569.065034679020755, 6065015.817111290059984 ] ], [ [ 431464.0099421775667, 6065049.00530690792948 ], [ 431459.464968876098283, 6065050.443145929835737 ] ], [ [ 431459.464968876098283, 6065050.443145929835737 ], [ 431464.0099421775667, 6065049.00530690792948 ] ], [ [ 431459.464968876098283, 6065050.443145929835737 ], [ 431452.721148463548161, 6065052.57097283564508 ] ], [ [ 431459.464968876098283, 6065050.443145929835737 ], [ 431456.546457994787488, 6065039.358092617243528 ] ], [ [ 431459.464968876098283, 6065050.443145929835737 ], [ 431462.319177506491542, 6065059.837519587948918 ] ], [ [ 431452.721148463548161, 6065052.57097283564508 ], [ 431459.464968876098283, 6065050.443145929835737 ] ], [ [ 431452.721148463548161, 6065052.57097283564508 ], [ 431450.522467983828392, 6065053.272083958610892 ] ], [ [ 431450.522467983828392, 6065053.272083958610892 ], [ 431452.721148463548161, 6065052.57097283564508 ] ], [ [ 431450.522467983828392, 6065053.272083958610892 ], [ 431446.990244525368325, 6065054.382952149957418 ] ], [ [ 431446.990244525368325, 6065054.382952149957418 ], [ 431450.522467983828392, 6065053.272083958610892 ] ], [ [ 431446.990244525368325, 6065054.382952149957418 ], [ 431437.534948939399328, 6065057.375505913048983 ] ], [ [ 431446.990244525368325, 6065054.382952149957418 ], [ 431450.369490749319084, 6065063.569026221521199 ] ], [ [ 431446.990244525368325, 6065054.382952149957418 ], [ 431443.906155291304458, 6065042.999926460906863 ] ], [ [ 431437.534948939399328, 6065057.375505913048983 ], [ 431446.990244525368325, 6065054.382952149957418 ] ], [ [ 431437.534948939399328, 6065057.375505913048983 ], [ 431271.410875604022294, 6065109.869722811505198 ] ], [ [ 431271.410875604022294, 6065109.869722811505198 ], [ 431437.534948939399328, 6065057.375505913048983 ] ], [ [ 431271.410875604022294, 6065109.869722811505198 ], [ 431260.340307053062133, 6065113.365781344473362 ] ], [ [ 431260.340307053062133, 6065113.365781344473362 ], [ 431271.410875604022294, 6065109.869722811505198 ] ], [ [ 431260.340307053062133, 6065113.365781344473362 ], [ 431201.564740939706098, 6065131.933623902499676 ] ], [ [ 431201.564740939706098, 6065131.933623902499676 ], [ 431260.340307053062133, 6065113.365781344473362 ] ], [ [ 431201.564740939706098, 6065131.933623902499676 ], [ 431188.430228162091225, 6065136.084527565166354 ] ], [ [ 431188.430228162091225, 6065136.084527565166354 ], [ 431201.564740939706098, 6065131.933623902499676 ] ], [ [ 431188.430228162091225, 6065136.084527565166354 ], [ 431131.73858602612745, 6065153.998315901495516 ] ], [ [ 431131.73858602612745, 6065153.998315901495516 ], [ 431188.430228162091225, 6065136.084527565166354 ] ], [ [ 431131.73858602612745, 6065153.998315901495516 ], [ 431110.15557854459621, 6065160.815705941990018 ] ], [ [ 431110.15557854459621, 6065160.815705941990018 ], [ 431131.73858602612745, 6065153.998315901495516 ] ], [ [ 431110.15557854459621, 6065160.815705941990018 ], [ 431087.681784103973769, 6065167.925018707290292 ] ], [ [ 431087.681784103973769, 6065167.925018707290292 ], [ 431110.15557854459621, 6065160.815705941990018 ] ], [ [ 431087.681784103973769, 6065167.925018707290292 ], [ 431074.957735642849002, 6065171.94757463503629 ] ], [ [ 431235.763183041708544, 6064307.820644355379045 ], [ 431233.308902377379127, 6064300.212139446288347 ] ], [ [ 431235.763183041708544, 6064307.820644355379045 ], [ 431251.637864068616182, 6064360.410048387944698 ] ], [ [ 431251.637864068616182, 6064360.410048387944698 ], [ 431235.763183041708544, 6064307.820644355379045 ] ], [ [ 431251.637864068616182, 6064360.410048387944698 ], [ 431284.377511632628739, 6064471.47249542735517 ] ], [ [ 431284.377511632628739, 6064471.47249542735517 ], [ 431251.637864068616182, 6064360.410048387944698 ] ], [ [ 431284.377511632628739, 6064471.47249542735517 ], [ 431292.966817377135158, 6064502.548531491309404 ] ], [ [ 431292.966817377135158, 6064502.548531491309404 ], [ 431284.377511632628739, 6064471.47249542735517 ] ], [ [ 431292.966817377135158, 6064502.548531491309404 ], [ 431313.142567608389072, 6064569.91926817689091 ] ], [ [ 431313.142567608389072, 6064569.91926817689091 ], [ 431292.966817377135158, 6064502.548531491309404 ] ], [ [ 431313.142567608389072, 6064569.91926817689091 ], [ 431316.712335354823153, 6064581.005468056537211 ] ], [ [ 431320.013099161442369, 6064592.618836318142712 ], [ 431316.712335354823153, 6064581.005468056537211 ] ], [ [ 431320.013099161442369, 6064592.618836318142712 ], [ 431342.745365526643582, 6064672.705048401840031 ] ], [ [ 431342.745365526643582, 6064672.705048401840031 ], [ 431320.013099161442369, 6064592.618836318142712 ] ], [ [ 431342.745365526643582, 6064672.705048401840031 ], [ 431353.620737522433046, 6064710.991651128977537 ] ], [ [ 431353.620737522433046, 6064710.991651128977537 ], [ 431342.745365526643582, 6064672.705048401840031 ] ], [ [ 431353.620737522433046, 6064710.991651128977537 ], [ 431374.051307870890014, 6064782.955178656615317 ] ], [ [ 431374.051307870890014, 6064782.955178656615317 ], [ 431353.620737522433046, 6064710.991651128977537 ] ], [ [ 431374.051307870890014, 6064782.955178656615317 ], [ 431390.258532534004189, 6064841.104644547216594 ] ], [ [ 431390.258532534004189, 6064841.104644547216594 ], [ 431374.051307870890014, 6064782.955178656615317 ] ], [ [ 431390.258532534004189, 6064841.104644547216594 ], [ 431393.760374847566709, 6064854.106175134889781 ] ], [ [ 431223.320939063618425, 6064303.858709412626922 ], [ 431233.308902377379127, 6064300.212139446288347 ] ], [ [ 431223.320939063618425, 6064303.858709412626922 ], [ 431154.967856735689566, 6064323.674441697075963 ] ], [ [ 431154.967856735689566, 6064323.674441697075963 ], [ 431223.320939063618425, 6064303.858709412626922 ] ], [ [ 431154.967856735689566, 6064323.674441697075963 ], [ 431083.224679823790211, 6064344.199539244174957 ] ], [ [ 431083.224679823790211, 6064344.199539244174957 ], [ 431154.967856735689566, 6064323.674441697075963 ] ], [ [ 431083.224679823790211, 6064344.199539244174957 ], [ 431037.76545132213505, 6064357.925330732017756 ] ], [ [ 431037.76545132213505, 6064357.925330732017756 ], [ 431083.224679823790211, 6064344.199539244174957 ] ], [ [ 431037.76545132213505, 6064357.925330732017756 ], [ 430959.471133779035881, 6064382.213925877586007 ] ], [ [ 430959.471133779035881, 6064382.213925877586007 ], [ 431037.76545132213505, 6064357.925330732017756 ] ], [ [ 430959.471133779035881, 6064382.213925877586007 ], [ 430910.842451722885016, 6064395.054560231976211 ] ], [ [ 430910.842451722885016, 6064395.054560231976211 ], [ 430959.471133779035881, 6064382.213925877586007 ] ], [ [ 430910.842451722885016, 6064395.054560231976211 ], [ 430906.732556851464324, 6064396.330481368117034 ] ], [ [ 431301.862270659650676, 6064585.983381673693657 ], [ 431316.712335354823153, 6064581.005468056537211 ] ], [ [ 431301.862270659650676, 6064585.983381673693657 ], [ 431259.57863032782916, 6064598.723857936449349 ] ], [ [ 431259.57863032782916, 6064598.723857936449349 ], [ 431301.862270659650676, 6064585.983381673693657 ] ], [ [ 431259.57863032782916, 6064598.723857936449349 ], [ 431218.745135523553472, 6064611.498312875628471 ] ], [ [ 431218.745135523553472, 6064611.498312875628471 ], [ 431259.57863032782916, 6064598.723857936449349 ] ], [ [ 431218.745135523553472, 6064611.498312875628471 ], [ 431208.884494238300249, 6064614.152484727092087 ] ], [ [ 431208.884494238300249, 6064614.152484727092087 ], [ 431218.745135523553472, 6064611.498312875628471 ] ], [ [ 431208.884494238300249, 6064614.152484727092087 ], [ 431134.651001017773524, 6064636.25062767509371 ] ], [ [ 431134.651001017773524, 6064636.25062767509371 ], [ 431208.884494238300249, 6064614.152484727092087 ] ], [ [ 431134.651001017773524, 6064636.25062767509371 ], [ 431027.549725189513993, 6064668.723200958222151 ] ], [ [ 431027.549725189513993, 6064668.723200958222151 ], [ 431134.651001017773524, 6064636.25062767509371 ] ], [ [ 431027.549725189513993, 6064668.723200958222151 ], [ 430978.764417664380744, 6064683.769176261499524 ] ], [ [ 430978.764417664380744, 6064683.769176261499524 ], [ 431027.549725189513993, 6064668.723200958222151 ] ], [ [ 430978.764417664380744, 6064683.769176261499524 ], [ 430951.702696553431451, 6064691.772750007919967 ] ], [ [ 430951.702696553431451, 6064691.772750007919967 ], [ 430978.764417664380744, 6064683.769176261499524 ] ], [ [ 430951.702696553431451, 6064691.772750007919967 ], [ 430937.585154526575934, 6064696.161961172707379 ] ], [ [ 431241.401022581500001, 6064284.162981237284839 ], [ 431229.529266843921505, 6064287.637864761985838 ] ], [ [ 431241.401022581500001, 6064284.162981237284839 ], [ 431293.264082281326409, 6064269.518356425687671 ] ], [ [ 431293.264082281326409, 6064269.518356425687671 ], [ 431251.405130539671518, 6064281.338057455606759 ] ], [ [ 431293.264082281326409, 6064269.518356425687671 ], [ 431334.254832639009692, 6064254.970870743505657 ] ], [ [ 431239.59008581051603, 6065707.353788492269814 ], [ 431230.57616906973999, 6065710.050731950439513 ] ], [ [ 431239.59008581051603, 6065707.353788492269814 ], [ 431308.687075379304588, 6065686.581520969048142 ] ], [ [ 431308.687075379304588, 6065686.581520969048142 ], [ 431239.59008581051603, 6065707.353788492269814 ] ], [ [ 431308.687075379304588, 6065686.581520969048142 ], [ 431412.763592297909781, 6065655.318421179428697 ] ], [ [ 431412.763592297909781, 6065655.318421179428697 ], [ 431329.593515422544442, 6065680.301297874189913 ] ], [ [ 431412.763592297909781, 6065655.318421179428697 ], [ 431421.456961180083454, 6065652.704617060720921 ] ], [ [ 431421.456961180083454, 6065652.704617060720921 ], [ 431412.763592297909781, 6065655.318421179428697 ] ], [ [ 431421.456961180083454, 6065652.704617060720921 ], [ 431428.925760016543791, 6065650.454424435272813 ] ], [ [ 431428.925760016543791, 6065650.454424435272813 ], [ 431421.456961180083454, 6065652.704617060720921 ] ], [ [ 431428.925760016543791, 6065650.454424435272813 ], [ 431463.943198117311113, 6065639.94008844345808 ] ], [ [ 431463.943198117311113, 6065639.94008844345808 ], [ 431431.953036751947366, 6065649.545441678725183 ] ], [ [ 431463.943198117311113, 6065639.94008844345808 ], [ 431495.931820837955456, 6065630.329755728133023 ] ], [ [ 431566.474244435608853, 6065459.303996309638023 ], [ 431578.412716793478467, 6065500.518173621967435 ] ], [ [ 431566.474244435608853, 6065459.303996309638023 ], [ 431562.052116481529083, 6065442.888449631631374 ] ], [ [ 431562.052116481529083, 6065442.888449631631374 ], [ 431566.474244435608853, 6065459.303996309638023 ] ], [ [ 431562.052116481529083, 6065442.888449631631374 ], [ 431544.862026849703398, 6065385.498461628332734 ] ], [ [ 431530.43293135217391, 6065337.327301776967943 ], [ 431562.052116481529083, 6065442.888449631631374 ] ], [ [ 431530.43293135217391, 6065337.327301776967943 ], [ 431525.697710006381385, 6065321.51751577667892 ] ], [ [ 431521.803762546682265, 6065308.521832535043359 ], [ 431525.697710006381385, 6065321.51751577667892 ] ], [ [ 431521.803762546682265, 6065308.521832535043359 ], [ 431502.434854638762772, 6065243.8424262246117 ] ], [ [ 431502.434854638762772, 6065243.8424262246117 ], [ 431521.803762546682265, 6065308.521832535043359 ] ], [ [ 431502.434854638762772, 6065243.8424262246117 ], [ 431450.369490749319084, 6065063.569026221521199 ] ], [ [ 431450.369490749319084, 6065063.569026221521199 ], [ 431502.434854638762772, 6065243.8424262246117 ] ], [ [ 431450.369490749319084, 6065063.569026221521199 ], [ 431446.990244525368325, 6065054.382952149957418 ] ], [ [ 431443.906155291304458, 6065042.999926460906863 ], [ 431446.990244525368325, 6065054.382952149957418 ] ], [ [ 431443.906155291304458, 6065042.999926460906863 ], [ 431394.872220876975916, 6064868.791128787212074 ] ], [ [ 431394.872220876975916, 6064868.791128787212074 ], [ 431443.906155291304458, 6065042.999926460906863 ] ], [ [ 431394.872220876975916, 6064868.791128787212074 ], [ 431394.403100164316129, 6064862.499054962769151 ] ], [ [ 431394.872220876975916, 6064868.791128787212074 ], [ 431390.704144786286633, 6064863.668141454458237 ] ], [ [ 430895.219897331029642, 6064398.398469639010727 ], [ 430893.655796389270108, 6064403.541879820637405 ] ], [ [ 430895.219897331029642, 6064398.398469639010727 ], [ 430896.416787597932853, 6064394.518289670348167 ] ], [ [ 430896.416787597932853, 6064394.518289670348167 ], [ 430895.219897331029642, 6064398.398469639010727 ] ], [ [ 430896.416787597932853, 6064394.518289670348167 ], [ 430898.271157205861527, 6064391.08436135482043 ] ], [ [ 430898.271157205861527, 6064391.08436135482043 ], [ 430896.416787597932853, 6064394.518289670348167 ] ], [ [ 430898.271157205861527, 6064391.08436135482043 ], [ 430900.091185046592727, 6064388.775022219866514 ] ], [ [ 430900.091185046592727, 6064388.775022219866514 ], [ 430898.271157205861527, 6064391.08436135482043 ] ], [ [ 430900.091185046592727, 6064388.775022219866514 ], [ 430904.218931912211701, 6064385.295213029719889 ] ], [ [ 430904.218931912211701, 6064385.295213029719889 ], [ 430900.091185046592727, 6064388.775022219866514 ] ], [ [ 430904.218931912211701, 6064385.295213029719889 ], [ 430907.601725317828823, 6064384.074921634979546 ] ], [ [ 430906.732556851464324, 6064396.330481368117034 ], [ 430910.842451722885016, 6064395.054560231976211 ] ], [ [ 430906.732556851464324, 6064396.330481368117034 ], [ 430902.203390286362264, 6064398.414128280244768 ] ], [ [ 430902.203390286362264, 6064398.414128280244768 ], [ 430906.732556851464324, 6064396.330481368117034 ] ], [ [ 430902.203390286362264, 6064398.414128280244768 ], [ 430897.833905667765066, 6064400.829218774102628 ] ], [ [ 430897.833905667765066, 6064400.829218774102628 ], [ 430902.203390286362264, 6064398.414128280244768 ] ], [ [ 430897.833905667765066, 6064400.829218774102628 ], [ 430893.655796389270108, 6064403.541879820637405 ] ], [ [ 431640.357882119249552, 6065286.29330263659358 ], [ 431704.07652577344561, 6065266.713592479005456 ] ], [ [ 431640.357882119249552, 6065286.29330263659358 ], [ 431637.678022815904114, 6065287.112897571176291 ] ], [ [ 431637.678022815904114, 6065287.112897571176291 ], [ 431640.357882119249552, 6065286.29330263659358 ] ], [ [ 431637.678022815904114, 6065287.112897571176291 ], [ 431592.711291302228346, 6065300.926019497215748 ] ], [ [ 431592.711291302228346, 6065300.926019497215748 ], [ 431637.678022815904114, 6065287.112897571176291 ] ], [ [ 431592.711291302228346, 6065300.926019497215748 ], [ 431590.685395251086447, 6065301.546543953940272 ] ], [ [ 431590.685395251086447, 6065301.546543953940272 ], [ 431592.711291302228346, 6065300.926019497215748 ] ], [ [ 431590.685395251086447, 6065301.546543953940272 ], [ 431546.719089586113114, 6065315.055621939711273 ] ], [ [ 431546.719089586113114, 6065315.055621939711273 ], [ 431590.685395251086447, 6065301.546543953940272 ] ], [ [ 431546.719089586113114, 6065315.055621939711273 ], [ 431538.160559351847041, 6065317.68938307557255 ] ], [ [ 431538.160559351847041, 6065317.68938307557255 ], [ 431546.719089586113114, 6065315.055621939711273 ] ], [ [ 431538.160559351847041, 6065317.68938307557255 ], [ 431531.544544977950864, 6065319.726130493916571 ] ], [ [ 431538.160559351847041, 6065317.68938307557255 ], [ 431534.324261705041863, 6065304.670557760633528 ] ], [ [ 431538.160559351847041, 6065317.68938307557255 ], [ 431542.865566846448928, 6065333.633190730586648 ] ], [ [ 431531.544544977950864, 6065319.726130493916571 ], [ 431538.160559351847041, 6065317.68938307557255 ] ], [ [ 431531.544544977950864, 6065319.726130493916571 ], [ 431529.005713925347663, 6065320.499136548489332 ] ], [ [ 431529.005713925347663, 6065320.499136548489332 ], [ 431531.544544977950864, 6065319.726130493916571 ] ], [ [ 431529.005713925347663, 6065320.499136548489332 ], [ 431525.697710006381385, 6065321.51751577667892 ] ], [ [ 431519.733937205863185, 6065255.243754220195115 ], [ 431534.324261705041863, 6065304.670557760633528 ] ], [ [ 431519.733937205863185, 6065255.243754220195115 ], [ 431504.944851099164225, 6065199.097897781990469 ] ], [ [ 431534.324261705041863, 6065304.670557760633528 ], [ 431519.733937205863185, 6065255.243754220195115 ] ], [ [ 431534.324261705041863, 6065304.670557760633528 ], [ 431538.160559351847041, 6065317.68938307557255 ] ], [ [ 431542.865566846448928, 6065333.633190730586648 ], [ 431538.160559351847041, 6065317.68938307557255 ] ], [ [ 431542.865566846448928, 6065333.633190730586648 ], [ 431574.05289272184018, 6065439.189829640090466 ] ], [ [ 431574.05289272184018, 6065439.189829640090466 ], [ 431560.769946503103711, 6065394.231770316138864 ] ], [ [ 431574.05289272184018, 6065439.189829640090466 ], [ 431586.797433177824132, 6065484.303520096465945 ] ], [ [ 431405.198485611646902, 6064865.440266091376543 ], [ 431424.729179263056722, 6064929.983278889209032 ] ], [ [ 431405.198485611646902, 6064865.440266091376543 ], [ 431393.760374847566709, 6064854.106175134889781 ] ], [ [ 431424.729179263056722, 6064929.983278889209032 ], [ 431405.198485611646902, 6064865.440266091376543 ] ], [ [ 431424.729179263056722, 6064929.983278889209032 ], [ 431456.546457994787488, 6065039.358092617243528 ] ], [ [ 431456.546457994787488, 6065039.358092617243528 ], [ 431424.729179263056722, 6064929.983278889209032 ] ], [ [ 431456.546457994787488, 6065039.358092617243528 ], [ 431459.464968876098283, 6065050.443145929835737 ] ], [ [ 431462.319177506491542, 6065059.837519587948918 ], [ 431459.464968876098283, 6065050.443145929835737 ] ], [ [ 431462.319177506491542, 6065059.837519587948918 ], [ 431494.211949030694086, 6065165.382948156446218 ] ], [ [ 431494.211949030694086, 6065165.382948156446218 ], [ 431462.319177506491542, 6065059.837519587948918 ] ], [ [ 431494.211949030694086, 6065165.382948156446218 ], [ 431504.944851099164225, 6065199.097897781990469 ] ], [ [ 431504.944851099164225, 6065199.097897781990469 ], [ 431494.211949030694086, 6065165.382948156446218 ] ], [ [ 431504.944851099164225, 6065199.097897781990469 ], [ 431519.733937205863185, 6065255.243754220195115 ] ], [ [ 431393.760374847566709, 6064854.106175134889781 ], [ 431405.198485611646902, 6064865.440266091376543 ] ], [ [ 431393.760374847566709, 6064854.106175134889781 ], [ 431394.234416613879148, 6064860.298010258004069 ] ], [ [ 431393.760374847566709, 6064854.106175134889781 ], [ 431390.258532534004189, 6064841.104644547216594 ] ], [ [ 431394.403100164316129, 6064862.499054962769151 ], [ 431394.872220876975916, 6064868.791128787212074 ] ], [ [ 431394.403100164316129, 6064862.499054962769151 ], [ 431394.234416613879148, 6064860.298010258004069 ] ], [ [ 431394.234416613879148, 6064860.298010258004069 ], [ 431394.403100164316129, 6064862.499054962769151 ] ], [ [ 431394.234416613879148, 6064860.298010258004069 ], [ 431393.760374847566709, 6064854.106175134889781 ] ], [ [ 431390.704144786286633, 6064863.668141454458237 ], [ 431394.872220876975916, 6064868.791128787212074 ] ], [ [ 431390.704144786286633, 6064863.668141454458237 ], [ 431385.918377053516451, 6064861.136538363993168 ] ], [ [ 431385.918377053516451, 6064861.136538363993168 ], [ 431390.704144786286633, 6064863.668141454458237 ] ], [ [ 431385.918377053516451, 6064861.136538363993168 ], [ 431378.700171954580583, 6064862.158739727921784 ] ], [ [ 431378.700171954580583, 6064862.158739727921784 ], [ 431385.918377053516451, 6064861.136538363993168 ] ], [ [ 431378.700171954580583, 6064862.158739727921784 ], [ 431274.151584310340695, 6064892.38319768756628 ] ], [ [ 431274.151584310340695, 6064892.38319768756628 ], [ 431378.700171954580583, 6064862.158739727921784 ] ], [ [ 431274.151584310340695, 6064892.38319768756628 ], [ 431215.842852564062923, 6064908.806850533932447 ] ], [ [ 431215.842852564062923, 6064908.806850533932447 ], [ 431274.151584310340695, 6064892.38319768756628 ] ], [ [ 431215.842852564062923, 6064908.806850533932447 ], [ 431199.442652688070666, 6064913.430326933972538 ] ], [ [ 431199.442652688070666, 6064913.430326933972538 ], [ 431215.842852564062923, 6064908.806850533932447 ] ], [ [ 431199.442652688070666, 6064913.430326933972538 ], [ 431113.289988763746805, 6064938.403719855472445 ] ], [ [ 431113.289988763746805, 6064938.403719855472445 ], [ 431199.442652688070666, 6064913.430326933972538 ] ], [ [ 431113.289988763746805, 6064938.403719855472445 ], [ 431072.207763819256797, 6064949.00202514603734 ] ], [ [ 431072.207763819256797, 6064949.00202514603734 ], [ 431113.289988763746805, 6064938.403719855472445 ] ], [ [ 431072.207763819256797, 6064949.00202514603734 ], [ 431029.286355523508973, 6064961.053333457559347 ] ], [ [ 431029.286355523508973, 6064961.053333457559347 ], [ 431072.207763819256797, 6064949.00202514603734 ] ], [ [ 431029.286355523508973, 6064961.053333457559347 ], [ 431017.842762708722148, 6064964.600191456265748 ] ], [ [ 431000.128911258128937, 6064969.645109468139708 ], [ 431017.842762708722148, 6064964.600191456265748 ] ], [ [ 431000.128911258128937, 6064969.645109468139708 ], [ 430977.678678911004681, 6064975.819724403321743 ] ], [ [ 430977.678678911004681, 6064975.819724403321743 ], [ 431000.128911258128937, 6064969.645109468139708 ] ], [ [ 430977.678678911004681, 6064975.819724403321743 ], [ 430932.66589910374023, 6064988.816511891782284 ] ], [ [ 430932.66589910374023, 6064988.816511891782284 ], [ 430977.678678911004681, 6064975.819724403321743 ] ], [ [ 430932.66589910374023, 6064988.816511891782284 ], [ 430828.250620720093139, 6065018.971479018218815 ] ], [ [ 430828.250620720093139, 6065018.971479018218815 ], [ 430932.66589910374023, 6064988.816511891782284 ] ], [ [ 431078.522628608159721, 6065184.814368746243417 ], [ 431074.957735642849002, 6065171.94757463503629 ] ], [ [ 431078.522628608159721, 6065184.814368746243417 ], [ 431089.067720774037298, 6065222.905098126269877 ] ], [ [ 431873.474859489768278, 6064920.531933007761836 ], [ 431890.868484971346334, 6064915.464516660198569 ] ], [ [ 431873.474859489768278, 6064920.531933007761836 ], [ 431856.081229518633336, 6064925.599428913556039 ] ] ] } },
{ "type": "Feature", "properties": { "full_id": "n10029021693", "osm_id": "10029021693", "osm_type": "node", "amenity": "community_centre", "entrance": null, "full_name": null, "community_centre": null, "check_date": "2023-04-06", "operator": null, "contact:phone": null, "opening_hours": null, "name": "Дом офицеров", "type": "lines", "start": "55.9421757, 54.7271024" }, "geometry": { "type": "MultiLineString", "coordinates": [ [ [ 431809.363947874109726, 6065825.636868412606418 ], [ 431751.662947757460643, 6065842.595827161334455 ] ], [ [ 431809.363947874109726, 6065825.636868412606418 ], [ 431835.65143900946714, 6065817.905950746499002 ] ], [ [ 431835.65143900946714, 6065817.905950746499002 ], [ 431809.363947874109726, 6065825.636868412606418 ] ], [ [ 431835.65143900946714, 6065817.905950746499002 ], [ 431881.039378716726787, 6065804.567344475537539 ] ], [ [ 431881.039378716726787, 6065804.567344475537539 ], [ 431835.65143900946714, 6065817.905950746499002 ] ], [ [ 431881.039378716726787, 6065804.567344475537539 ], [ 431924.869532835611608, 6065791.68671578168869 ] ], [ [ 431924.869532835611608, 6065791.68671578168869 ], [ 431881.039378716726787, 6065804.567344475537539 ] ], [ [ 431924.869532835611608, 6065791.68671578168869 ], [ 432055.418976469722111, 6065753.328670262359083 ] ], [ [ 432055.418976469722111, 6065753.328670262359083 ], [ 431924.869532835611608, 6065791.68671578168869 ] ], [ [ 432055.418976469722111, 6065753.328670262359083 ], [ 432070.428992309374735, 6065748.918344254605472 ] ], [ [ 432070.428992309374735, 6065748.918344254605472 ], [ 432055.418976469722111, 6065753.328670262359083 ] ], [ [ 432070.428992309374735, 6065748.918344254605472 ], [ 432082.380498823185917, 6065745.399872727692127 ] ], [ [ 432070.428992309374735, 6065748.918344254605472 ], [ 432066.504749546526, 6065735.92268221732229 ] ], [ [ 432070.428992309374735, 6065748.918344254605472 ], [ 432073.069978968822397, 6065757.949014308862388 ] ], [ [ 432082.380498823185917, 6065745.399872727692127 ], [ 432070.428992309374735, 6065748.918344254605472 ] ], [ [ 432082.380498823185917, 6065745.399872727692127 ], [ 432120.332220166223124, 6065734.256675763987005 ] ], [ [ 432120.332220166223124, 6065734.256675763987005 ], [ 432082.380498823185917, 6065745.399872727692127 ] ], [ [ 432120.332220166223124, 6065734.256675763987005 ], [ 432154.946353247854859, 6065723.853936587460339 ] ], [ [ 432154.946353247854859, 6065723.853936587460339 ], [ 432120.332220166223124, 6065734.256675763987005 ] ], [ [ 432154.946353247854859, 6065723.853936587460339 ], [ 432165.877740442287177, 6065720.584723086096346 ] ], [ [ 432165.877740442287177, 6065720.584723086096346 ], [ 432154.946353247854859, 6065723.853936587460339 ] ], [ [ 432165.877740442287177, 6065720.584723086096346 ], [ 432219.635056856262963, 6065704.786759932525456 ] ], [ [ 432219.635056856262963, 6065704.786759932525456 ], [ 432165.877740442287177, 6065720.584723086096346 ] ], [ [ 432219.635056856262963, 6065704.786759932525456 ], [ 432246.760609433811624, 6065697.023435011506081 ] ], [ [ 432246.760609433811624, 6065697.023435011506081 ], [ 432219.635056856262963, 6065704.786759932525456 ] ], [ [ 432246.760609433811624, 6065697.023435011506081 ], [ 432259.833558081183583, 6065693.544268255122006 ] ], [ [ 432259.833558081183583, 6065693.544268255122006 ], [ 432246.760609433811624, 6065697.023435011506081 ] ], [ [ 432259.833558081183583, 6065693.544268255122006 ], [ 432273.099021566682495, 6065690.017736749723554 ] ], [ [ 432273.099021566682495, 6065690.017736749723554 ], [ 432259.833558081183583, 6065693.544268255122006 ] ], [ [ 432273.099021566682495, 6065690.017736749723554 ], [ 432301.774196476384532, 6065681.218752126209438 ] ], [ [ 432301.774196476384532, 6065681.218752126209438 ], [ 432273.099021566682495, 6065690.017736749723554 ] ], [ [ 432301.774196476384532, 6065681.218752126209438 ], [ 432382.07383251702413, 6065657.757691984064877 ] ], [ [ 432382.07383251702413, 6065657.757691984064877 ], [ 432374.847105202730745, 6065659.869048931635916 ] ], [ [ 432382.07383251702413, 6065657.757691984064877 ], [ 432389.258283043047413, 6065655.506752394139767 ] ], [ [ 432435.381117875804193, 6065641.056464594788849 ], [ 432424.214285434107296, 6065644.554982436820865 ] ], [ [ 432435.381117875804193, 6065641.056464594788849 ], [ 432452.213992674020119, 6065636.186123014427722 ] ], [ [ 432452.213992674020119, 6065636.186123014427722 ], [ 432435.381117875804193, 6065641.056464594788849 ] ], [ [ 432452.213992674020119, 6065636.186123014427722 ], [ 432448.543744749156758, 6065625.033816346898675 ] ], [ [ 432452.213992674020119, 6065636.186123014427722 ], [ 432462.487250243313611, 6065633.239096000790596 ] ], [ [ 432452.213992674020119, 6065636.186123014427722 ], [ 432455.231428552127909, 6065645.890256830491126 ] ], [ [ 431229.529266843921505, 6064287.637864761985838 ], [ 431233.308902377379127, 6064300.212139446288347 ] ], [ [ 431229.529266843921505, 6064287.637864761985838 ], [ 431219.582314017810859, 6064290.170886375941336 ] ], [ [ 431229.529266843921505, 6064287.637864761985838 ], [ 431241.401022581500001, 6064284.162981237284839 ] ], [ [ 431233.308902377379127, 6064300.212139446288347 ], [ 431229.529266843921505, 6064287.637864761985838 ] ], [ [ 431233.308902377379127, 6064300.212139446288347 ], [ 431245.039278697920963, 6064296.3387601217255 ] ], [ [ 431233.308902377379127, 6064300.212139446288347 ], [ 431235.763183041708544, 6064307.820644355379045 ] ], [ [ 431233.308902377379127, 6064300.212139446288347 ], [ 431223.320939063618425, 6064303.858709412626922 ] ], [ [ 432073.07410780916689, 6064349.292955107986927 ], [ 432086.249908936675638, 6064345.5447299759835 ] ], [ [ 432073.07410780916689, 6064349.292955107986927 ], [ 432055.979054540512152, 6064354.591453775763512 ] ], [ [ 432073.07410780916689, 6064349.292955107986927 ], [ 432078.347386396315414, 6064364.538721030578017 ] ], [ [ 432086.249908936675638, 6064345.5447299759835 ], [ 432073.07410780916689, 6064349.292955107986927 ] ], [ [ 432086.249908936675638, 6064345.5447299759835 ], [ 432175.895685983763542, 6064320.025913667865098 ] ], [ [ 432175.895685983763542, 6064320.025913667865098 ], [ 432086.249908936675638, 6064345.5447299759835 ] ], [ [ 432175.895685983763542, 6064320.025913667865098 ], [ 432185.727725384000223, 6064317.107205837033689 ] ], [ [ 432185.727725384000223, 6064317.107205837033689 ], [ 432175.895685983763542, 6064320.025913667865098 ] ], [ [ 432185.727725384000223, 6064317.107205837033689 ], [ 432193.145147135481238, 6064315.12621199619025 ] ], [ [ 432193.145147135481238, 6064315.12621199619025 ], [ 432185.727725384000223, 6064317.107205837033689 ] ], [ [ 432193.145147135481238, 6064315.12621199619025 ], [ 432280.938442237267736, 6064285.853347329422832 ] ], [ [ 432280.938442237267736, 6064285.853347329422832 ], [ 432193.145147135481238, 6064315.12621199619025 ] ], [ [ 432280.938442237267736, 6064285.853347329422832 ], [ 432352.833048715081532, 6064261.294081816449761 ] ], [ [ 432352.833048715081532, 6064261.294081816449761 ], [ 432280.938442237267736, 6064285.853347329422832 ] ], [ [ 432352.833048715081532, 6064261.294081816449761 ], [ 432386.758382018888369, 6064249.701755079440773 ] ], [ [ 432386.758382018888369, 6064249.701755079440773 ], [ 432352.833048715081532, 6064261.294081816449761 ] ], [ [ 432386.758382018888369, 6064249.701755079440773 ], [ 432399.442835492372978, 6064245.371954628266394 ] ], [ [ 432399.442835492372978, 6064245.371954628266394 ], [ 432386.758382018888369, 6064249.701755079440773 ] ], [ [ 432399.442835492372978, 6064245.371954628266394 ], [ 432401.910259682801552, 6064253.559572860598564 ] ], [ [ 432399.442835492372978, 6064245.371954628266394 ], [ 432410.369655037589837, 6064236.805967653170228 ] ], [ [ 432399.442835492372978, 6064245.371954628266394 ], [ 432395.013126799487509, 6064228.744323330931365 ] ], [ [ 432477.286899663740769, 6064524.966086612083018 ], [ 432461.71467508864589, 6064530.418375111185014 ] ], [ [ 432477.286899663740769, 6064524.966086612083018 ], [ 432471.920150632446166, 6064507.673499596305192 ] ], [ [ 432477.286899663740769, 6064524.966086612083018 ], [ 432478.744971910084132, 6064527.270318208262324 ] ], [ [ 432477.286899663740769, 6064524.966086612083018 ], [ 432490.008718697179575, 6064512.834357944317162 ] ], [ [ 432461.71467508864589, 6064530.418375111185014 ], [ 432477.286899663740769, 6064524.966086612083018 ] ], [ [ 432461.71467508864589, 6064530.418375111185014 ], [ 432351.850232574914116, 6064567.085196411237121 ] ], [ [ 432351.850232574914116, 6064567.085196411237121 ], [ 432461.71467508864589, 6064530.418375111185014 ] ], [ [ 432351.850232574914116, 6064567.085196411237121 ], [ 432284.53721034724731, 6064589.695106595754623 ] ], [ [ 432284.53721034724731, 6064589.695106595754623 ], [ 432351.850232574914116, 6064567.085196411237121 ] ], [ [ 432284.53721034724731, 6064589.695106595754623 ], [ 432261.161585272871889, 6064597.535388085059822 ] ], [ [ 432261.161585272871889, 6064597.535388085059822 ], [ 432284.53721034724731, 6064589.695106595754623 ] ], [ [ 432261.161585272871889, 6064597.535388085059822 ], [ 432253.457522940181661, 6064600.13268724642694 ] ], [ [ 432253.457522940181661, 6064600.13268724642694 ], [ 432261.161585272871889, 6064597.535388085059822 ] ], [ [ 432253.457522940181661, 6064600.13268724642694 ], [ 432193.426389790023677, 6064620.286554773338139 ] ], [ [ 432193.426389790023677, 6064620.286554773338139 ], [ 432253.457522940181661, 6064600.13268724642694 ] ], [ [ 432193.426389790023677, 6064620.286554773338139 ], [ 432165.340353470586706, 6064629.722721357829869 ] ], [ [ 432165.340353470586706, 6064629.722721357829869 ], [ 432193.426389790023677, 6064620.286554773338139 ] ], [ [ 432165.340353470586706, 6064629.722721357829869 ], [ 432157.57216241734568, 6064632.332278275862336 ] ], [ [ 432157.57216241734568, 6064632.332278275862336 ], [ 432165.340353470586706, 6064629.722721357829869 ] ], [ [ 432157.57216241734568, 6064632.332278275862336 ], [ 432163.066823991306592, 6064651.636997849680483 ] ], [ [ 432157.57216241734568, 6064632.332278275862336 ], [ 432151.46807957382407, 6064611.912656819447875 ] ], [ [ 432372.722046228183899, 6065371.574737990275025 ], [ 432377.444136902573518, 6065387.140697102062404 ] ], [ [ 432372.722046228183899, 6065371.574737990275025 ], [ 432383.301615897275042, 6065368.400374521501362 ] ], [ [ 432372.722046228183899, 6065371.574737990275025 ], [ 432368.625307057169266, 6065355.621028029359877 ] ], [ [ 432377.444136902573518, 6065387.140697102062404 ], [ 432372.722046228183899, 6065371.574737990275025 ] ], [ [ 432377.444136902573518, 6065387.140697102062404 ], [ 432408.328583204478491, 6065494.454483228735626 ] ], [ [ 432408.328583204478491, 6065494.454483228735626 ], [ 432377.444136902573518, 6065387.140697102062404 ] ], [ [ 432408.328583204478491, 6065494.454483228735626 ], [ 432430.913009770447388, 6065570.096245061606169 ] ], [ [ 432430.913009770447388, 6065570.096245061606169 ], [ 432408.328583204478491, 6065494.454483228735626 ] ], [ [ 432430.913009770447388, 6065570.096245061606169 ], [ 432448.543744749156758, 6065625.033816346898675 ] ], [ [ 432448.543744749156758, 6065625.033816346898675 ], [ 432430.913009770447388, 6065570.096245061606169 ] ], [ [ 432448.543744749156758, 6065625.033816346898675 ], [ 432452.213992674020119, 6065636.186123014427722 ] ], [ [ 432462.487250243313611, 6065633.239096000790596 ], [ 432452.213992674020119, 6065636.186123014427722 ] ], [ [ 432462.487250243313611, 6065633.239096000790596 ], [ 432497.486321815173142, 6065622.977372972294688 ] ], [ [ 432401.910259682801552, 6064253.559572860598564 ], [ 432399.442835492372978, 6064245.371954628266394 ] ], [ [ 432401.910259682801552, 6064253.559572860598564 ], [ 432419.69710355240386, 6064318.611198367550969 ] ], [ [ 432419.69710355240386, 6064318.611198367550969 ], [ 432401.910259682801552, 6064253.559572860598564 ] ], [ [ 432419.69710355240386, 6064318.611198367550969 ], [ 432455.163503969321027, 6064445.51102286670357 ] ], [ [ 432455.163503969321027, 6064445.51102286670357 ], [ 432419.69710355240386, 6064318.611198367550969 ] ], [ [ 432455.163503969321027, 6064445.51102286670357 ], [ 432461.783698926330544, 6064469.940972064621747 ] ], [ [ 432461.783698926330544, 6064469.940972064621747 ], [ 432455.163503969321027, 6064445.51102286670357 ] ], [ [ 432461.783698926330544, 6064469.940972064621747 ], [ 432471.920150632446166, 6064507.673499596305192 ] ], [ [ 432471.920150632446166, 6064507.673499596305192 ], [ 432461.783698926330544, 6064469.940972064621747 ] ], [ [ 432471.920150632446166, 6064507.673499596305192 ], [ 432477.286899663740769, 6064524.966086612083018 ] ], [ [ 432055.979054540512152, 6064354.591453775763512 ], [ 432073.07410780916689, 6064349.292955107986927 ] ], [ [ 432055.979054540512152, 6064354.591453775763512 ], [ 432012.173117029364221, 6064368.327050489373505 ] ], [ [ 432012.173117029364221, 6064368.327050489373505 ], [ 432055.979054540512152, 6064354.591453775763512 ] ], [ [ 432012.173117029364221, 6064368.327050489373505 ], [ 431939.429249340028036, 6064391.023755332455039 ] ], [ [ 431939.429249340028036, 6064391.023755332455039 ], [ 432012.173117029364221, 6064368.327050489373505 ] ], [ [ 431939.429249340028036, 6064391.023755332455039 ], [ 431898.88039411540376, 6064403.687528566457331 ] ], [ [ 431898.88039411540376, 6064403.687528566457331 ], [ 431939.429249340028036, 6064391.023755332455039 ] ], [ [ 431898.88039411540376, 6064403.687528566457331 ], [ 431888.166118813154753, 6064407.031946953386068 ] ], [ [ 431888.166118813154753, 6064407.031946953386068 ], [ 431898.88039411540376, 6064403.687528566457331 ] ], [ [ 431888.166118813154753, 6064407.031946953386068 ], [ 431866.295227121619973, 6064413.861080316826701 ] ], [ [ 431866.295227121619973, 6064413.861080316826701 ], [ 431888.166118813154753, 6064407.031946953386068 ] ], [ [ 431866.295227121619973, 6064413.861080316826701 ], [ 431855.939993150474038, 6064417.08887111954391 ] ], [ [ 431855.939993150474038, 6064417.08887111954391 ], [ 431866.295227121619973, 6064413.861080316826701 ] ], [ [ 431855.939993150474038, 6064417.08887111954391 ], [ 431771.163000844535418, 6064443.564514973200858 ] ], [ [ 431771.163000844535418, 6064443.564514973200858 ], [ 431855.939993150474038, 6064417.08887111954391 ] ], [ [ 431771.163000844535418, 6064443.564514973200858 ], [ 431707.430376901640557, 6064463.480217448435724 ] ], [ [ 431707.430376901640557, 6064463.480217448435724 ], [ 431771.163000844535418, 6064443.564514973200858 ] ], [ [ 431707.430376901640557, 6064463.480217448435724 ], [ 431695.164668349549174, 6064467.304842674173415 ] ], [ [ 431695.164668349549174, 6064467.304842674173415 ], [ 431707.430376901640557, 6064463.480217448435724 ] ], [ [ 431695.164668349549174, 6064467.304842674173415 ], [ 431690.230281526164617, 6064454.102163605391979 ] ], [ [ 431695.164668349549174, 6064467.304842674173415 ], [ 431698.921719737001695, 6064476.774744818918407 ] ], [ [ 431695.164668349549174, 6064467.304842674173415 ], [ 431681.778887288761325, 6064470.756906223483384 ] ], [ [ 432078.347386396315414, 6064364.538721030578017 ], [ 432073.07410780916689, 6064349.292955107986927 ] ], [ [ 432078.347386396315414, 6064364.538721030578017 ], [ 432099.999901919160038, 6064439.625357392244041 ] ], [ [ 432099.999901919160038, 6064439.625357392244041 ], [ 432078.347386396315414, 6064364.538721030578017 ] ], [ [ 432099.999901919160038, 6064439.625357392244041 ], [ 432129.761577456083614, 6064538.273407747969031 ] ], [ [ 432129.761577456083614, 6064538.273407747969031 ], [ 432099.999901919160038, 6064439.625357392244041 ] ], [ [ 432129.761577456083614, 6064538.273407747969031 ], [ 432134.988333481829613, 6064556.024020243436098 ] ], [ [ 432134.988333481829613, 6064556.024020243436098 ], [ 432129.761577456083614, 6064538.273407747969031 ] ], [ [ 432134.988333481829613, 6064556.024020243436098 ], [ 432140.587980733893346, 6064575.015518360771239 ] ], [ [ 432478.744971910084132, 6064527.270318208262324 ], [ 432477.286899663740769, 6064524.966086612083018 ] ], [ [ 432478.744971910084132, 6064527.270318208262324 ], [ 432481.223621153389104, 6064531.484665135852993 ] ], [ [ 432478.744971910084132, 6064527.270318208262324 ], [ 432491.313713539449964, 6064515.241043235175312 ] ], [ [ 432481.223621153389104, 6064531.484665135852993 ], [ 432478.744971910084132, 6064527.270318208262324 ] ], [ [ 432481.223621153389104, 6064531.484665135852993 ], [ 432584.344428572221659, 6064695.581988700665534 ] ], [ [ 432584.344428572221659, 6064695.581988700665534 ], [ 432481.223621153389104, 6064531.484665135852993 ] ], [ [ 432584.344428572221659, 6064695.581988700665534 ], [ 432592.172113010659814, 6064712.070075826719403 ] ], [ [ 432592.172113010659814, 6064712.070075826719403 ], [ 432584.344428572221659, 6064695.581988700665534 ] ], [ [ 432592.172113010659814, 6064712.070075826719403 ], [ 432573.935654680652078, 6064717.227851001545787 ] ], [ [ 432592.172113010659814, 6064712.070075826719403 ], [ 432598.862962092389353, 6064728.35254477430135 ] ], [ [ 432592.172113010659814, 6064712.070075826719403 ], [ 432609.966563761350699, 6064707.074775446206331 ] ], [ [ 431219.582314017810859, 6064290.170886375941336 ], [ 431213.077432797523215, 6064292.167847489006817 ] ], [ [ 431219.582314017810859, 6064290.170886375941336 ], [ 431226.176359670876991, 6064288.491689952090383 ] ], [ [ 431149.152739648183342, 6065438.74426510091871 ], [ 431152.628939017886296, 6065449.620312318205833 ] ], [ [ 431149.152739648183342, 6065438.74426510091871 ], [ 431145.398442423087545, 6065426.525807544589043 ] ], [ [ 431149.152739648183342, 6065438.74426510091871 ], [ 431158.621621613798197, 6065435.439255273900926 ] ], [ [ 431152.628939017886296, 6065449.620312318205833 ], [ 431149.152739648183342, 6065438.74426510091871 ] ], [ [ 431152.628939017886296, 6065449.620312318205833 ], [ 431188.139262727694586, 6065568.487481097690761 ] ], [ [ 432410.369655037589837, 6064236.805967653170228 ], [ 432399.442835492372978, 6064245.371954628266394 ] ], [ [ 432410.369655037589837, 6064236.805967653170228 ], [ 432449.069703568820842, 6064208.014806559309363 ] ], [ [ 432449.069703568820842, 6064208.014806559309363 ], [ 432440.686242416617461, 6064214.251679212786257 ] ], [ [ 432449.069703568820842, 6064208.014806559309363 ], [ 432457.492784629692324, 6064201.831589710898697 ] ], [ [ 431089.067720774037298, 6065222.905098126269877 ], [ 431100.396608239738271, 6065263.833011133596301 ] ], [ [ 431089.067720774037298, 6065222.905098126269877 ], [ 431078.522628608159721, 6065184.814368746243417 ] ], [ [ 431100.396608239738271, 6065263.833011133596301 ], [ 431089.067720774037298, 6065222.905098126269877 ] ], [ [ 431100.396608239738271, 6065263.833011133596301 ], [ 431112.849706581328064, 6065308.806021986529231 ] ], [ [ 431112.849706581328064, 6065308.806021986529231 ], [ 431100.396608239738271, 6065263.833011133596301 ] ], [ [ 431112.849706581328064, 6065308.806021986529231 ], [ 431131.552983710716944, 6065376.365401896648109 ] ], [ [ 431131.552983710716944, 6065376.365401896648109 ], [ 431112.849706581328064, 6065308.806021986529231 ] ], [ [ 431131.552983710716944, 6065376.365401896648109 ], [ 431135.438362906570546, 6065390.418192795477808 ] ], [ [ 431135.438362906570546, 6065390.418192795477808 ], [ 431131.552983710716944, 6065376.365401896648109 ] ], [ [ 431135.438362906570546, 6065390.418192795477808 ], [ 431145.398442423087545, 6065426.525807544589043 ] ], [ [ 431145.398442423087545, 6065426.525807544589043 ], [ 431135.438362906570546, 6065390.418192795477808 ] ], [ [ 431145.398442423087545, 6065426.525807544589043 ], [ 431149.152739648183342, 6065438.74426510091871 ] ], [ [ 432383.301615897275042, 6065368.400374521501362 ], [ 432372.722046228183899, 6065371.574737990275025 ] ], [ [ 432383.301615897275042, 6065368.400374521501362 ], [ 432419.176737033878453, 6065357.680380965583026 ] ], [ [ 432419.176737033878453, 6065357.680380965583026 ], [ 432383.301615897275042, 6065368.400374521501362 ] ], [ [ 432419.176737033878453, 6065357.680380965583026 ], [ 432434.12077350274194, 6065352.898411002010107 ] ], [ [ 432479.450117203814443, 6065338.39375420846045 ], [ 432434.12077350274194, 6065352.898411002010107 ] ], [ [ 432479.450117203814443, 6065338.39375420846045 ], [ 432505.761513711302541, 6065330.710988809354603 ] ], [ [ 432505.761513711302541, 6065330.710988809354603 ], [ 432479.450117203814443, 6065338.39375420846045 ] ], [ [ 432505.761513711302541, 6065330.710988809354603 ], [ 432551.651052863977384, 6065317.305012723430991 ] ], [ [ 432551.651052863977384, 6065317.305012723430991 ], [ 432505.761513711302541, 6065330.710988809354603 ] ], [ [ 432551.651052863977384, 6065317.305012723430991 ], [ 432566.066321075428277, 6065313.483978361822665 ] ], [ [ 432566.066321075428277, 6065313.483978361822665 ], [ 432551.651052863977384, 6065317.305012723430991 ] ], [ [ 432566.066321075428277, 6065313.483978361822665 ], [ 432574.346698109933641, 6065310.733905684202909 ] ], [ [ 432574.346698109933641, 6065310.733905684202909 ], [ 432566.066321075428277, 6065313.483978361822665 ] ], [ [ 432574.346698109933641, 6065310.733905684202909 ], [ 432632.144030482042581, 6065294.201832123100758 ] ], [ [ 432632.144030482042581, 6065294.201832123100758 ], [ 432581.444967341143638, 6065308.703504273667932 ] ], [ [ 432632.144030482042581, 6065294.201832123100758 ], [ 432649.735261159949005, 6065289.120629382319748 ] ], [ [ 432649.735261159949005, 6065289.120629382319748 ], [ 432632.144030482042581, 6065294.201832123100758 ] ], [ [ 432649.735261159949005, 6065289.120629382319748 ], [ 432674.015561750507914, 6065282.114627741277218 ] ], [ [ 432674.015561750507914, 6065282.114627741277218 ], [ 432665.223243685555644, 6065284.651604914106429 ] ], [ [ 432674.015561750507914, 6065282.114627741277218 ], [ 432682.835651582630817, 6065279.676019893027842 ] ], [ [ 432930.801001625601202, 6064449.579627914354205 ], [ 432960.993390664516483, 6064409.007896622642875 ] ], [ [ 432930.801001625601202, 6064449.579627914354205 ], [ 432900.611289134074468, 6064490.153592272661626 ] ], [ [ 432845.000678845390212, 6064564.894875678233802 ], [ 432930.801001625601202, 6064449.579627914354205 ] ], [ [ 432845.000678845390212, 6064564.894875678233802 ], [ 432819.728996838559397, 6064598.658151453360915 ] ], [ [ 432819.728996838559397, 6064598.658151453360915 ], [ 432845.000678845390212, 6064564.894875678233802 ] ], [ [ 432819.728996838559397, 6064598.658151453360915 ], [ 432815.996048553846776, 6064603.643891965970397 ] ], [ [ 432815.996048553846776, 6064603.643891965970397 ], [ 432819.728996838559397, 6064598.658151453360915 ] ], [ [ 432815.996048553846776, 6064603.643891965970397 ], [ 432807.235393850191031, 6064615.34853443223983 ] ], [ [ 432807.235393850191031, 6064615.34853443223983 ], [ 432815.996048553846776, 6064603.643891965970397 ] ], [ [ 432807.235393850191031, 6064615.34853443223983 ], [ 432783.448118713102303, 6064647.097825673408806 ] ], [ [ 432783.448118713102303, 6064647.097825673408806 ], [ 432807.235393850191031, 6064615.34853443223983 ] ], [ [ 432783.448118713102303, 6064647.097825673408806 ], [ 432766.596870463050436, 6064662.695697951130569 ] ], [ [ 432766.596870463050436, 6064662.695697951130569 ], [ 432783.448118713102303, 6064647.097825673408806 ] ], [ [ 432766.596870463050436, 6064662.695697951130569 ], [ 432761.969383381889202, 6064664.266987095586956 ] ], [ [ 432761.969383381889202, 6064664.266987095586956 ], [ 432766.596870463050436, 6064662.695697951130569 ] ], [ [ 432761.969383381889202, 6064664.266987095586956 ], [ 432749.90963401546469, 6064667.662769220769405 ] ], [ [ 432383.153207741270307, 6064187.420729240402579 ], [ 432379.778817828977481, 6064175.521037125959992 ] ], [ [ 432383.153207741270307, 6064187.420729240402579 ], [ 432386.565363653877284, 6064199.309650716371834 ] ], [ [ 432395.013126799487509, 6064228.744323330931365 ], [ 432383.153207741270307, 6064187.420729240402579 ] ], [ [ 432395.013126799487509, 6064228.744323330931365 ], [ 432399.442835492372978, 6064245.371954628266394 ] ], [ [ 432455.231428552127909, 6065645.890256830491126 ], [ 432452.213992674020119, 6065636.186123014427722 ] ], [ [ 432455.231428552127909, 6065645.890256830491126 ], [ 432466.225990197446663, 6065681.216542786918581 ] ], [ [ 432163.066823991306592, 6064651.636997849680483 ], [ 432157.57216241734568, 6064632.332278275862336 ] ], [ [ 432163.066823991306592, 6064651.636997849680483 ], [ 432178.410181683429983, 6064704.816110423766077 ] ], [ [ 432178.410181683429983, 6064704.816110423766077 ], [ 432163.066823991306592, 6064651.636997849680483 ] ], [ [ 432178.410181683429983, 6064704.816110423766077 ], [ 432208.401279991900083, 6064808.669699246063828 ] ], [ [ 432208.401279991900083, 6064808.669699246063828 ], [ 432178.410181683429983, 6064704.816110423766077 ] ], [ [ 432208.401279991900083, 6064808.669699246063828 ], [ 432212.050163038133178, 6064821.32459728512913 ] ], [ [ 432212.050163038133178, 6064821.32459728512913 ], [ 432208.401279991900083, 6064808.669699246063828 ] ], [ [ 432212.050163038133178, 6064821.32459728512913 ], [ 432198.883776248898357, 6064825.183638916350901 ] ], [ [ 432212.050163038133178, 6064821.32459728512913 ], [ 432225.346038999326993, 6064817.508169710636139 ] ], [ [ 432212.050163038133178, 6064821.32459728512913 ], [ 432215.047244247922208, 6064831.752290258184075 ] ], [ [ 432290.082035447587259, 6065092.610539412125945 ], [ 432293.738284952181857, 6065103.206472538411617 ] ], [ [ 432290.082035447587259, 6065092.610539412125945 ], [ 432301.363629088271409, 6065089.392092197202146 ] ], [ [ 432290.082035447587259, 6065092.610539412125945 ], [ 432287.296244358818512, 6065082.93642483651638 ] ], [ [ 432290.082035447587259, 6065092.610539412125945 ], [ 432276.123044740990736, 6065096.826257732696831 ] ], [ [ 432293.738284952181857, 6065103.206472538411617 ], [ 432290.082035447587259, 6065092.610539412125945 ] ], [ [ 432293.738284952181857, 6065103.206472538411617 ], [ 432318.764588930178434, 6065184.676255348138511 ] ], [ [ 432318.764588930178434, 6065184.676255348138511 ], [ 432293.738284952181857, 6065103.206472538411617 ] ], [ [ 432318.764588930178434, 6065184.676255348138511 ], [ 432364.032491128600668, 6065336.647584278136492 ] ], [ [ 432364.032491128600668, 6065336.647584278136492 ], [ 432318.764588930178434, 6065184.676255348138511 ] ], [ [ 432364.032491128600668, 6065336.647584278136492 ], [ 432368.625307057169266, 6065355.621028029359877 ] ], [ [ 432368.625307057169266, 6065355.621028029359877 ], [ 432364.032491128600668, 6065336.647584278136492 ] ], [ [ 432368.625307057169266, 6065355.621028029359877 ], [ 432372.722046228183899, 6065371.574737990275025 ] ], [ [ 432155.719186300877482, 6066046.335941381752491 ], [ 432161.913481118099298, 6066068.197798546403646 ] ], [ [ 432155.719186300877482, 6066046.335941381752491 ], [ 432150.110479768365622, 6066028.34619605075568 ] ], [ [ 432150.110479768365622, 6066028.34619605075568 ], [ 432155.719186300877482, 6066046.335941381752491 ] ], [ [ 432150.110479768365622, 6066028.34619605075568 ], [ 432147.20006218389608, 6066017.650136172771454 ] ], [ [ 432147.20006218389608, 6066017.650136172771454 ], [ 432150.110479768365622, 6066028.34619605075568 ] ], [ [ 432147.20006218389608, 6066017.650136172771454 ], [ 432152.017794770246837, 6066012.558463042601943 ] ], [ [ 432147.20006218389608, 6066017.650136172771454 ], [ 432144.764094614249188, 6066012.389178673736751 ] ], [ [ 432147.20006218389608, 6066017.650136172771454 ], [ 432134.90884359262418, 6066021.229202701710165 ] ], [ [ 432674.541698986315168, 6064982.818881155923009 ], [ 432659.411325131542981, 6064987.139885272830725 ] ], [ [ 432674.541698986315168, 6064982.818881155923009 ], [ 432671.38771008013282, 6064971.725489652715623 ] ], [ [ 432674.541698986315168, 6064982.818881155923009 ], [ 432689.345330102427397, 6064978.614087614230812 ] ], [ [ 432674.541698986315168, 6064982.818881155923009 ], [ 432678.99208347662352, 6064997.487710193730891 ] ], [ [ 432659.411325131542981, 6064987.139885272830725 ], [ 432674.541698986315168, 6064982.818881155923009 ] ], [ [ 432659.411325131542981, 6064987.139885272830725 ], [ 432595.926903849525843, 6065005.269914173521101 ] ], [ [ 432595.926903849525843, 6065005.269914173521101 ], [ 432659.411325131542981, 6064987.139885272830725 ] ], [ [ 432595.926903849525843, 6065005.269914173521101 ], [ 432587.697930272785015, 6065007.61851317808032 ] ], [ [ 432587.697930272785015, 6065007.61851317808032 ], [ 432595.926903849525843, 6065005.269914173521101 ] ], [ [ 432587.697930272785015, 6065007.61851317808032 ], [ 432551.030000303988345, 6065018.081823385320604 ] ], [ [ 432551.030000303988345, 6065018.081823385320604 ], [ 432587.697930272785015, 6065007.61851317808032 ] ], [ [ 432551.030000303988345, 6065018.081823385320604 ], [ 432527.376044018659741, 6065024.845388935878873 ] ], [ [ 432527.376044018659741, 6065024.845388935878873 ], [ 432551.030000303988345, 6065018.081823385320604 ] ], [ [ 432527.376044018659741, 6065024.845388935878873 ], [ 432503.972140716330614, 6065031.527440246194601 ] ], [ [ 432503.972140716330614, 6065031.527440246194601 ], [ 432527.376044018659741, 6065024.845388935878873 ] ], [ [ 432503.972140716330614, 6065031.527440246194601 ], [ 432487.30270802648738, 6065036.283798513934016 ] ], [ [ 432487.30270802648738, 6065036.283798513934016 ], [ 432503.972140716330614, 6065031.527440246194601 ] ], [ [ 432487.30270802648738, 6065036.283798513934016 ], [ 432478.181886656326242, 6065038.857379625551403 ] ], [ [ 432478.181886656326242, 6065038.857379625551403 ], [ 432487.30270802648738, 6065036.283798513934016 ] ], [ [ 432478.181886656326242, 6065038.857379625551403 ], [ 432465.155441708979197, 6065042.568884785287082 ] ], [ [ 432465.155441708979197, 6065042.568884785287082 ], [ 432478.181886656326242, 6065038.857379625551403 ] ], [ [ 432465.155441708979197, 6065042.568884785287082 ], [ 432458.242075669346377, 6065044.586441967636347 ] ], [ [ 432458.242075669346377, 6065044.586441967636347 ], [ 432465.155441708979197, 6065042.568884785287082 ] ], [ [ 432458.242075669346377, 6065044.586441967636347 ], [ 432369.258419457939453, 6065070.001031664200127 ] ], [ [ 432369.258419457939453, 6065070.001031664200127 ], [ 432458.242075669346377, 6065044.586441967636347 ] ], [ [ 432369.258419457939453, 6065070.001031664200127 ], [ 432301.363629088271409, 6065089.392092197202146 ] ], [ [ 432301.363629088271409, 6065089.392092197202146 ], [ 432369.258419457939453, 6065070.001031664200127 ] ], [ [ 432301.363629088271409, 6065089.392092197202146 ], [ 432290.082035447587259, 6065092.610539412125945 ] ], [ [ 431525.697710006381385, 6065321.51751577667892 ], [ 431516.280555322009604, 6065324.442563655786216 ] ], [ [ 431525.697710006381385, 6065321.51751577667892 ], [ 431530.43293135217391, 6065337.327301776967943 ] ], [ [ 431525.697710006381385, 6065321.51751577667892 ], [ 431521.803762546682265, 6065308.521832535043359 ] ], [ [ 431525.697710006381385, 6065321.51751577667892 ], [ 431529.005713925347663, 6065320.499136548489332 ] ], [ [ 431516.280555322009604, 6065324.442563655786216 ], [ 431525.697710006381385, 6065321.51751577667892 ] ], [ [ 431516.280555322009604, 6065324.442563655786216 ], [ 431387.550124783592764, 6065364.390980153344572 ] ], [ [ 431387.550124783592764, 6065364.390980153344572 ], [ 431516.280555322009604, 6065324.442563655786216 ] ], [ [ 431387.550124783592764, 6065364.390980153344572 ], [ 431350.657695295638405, 6065375.83582126814872 ] ], [ [ 431350.657695295638405, 6065375.83582126814872 ], [ 431387.550124783592764, 6065364.390980153344572 ] ], [ [ 431350.657695295638405, 6065375.83582126814872 ], [ 431339.067674841673579, 6065379.439757941290736 ] ], [ [ 431339.067674841673579, 6065379.439757941290736 ], [ 431350.657695295638405, 6065375.83582126814872 ] ], [ [ 431339.067674841673579, 6065379.439757941290736 ], [ 431329.522477367485408, 6065382.400534317828715 ] ], [ [ 431329.522477367485408, 6065382.400534317828715 ], [ 431339.067674841673579, 6065379.439757941290736 ] ], [ [ 431329.522477367485408, 6065382.400534317828715 ], [ 431323.509393968153745, 6065384.261487550102174 ] ], [ [ 431323.509393968153745, 6065384.261487550102174 ], [ 431329.522477367485408, 6065382.400534317828715 ] ], [ [ 431323.509393968153745, 6065384.261487550102174 ], [ 431244.750898469181266, 6065408.697287916205823 ] ], [ [ 431244.750898469181266, 6065408.697287916205823 ], [ 431323.509393968153745, 6065384.261487550102174 ] ], [ [ 431244.750898469181266, 6065408.697287916205823 ], [ 431233.609750757168513, 6065412.161116619594395 ] ], [ [ 431233.609750757168513, 6065412.161116619594395 ], [ 431244.750898469181266, 6065408.697287916205823 ] ], [ [ 431233.609750757168513, 6065412.161116619594395 ], [ 431221.949249632423744, 6065415.777560018934309 ] ], [ [ 431221.949249632423744, 6065415.777560018934309 ], [ 431233.609750757168513, 6065412.161116619594395 ] ], [ [ 431221.949249632423744, 6065415.777560018934309 ], [ 431158.621621613798197, 6065435.439255273900926 ] ], [ [ 431158.621621613798197, 6065435.439255273900926 ], [ 431221.949249632423744, 6065415.777560018934309 ] ], [ [ 431158.621621613798197, 6065435.439255273900926 ], [ 431149.152739648183342, 6065438.74426510091871 ] ], [ [ 432160.942841968615539, 6066007.382855922915041 ], [ 432152.017794770246837, 6066012.558463042601943 ] ], [ [ 432160.942841968615539, 6066007.382855922915041 ], [ 432178.191051851550583, 6066002.405053141526878 ] ], [ [ 432152.017794770246837, 6066012.558463042601943 ], [ 432160.942841968615539, 6066007.382855922915041 ] ], [ [ 432152.017794770246837, 6066012.558463042601943 ], [ 432147.20006218389608, 6066017.650136172771454 ] ], [ [ 431609.467865122715011, 6064178.68248314037919 ], [ 431597.253820967394859, 6064182.562221465632319 ] ], [ [ 431609.467865122715011, 6064178.68248314037919 ], [ 431607.057147314830218, 6064168.379840748384595 ] ], [ [ 431609.467865122715011, 6064178.68248314037919 ], [ 431612.691853814874776, 6064188.66120233014226 ] ], [ [ 431609.467865122715011, 6064178.68248314037919 ], [ 431621.55652244144585, 6064174.60434770770371 ] ], [ [ 431597.253820967394859, 6064182.562221465632319 ], [ 431609.467865122715011, 6064178.68248314037919 ] ], [ [ 431597.253820967394859, 6064182.562221465632319 ], [ 431420.342677527747583, 6064235.435960149392486 ] ], [ [ 431420.342677527747583, 6064235.435960149392486 ], [ 431597.253820967394859, 6064182.562221465632319 ] ], [ [ 431420.342677527747583, 6064235.435960149392486 ], [ 431383.071775806252845, 6064248.455280472524464 ] ], [ [ 431383.071775806252845, 6064248.455280472524464 ], [ 431420.342677527747583, 6064235.435960149392486 ] ], [ [ 431383.071775806252845, 6064248.455280472524464 ], [ 431347.449963967024814, 6064264.42139274161309 ] ], [ [ 431347.449963967024814, 6064264.42139274161309 ], [ 431383.071775806252845, 6064248.455280472524464 ] ], [ [ 431347.449963967024814, 6064264.42139274161309 ], [ 431310.12290160509292, 6064277.108298619277775 ] ], [ [ 431310.12290160509292, 6064277.108298619277775 ], [ 431347.449963967024814, 6064264.42139274161309 ] ], [ [ 431310.12290160509292, 6064277.108298619277775 ], [ 431296.353065396659076, 6064281.168315337970853 ] ], [ [ 431296.353065396659076, 6064281.168315337970853 ], [ 431310.12290160509292, 6064277.108298619277775 ] ], [ [ 431296.353065396659076, 6064281.168315337970853 ], [ 431245.039278697920963, 6064296.3387601217255 ] ], [ [ 431245.039278697920963, 6064296.3387601217255 ], [ 431277.581980916729663, 6064286.717732924036682 ] ], [ [ 431245.039278697920963, 6064296.3387601217255 ], [ 431233.308902377379127, 6064300.212139446288347 ] ], [ [ 431607.057147314830218, 6064168.379840748384595 ], [ 431618.815996180404909, 6064164.217654338106513 ] ], [ [ 431607.057147314830218, 6064168.379840748384595 ], [ 431609.467865122715011, 6064178.68248314037919 ] ], [ [ 431607.057147314830218, 6064168.379840748384595 ], [ 431594.725582379556727, 6064172.584112997166812 ] ], [ [ 431618.815996180404909, 6064164.217654338106513 ], [ 431607.057147314830218, 6064168.379840748384595 ] ], [ [ 431618.815996180404909, 6064164.217654338106513 ], [ 431752.671269932645373, 6064126.759076836518943 ] ], [ [ 431752.671269932645373, 6064126.759076836518943 ], [ 431618.815996180404909, 6064164.217654338106513 ] ], [ [ 431752.671269932645373, 6064126.759076836518943 ], [ 431787.076106133172289, 6064117.080368809401989 ] ], [ [ 431787.076106133172289, 6064117.080368809401989 ], [ 431752.671269932645373, 6064126.759076836518943 ] ], [ [ 431787.076106133172289, 6064117.080368809401989 ], [ 431803.037026528909337, 6064112.577028639614582 ] ], [ [ 432066.504749546526, 6065735.92268221732229 ], [ 432070.428992309374735, 6065748.918344254605472 ] ], [ [ 432066.504749546526, 6065735.92268221732229 ], [ 432032.606453584041446, 6065621.366693217307329 ] ], [ [ 432032.606453584041446, 6065621.366693217307329 ], [ 432066.504749546526, 6065735.92268221732229 ] ], [ [ 432032.606453584041446, 6065621.366693217307329 ], [ 432031.257575190160424, 6065616.467835218645632 ] ], [ [ 432144.764094614249188, 6066012.389178673736751 ], [ 432147.20006218389608, 6066017.650136172771454 ] ], [ [ 432144.764094614249188, 6066012.389178673736751 ], [ 432143.479640316392761, 6066009.192104578018188 ] ], [ [ 432143.479640316392761, 6066009.192104578018188 ], [ 432144.764094614249188, 6066012.389178673736751 ] ], [ [ 432143.479640316392761, 6066009.192104578018188 ], [ 432141.909486038028263, 6066004.552513480186462 ] ], [ [ 432141.909486038028263, 6066004.552513480186462 ], [ 432143.479640316392761, 6066009.192104578018188 ] ], [ [ 432141.909486038028263, 6066004.552513480186462 ], [ 432136.454301118210424, 6065983.499920664355159 ] ], [ [ 432141.909486038028263, 6066004.552513480186462 ], [ 432132.141867224185262, 6066010.65341916307807 ] ], [ [ 432141.909486038028263, 6066004.552513480186462 ], [ 432154.467054093664046, 6065994.692543024197221 ] ], [ [ 432136.454301118210424, 6065983.499920664355159 ], [ 432141.909486038028263, 6066004.552513480186462 ] ], [ [ 432136.454301118210424, 6065983.499920664355159 ], [ 432133.61287844076287, 6065974.828364841639996 ] ], [ [ 432133.61287844076287, 6065974.828364841639996 ], [ 432136.454301118210424, 6065983.499920664355159 ] ], [ [ 432133.61287844076287, 6065974.828364841639996 ], [ 432121.433375892404001, 6065931.417886273935437 ] ], [ [ 432133.61287844076287, 6065974.828364841639996 ], [ 432129.808669957448728, 6065985.658677605912089 ] ], [ [ 432121.433375892404001, 6065931.417886273935437 ], [ 432133.61287844076287, 6065974.828364841639996 ] ], [ [ 432121.433375892404001, 6065931.417886273935437 ], [ 432083.096259795769583, 6065793.910012057051063 ] ], [ [ 432073.069978968822397, 6065757.949014308862388 ], [ 432121.433375892404001, 6065931.417886273935437 ] ], [ [ 432073.069978968822397, 6065757.949014308862388 ], [ 432070.428992309374735, 6065748.918344254605472 ] ], [ [ 431690.230281526164617, 6064454.102163605391979 ], [ 431695.164668349549174, 6064467.304842674173415 ] ], [ [ 431690.230281526164617, 6064454.102163605391979 ], [ 431678.085975679627154, 6064415.244145209901035 ] ], [ [ 431678.085975679627154, 6064415.244145209901035 ], [ 431690.230281526164617, 6064454.102163605391979 ] ], [ [ 431678.085975679627154, 6064415.244145209901035 ], [ 431672.541759382351302, 6064395.373124009929597 ] ], [ [ 431672.541759382351302, 6064395.373124009929597 ], [ 431678.085975679627154, 6064415.244145209901035 ] ], [ [ 431672.541759382351302, 6064395.373124009929597 ], [ 431655.847630076634232, 6064338.955136059783399 ] ], [ [ 431655.847630076634232, 6064338.955136059783399 ], [ 431672.541759382351302, 6064395.373124009929597 ] ], [ [ 431655.847630076634232, 6064338.955136059783399 ], [ 431635.862414092873223, 6064269.843935047276318 ] ], [ [ 431635.862414092873223, 6064269.843935047276318 ], [ 431655.847630076634232, 6064338.955136059783399 ] ], [ [ 431635.862414092873223, 6064269.843935047276318 ], [ 431612.691853814874776, 6064188.66120233014226 ] ], [ [ 431612.691853814874776, 6064188.66120233014226 ], [ 431635.862414092873223, 6064269.843935047276318 ] ], [ [ 431612.691853814874776, 6064188.66120233014226 ], [ 431609.467865122715011, 6064178.68248314037919 ] ], [ [ 431908.57672297465615, 6065207.087375104427338 ], [ 431904.56785507168388, 6065193.236162883229554 ] ], [ [ 431908.57672297465615, 6065207.087375104427338 ], [ 431922.414043679600582, 6065202.961373205296695 ] ], [ [ 431908.57672297465615, 6065207.087375104427338 ], [ 431896.55256536003435, 6065210.57398128323257 ] ], [ [ 431908.57672297465615, 6065207.087375104427338 ], [ 431911.903566617285833, 6065218.422516722232103 ] ], [ [ 431904.56785507168388, 6065193.236162883229554 ], [ 431908.57672297465615, 6065207.087375104427338 ] ], [ [ 431904.56785507168388, 6065193.236162883229554 ], [ 431879.521987396932673, 6065106.693840497173369 ] ], [ [ 431879.521987396932673, 6065106.693840497173369 ], [ 431904.56785507168388, 6065193.236162883229554 ] ], [ [ 431879.521987396932673, 6065106.693840497173369 ], [ 431876.165206228732131, 6065095.092069185338914 ] ], [ [ 431876.165206228732131, 6065095.092069185338914 ], [ 431879.521987396932673, 6065106.693840497173369 ] ], [ [ 431876.165206228732131, 6065095.092069185338914 ], [ 431875.241110052797012, 6065091.90076257660985 ] ], [ [ 431875.241110052797012, 6065091.90076257660985 ], [ 431876.165206228732131, 6065095.092069185338914 ] ], [ [ 431875.241110052797012, 6065091.90076257660985 ], [ 431871.870590277190786, 6065080.243554854765534 ] ], [ [ 431871.870590277190786, 6065080.243554854765534 ], [ 431875.241110052797012, 6065091.90076257660985 ] ], [ [ 431871.870590277190786, 6065080.243554854765534 ], [ 431871.238825692795217, 6065078.071737154386938 ] ], [ [ 431871.238825692795217, 6065078.071737154386938 ], [ 431871.870590277190786, 6065080.243554854765534 ] ], [ [ 431871.238825692795217, 6065078.071737154386938 ], [ 431857.49894366634544, 6065030.589862871915102 ] ], [ [ 431857.49894366634544, 6065030.589862871915102 ], [ 431871.238825692795217, 6065078.071737154386938 ] ], [ [ 431857.49894366634544, 6065030.589862871915102 ], [ 431838.750708466628566, 6064965.810732095502317 ] ], [ [ 431838.750708466628566, 6064965.810732095502317 ], [ 431857.49894366634544, 6065030.589862871915102 ] ], [ [ 431838.750708466628566, 6064965.810732095502317 ], [ 431833.029149381502066, 6064946.053495950996876 ] ], [ [ 431833.029149381502066, 6064946.053495950996876 ], [ 431838.750708466628566, 6064965.810732095502317 ] ], [ [ 431833.029149381502066, 6064946.053495950996876 ], [ 431829.420610704168212, 6064933.576339918188751 ] ], [ [ 431829.420610704168212, 6064933.576339918188751 ], [ 431833.029149381502066, 6064946.053495950996876 ] ], [ [ 431829.420610704168212, 6064933.576339918188751 ], [ 431825.168620009848382, 6064917.302673725411296 ] ], [ [ 431829.420610704168212, 6064933.576339918188751 ], [ 431844.212542363035027, 6064929.057321537286043 ] ], [ [ 431829.420610704168212, 6064933.576339918188751 ], [ 431813.701479619659949, 6064938.543439852073789 ] ], [ [ 431825.168620009848382, 6064917.302673725411296 ], [ 431829.420610704168212, 6064933.576339918188751 ] ], [ [ 431825.168620009848382, 6064917.302673725411296 ], [ 431816.642365423380397, 6064885.846359693445265 ] ], [ [ 431816.642365423380397, 6064885.846359693445265 ], [ 431825.168620009848382, 6064917.302673725411296 ] ], [ [ 431816.642365423380397, 6064885.846359693445265 ], [ 431807.30963880935451, 6064850.896501030772924 ] ], [ [ 431807.30963880935451, 6064850.896501030772924 ], [ 431816.642365423380397, 6064885.846359693445265 ] ], [ [ 431807.30963880935451, 6064850.896501030772924 ], [ 431779.833287497633137, 6064751.225408025085926 ] ], [ [ 431779.833287497633137, 6064751.225408025085926 ], [ 431807.30963880935451, 6064850.896501030772924 ] ], [ [ 431779.833287497633137, 6064751.225408025085926 ], [ 431777.053269274067134, 6064742.018927087076008 ] ], [ [ 431777.053269274067134, 6064742.018927087076008 ], [ 431779.833287497633137, 6064751.225408025085926 ] ], [ [ 431777.053269274067134, 6064742.018927087076008 ], [ 431775.698732112417929, 6064737.632173030637205 ] ], [ [ 431775.698732112417929, 6064737.632173030637205 ], [ 431777.053269274067134, 6064742.018927087076008 ] ], [ [ 431775.698732112417929, 6064737.632173030637205 ], [ 431772.683886997867376, 6064727.80599884595722 ] ], [ [ 431772.683886997867376, 6064727.80599884595722 ], [ 431775.698732112417929, 6064737.632173030637205 ] ], [ [ 431772.683886997867376, 6064727.80599884595722 ], [ 431744.821557839226443, 6064629.543221822939813 ] ], [ [ 431744.821557839226443, 6064629.543221822939813 ], [ 431772.683886997867376, 6064727.80599884595722 ] ], [ [ 431744.821557839226443, 6064629.543221822939813 ], [ 431698.921719737001695, 6064476.774744818918407 ] ], [ [ 431698.921719737001695, 6064476.774744818918407 ], [ 431744.821557839226443, 6064629.543221822939813 ] ], [ [ 431698.921719737001695, 6064476.774744818918407 ], [ 431695.164668349549174, 6064467.304842674173415 ] ], [ [ 430980.582284548203461, 6064839.919469371438026 ], [ 430956.022769422444981, 6064758.416722107678652 ] ], [ [ 430980.582284548203461, 6064839.919469371438026 ], [ 430986.898077304649632, 6064862.059445284307003 ] ], [ [ 430986.898077304649632, 6064862.059445284307003 ], [ 430980.582284548203461, 6064839.919469371438026 ] ], [ [ 430986.898077304649632, 6064862.059445284307003 ], [ 431012.170476746861823, 6064949.996046625077724 ] ], [ [ 431012.170476746861823, 6064949.996046625077724 ], [ 430986.898077304649632, 6064862.059445284307003 ] ], [ [ 431012.170476746861823, 6064949.996046625077724 ], [ 431015.129786180797964, 6064956.083139630965889 ] ], [ [ 431015.129786180797964, 6064956.083139630965889 ], [ 431012.170476746861823, 6064949.996046625077724 ] ], [ [ 431015.129786180797964, 6064956.083139630965889 ], [ 431016.430079135694541, 6064959.825008704327047 ] ], [ [ 431016.430079135694541, 6064959.825008704327047 ], [ 431015.129786180797964, 6064956.083139630965889 ] ], [ [ 431016.430079135694541, 6064959.825008704327047 ], [ 431017.058364912285469, 6064961.740794441662729 ] ], [ [ 431017.058364912285469, 6064961.740794441662729 ], [ 431016.430079135694541, 6064959.825008704327047 ] ], [ [ 431017.058364912285469, 6064961.740794441662729 ], [ 431017.842762708722148, 6064964.600191456265748 ] ], [ [ 431017.842762708722148, 6064964.600191456265748 ], [ 431017.058364912285469, 6064961.740794441662729 ] ], [ [ 431017.842762708722148, 6064964.600191456265748 ], [ 431020.895566181628965, 6064974.703553771600127 ] ], [ [ 431017.842762708722148, 6064964.600191456265748 ], [ 431029.286355523508973, 6064961.053333457559347 ] ], [ [ 431017.842762708722148, 6064964.600191456265748 ], [ 431000.128911258128937, 6064969.645109468139708 ] ], [ [ 431020.895566181628965, 6064974.703553771600127 ], [ 431017.842762708722148, 6064964.600191456265748 ] ], [ [ 431020.895566181628965, 6064974.703553771600127 ], [ 431044.311888738244306, 6065060.120033473707736 ] ], [ [ 431044.311888738244306, 6065060.120033473707736 ], [ 431020.895566181628965, 6064974.703553771600127 ] ], [ [ 431044.311888738244306, 6065060.120033473707736 ], [ 431071.887848378450144, 6065160.286330947652459 ] ], [ [ 431071.887848378450144, 6065160.286330947652459 ], [ 431044.311888738244306, 6065060.120033473707736 ] ], [ [ 431071.887848378450144, 6065160.286330947652459 ], [ 431074.957735642849002, 6065171.94757463503629 ] ], [ [ 431074.957735642849002, 6065171.94757463503629 ], [ 431071.887848378450144, 6065160.286330947652459 ] ], [ [ 431074.957735642849002, 6065171.94757463503629 ], [ 431087.681784103973769, 6065167.925018707290292 ] ], [ [ 431074.957735642849002, 6065171.94757463503629 ], [ 431078.522628608159721, 6065184.814368746243417 ] ], [ [ 431681.778887288761325, 6064470.756906223483384 ], [ 431695.164668349549174, 6064467.304842674173415 ] ], [ [ 431681.778887288761325, 6064470.756906223483384 ], [ 431627.758335163933225, 6064487.911573890596628 ] ], [ [ 431627.758335163933225, 6064487.911573890596628 ], [ 431681.778887288761325, 6064470.756906223483384 ] ], [ [ 431627.758335163933225, 6064487.911573890596628 ], [ 431541.766923504881561, 6064513.575254941359162 ] ], [ [ 431541.766923504881561, 6064513.575254941359162 ], [ 431627.758335163933225, 6064487.911573890596628 ] ], [ [ 431541.766923504881561, 6064513.575254941359162 ], [ 431513.060404489398934, 6064521.989859863184392 ] ], [ [ 431513.060404489398934, 6064521.989859863184392 ], [ 431541.766923504881561, 6064513.575254941359162 ] ], [ [ 431513.060404489398934, 6064521.989859863184392 ], [ 431502.627559214364737, 6064524.741087391972542 ] ], [ [ 431502.627559214364737, 6064524.741087391972542 ], [ 431513.060404489398934, 6064521.989859863184392 ] ], [ [ 431502.627559214364737, 6064524.741087391972542 ], [ 431491.983204206859227, 6064527.562321092933416 ] ], [ [ 431491.983204206859227, 6064527.562321092933416 ], [ 431502.627559214364737, 6064524.741087391972542 ] ], [ [ 431491.983204206859227, 6064527.562321092933416 ], [ 431468.401122209033929, 6064534.897905056364834 ] ], [ [ 431468.401122209033929, 6064534.897905056364834 ], [ 431491.983204206859227, 6064527.562321092933416 ] ], [ [ 431468.401122209033929, 6064534.897905056364834 ], [ 431445.35673255805159, 6064542.002871912904084 ] ], [ [ 431445.35673255805159, 6064542.002871912904084 ], [ 431468.401122209033929, 6064534.897905056364834 ] ], [ [ 431445.35673255805159, 6064542.002871912904084 ], [ 431324.164232115086634, 6064578.799919274635613 ] ], [ [ 431324.164232115086634, 6064578.799919274635613 ], [ 431445.35673255805159, 6064542.002871912904084 ] ], [ [ 431324.164232115086634, 6064578.799919274635613 ], [ 431316.712335354823153, 6064581.005468056537211 ] ], [ [ 431316.712335354823153, 6064581.005468056537211 ], [ 431324.164232115086634, 6064578.799919274635613 ] ], [ [ 431316.712335354823153, 6064581.005468056537211 ], [ 431313.142567608389072, 6064569.91926817689091 ] ], [ [ 431316.712335354823153, 6064581.005468056537211 ], [ 431320.013099161442369, 6064592.618836318142712 ] ], [ [ 431316.712335354823153, 6064581.005468056537211 ], [ 431301.862270659650676, 6064585.983381673693657 ] ], [ [ 432023.952455321152229, 6064876.502066615968943 ], [ 432012.139676562335808, 6064879.974033023230731 ] ], [ [ 432023.952455321152229, 6064876.502066615968943 ], [ 432032.129211535793729, 6064874.108708954416215 ] ], [ [ 432012.139676562335808, 6064879.974033023230731 ], [ 432023.952455321152229, 6064876.502066615968943 ] ], [ [ 432012.139676562335808, 6064879.974033023230731 ], [ 431929.616644969792105, 6064904.176003720611334 ] ], [ [ 431929.616644969792105, 6064904.176003720611334 ], [ 432012.139676562335808, 6064879.974033023230731 ] ], [ [ 431929.616644969792105, 6064904.176003720611334 ], [ 431873.474859489768278, 6064920.531933007761836 ] ], [ [ 431844.212542363035027, 6064929.057321537286043 ], [ 431873.474859489768278, 6064920.531933007761836 ] ], [ [ 431844.212542363035027, 6064929.057321537286043 ], [ 431829.420610704168212, 6064933.576339918188751 ] ], [ [ 431813.701479619659949, 6064938.543439852073789 ], [ 431829.420610704168212, 6064933.576339918188751 ] ], [ [ 431813.701479619659949, 6064938.543439852073789 ], [ 431779.985077422228642, 6064949.035273175686598 ] ], [ [ 431779.985077422228642, 6064949.035273175686598 ], [ 431813.701479619659949, 6064938.543439852073789 ] ], [ [ 431779.985077422228642, 6064949.035273175686598 ], [ 431744.331179595261347, 6064960.458098316565156 ] ], [ [ 431744.331179595261347, 6064960.458098316565156 ], [ 431779.985077422228642, 6064949.035273175686598 ] ], [ [ 431744.331179595261347, 6064960.458098316565156 ], [ 431739.523178231553175, 6064961.97752941865474 ] ], [ [ 431739.523178231553175, 6064961.97752941865474 ], [ 431744.331179595261347, 6064960.458098316565156 ] ], [ [ 431739.523178231553175, 6064961.97752941865474 ], [ 431726.509391243453138, 6064966.080505535937846 ] ], [ [ 431726.509391243453138, 6064966.080505535937846 ], [ 431739.523178231553175, 6064961.97752941865474 ] ], [ [ 431726.509391243453138, 6064966.080505535937846 ], [ 431650.34472855378408, 6064990.147072582505643 ] ], [ [ 431650.34472855378408, 6064990.147072582505643 ], [ 431726.509391243453138, 6064966.080505535937846 ] ], [ [ 431650.34472855378408, 6064990.147072582505643 ], [ 431643.50464235781692, 6064992.30945455096662 ] ], [ [ 431643.50464235781692, 6064992.30945455096662 ], [ 431650.34472855378408, 6064990.147072582505643 ] ], [ [ 431643.50464235781692, 6064992.30945455096662 ], [ 431629.356744035321753, 6064996.797136739827693 ] ], [ [ 431629.356744035321753, 6064996.797136739827693 ], [ 431643.50464235781692, 6064992.30945455096662 ] ], [ [ 431629.356744035321753, 6064996.797136739827693 ], [ 431569.065034679020755, 6065015.817111290059984 ] ], [ [ 431569.065034679020755, 6065015.817111290059984 ], [ 431629.356744035321753, 6064996.797136739827693 ] ], [ [ 431569.065034679020755, 6065015.817111290059984 ], [ 431464.0099421775667, 6065049.00530690792948 ] ], [ [ 431464.0099421775667, 6065049.00530690792948 ], [ 431569.065034679020755, 6065015.817111290059984 ] ], [ [ 431464.0099421775667, 6065049.00530690792948 ], [ 431459.464968876098283, 6065050.443145929835737 ] ], [ [ 431459.464968876098283, 6065050.443145929835737 ], [ 431464.0099421775667, 6065049.00530690792948 ] ], [ [ 431459.464968876098283, 6065050.443145929835737 ], [ 431452.721148463548161, 6065052.57097283564508 ] ], [ [ 431459.464968876098283, 6065050.443145929835737 ], [ 431456.546457994787488, 6065039.358092617243528 ] ], [ [ 431459.464968876098283, 6065050.443145929835737 ], [ 431462.319177506491542, 6065059.837519587948918 ] ], [ [ 431452.721148463548161, 6065052.57097283564508 ], [ 431459.464968876098283, 6065050.443145929835737 ] ], [ [ 431452.721148463548161, 6065052.57097283564508 ], [ 431450.522467983828392, 6065053.272083958610892 ] ], [ [ 431450.522467983828392, 6065053.272083958610892 ], [ 431452.721148463548161, 6065052.57097283564508 ] ], [ [ 431450.522467983828392, 6065053.272083958610892 ], [ 431446.990244525368325, 6065054.382952149957418 ] ], [ [ 431446.990244525368325, 6065054.382952149957418 ], [ 431450.522467983828392, 6065053.272083958610892 ] ], [ [ 431446.990244525368325, 6065054.382952149957418 ], [ 431437.534948939399328, 6065057.375505913048983 ] ], [ [ 431446.990244525368325, 6065054.382952149957418 ], [ 431450.369490749319084, 6065063.569026221521199 ] ], [ [ 431446.990244525368325, 6065054.382952149957418 ], [ 431443.906155291304458, 6065042.999926460906863 ] ], [ [ 431437.534948939399328, 6065057.375505913048983 ], [ 431446.990244525368325, 6065054.382952149957418 ] ], [ [ 431437.534948939399328, 6065057.375505913048983 ], [ 431271.410875604022294, 6065109.869722811505198 ] ], [ [ 431271.410875604022294, 6065109.869722811505198 ], [ 431437.534948939399328, 6065057.375505913048983 ] ], [ [ 431271.410875604022294, 6065109.869722811505198 ], [ 431260.340307053062133, 6065113.365781344473362 ] ], [ [ 431260.340307053062133, 6065113.365781344473362 ], [ 431271.410875604022294, 6065109.869722811505198 ] ], [ [ 431260.340307053062133, 6065113.365781344473362 ], [ 431201.564740939706098, 6065131.933623902499676 ] ], [ [ 431201.564740939706098, 6065131.933623902499676 ], [ 431260.340307053062133, 6065113.365781344473362 ] ], [ [ 431201.564740939706098, 6065131.933623902499676 ], [ 431188.430228162091225, 6065136.084527565166354 ] ], [ [ 431188.430228162091225, 6065136.084527565166354 ], [ 431201.564740939706098, 6065131.933623902499676 ] ], [ [ 431188.430228162091225, 6065136.084527565166354 ], [ 431131.73858602612745, 6065153.998315901495516 ] ], [ [ 431131.73858602612745, 6065153.998315901495516 ], [ 431188.430228162091225, 6065136.084527565166354 ] ], [ [ 431131.73858602612745, 6065153.998315901495516 ], [ 431110.15557854459621, 6065160.815705941990018 ] ], [ [ 431110.15557854459621, 6065160.815705941990018 ], [ 431131.73858602612745, 6065153.998315901495516 ] ], [ [ 431110.15557854459621, 6065160.815705941990018 ], [ 431087.681784103973769, 6065167.925018707290292 ] ], [ [ 431087.681784103973769, 6065167.925018707290292 ], [ 431110.15557854459621, 6065160.815705941990018 ] ], [ [ 431087.681784103973769, 6065167.925018707290292 ], [ 431074.957735642849002, 6065171.94757463503629 ] ], [ [ 431235.763183041708544, 6064307.820644355379045 ], [ 431233.308902377379127, 6064300.212139446288347 ] ], [ [ 431235.763183041708544, 6064307.820644355379045 ], [ 431246.800445209722966, 6064344.384592250920832 ] ], [ [ 431251.637864068616182, 6064360.410048387944698 ], [ 431235.763183041708544, 6064307.820644355379045 ] ], [ [ 431251.637864068616182, 6064360.410048387944698 ], [ 431277.970122859114781, 6064449.736339149065316 ] ], [ [ 431284.377511632628739, 6064471.47249542735517 ], [ 431251.637864068616182, 6064360.410048387944698 ] ], [ [ 431284.377511632628739, 6064471.47249542735517 ], [ 431292.966817377135158, 6064502.548531491309404 ] ], [ [ 431292.966817377135158, 6064502.548531491309404 ], [ 431284.377511632628739, 6064471.47249542735517 ] ], [ [ 431292.966817377135158, 6064502.548531491309404 ], [ 431313.142567608389072, 6064569.91926817689091 ] ], [ [ 431313.142567608389072, 6064569.91926817689091 ], [ 431292.966817377135158, 6064502.548531491309404 ] ], [ [ 431313.142567608389072, 6064569.91926817689091 ], [ 431316.712335354823153, 6064581.005468056537211 ] ], [ [ 431320.013099161442369, 6064592.618836318142712 ], [ 431316.712335354823153, 6064581.005468056537211 ] ], [ [ 431320.013099161442369, 6064592.618836318142712 ], [ 431342.745365526643582, 6064672.705048401840031 ] ], [ [ 431342.745365526643582, 6064672.705048401840031 ], [ 431320.013099161442369, 6064592.618836318142712 ] ], [ [ 431342.745365526643582, 6064672.705048401840031 ], [ 431353.620737522433046, 6064710.991651128977537 ] ], [ [ 431353.620737522433046, 6064710.991651128977537 ], [ 431342.745365526643582, 6064672.705048401840031 ] ], [ [ 431353.620737522433046, 6064710.991651128977537 ], [ 431374.051307870890014, 6064782.955178656615317 ] ], [ [ 431374.051307870890014, 6064782.955178656615317 ], [ 431353.620737522433046, 6064710.991651128977537 ] ], [ [ 431374.051307870890014, 6064782.955178656615317 ], [ 431390.258532534004189, 6064841.104644547216594 ] ], [ [ 431390.258532534004189, 6064841.104644547216594 ], [ 431374.051307870890014, 6064782.955178656615317 ] ], [ [ 431390.258532534004189, 6064841.104644547216594 ], [ 431393.760374847566709, 6064854.106175134889781 ] ], [ [ 431223.320939063618425, 6064303.858709412626922 ], [ 431233.308902377379127, 6064300.212139446288347 ] ], [ [ 431223.320939063618425, 6064303.858709412626922 ], [ 431204.528514367120806, 6064309.306560846976936 ] ], [ [ 431301.862270659650676, 6064585.983381673693657 ], [ 431316.712335354823153, 6064581.005468056537211 ] ], [ [ 431301.862270659650676, 6064585.983381673693657 ], [ 431259.57863032782916, 6064598.723857936449349 ] ], [ [ 431259.57863032782916, 6064598.723857936449349 ], [ 431301.862270659650676, 6064585.983381673693657 ] ], [ [ 431259.57863032782916, 6064598.723857936449349 ], [ 431218.745135523553472, 6064611.498312875628471 ] ], [ [ 431218.745135523553472, 6064611.498312875628471 ], [ 431259.57863032782916, 6064598.723857936449349 ] ], [ [ 431218.745135523553472, 6064611.498312875628471 ], [ 431208.884494238300249, 6064614.152484727092087 ] ], [ [ 431208.884494238300249, 6064614.152484727092087 ], [ 431218.745135523553472, 6064611.498312875628471 ] ], [ [ 431208.884494238300249, 6064614.152484727092087 ], [ 431134.651001017773524, 6064636.25062767509371 ] ], [ [ 431134.651001017773524, 6064636.25062767509371 ], [ 431208.884494238300249, 6064614.152484727092087 ] ], [ [ 431134.651001017773524, 6064636.25062767509371 ], [ 431027.549725189513993, 6064668.723200958222151 ] ], [ [ 431027.549725189513993, 6064668.723200958222151 ], [ 431047.589063759893179, 6064662.647145004011691 ] ], [ [ 431027.549725189513993, 6064668.723200958222151 ], [ 431007.539447650546208, 6064674.894535336643457 ] ], [ [ 432134.90884359262418, 6066021.229202701710165 ], [ 432147.20006218389608, 6066017.650136172771454 ] ], [ [ 432134.90884359262418, 6066021.229202701710165 ], [ 432096.64878480322659, 6066032.371503221802413 ] ], [ [ 431803.037026528909337, 6064112.577028639614582 ], [ 431787.076106133172289, 6064117.080368809401989 ] ], [ [ 431803.037026528909337, 6064112.577028639614582 ], [ 431841.348211477161385, 6064101.749137389473617 ] ], [ [ 431841.348211477161385, 6064101.749137389473617 ], [ 431803.037026528909337, 6064112.577028639614582 ] ], [ [ 431841.348211477161385, 6064101.749137389473617 ], [ 431998.222239616035949, 6064057.44708595611155 ] ], [ [ 431789.997469995054416, 6064126.240205118432641 ], [ 431621.55652244144585, 6064174.60434770770371 ] ], [ [ 431789.997469995054416, 6064126.240205118432641 ], [ 431805.893950446683448, 6064121.73784667160362 ] ], [ [ 431621.55652244144585, 6064174.60434770770371 ], [ 431789.997469995054416, 6064126.240205118432641 ] ], [ [ 431621.55652244144585, 6064174.60434770770371 ], [ 431609.467865122715011, 6064178.68248314037919 ] ], [ [ 431241.401022581500001, 6064284.162981237284839 ], [ 431229.529266843921505, 6064287.637864761985838 ] ], [ [ 431241.401022581500001, 6064284.162981237284839 ], [ 431263.494804172718432, 6064277.924253419041634 ] ], [ [ 431293.264082281326409, 6064269.518356425687671 ], [ 431241.401022581500001, 6064284.162981237284839 ] ], [ [ 431293.264082281326409, 6064269.518356425687671 ], [ 431365.687232684693299, 6064243.815928023308516 ] ], [ [ 431372.777853688807227, 6064241.299598296172917 ], [ 431293.264082281326409, 6064269.518356425687671 ] ], [ [ 431372.777853688807227, 6064241.299598296172917 ], [ 431410.49298702692613, 6064229.108151292428374 ] ], [ [ 431410.49298702692613, 6064229.108151292428374 ], [ 431372.777853688807227, 6064241.299598296172917 ] ], [ [ 431410.49298702692613, 6064229.108151292428374 ], [ 431417.839926538057625, 6064226.737425307743251 ] ], [ [ 431417.839926538057625, 6064226.737425307743251 ], [ 431410.49298702692613, 6064229.108151292428374 ] ], [ [ 431417.839926538057625, 6064226.737425307743251 ], [ 431536.714719975891057, 6064188.943218324333429 ] ], [ [ 431536.714719975891057, 6064188.943218324333429 ], [ 431417.839926538057625, 6064226.737425307743251 ] ], [ [ 431536.714719975891057, 6064188.943218324333429 ], [ 431594.725582379556727, 6064172.584112997166812 ] ], [ [ 431594.725582379556727, 6064172.584112997166812 ], [ 431536.714719975891057, 6064188.943218324333429 ] ], [ [ 431594.725582379556727, 6064172.584112997166812 ], [ 431607.057147314830218, 6064168.379840748384595 ] ], [ [ 432198.883776248898357, 6064825.183638916350901 ], [ 432212.050163038133178, 6064821.32459728512913 ] ], [ [ 432198.883776248898357, 6064825.183638916350901 ], [ 432116.455243240226991, 6064849.369605254381895 ] ], [ [ 432116.455243240226991, 6064849.369605254381895 ], [ 432198.883776248898357, 6064825.183638916350901 ] ], [ [ 432116.455243240226991, 6064849.369605254381895 ], [ 432095.997219658398535, 6064855.364012678153813 ] ], [ [ 432095.997219658398535, 6064855.364012678153813 ], [ 432116.455243240226991, 6064849.369605254381895 ] ], [ [ 432095.997219658398535, 6064855.364012678153813 ], [ 432078.656181870668661, 6064860.454711876809597 ] ], [ [ 432078.656181870668661, 6064860.454711876809597 ], [ 432095.997219658398535, 6064855.364012678153813 ] ], [ [ 432078.656181870668661, 6064860.454711876809597 ], [ 432067.984779904771131, 6064863.586627173237503 ] ], [ [ 432067.984779904771131, 6064863.586627173237503 ], [ 432078.656181870668661, 6064860.454711876809597 ] ], [ [ 432067.984779904771131, 6064863.586627173237503 ], [ 432032.129211535793729, 6064874.108708954416215 ] ], [ [ 432032.129211535793729, 6064874.108708954416215 ], [ 432067.984779904771131, 6064863.586627173237503 ] ], [ [ 432032.129211535793729, 6064874.108708954416215 ], [ 432023.952455321152229, 6064876.502066615968943 ] ], [ [ 432573.935654680652078, 6064717.227851001545787 ], [ 432592.172113010659814, 6064712.070075826719403 ] ], [ [ 432573.935654680652078, 6064717.227851001545787 ], [ 432493.47287118784152, 6064740.442666165530682 ] ], [ [ 432493.47287118784152, 6064740.442666165530682 ], [ 432573.935654680652078, 6064717.227851001545787 ] ], [ [ 432493.47287118784152, 6064740.442666165530682 ], [ 432403.606684226891957, 6064766.270265481434762 ] ], [ [ 432403.606684226891957, 6064766.270265481434762 ], [ 432493.47287118784152, 6064740.442666165530682 ] ], [ [ 432403.606684226891957, 6064766.270265481434762 ], [ 432347.555437320377678, 6064782.378323222510517 ] ], [ [ 432347.555437320377678, 6064782.378323222510517 ], [ 432403.606684226891957, 6064766.270265481434762 ] ], [ [ 432347.555437320377678, 6064782.378323222510517 ], [ 432341.814915307390038, 6064784.022356670349836 ] ], [ [ 432341.814915307390038, 6064784.022356670349836 ], [ 432347.555437320377678, 6064782.378323222510517 ] ], [ [ 432341.814915307390038, 6064784.022356670349836 ], [ 432276.457636617007665, 6064802.808108290657401 ] ], [ [ 432276.457636617007665, 6064802.808108290657401 ], [ 432341.814915307390038, 6064784.022356670349836 ] ], [ [ 432276.457636617007665, 6064802.808108290657401 ], [ 432225.346038999326993, 6064817.508169710636139 ] ], [ [ 432225.346038999326993, 6064817.508169710636139 ], [ 432276.457636617007665, 6064802.808108290657401 ] ], [ [ 432225.346038999326993, 6064817.508169710636139 ], [ 432212.050163038133178, 6064821.32459728512913 ] ], [ [ 432215.047244247922208, 6064831.752290258184075 ], [ 432212.050163038133178, 6064821.32459728512913 ] ], [ [ 432215.047244247922208, 6064831.752290258184075 ], [ 432232.634588791290298, 6064892.899865079671144 ] ], [ [ 432232.634588791290298, 6064892.899865079671144 ], [ 432215.047244247922208, 6064831.752290258184075 ] ], [ [ 432232.634588791290298, 6064892.899865079671144 ], [ 432287.296244358818512, 6065082.93642483651638 ] ], [ [ 432287.296244358818512, 6065082.93642483651638 ], [ 432232.634588791290298, 6064892.899865079671144 ] ], [ [ 432287.296244358818512, 6065082.93642483651638 ], [ 432290.082035447587259, 6065092.610539412125945 ] ], [ [ 432598.862962092389353, 6064728.35254477430135 ], [ 432592.172113010659814, 6064712.070075826719403 ] ], [ [ 432598.862962092389353, 6064728.35254477430135 ], [ 432617.400202481541783, 6064787.005509762093425 ] ], [ [ 432617.400202481541783, 6064787.005509762093425 ], [ 432598.862962092389353, 6064728.35254477430135 ] ], [ [ 432617.400202481541783, 6064787.005509762093425 ], [ 432631.391066760756075, 6064833.673336344771087 ] ], [ [ 432631.391066760756075, 6064833.673336344771087 ], [ 432617.400202481541783, 6064787.005509762093425 ] ], [ [ 432631.391066760756075, 6064833.673336344771087 ], [ 432645.144322524196468, 6064879.543438416905701 ] ], [ [ 432645.144322524196468, 6064879.543438416905701 ], [ 432631.391066760756075, 6064833.673336344771087 ] ], [ [ 432645.144322524196468, 6064879.543438416905701 ], [ 432671.38771008013282, 6064971.725489652715623 ] ], [ [ 432671.38771008013282, 6064971.725489652715623 ], [ 432645.144322524196468, 6064879.543438416905701 ] ], [ [ 432671.38771008013282, 6064971.725489652715623 ], [ 432674.541698986315168, 6064982.818881155923009 ] ], [ [ 432749.90963401546469, 6064667.662769220769405 ], [ 432761.969383381889202, 6064664.266987095586956 ] ], [ [ 432749.90963401546469, 6064667.662769220769405 ], [ 432738.388726404460613, 6064670.905884470790625 ] ], [ [ 432738.388726404460613, 6064670.905884470790625 ], [ 432749.90963401546469, 6064667.662769220769405 ] ], [ [ 432738.388726404460613, 6064670.905884470790625 ], [ 432719.208550853014458, 6064676.299695760942996 ] ], [ [ 432719.208550853014458, 6064676.299695760942996 ], [ 432738.388726404460613, 6064670.905884470790625 ] ], [ [ 432719.208550853014458, 6064676.299695760942996 ], [ 432672.939249828050379, 6064689.331064386293292 ] ], [ [ 432672.939249828050379, 6064689.331064386293292 ], [ 432719.208550853014458, 6064676.299695760942996 ] ], [ [ 432672.939249828050379, 6064689.331064386293292 ], [ 432638.165198509173933, 6064699.119891488924623 ] ], [ [ 432638.165198509173933, 6064699.119891488924623 ], [ 432672.939249828050379, 6064689.331064386293292 ] ], [ [ 432638.165198509173933, 6064699.119891488924623 ], [ 432609.966563761350699, 6064707.074775446206331 ] ], [ [ 432609.966563761350699, 6064707.074775446206331 ], [ 432638.165198509173933, 6064699.119891488924623 ] ], [ [ 432609.966563761350699, 6064707.074775446206331 ], [ 432592.172113010659814, 6064712.070075826719403 ] ], [ [ 432709.546842789219227, 6065098.130748949944973 ], [ 432717.044753419002518, 6065122.826206188648939 ] ], [ [ 432709.546842789219227, 6065098.130748949944973 ], [ 432681.18275729106972, 6065004.70333122741431 ] ], [ [ 432717.044753419002518, 6065122.826206188648939 ], [ 432709.546842789219227, 6065098.130748949944973 ] ], [ [ 432717.044753419002518, 6065122.826206188648939 ], [ 432733.422074219794013, 6065176.770712644793093 ] ], [ [ 432733.422074219794013, 6065176.770712644793093 ], [ 432728.932749595260248, 6065161.983405333012342 ] ], [ [ 432733.422074219794013, 6065176.770712644793093 ], [ 432737.911258282372728, 6065191.558070074766874 ] ], [ [ 432101.622525093436707, 6065149.582268909551203 ], [ 432087.444931188831106, 6065153.801862768828869 ] ], [ [ 432101.622525093436707, 6065149.582268909551203 ], [ 432111.373750439845026, 6065146.55327545851469 ] ], [ [ 432087.444931188831106, 6065153.801862768828869 ], [ 432101.622525093436707, 6065149.582268909551203 ] ], [ [ 432087.444931188831106, 6065153.801862768828869 ], [ 432010.260885905008763, 6065176.798180266283453 ] ], [ [ 432010.260885905008763, 6065176.798180266283453 ], [ 432087.444931188831106, 6065153.801862768828869 ] ], [ [ 432010.260885905008763, 6065176.798180266283453 ], [ 432000.16799435246503, 6065179.799148559570312 ] ], [ [ 432000.16799435246503, 6065179.799148559570312 ], [ 432010.260885905008763, 6065176.798180266283453 ] ], [ [ 432000.16799435246503, 6065179.799148559570312 ], [ 431993.242822830448858, 6065181.862121461890638 ] ], [ [ 431993.242822830448858, 6065181.862121461890638 ], [ 432000.16799435246503, 6065179.799148559570312 ] ], [ [ 431993.242822830448858, 6065181.862121461890638 ], [ 431922.414043679600582, 6065202.961373205296695 ] ], [ [ 431922.414043679600582, 6065202.961373205296695 ], [ 431993.242822830448858, 6065181.862121461890638 ] ], [ [ 431922.414043679600582, 6065202.961373205296695 ], [ 431908.57672297465615, 6065207.087375104427338 ] ], [ [ 432276.123044740990736, 6065096.826257732696831 ], [ 432290.082035447587259, 6065092.610539412125945 ] ], [ [ 432276.123044740990736, 6065096.826257732696831 ], [ 432251.346858434379101, 6065104.298120808787644 ] ], [ [ 432251.346858434379101, 6065104.298120808787644 ], [ 432276.123044740990736, 6065096.826257732696831 ] ], [ [ 432251.346858434379101, 6065104.298120808787644 ], [ 432225.763035759329796, 6065112.027078618295491 ] ], [ [ 432225.763035759329796, 6065112.027078618295491 ], [ 432251.346858434379101, 6065104.298120808787644 ] ], [ [ 432225.763035759329796, 6065112.027078618295491 ], [ 432207.851760732301045, 6065117.432151434011757 ] ], [ [ 432181.481838422478177, 6065125.389936887659132 ], [ 432207.851760732301045, 6065117.432151434011757 ] ], [ [ 432181.481838422478177, 6065125.389936887659132 ], [ 432111.373750439845026, 6065146.55327545851469 ] ], [ [ 432111.373750439845026, 6065146.55327545851469 ], [ 432181.481838422478177, 6065125.389936887659132 ] ], [ [ 432111.373750439845026, 6065146.55327545851469 ], [ 432101.622525093436707, 6065149.582268909551203 ] ], [ [ 431896.55256536003435, 6065210.57398128323257 ], [ 431908.57672297465615, 6065207.087375104427338 ] ], [ [ 431896.55256536003435, 6065210.57398128323257 ], [ 431871.888634725299198, 6065217.723511919379234 ] ], [ [ 431871.888634725299198, 6065217.723511919379234 ], [ 431896.55256536003435, 6065210.57398128323257 ] ], [ [ 431871.888634725299198, 6065217.723511919379234 ], [ 431804.239836046181154, 6065237.352147469297051 ] ], [ [ 431804.239836046181154, 6065237.352147469297051 ], [ 431871.888634725299198, 6065217.723511919379234 ] ], [ [ 431804.239836046181154, 6065237.352147469297051 ], [ 431789.528810699586757, 6065241.614127160981297 ] ], [ [ 431789.528810699586757, 6065241.614127160981297 ], [ 431804.239836046181154, 6065237.352147469297051 ] ], [ [ 431789.528810699586757, 6065241.614127160981297 ], [ 431731.820376116782427, 6065258.35601129103452 ] ], [ [ 431731.820376116782427, 6065258.35601129103452 ], [ 431789.528810699586757, 6065241.614127160981297 ] ], [ [ 431731.820376116782427, 6065258.35601129103452 ], [ 431721.79732750414405, 6065261.267520076595247 ] ], [ [ 431721.79732750414405, 6065261.267520076595247 ], [ 431731.820376116782427, 6065258.35601129103452 ] ], [ [ 431721.79732750414405, 6065261.267520076595247 ], [ 431708.391793988179415, 6065265.387618840672076 ] ], [ [ 431827.48708126618294, 6064115.624917179346085 ], [ 432010.520398942288011, 6064063.794939787127078 ] ], [ [ 431827.48708126618294, 6064115.624917179346085 ], [ 431805.893950446683448, 6064121.73784667160362 ] ], [ [ 431805.893950446683448, 6064121.73784667160362 ], [ 431827.48708126618294, 6064115.624917179346085 ] ], [ [ 431805.893950446683448, 6064121.73784667160362 ], [ 431789.997469995054416, 6064126.240205118432641 ] ], [ [ 431412.763592297909781, 6065655.318421179428697 ], [ 431378.442833186534699, 6065665.627574698068202 ] ], [ [ 431412.763592297909781, 6065655.318421179428697 ], [ 431421.456961180083454, 6065652.704617060720921 ] ], [ [ 431421.456961180083454, 6065652.704617060720921 ], [ 431412.763592297909781, 6065655.318421179428697 ] ], [ [ 431421.456961180083454, 6065652.704617060720921 ], [ 431428.925760016543791, 6065650.454424435272813 ] ], [ [ 431428.925760016543791, 6065650.454424435272813 ], [ 431421.456961180083454, 6065652.704617060720921 ] ], [ [ 431428.925760016543791, 6065650.454424435272813 ], [ 431463.943198117311113, 6065639.94008844345808 ] ], [ [ 431463.943198117311113, 6065639.94008844345808 ], [ 431428.925760016543791, 6065650.454424435272813 ] ], [ [ 431463.943198117311113, 6065639.94008844345808 ], [ 431533.388532323937397, 6065619.076986248604953 ] ], [ [ 431533.388532323937397, 6065619.076986248604953 ], [ 431463.943198117311113, 6065639.94008844345808 ] ], [ [ 431533.388532323937397, 6065619.076986248604953 ], [ 431572.913424778962508, 6065607.204201898537576 ] ], [ [ 431572.913424778962508, 6065607.204201898537576 ], [ 431533.388532323937397, 6065619.076986248604953 ] ], [ [ 431572.913424778962508, 6065607.204201898537576 ], [ 431596.218187053164002, 6065600.207106149755418 ] ], [ [ 431596.218187053164002, 6065600.207106149755418 ], [ 431572.913424778962508, 6065607.204201898537576 ] ], [ [ 431596.218187053164002, 6065600.207106149755418 ], [ 431605.251675067760516, 6065597.499476665630937 ] ], [ [ 431605.251675067760516, 6065597.499476665630937 ], [ 431596.218187053164002, 6065600.207106149755418 ] ], [ [ 431605.251675067760516, 6065597.499476665630937 ], [ 431608.452782910782844, 6065609.003255764953792 ] ], [ [ 431605.251675067760516, 6065597.499476665630937 ], [ 431601.170746897172648, 6065582.759256982244551 ] ], [ [ 432012.588893070816994, 6065567.368019265122712 ], [ 432011.332838070811704, 6065565.819752440787852 ] ], [ [ 432012.588893070816994, 6065567.368019265122712 ], [ 432017.390049651497975, 6065576.132439215667546 ] ], [ [ 432006.407379245385528, 6065559.74843580275774 ], [ 432011.332838070811704, 6065565.819752440787852 ] ], [ [ 432006.407379245385528, 6065559.74843580275774 ], [ 431989.650161318713799, 6065544.820278899744153 ] ], [ [ 431989.650161318713799, 6065544.820278899744153 ], [ 432006.407379245385528, 6065559.74843580275774 ] ], [ [ 431989.650161318713799, 6065544.820278899744153 ], [ 431970.581331801309716, 6065530.361029101535678 ] ], [ [ 431970.581331801309716, 6065530.361029101535678 ], [ 431989.650161318713799, 6065544.820278899744153 ] ], [ [ 431970.581331801309716, 6065530.361029101535678 ], [ 431964.674179602181539, 6065523.861428814008832 ] ], [ [ 432596.002078300807625, 6064412.113088917918503 ], [ 432741.017831530130934, 6064275.818141079507768 ] ], [ [ 432596.002078300807625, 6064412.113088917918503 ], [ 432490.008718697179575, 6064512.834357944317162 ] ], [ [ 432490.008718697179575, 6064512.834357944317162 ], [ 432596.002078300807625, 6064412.113088917918503 ] ], [ [ 432490.008718697179575, 6064512.834357944317162 ], [ 432477.286899663740769, 6064524.966086612083018 ] ], [ [ 432879.229925928753801, 6064924.728831259533763 ], [ 432884.398869499797001, 6064923.256440411321819 ] ], [ [ 432879.229925928753801, 6064924.728831259533763 ], [ 432874.059651973191649, 6064926.196545373648405 ] ], [ [ 432873.893300124211237, 6064926.243768704123795 ], [ 432879.229925928753801, 6064924.728831259533763 ] ], [ [ 432873.893300124211237, 6064926.243768704123795 ], [ 432864.31680725683691, 6064928.956879835575819 ] ], [ [ 432864.31680725683691, 6064928.956879835575819 ], [ 432873.893300124211237, 6064926.243768704123795 ] ], [ [ 432864.31680725683691, 6064928.956879835575819 ], [ 432856.472632094286382, 6064931.210232723504305 ] ], [ [ 432856.472632094286382, 6064931.210232723504305 ], [ 432864.31680725683691, 6064928.956879835575819 ] ], [ [ 432856.472632094286382, 6064931.210232723504305 ], [ 432828.537100786808878, 6064939.131628384813666 ] ], [ [ 432767.09083728591213, 6064956.556027768179774 ], [ 432856.472632094286382, 6064931.210232723504305 ] ], [ [ 432767.09083728591213, 6064956.556027768179774 ], [ 432689.345330102427397, 6064978.614087614230812 ] ], [ [ 432689.345330102427397, 6064978.614087614230812 ], [ 432767.09083728591213, 6064956.556027768179774 ] ], [ [ 432689.345330102427397, 6064978.614087614230812 ], [ 432674.541698986315168, 6064982.818881155923009 ] ], [ [ 432178.191051851550583, 6066002.405053141526878 ], [ 432194.88089847296942, 6065997.584005579352379 ] ], [ [ 432178.191051851550583, 6066002.405053141526878 ], [ 432161.500001869746484, 6066007.222059363499284 ] ], [ [ 431613.649841740319971, 6065626.853926948271692 ], [ 431667.818767273565754, 6065825.901979201473296 ] ], [ [ 431613.649841740319971, 6065626.853926948271692 ], [ 431608.452782910782844, 6065609.003255764953792 ] ], [ [ 431608.452782910782844, 6065609.003255764953792 ], [ 431613.649841740319971, 6065626.853926948271692 ] ], [ [ 431608.452782910782844, 6065609.003255764953792 ], [ 431605.251675067760516, 6065597.499476665630937 ] ], [ [ 431601.170746897172648, 6065582.759256982244551 ], [ 431605.251675067760516, 6065597.499476665630937 ] ], [ [ 431601.170746897172648, 6065582.759256982244551 ], [ 431579.746504139853641, 6065505.122740520164371 ] ], [ [ 431579.746504139853641, 6065505.122740520164371 ], [ 431601.170746897172648, 6065582.759256982244551 ] ], [ [ 431579.746504139853641, 6065505.122740520164371 ], [ 431566.474244435608853, 6065459.303996309638023 ] ], [ [ 431566.474244435608853, 6065459.303996309638023 ], [ 431579.746504139853641, 6065505.122740520164371 ] ], [ [ 431566.474244435608853, 6065459.303996309638023 ], [ 431562.052116481529083, 6065442.888449631631374 ] ], [ [ 431562.052116481529083, 6065442.888449631631374 ], [ 431566.474244435608853, 6065459.303996309638023 ] ], [ [ 431562.052116481529083, 6065442.888449631631374 ], [ 431530.43293135217391, 6065337.327301776967943 ] ], [ [ 431530.43293135217391, 6065337.327301776967943 ], [ 431562.052116481529083, 6065442.888449631631374 ] ], [ [ 431530.43293135217391, 6065337.327301776967943 ], [ 431525.697710006381385, 6065321.51751577667892 ] ], [ [ 431521.803762546682265, 6065308.521832535043359 ], [ 431525.697710006381385, 6065321.51751577667892 ] ], [ [ 431521.803762546682265, 6065308.521832535043359 ], [ 431502.434854638762772, 6065243.8424262246117 ] ], [ [ 431502.434854638762772, 6065243.8424262246117 ], [ 431521.803762546682265, 6065308.521832535043359 ] ], [ [ 431502.434854638762772, 6065243.8424262246117 ], [ 431450.369490749319084, 6065063.569026221521199 ] ], [ [ 431450.369490749319084, 6065063.569026221521199 ], [ 431502.434854638762772, 6065243.8424262246117 ] ], [ [ 431450.369490749319084, 6065063.569026221521199 ], [ 431446.990244525368325, 6065054.382952149957418 ] ], [ [ 431443.906155291304458, 6065042.999926460906863 ], [ 431446.990244525368325, 6065054.382952149957418 ] ], [ [ 431443.906155291304458, 6065042.999926460906863 ], [ 431394.872220876975916, 6064868.791128787212074 ] ], [ [ 431394.872220876975916, 6064868.791128787212074 ], [ 431443.906155291304458, 6065042.999926460906863 ] ], [ [ 431394.872220876975916, 6064868.791128787212074 ], [ 431394.403100164316129, 6064862.499054962769151 ] ], [ [ 431394.872220876975916, 6064868.791128787212074 ], [ 431390.704144786286633, 6064863.668141454458237 ] ], [ [ 432031.257575190160424, 6065616.467835218645632 ], [ 432032.606453584041446, 6065621.366693217307329 ] ], [ [ 432031.257575190160424, 6065616.467835218645632 ], [ 432025.353941832436249, 6065596.490526071749628 ] ], [ [ 432025.353941832436249, 6065596.490526071749628 ], [ 432031.257575190160424, 6065616.467835218645632 ] ], [ [ 432025.353941832436249, 6065596.490526071749628 ], [ 432021.065963343135081, 6065584.591044249944389 ] ], [ [ 432021.065963343135081, 6065584.591044249944389 ], [ 432025.353941832436249, 6065596.490526071749628 ] ], [ [ 432021.065963343135081, 6065584.591044249944389 ], [ 432017.390049651497975, 6065576.132439215667546 ] ], [ [ 432017.390049651497975, 6065576.132439215667546 ], [ 432021.065963343135081, 6065584.591044249944389 ] ], [ [ 432017.390049651497975, 6065576.132439215667546 ], [ 432012.588893070816994, 6065567.368019265122712 ] ], [ [ 432075.979925917286891, 6066026.44415657967329 ], [ 432091.179820607299916, 6066018.026698177680373 ] ], [ [ 432075.979925917286891, 6066026.44415657967329 ], [ 432059.253141368273646, 6066031.145978907123208 ] ], [ [ 432075.979925917286891, 6066026.44415657967329 ], [ 432092.706318750861101, 6066021.741206225939095 ] ], [ [ 432098.703350692579988, 6066013.860318230465055 ], [ 432075.979925917286891, 6066026.44415657967329 ] ], [ [ 432098.703350692579988, 6066013.860318230465055 ], [ 432126.15316184272524, 6065993.526366329751909 ] ], [ [ 432126.15316184272524, 6065993.526366329751909 ], [ 432098.703350692579988, 6066013.860318230465055 ] ], [ [ 432126.15316184272524, 6065993.526366329751909 ], [ 432129.808669957448728, 6065985.658677605912089 ] ], [ [ 432129.808669957448728, 6065985.658677605912089 ], [ 432126.15316184272524, 6065993.526366329751909 ] ], [ [ 432129.808669957448728, 6065985.658677605912089 ], [ 432133.61287844076287, 6065974.828364841639996 ] ], [ [ 431708.391793988179415, 6065265.387618840672076 ], [ 431721.79732750414405, 6065261.267520076595247 ] ], [ [ 431708.391793988179415, 6065265.387618840672076 ], [ 431640.357882119249552, 6065286.29330263659358 ] ], [ [ 431640.357882119249552, 6065286.29330263659358 ], [ 431708.391793988179415, 6065265.387618840672076 ] ], [ [ 431640.357882119249552, 6065286.29330263659358 ], [ 431637.678022815904114, 6065287.112897571176291 ] ], [ [ 431637.678022815904114, 6065287.112897571176291 ], [ 431640.357882119249552, 6065286.29330263659358 ] ], [ [ 431637.678022815904114, 6065287.112897571176291 ], [ 431592.711291302228346, 6065300.926019497215748 ] ], [ [ 431592.711291302228346, 6065300.926019497215748 ], [ 431637.678022815904114, 6065287.112897571176291 ] ], [ [ 431592.711291302228346, 6065300.926019497215748 ], [ 431590.685395251086447, 6065301.546543953940272 ] ], [ [ 431590.685395251086447, 6065301.546543953940272 ], [ 431592.711291302228346, 6065300.926019497215748 ] ], [ [ 431590.685395251086447, 6065301.546543953940272 ], [ 431546.719089586113114, 6065315.055621939711273 ] ], [ [ 431546.719089586113114, 6065315.055621939711273 ], [ 431590.685395251086447, 6065301.546543953940272 ] ], [ [ 431546.719089586113114, 6065315.055621939711273 ], [ 431538.160559351847041, 6065317.68938307557255 ] ], [ [ 431538.160559351847041, 6065317.68938307557255 ], [ 431546.719089586113114, 6065315.055621939711273 ] ], [ [ 431538.160559351847041, 6065317.68938307557255 ], [ 431531.544544977950864, 6065319.726130493916571 ] ], [ [ 431538.160559351847041, 6065317.68938307557255 ], [ 431534.324261705041863, 6065304.670557760633528 ] ], [ [ 431538.160559351847041, 6065317.68938307557255 ], [ 431542.865566846448928, 6065333.633190730586648 ] ], [ [ 431531.544544977950864, 6065319.726130493916571 ], [ 431538.160559351847041, 6065317.68938307557255 ] ], [ [ 431531.544544977950864, 6065319.726130493916571 ], [ 431529.005713925347663, 6065320.499136548489332 ] ], [ [ 431529.005713925347663, 6065320.499136548489332 ], [ 431531.544544977950864, 6065319.726130493916571 ] ], [ [ 431529.005713925347663, 6065320.499136548489332 ], [ 431525.697710006381385, 6065321.51751577667892 ] ], [ [ 432140.587980733893346, 6064575.015518360771239 ], [ 432134.988333481829613, 6064556.024020243436098 ] ], [ [ 432140.587980733893346, 6064575.015518360771239 ], [ 432151.46807957382407, 6064611.912656819447875 ] ], [ [ 432151.46807957382407, 6064611.912656819447875 ], [ 432140.587980733893346, 6064575.015518360771239 ] ], [ [ 432151.46807957382407, 6064611.912656819447875 ], [ 432157.57216241734568, 6064632.332278275862336 ] ], [ [ 432678.99208347662352, 6064997.487710193730891 ], [ 432674.541698986315168, 6064982.818881155923009 ] ], [ [ 432678.99208347662352, 6064997.487710193730891 ], [ 432709.546842789219227, 6065098.130748949944973 ] ], [ [ 432132.141867224185262, 6066010.65341916307807 ], [ 432078.929283982841298, 6066025.614882046356797 ] ], [ [ 432132.141867224185262, 6066010.65341916307807 ], [ 432141.909486038028263, 6066004.552513480186462 ] ], [ [ 431519.733937205863185, 6065255.243754220195115 ], [ 431534.324261705041863, 6065304.670557760633528 ] ], [ [ 431519.733937205863185, 6065255.243754220195115 ], [ 431504.944851099164225, 6065199.097897781990469 ] ], [ [ 431534.324261705041863, 6065304.670557760633528 ], [ 431519.733937205863185, 6065255.243754220195115 ] ], [ [ 431534.324261705041863, 6065304.670557760633528 ], [ 431538.160559351847041, 6065317.68938307557255 ] ], [ [ 431542.865566846448928, 6065333.633190730586648 ], [ 431538.160559351847041, 6065317.68938307557255 ] ], [ [ 431542.865566846448928, 6065333.633190730586648 ], [ 431574.05289272184018, 6065439.189829640090466 ] ], [ [ 431574.05289272184018, 6065439.189829640090466 ], [ 431542.865566846448928, 6065333.633190730586648 ] ], [ [ 431574.05289272184018, 6065439.189829640090466 ], [ 431613.482305476907641, 6065578.766666045412421 ] ], [ [ 431613.482305476907641, 6065578.766666045412421 ], [ 431574.05289272184018, 6065439.189829640090466 ] ], [ [ 431613.482305476907641, 6065578.766666045412421 ], [ 431617.815531833039131, 6065593.15806844457984 ] ], [ [ 431617.815531833039131, 6065593.15806844457984 ], [ 431613.482305476907641, 6065578.766666045412421 ] ], [ [ 431617.815531833039131, 6065593.15806844457984 ], [ 431620.531118864426389, 6065603.222392068244517 ] ], [ [ 431620.531118864426389, 6065603.222392068244517 ], [ 431617.815531833039131, 6065593.15806844457984 ] ], [ [ 431620.531118864426389, 6065603.222392068244517 ], [ 431684.885825073288288, 6065834.265022963285446 ] ], [ [ 431405.198485611646902, 6064865.440266091376543 ], [ 431424.729179263056722, 6064929.983278889209032 ] ], [ [ 431405.198485611646902, 6064865.440266091376543 ], [ 431393.760374847566709, 6064854.106175134889781 ] ], [ [ 431424.729179263056722, 6064929.983278889209032 ], [ 431405.198485611646902, 6064865.440266091376543 ] ], [ [ 431424.729179263056722, 6064929.983278889209032 ], [ 431456.546457994787488, 6065039.358092617243528 ] ], [ [ 431456.546457994787488, 6065039.358092617243528 ], [ 431424.729179263056722, 6064929.983278889209032 ] ], [ [ 431456.546457994787488, 6065039.358092617243528 ], [ 431459.464968876098283, 6065050.443145929835737 ] ], [ [ 431462.319177506491542, 6065059.837519587948918 ], [ 431459.464968876098283, 6065050.443145929835737 ] ], [ [ 431462.319177506491542, 6065059.837519587948918 ], [ 431494.211949030694086, 6065165.382948156446218 ] ], [ [ 431494.211949030694086, 6065165.382948156446218 ], [ 431462.319177506491542, 6065059.837519587948918 ] ], [ [ 431494.211949030694086, 6065165.382948156446218 ], [ 431504.944851099164225, 6065199.097897781990469 ] ], [ [ 431504.944851099164225, 6065199.097897781990469 ], [ 431494.211949030694086, 6065165.382948156446218 ] ], [ [ 431504.944851099164225, 6065199.097897781990469 ], [ 431519.733937205863185, 6065255.243754220195115 ] ], [ [ 431393.760374847566709, 6064854.106175134889781 ], [ 431405.198485611646902, 6064865.440266091376543 ] ], [ [ 431393.760374847566709, 6064854.106175134889781 ], [ 431394.234416613879148, 6064860.298010258004069 ] ], [ [ 431393.760374847566709, 6064854.106175134889781 ], [ 431390.258532534004189, 6064841.104644547216594 ] ], [ [ 431394.403100164316129, 6064862.499054962769151 ], [ 431394.872220876975916, 6064868.791128787212074 ] ], [ [ 431394.403100164316129, 6064862.499054962769151 ], [ 431394.234416613879148, 6064860.298010258004069 ] ], [ [ 431394.234416613879148, 6064860.298010258004069 ], [ 431394.403100164316129, 6064862.499054962769151 ] ], [ [ 431394.234416613879148, 6064860.298010258004069 ], [ 431393.760374847566709, 6064854.106175134889781 ] ], [ [ 431390.704144786286633, 6064863.668141454458237 ], [ 431394.872220876975916, 6064868.791128787212074 ] ], [ [ 431390.704144786286633, 6064863.668141454458237 ], [ 431385.918377053516451, 6064861.136538363993168 ] ], [ [ 431385.918377053516451, 6064861.136538363993168 ], [ 431390.704144786286633, 6064863.668141454458237 ] ], [ [ 431385.918377053516451, 6064861.136538363993168 ], [ 431378.700171954580583, 6064862.158739727921784 ] ], [ [ 431378.700171954580583, 6064862.158739727921784 ], [ 431385.918377053516451, 6064861.136538363993168 ] ], [ [ 431378.700171954580583, 6064862.158739727921784 ], [ 431274.151584310340695, 6064892.38319768756628 ] ], [ [ 431274.151584310340695, 6064892.38319768756628 ], [ 431378.700171954580583, 6064862.158739727921784 ] ], [ [ 431274.151584310340695, 6064892.38319768756628 ], [ 431215.842852564062923, 6064908.806850533932447 ] ], [ [ 431215.842852564062923, 6064908.806850533932447 ], [ 431274.151584310340695, 6064892.38319768756628 ] ], [ [ 431215.842852564062923, 6064908.806850533932447 ], [ 431199.442652688070666, 6064913.430326933972538 ] ], [ [ 431199.442652688070666, 6064913.430326933972538 ], [ 431215.842852564062923, 6064908.806850533932447 ] ], [ [ 431199.442652688070666, 6064913.430326933972538 ], [ 431113.289988763746805, 6064938.403719855472445 ] ], [ [ 431113.289988763746805, 6064938.403719855472445 ], [ 431199.442652688070666, 6064913.430326933972538 ] ], [ [ 431113.289988763746805, 6064938.403719855472445 ], [ 431072.207763819256797, 6064949.00202514603734 ] ], [ [ 431072.207763819256797, 6064949.00202514603734 ], [ 431113.289988763746805, 6064938.403719855472445 ] ], [ [ 431072.207763819256797, 6064949.00202514603734 ], [ 431029.286355523508973, 6064961.053333457559347 ] ], [ [ 431029.286355523508973, 6064961.053333457559347 ], [ 431072.207763819256797, 6064949.00202514603734 ] ], [ [ 431029.286355523508973, 6064961.053333457559347 ], [ 431017.842762708722148, 6064964.600191456265748 ] ], [ [ 431000.128911258128937, 6064969.645109468139708 ], [ 431017.842762708722148, 6064964.600191456265748 ] ], [ [ 431000.128911258128937, 6064969.645109468139708 ], [ 430977.678678911004681, 6064975.819724403321743 ] ], [ [ 430977.678678911004681, 6064975.819724403321743 ], [ 431000.128911258128937, 6064969.645109468139708 ] ], [ [ 430977.678678911004681, 6064975.819724403321743 ], [ 430932.66589910374023, 6064988.816511891782284 ] ], [ [ 430932.66589910374023, 6064988.816511891782284 ], [ 430977.678678911004681, 6064975.819724403321743 ] ], [ [ 430932.66589910374023, 6064988.816511891782284 ], [ 430828.250620720093139, 6065018.971479018218815 ] ], [ [ 430828.250620720093139, 6065018.971479018218815 ], [ 430845.656021861883346, 6065013.944631365127861 ] ], [ [ 432598.692490054294467, 6064415.411742337048054 ], [ 432741.543740872293711, 6064281.11232746206224 ] ], [ [ 432598.692490054294467, 6064415.411742337048054 ], [ 432491.313713539449964, 6064515.241043235175312 ] ], [ [ 432491.313713539449964, 6064515.241043235175312 ], [ 432598.692490054294467, 6064415.411742337048054 ] ], [ [ 432491.313713539449964, 6064515.241043235175312 ], [ 432478.744971910084132, 6064527.270318208262324 ] ], [ [ 431964.674179602181539, 6065523.861428814008832 ], [ 431970.581331801309716, 6065530.361029101535678 ] ], [ [ 431964.674179602181539, 6065523.861428814008832 ], [ 431960.474208325671498, 6065518.248730188235641 ] ], [ [ 431960.474208325671498, 6065518.248730188235641 ], [ 431964.674179602181539, 6065523.861428814008832 ] ], [ [ 431960.474208325671498, 6065518.248730188235641 ], [ 431956.995156903285533, 6065513.036962630227208 ] ], [ [ 431956.995156903285533, 6065513.036962630227208 ], [ 431960.474208325671498, 6065518.248730188235641 ] ], [ [ 431956.995156903285533, 6065513.036962630227208 ], [ 431952.384166527946945, 6065504.937497587874532 ] ], [ [ 431952.384166527946945, 6065504.937497587874532 ], [ 431956.995156903285533, 6065513.036962630227208 ] ], [ [ 431952.384166527946945, 6065504.937497587874532 ], [ 431949.768255064031109, 6065496.741212771274149 ] ], [ [ 431949.768255064031109, 6065496.741212771274149 ], [ 431952.384166527946945, 6065504.937497587874532 ] ], [ [ 431949.768255064031109, 6065496.741212771274149 ], [ 431947.321760865394026, 6065488.675929277203977 ] ], [ [ 431947.321760865394026, 6065488.675929277203977 ], [ 431949.768255064031109, 6065496.741212771274149 ] ], [ [ 431947.321760865394026, 6065488.675929277203977 ], [ 431946.306360489048529, 6065481.980254611931741 ] ], [ [ 431946.306360489048529, 6065481.980254611931741 ], [ 431947.321760865394026, 6065488.675929277203977 ] ], [ [ 431946.306360489048529, 6065481.980254611931741 ], [ 431945.102257731487043, 6065473.874001237563789 ] ], [ [ 431945.102257731487043, 6065473.874001237563789 ], [ 431946.306360489048529, 6065481.980254611931741 ] ], [ [ 431945.102257731487043, 6065473.874001237563789 ], [ 431944.982571434811689, 6065465.072527319192886 ] ], [ [ 431944.982571434811689, 6065465.072527319192886 ], [ 431945.102257731487043, 6065473.874001237563789 ] ], [ [ 431944.982571434811689, 6065465.072527319192886 ], [ 431946.431219507823698, 6065454.778364039957523 ] ], [ [ 431946.431219507823698, 6065454.778364039957523 ], [ 431944.982571434811689, 6065465.072527319192886 ] ], [ [ 431946.431219507823698, 6065454.778364039957523 ], [ 431950.082309642108157, 6065441.902421038597822 ] ], [ [ 431950.082309642108157, 6065441.902421038597822 ], [ 431946.431219507823698, 6065454.778364039957523 ] ], [ [ 431950.082309642108157, 6065441.902421038597822 ], [ 431953.426521135086659, 6065430.379925727844238 ] ], [ [ 431954.319334149709903, 6065427.303745606914163 ], [ 431953.426521135086659, 6065430.379925727844238 ] ], [ [ 431954.319334149709903, 6065427.303745606914163 ], [ 431959.260124186694156, 6065410.680074323900044 ] ], [ [ 431959.260124186694156, 6065410.680074323900044 ], [ 431954.319334149709903, 6065427.303745606914163 ] ], [ [ 431959.260124186694156, 6065410.680074323900044 ], [ 431960.751311784842983, 6065403.635032180696726 ] ], [ [ 431960.751311784842983, 6065403.635032180696726 ], [ 431959.260124186694156, 6065410.680074323900044 ] ], [ [ 431960.751311784842983, 6065403.635032180696726 ], [ 431961.227822169836145, 6065394.646513121202588 ] ], [ [ 431961.227822169836145, 6065394.646513121202588 ], [ 431960.751311784842983, 6065403.635032180696726 ] ], [ [ 431961.227822169836145, 6065394.646513121202588 ], [ 431959.904042137204669, 6065385.863171902485192 ] ], [ [ 431959.904042137204669, 6065385.863171902485192 ], [ 431961.227822169836145, 6065394.646513121202588 ] ], [ [ 431959.904042137204669, 6065385.863171902485192 ], [ 431958.091429675812833, 6065375.840710800141096 ] ], [ [ 431958.091429675812833, 6065375.840710800141096 ], [ 431959.904042137204669, 6065385.863171902485192 ] ], [ [ 431958.091429675812833, 6065375.840710800141096 ], [ 431936.90934498840943, 6065303.663481755182147 ] ], [ [ 431936.90934498840943, 6065303.663481755182147 ], [ 431958.091429675812833, 6065375.840710800141096 ] ], [ [ 431936.90934498840943, 6065303.663481755182147 ], [ 431917.574275169405155, 6065237.412690191529691 ] ], [ [ 431917.574275169405155, 6065237.412690191529691 ], [ 431936.90934498840943, 6065303.663481755182147 ] ], [ [ 431917.574275169405155, 6065237.412690191529691 ], [ 431911.903566617285833, 6065218.422516722232103 ] ], [ [ 431911.903566617285833, 6065218.422516722232103 ], [ 431917.574275169405155, 6065237.412690191529691 ] ], [ [ 431911.903566617285833, 6065218.422516722232103 ], [ 431908.57672297465615, 6065207.087375104427338 ] ], [ [ 432154.467054093664046, 6065994.692543024197221 ], [ 432203.066614837967791, 6065979.813281983137131 ] ], [ [ 432154.467054093664046, 6065994.692543024197221 ], [ 432141.909486038028263, 6066004.552513480186462 ] ], [ [ 431078.522628608159721, 6065184.814368746243417 ], [ 431074.957735642849002, 6065171.94757463503629 ] ], [ [ 431078.522628608159721, 6065184.814368746243417 ], [ 431089.067720774037298, 6065222.905098126269877 ] ], [ [ 432207.851760732301045, 6065117.432151434011757 ], [ 432225.763035759329796, 6065112.027078618295491 ] ], [ [ 432207.851760732301045, 6065117.432151434011757 ], [ 432181.481838422478177, 6065125.389936887659132 ] ], [ [ 431873.474859489768278, 6064920.531933007761836 ], [ 431929.616644969792105, 6064904.176003720611334 ] ], [ [ 431873.474859489768278, 6064920.531933007761836 ], [ 431844.212542363035027, 6064929.057321537286043 ] ], [ [ 432424.214285434107296, 6065644.554982436820865 ], [ 432407.099805396865122, 6065649.91693527251482 ] ], [ [ 432424.214285434107296, 6065644.554982436820865 ], [ 432435.381117875804193, 6065641.056464594788849 ] ], [ [ 432011.332838070811704, 6065565.819752440787852 ], [ 432012.588893070816994, 6065567.368019265122712 ] ], [ [ 432011.332838070811704, 6065565.819752440787852 ], [ 432006.407379245385528, 6065559.74843580275774 ] ], [ [ 431953.426521135086659, 6065430.379925727844238 ], [ 431950.082309642108157, 6065441.902421038597822 ] ], [ [ 431953.426521135086659, 6065430.379925727844238 ], [ 431954.319334149709903, 6065427.303745606914163 ] ], [ [ 432434.12077350274194, 6065352.898411002010107 ], [ 432419.176737033878453, 6065357.680380965583026 ] ], [ [ 432434.12077350274194, 6065352.898411002010107 ], [ 432479.450117203814443, 6065338.39375420846045 ] ] ] } },
{ "type": "Feature", "properties": { "full_id": "n10914386199", "osm_id": "10914386199", "osm_type": "node", "amenity": "community_centre", "entrance": null, "full_name": null, "community_centre": null, "check_date": "2023-05-20", "operator": null, "contact:phone": null, "opening_hours": null, "name": "Аврора", "type": "lines", "start": "55.995274, 54.6962703" }, "geometry": { "type": "MultiLineString", "coordinates": [ [ [ 435155.283062659029383, 6061612.244401923380792 ], [ 435163.556593130226247, 6061607.540651480667293 ] ], [ [ 435155.283062659029383, 6061612.244401923380792 ], [ 435143.509940089308657, 6061585.057933271862566 ] ], [ [ 435155.283062659029383, 6061612.244401923380792 ], [ 435160.845921815605834, 6061623.494054726324975 ] ], [ [ 435155.283062659029383, 6061612.244401923380792 ], [ 435143.572413748537656, 6061617.743087286129594 ] ], [ [ 435163.556593130226247, 6061607.540651480667293 ], [ 435155.283062659029383, 6061612.244401923380792 ] ], [ [ 435163.556593130226247, 6061607.540651480667293 ], [ 435185.426429189566988, 6061594.874027281068265 ] ], [ [ 435185.426429189566988, 6061594.874027281068265 ], [ 435163.556593130226247, 6061607.540651480667293 ] ], [ [ 435185.426429189566988, 6061594.874027281068265 ], [ 435202.983759630122222, 6061581.7350804945454 ] ], [ [ 435202.983759630122222, 6061581.7350804945454 ], [ 435185.426429189566988, 6061594.874027281068265 ] ], [ [ 435202.983759630122222, 6061581.7350804945454 ], [ 435212.545269292662852, 6061572.438933257013559 ] ], [ [ 435212.545269292662852, 6061572.438933257013559 ], [ 435202.983759630122222, 6061581.7350804945454 ] ], [ [ 435212.545269292662852, 6061572.438933257013559 ], [ 435198.754087943409104, 6061597.854890994727612 ] ], [ [ 435212.545269292662852, 6061572.438933257013559 ], [ 435227.205457641684916, 6061558.184151376597583 ] ], [ [ 435679.307739195122849, 6061086.473900128155947 ], [ 435685.942527870356571, 6061094.726359697058797 ] ], [ [ 435679.307739195122849, 6061086.473900128155947 ], [ 435673.681793792347889, 6061079.353397404775023 ] ], [ [ 435679.307739195122849, 6061086.473900128155947 ], [ 435672.440838848764542, 6061093.638447069562972 ] ], [ [ 435685.942527870356571, 6061094.726359697058797 ], [ 435679.307739195122849, 6061086.473900128155947 ] ], [ [ 435685.942527870356571, 6061094.726359697058797 ], [ 435763.320220334047917, 6061190.961627001874149 ] ], [ [ 435763.320220334047917, 6061190.961627001874149 ], [ 435685.942527870356571, 6061094.726359697058797 ] ], [ [ 435763.320220334047917, 6061190.961627001874149 ], [ 435767.276291096233763, 6061195.813363321125507 ] ], [ [ 435767.276291096233763, 6061195.813363321125507 ], [ 435763.320220334047917, 6061190.961627001874149 ] ], [ [ 435767.276291096233763, 6061195.813363321125507 ], [ 435797.201112656446639, 6061233.104898184537888 ] ], [ [ 435797.201112656446639, 6061233.104898184537888 ], [ 435767.276291096233763, 6061195.813363321125507 ] ], [ [ 435797.201112656446639, 6061233.104898184537888 ], [ 435804.773696286778431, 6061242.512764953076839 ] ], [ [ 435804.773696286778431, 6061242.512764953076839 ], [ 435797.201112656446639, 6061233.104898184537888 ] ], [ [ 435804.773696286778431, 6061242.512764953076839 ], [ 435848.571402111614589, 6061293.519093787297606 ] ], [ [ 435848.571402111614589, 6061293.519093787297606 ], [ 435804.773696286778431, 6061242.512764953076839 ] ], [ [ 435848.571402111614589, 6061293.519093787297606 ], [ 435878.920092376996763, 6061329.881428446620703 ] ], [ [ 435878.920092376996763, 6061329.881428446620703 ], [ 435848.571402111614589, 6061293.519093787297606 ] ], [ [ 435878.920092376996763, 6061329.881428446620703 ], [ 435915.325992341036908, 6061378.411206305958331 ] ], [ [ 435915.325992341036908, 6061378.411206305958331 ], [ 435878.920092376996763, 6061329.881428446620703 ] ], [ [ 435915.325992341036908, 6061378.411206305958331 ], [ 435937.007064734993037, 6061405.459285216405988 ] ], [ [ 435937.007064734993037, 6061405.459285216405988 ], [ 435915.325992341036908, 6061378.411206305958331 ] ], [ [ 435937.007064734993037, 6061405.459285216405988 ], [ 435947.616135944554117, 6061419.487444522790611 ] ], [ [ 435947.616135944554117, 6061419.487444522790611 ], [ 435937.007064734993037, 6061405.459285216405988 ] ], [ [ 435947.616135944554117, 6061419.487444522790611 ], [ 435963.283606269513257, 6061448.879972662776709 ] ], [ [ 435963.283606269513257, 6061448.879972662776709 ], [ 435947.616135944554117, 6061419.487444522790611 ] ], [ [ 435963.283606269513257, 6061448.879972662776709 ], [ 435969.113854576600716, 6061465.03468834515661 ] ], [ [ 435969.113854576600716, 6061465.03468834515661 ], [ 435963.283606269513257, 6061448.879972662776709 ] ], [ [ 435969.113854576600716, 6061465.03468834515661 ], [ 435971.682743596611544, 6061475.748960683122277 ] ], [ [ 435085.492119377013296, 6062455.148333567194641 ], [ 435094.176011357980315, 6062485.540090781636536 ] ], [ [ 435085.492119377013296, 6062455.148333567194641 ], [ 435076.762120312894695, 6062424.769830129109323 ] ], [ [ 435065.263556426099967, 6062384.757933350279927 ], [ 435085.492119377013296, 6062455.148333567194641 ] ], [ [ 435065.263556426099967, 6062384.757933350279927 ], [ 435060.797137705201749, 6062369.931352309882641 ] ], [ [ 435060.797137705201749, 6062369.931352309882641 ], [ 435065.263556426099967, 6062384.757933350279927 ] ], [ [ 435060.797137705201749, 6062369.931352309882641 ], [ 435096.665564355498645, 6062357.130009295418859 ] ], [ [ 435294.004753737011924, 6062580.979411085136235 ], [ 435289.475065676029772, 6062582.811760383658111 ] ], [ [ 435294.004753737011924, 6062580.979411085136235 ], [ 435298.720564773597289, 6062579.700107458978891 ] ], [ [ 435329.171156646450981, 6062571.439616870135069 ], [ 435294.004753737011924, 6062580.979411085136235 ] ], [ [ 435329.171156646450981, 6062571.439616870135069 ], [ 435368.525756642979104, 6062558.835726694203913 ] ], [ [ 435381.730305654113181, 6062554.60686784144491 ], [ 435329.171156646450981, 6062571.439616870135069 ] ], [ [ 435381.730305654113181, 6062554.60686784144491 ], [ 435433.16075350518804, 6062538.135852391831577 ] ], [ [ 435433.16075350518804, 6062538.135852391831577 ], [ 435381.730305654113181, 6062554.60686784144491 ] ], [ [ 435433.16075350518804, 6062538.135852391831577 ], [ 435451.335995982517488, 6062532.834953010082245 ] ], [ [ 435451.335995982517488, 6062532.834953010082245 ], [ 435433.16075350518804, 6062538.135852391831577 ] ], [ [ 435451.335995982517488, 6062532.834953010082245 ], [ 435479.393972618039697, 6062628.044344708323479 ] ], [ [ 435451.335995982517488, 6062532.834953010082245 ], [ 435437.954977749323007, 6062490.245839177630842 ] ], [ [ 435673.681793792347889, 6061079.353397404775023 ], [ 435679.307739195122849, 6061086.473900128155947 ] ], [ [ 435673.681793792347889, 6061079.353397404775023 ], [ 435630.046010159829166, 6061024.150746229104698 ] ], [ [ 435630.046010159829166, 6061024.150746229104698 ], [ 435673.681793792347889, 6061079.353397404775023 ] ], [ [ 435630.046010159829166, 6061024.150746229104698 ], [ 435591.05537512851879, 6060980.590112483128905 ] ], [ [ 435591.05537512851879, 6060980.590112483128905 ], [ 435630.046010159829166, 6061024.150746229104698 ] ], [ [ 435591.05537512851879, 6060980.590112483128905 ], [ 435555.680982877034694, 6060951.991357118822634 ] ], [ [ 435555.680982877034694, 6060951.991357118822634 ], [ 435591.05537512851879, 6060980.590112483128905 ] ], [ [ 435555.680982877034694, 6060951.991357118822634 ], [ 435553.39828685001703, 6060950.143061124719679 ] ], [ [ 435553.39828685001703, 6060950.143061124719679 ], [ 435555.680982877034694, 6060951.991357118822634 ] ], [ [ 435553.39828685001703, 6060950.143061124719679 ], [ 435510.393655317544471, 6060919.060262463055551 ] ], [ [ 435510.393655317544471, 6060919.060262463055551 ], [ 435553.39828685001703, 6060950.143061124719679 ] ], [ [ 435510.393655317544471, 6060919.060262463055551 ], [ 435476.918683333497029, 6060888.554229425266385 ] ], [ [ 435476.918683333497029, 6060888.554229425266385 ], [ 435510.393655317544471, 6060919.060262463055551 ] ], [ [ 435476.918683333497029, 6060888.554229425266385 ], [ 435447.899482960579917, 6060851.819389223121107 ] ], [ [ 435447.899482960579917, 6060851.819389223121107 ], [ 435476.918683333497029, 6060888.554229425266385 ] ], [ [ 435447.899482960579917, 6060851.819389223121107 ], [ 435446.484228785149753, 6060845.707481686025858 ] ], [ [ 435446.484228785149753, 6060845.707481686025858 ], [ 435447.899482960579917, 6060851.819389223121107 ] ], [ [ 435446.484228785149753, 6060845.707481686025858 ], [ 435433.972666780115105, 6060791.620821689255536 ] ], [ [ 435433.972666780115105, 6060791.620821689255536 ], [ 435446.484228785149753, 6060845.707481686025858 ] ], [ [ 435433.972666780115105, 6060791.620821689255536 ], [ 435432.51949842000613, 6060783.305911145173013 ] ], [ [ 435432.51949842000613, 6060783.305911145173013 ], [ 435433.972666780115105, 6060791.620821689255536 ] ], [ [ 435432.51949842000613, 6060783.305911145173013 ], [ 435430.322590607684106, 6060770.761452270671725 ] ], [ [ 435430.322590607684106, 6060770.761452270671725 ], [ 435432.51949842000613, 6060783.305911145173013 ] ], [ [ 435430.322590607684106, 6060770.761452270671725 ], [ 435418.172558412945364, 6060707.699677010066807 ] ], [ [ 435418.172558412945364, 6060707.699677010066807 ], [ 435430.322590607684106, 6060770.761452270671725 ] ], [ [ 435418.172558412945364, 6060707.699677010066807 ], [ 435401.572343231586274, 6060625.125490166246891 ] ], [ [ 435401.572343231586274, 6060625.125490166246891 ], [ 435418.172558412945364, 6060707.699677010066807 ] ], [ [ 435401.572343231586274, 6060625.125490166246891 ], [ 435397.349828231381252, 6060601.670124786905944 ] ], [ [ 435789.985476474685129, 6062143.50611262395978 ], [ 435797.049316556833219, 6062141.402316068299115 ] ], [ [ 435789.985476474685129, 6062143.50611262395978 ], [ 435782.921608567121439, 6062145.609887583181262 ] ], [ [ 435730.029335996718146, 6062161.362780127674341 ], [ 435789.985476474685129, 6062143.50611262395978 ] ], [ [ 435730.029335996718146, 6062161.362780127674341 ], [ 435700.892245440918487, 6062170.045751141384244 ] ], [ [ 435700.892245440918487, 6062170.045751141384244 ], [ 435730.029335996718146, 6062161.362780127674341 ] ], [ [ 435700.892245440918487, 6062170.045751141384244 ], [ 435673.410939554334618, 6062178.226815751753747 ] ], [ [ 435673.410939554334618, 6062178.226815751753747 ], [ 435700.892245440918487, 6062170.045751141384244 ] ], [ [ 435673.410939554334618, 6062178.226815751753747 ], [ 435658.739782224176452, 6062182.597744422964752 ] ], [ [ 435658.739782224176452, 6062182.597744422964752 ], [ 435673.410939554334618, 6062178.226815751753747 ] ], [ [ 435658.739782224176452, 6062182.597744422964752 ], [ 435572.850444227689877, 6062208.181783195585012 ] ], [ [ 435572.850444227689877, 6062208.181783195585012 ], [ 435658.739782224176452, 6062182.597744422964752 ] ], [ [ 435572.850444227689877, 6062208.181783195585012 ], [ 435396.717180293053389, 6062260.663465158082545 ] ], [ [ 435396.717180293053389, 6062260.663465158082545 ], [ 435572.850444227689877, 6062208.181783195585012 ] ], [ [ 435396.717180293053389, 6062260.663465158082545 ], [ 435369.698972113721538, 6062268.706235873512924 ] ], [ [ 435369.698972113721538, 6062268.706235873512924 ], [ 435396.717180293053389, 6062260.663465158082545 ] ], [ [ 435369.698972113721538, 6062268.706235873512924 ], [ 435372.854470125632361, 6062279.356174922548234 ] ], [ [ 435369.698972113721538, 6062268.706235873512924 ], [ 435352.648690609261394, 6062276.12814124673605 ] ], [ [ 435369.698972113721538, 6062268.706235873512924 ], [ 435359.761455236934125, 6062236.273483766242862 ] ], [ [ 434972.126689309137873, 6061669.394628321751952 ], [ 434966.929943557537626, 6061658.084289577789605 ] ], [ [ 434972.126689309137873, 6061669.394628321751952 ], [ 434979.644201885792427, 6061667.272217029705644 ] ], [ [ 434972.126689309137873, 6061669.394628321751952 ], [ 434951.586299712012988, 6061675.833167678676546 ] ], [ [ 434966.929943557537626, 6061658.084289577789605 ], [ 434972.126689309137873, 6061669.394628321751952 ] ], [ [ 434966.929943557537626, 6061658.084289577789605 ], [ 434960.316027198743541, 6061643.700448395684361 ] ], [ [ 434960.316027198743541, 6061643.700448395684361 ], [ 434966.929943557537626, 6061658.084289577789605 ] ], [ [ 434960.316027198743541, 6061643.700448395684361 ], [ 434957.614459844538942, 6061637.818622369319201 ] ], [ [ 434957.614459844538942, 6061637.818622369319201 ], [ 434960.316027198743541, 6061643.700448395684361 ] ], [ [ 434957.614459844538942, 6061637.818622369319201 ], [ 434929.434763218974695, 6061576.524275410920382 ] ], [ [ 434929.434763218974695, 6061576.524275410920382 ], [ 434957.614459844538942, 6061637.818622369319201 ] ], [ [ 434929.434763218974695, 6061576.524275410920382 ], [ 434914.456427942786831, 6061543.953487095423043 ] ], [ [ 434914.456427942786831, 6061543.953487095423043 ], [ 434929.434763218974695, 6061576.524275410920382 ] ], [ [ 434914.456427942786831, 6061543.953487095423043 ], [ 434904.14321293879766, 6061521.576624219305813 ] ], [ [ 434904.14321293879766, 6061521.576624219305813 ], [ 434914.456427942786831, 6061543.953487095423043 ] ], [ [ 434904.14321293879766, 6061521.576624219305813 ], [ 434879.575167370785493, 6061468.121116807684302 ] ], [ [ 434879.575167370785493, 6061468.121116807684302 ], [ 434904.14321293879766, 6061521.576624219305813 ] ], [ [ 434879.575167370785493, 6061468.121116807684302 ], [ 434856.909856672340538, 6061418.811740515753627 ] ], [ [ 434856.909856672340538, 6061418.811740515753627 ], [ 434879.575167370785493, 6061468.121116807684302 ] ], [ [ 434856.909856672340538, 6061418.811740515753627 ], [ 434842.070021736784838, 6061386.528539050370455 ] ], [ [ 434842.070021736784838, 6061386.528539050370455 ], [ 434856.909856672340538, 6061418.811740515753627 ] ], [ [ 434842.070021736784838, 6061386.528539050370455 ], [ 434814.718410065572243, 6061326.992460397072136 ] ], [ [ 434814.718410065572243, 6061326.992460397072136 ], [ 434842.070021736784838, 6061386.528539050370455 ] ], [ [ 434814.718410065572243, 6061326.992460397072136 ], [ 434813.643167371919844, 6061323.502293664030731 ] ], [ [ 434813.643167371919844, 6061323.502293664030731 ], [ 434814.718410065572243, 6061326.992460397072136 ] ], [ [ 434813.643167371919844, 6061323.502293664030731 ], [ 434804.695800991437864, 6061294.428522082045674 ] ], [ [ 434804.695800991437864, 6061294.428522082045674 ], [ 434813.643167371919844, 6061323.502293664030731 ] ], [ [ 434804.695800991437864, 6061294.428522082045674 ], [ 434803.536714512505569, 6061262.304462241008878 ] ], [ [ 434803.536714512505569, 6061262.304462241008878 ], [ 434804.695800991437864, 6061294.428522082045674 ] ], [ [ 434803.536714512505569, 6061262.304462241008878 ], [ 434799.487858275300823, 6061123.583286586217582 ] ], [ [ 434799.487858275300823, 6061123.583286586217582 ], [ 434803.536714512505569, 6061262.304462241008878 ] ], [ [ 435491.839394392562099, 6062669.700948121957481 ], [ 435499.572496309818234, 6062695.271704294718802 ] ], [ [ 435491.839394392562099, 6062669.700948121957481 ], [ 435487.48359153943602, 6062655.284172663465142 ] ], [ [ 435487.48359153943602, 6062655.284172663465142 ], [ 435491.839394392562099, 6062669.700948121957481 ] ], [ [ 435487.48359153943602, 6062655.284172663465142 ], [ 435486.027069992618635, 6062650.30800156109035 ] ], [ [ 435486.027069992618635, 6062650.30800156109035 ], [ 435487.48359153943602, 6062655.284172663465142 ] ], [ [ 435486.027069992618635, 6062650.30800156109035 ], [ 435484.032878751924727, 6062643.781432474032044 ] ], [ [ 435484.032878751924727, 6062643.781432474032044 ], [ 435486.027069992618635, 6062650.30800156109035 ] ], [ [ 435484.032878751924727, 6062643.781432474032044 ], [ 435479.393972618039697, 6062628.044344708323479 ] ], [ [ 435479.393972618039697, 6062628.044344708323479 ], [ 435484.032878751924727, 6062643.781432474032044 ] ], [ [ 435479.393972618039697, 6062628.044344708323479 ], [ 435459.552657111373264, 6062560.716215748339891 ] ], [ [ 435437.954977749323007, 6062490.245839177630842 ], [ 435451.335995982517488, 6062532.834953010082245 ] ], [ [ 435437.954977749323007, 6062490.245839177630842 ], [ 435419.363212872762233, 6062431.182249723933637 ] ], [ [ 435419.363212872762233, 6062431.182249723933637 ], [ 435437.954977749323007, 6062490.245839177630842 ] ], [ [ 435419.363212872762233, 6062431.182249723933637 ], [ 435377.41069953731494, 6062294.671437396667898 ] ], [ [ 435377.41069953731494, 6062294.671437396667898 ], [ 435419.363212872762233, 6062431.182249723933637 ] ], [ [ 435377.41069953731494, 6062294.671437396667898 ], [ 435372.854470125632361, 6062279.356174922548234 ] ], [ [ 435372.854470125632361, 6062279.356174922548234 ], [ 435377.41069953731494, 6062294.671437396667898 ] ], [ [ 435372.854470125632361, 6062279.356174922548234 ], [ 435369.698972113721538, 6062268.706235873512924 ] ], [ [ 435971.682743596611544, 6061475.748960683122277 ], [ 435969.113854576600716, 6061465.03468834515661 ] ], [ [ 435971.682743596611544, 6061475.748960683122277 ], [ 435976.978792760404758, 6061497.887526738457382 ] ], [ [ 435976.978792760404758, 6061497.887526738457382 ], [ 435971.682743596611544, 6061475.748960683122277 ] ], [ [ 435976.978792760404758, 6061497.887526738457382 ], [ 435982.863587192958221, 6061532.482264644466341 ] ], [ [ 435982.863587192958221, 6061532.482264644466341 ], [ 435976.978792760404758, 6061497.887526738457382 ] ], [ [ 435982.863587192958221, 6061532.482264644466341 ], [ 435984.539394687802996, 6061575.750421873293817 ] ], [ [ 435984.539394687802996, 6061575.750421873293817 ], [ 435982.863587192958221, 6061532.482264644466341 ] ], [ [ 435984.539394687802996, 6061575.750421873293817 ], [ 435986.148850926896557, 6061612.052756639197469 ] ], [ [ 435986.148850926896557, 6061612.052756639197469 ], [ 435984.938544011325575, 6061584.753462297841907 ] ], [ [ 435986.148850926896557, 6061612.052756639197469 ], [ 435986.48233747377526, 6061630.154947528615594 ] ], [ [ 435986.48233747377526, 6061630.154947528615594 ], [ 435986.312495777267031, 6061620.935663939453661 ] ], [ [ 435986.48233747377526, 6061630.154947528615594 ], [ 435986.686745669983793, 6061639.373529007658362 ] ], [ [ 435352.648690609261394, 6062276.12814124673605 ], [ 435369.698972113721538, 6062268.706235873512924 ] ], [ [ 435352.648690609261394, 6062276.12814124673605 ], [ 435219.526542147446889, 6062310.596423922106624 ] ], [ [ 435219.526542147446889, 6062310.596423922106624 ], [ 435352.648690609261394, 6062276.12814124673605 ] ], [ [ 435219.526542147446889, 6062310.596423922106624 ], [ 435204.690789872896858, 6062316.017334101721644 ] ], [ [ 435204.690789872896858, 6062316.017334101721644 ], [ 435219.526542147446889, 6062310.596423922106624 ] ], [ [ 435204.690789872896858, 6062316.017334101721644 ], [ 435187.807241144299041, 6062322.00183217227459 ] ], [ [ 435187.807241144299041, 6062322.00183217227459 ], [ 435204.690789872896858, 6062316.017334101721644 ] ], [ [ 435187.807241144299041, 6062322.00183217227459 ], [ 435096.665564355498645, 6062357.130009295418859 ] ], [ [ 435096.665564355498645, 6062357.130009295418859 ], [ 435187.807241144299041, 6062322.00183217227459 ] ], [ [ 435096.665564355498645, 6062357.130009295418859 ], [ 435060.797137705201749, 6062369.931352309882641 ] ], [ [ 435143.572413748537656, 6061617.743087286129594 ], [ 435119.17982323653996, 6061626.628829459659755 ] ], [ [ 435143.572413748537656, 6061617.743087286129594 ], [ 435129.49852318019839, 6061590.589637166820467 ] ], [ [ 435143.572413748537656, 6061617.743087286129594 ], [ 435155.283062659029383, 6061612.244401923380792 ] ], [ [ 435143.572413748537656, 6061617.743087286129594 ], [ 435153.402920614928007, 6061633.97301762457937 ] ], [ [ 435119.17982323653996, 6061626.628829459659755 ], [ 435143.572413748537656, 6061617.743087286129594 ] ], [ [ 435119.17982323653996, 6061626.628829459659755 ], [ 435110.295884716440924, 6061629.215767132118344 ] ], [ [ 435119.17982323653996, 6061626.628829459659755 ], [ 435132.60123303841101, 6061629.407829841598868 ] ], [ [ 435110.295884716440924, 6061629.215767132118344 ], [ 435119.17982323653996, 6061626.628829459659755 ] ], [ [ 435110.295884716440924, 6061629.215767132118344 ], [ 435001.860389325069264, 6061660.820858905091882 ] ], [ [ 435001.860389325069264, 6061660.820858905091882 ], [ 435110.295884716440924, 6061629.215767132118344 ] ], [ [ 435001.860389325069264, 6061660.820858905091882 ], [ 434988.7144055008539, 6061664.648955650627613 ] ], [ [ 434988.7144055008539, 6061664.648955650627613 ], [ 435001.860389325069264, 6061660.820858905091882 ] ], [ [ 434988.7144055008539, 6061664.648955650627613 ], [ 434979.644201885792427, 6061667.272217029705644 ] ], [ [ 434979.644201885792427, 6061667.272217029705644 ], [ 434988.7144055008539, 6061664.648955650627613 ] ], [ [ 434979.644201885792427, 6061667.272217029705644 ], [ 434972.126689309137873, 6061669.394628321751952 ] ], [ [ 435359.761455236934125, 6062236.273483766242862 ], [ 435369.698972113721538, 6062268.706235873512924 ] ], [ [ 435359.761455236934125, 6062236.273483766242862 ], [ 435357.489614379825071, 6062228.382060393691063 ] ], [ [ 435357.489614379825071, 6062228.382060393691063 ], [ 435359.761455236934125, 6062236.273483766242862 ] ], [ [ 435357.489614379825071, 6062228.382060393691063 ], [ 435311.625789931276813, 6062081.366240571253002 ] ], [ [ 435311.625789931276813, 6062081.366240571253002 ], [ 435357.489614379825071, 6062228.382060393691063 ] ], [ [ 435311.625789931276813, 6062081.366240571253002 ], [ 435308.855628131015692, 6062072.892126303166151 ] ], [ [ 435308.855628131015692, 6062072.892126303166151 ], [ 435311.625789931276813, 6062081.366240571253002 ] ], [ [ 435308.855628131015692, 6062072.892126303166151 ], [ 435288.165691270434763, 6062008.405809124000371 ] ], [ [ 435288.165691270434763, 6062008.405809124000371 ], [ 435308.855628131015692, 6062072.892126303166151 ] ], [ [ 435288.165691270434763, 6062008.405809124000371 ], [ 435278.790576443774626, 6061976.165500951930881 ] ], [ [ 435278.790576443774626, 6061976.165500951930881 ], [ 435288.165691270434763, 6062008.405809124000371 ] ], [ [ 435278.790576443774626, 6061976.165500951930881 ], [ 435265.763727665354963, 6061931.067757808603346 ] ], [ [ 435265.763727665354963, 6061931.067757808603346 ], [ 435278.790576443774626, 6061976.165500951930881 ] ], [ [ 435265.763727665354963, 6061931.067757808603346 ], [ 435253.104451413266361, 6061887.80108355730772 ] ], [ [ 435253.104451413266361, 6061887.80108355730772 ], [ 435265.763727665354963, 6061931.067757808603346 ] ], [ [ 435253.104451413266361, 6061887.80108355730772 ], [ 435242.032291861833073, 6061844.656400267966092 ] ], [ [ 435242.032291861833073, 6061844.656400267966092 ], [ 435253.104451413266361, 6061887.80108355730772 ] ], [ [ 435242.032291861833073, 6061844.656400267966092 ], [ 435230.054845855222084, 6061790.518064501695335 ] ], [ [ 435230.054845855222084, 6061790.518064501695335 ], [ 435242.032291861833073, 6061844.656400267966092 ] ], [ [ 435230.054845855222084, 6061790.518064501695335 ], [ 435225.922410508035682, 6061773.805740531533957 ] ], [ [ 435225.922410508035682, 6061773.805740531533957 ], [ 435230.054845855222084, 6061790.518064501695335 ] ], [ [ 435225.922410508035682, 6061773.805740531533957 ], [ 435226.277660552994348, 6061756.750936168245971 ] ], [ [ 435225.922410508035682, 6061773.805740531533957 ], [ 435216.479147972830106, 6061759.373023302294314 ] ], [ [ 434603.798190605128184, 6061780.229978147894144 ], [ 434597.863432221929543, 6061782.129815918393433 ] ], [ [ 434603.798190605128184, 6061780.229978147894144 ], [ 434610.421851044462528, 6061778.275674218311906 ] ], [ [ 434597.863432221929543, 6061782.129815918393433 ], [ 434603.798190605128184, 6061780.229978147894144 ] ], [ [ 434597.863432221929543, 6061782.129815918393433 ], [ 434580.762587391480338, 6061787.440815110690892 ] ], [ [ 434580.762587391480338, 6061787.440815110690892 ], [ 434597.863432221929543, 6061782.129815918393433 ] ], [ [ 434580.762587391480338, 6061787.440815110690892 ], [ 434532.906212965084706, 6061801.421257665380836 ] ], [ [ 434532.906212965084706, 6061801.421257665380836 ], [ 434580.762587391480338, 6061787.440815110690892 ] ], [ [ 434532.906212965084706, 6061801.421257665380836 ], [ 434529.009998946101405, 6061802.546037032268941 ] ], [ [ 434529.009998946101405, 6061802.546037032268941 ], [ 434532.906212965084706, 6061801.421257665380836 ] ], [ [ 434529.009998946101405, 6061802.546037032268941 ], [ 434525.336759556201287, 6061803.489527073688805 ] ], [ [ 434525.336759556201287, 6061803.489527073688805 ], [ 434529.009998946101405, 6061802.546037032268941 ] ], [ [ 434525.336759556201287, 6061803.489527073688805 ], [ 434469.38321500341408, 6061820.904321258887649 ] ], [ [ 434469.38321500341408, 6061820.904321258887649 ], [ 434525.336759556201287, 6061803.489527073688805 ] ], [ [ 434469.38321500341408, 6061820.904321258887649 ], [ 434380.727679554722272, 6061847.819758866913617 ] ], [ [ 434380.727679554722272, 6061847.819758866913617 ], [ 434469.38321500341408, 6061820.904321258887649 ] ], [ [ 434380.727679554722272, 6061847.819758866913617 ], [ 434352.076511971303262, 6061856.215017380192876 ] ], [ [ 434352.076511971303262, 6061856.215017380192876 ], [ 434380.727679554722272, 6061847.819758866913617 ] ], [ [ 434352.076511971303262, 6061856.215017380192876 ], [ 434326.771033636759967, 6061866.8544837879017 ] ], [ [ 434326.771033636759967, 6061866.8544837879017 ], [ 434352.076511971303262, 6061856.215017380192876 ] ], [ [ 434326.771033636759967, 6061866.8544837879017 ], [ 434312.014914874627721, 6061876.906861847266555 ] ], [ [ 434312.014914874627721, 6061876.906861847266555 ], [ 434326.771033636759967, 6061866.8544837879017 ] ], [ [ 434312.014914874627721, 6061876.906861847266555 ], [ 434300.799952882749494, 6061887.57560546323657 ] ], [ [ 434300.799952882749494, 6061887.57560546323657 ], [ 434312.014914874627721, 6061876.906861847266555 ] ], [ [ 434300.799952882749494, 6061887.57560546323657 ], [ 434275.070948144013528, 6061931.152560446411371 ] ], [ [ 434275.070948144013528, 6061931.152560446411371 ], [ 434300.799952882749494, 6061887.57560546323657 ] ], [ [ 434275.070948144013528, 6061931.152560446411371 ], [ 434271.409731069928966, 6061937.349026494659483 ] ], [ [ 434271.409731069928966, 6061937.349026494659483 ], [ 434275.070948144013528, 6061931.152560446411371 ] ], [ [ 434271.409731069928966, 6061937.349026494659483 ], [ 434244.605718726059422, 6061990.735411462374032 ] ], [ [ 434244.605718726059422, 6061990.735411462374032 ], [ 434271.409731069928966, 6061937.349026494659483 ] ], [ [ 434244.605718726059422, 6061990.735411462374032 ], [ 434210.540027299837675, 6062061.065936462022364 ] ], [ [ 434210.540027299837675, 6062061.065936462022364 ], [ 434212.737265249132179, 6062056.529539568349719 ] ], [ [ 434210.540027299837675, 6062061.065936462022364 ], [ 434208.326229195867199, 6062065.594283050857484 ] ], [ [ 434951.586299712012988, 6061675.833167678676546 ], [ 434972.126689309137873, 6061669.394628321751952 ] ], [ [ 434951.586299712012988, 6061675.833167678676546 ], [ 434855.410960238950793, 6061705.974578068591654 ] ], [ [ 434855.410960238950793, 6061705.974578068591654 ], [ 434951.586299712012988, 6061675.833167678676546 ] ], [ [ 434855.410960238950793, 6061705.974578068591654 ], [ 434765.464951279805973, 6061731.754663125611842 ] ], [ [ 434765.464951279805973, 6061731.754663125611842 ], [ 434855.410960238950793, 6061705.974578068591654 ] ], [ [ 434765.464951279805973, 6061731.754663125611842 ], [ 434717.446804946346674, 6061746.214011380448937 ] ], [ [ 434717.446804946346674, 6061746.214011380448937 ], [ 434765.464951279805973, 6061731.754663125611842 ] ], [ [ 434717.446804946346674, 6061746.214011380448937 ], [ 434610.421851044462528, 6061778.275674218311906 ] ], [ [ 434610.421851044462528, 6061778.275674218311906 ], [ 434717.446804946346674, 6061746.214011380448937 ] ], [ [ 434610.421851044462528, 6061778.275674218311906 ], [ 434603.798190605128184, 6061780.229978147894144 ] ], [ [ 435387.38579542649677, 6060546.36754591576755 ], [ 435385.413871996977832, 6060535.418396914377809 ] ], [ [ 435387.38579542649677, 6060546.36754591576755 ], [ 435388.296024929441046, 6060551.419468718580902 ] ], [ [ 435397.349828231381252, 6060601.670124786905944 ], [ 435388.296024929441046, 6060551.419468718580902 ] ], [ [ 435397.349828231381252, 6060601.670124786905944 ], [ 435401.572343231586274, 6060625.125490166246891 ] ], [ [ 435129.49852318019839, 6061590.589637166820467 ], [ 435099.368217437760904, 6061526.629016649909317 ] ], [ [ 435129.49852318019839, 6061590.589637166820467 ], [ 435143.572413748537656, 6061617.743087286129594 ] ], [ [ 435099.368217437760904, 6061526.629016649909317 ], [ 435129.49852318019839, 6061590.589637166820467 ] ], [ [ 435099.368217437760904, 6061526.629016649909317 ], [ 435076.640379930904601, 6061489.394522068090737 ] ], [ [ 435076.640379930904601, 6061489.394522068090737 ], [ 435099.368217437760904, 6061526.629016649909317 ] ], [ [ 435076.640379930904601, 6061489.394522068090737 ], [ 435055.056149325042497, 6061460.902291697449982 ] ], [ [ 435055.056149325042497, 6061460.902291697449982 ], [ 435076.640379930904601, 6061489.394522068090737 ] ], [ [ 435055.056149325042497, 6061460.902291697449982 ], [ 434998.424236257153098, 6061398.769581975415349 ] ], [ [ 434998.424236257153098, 6061398.769581975415349 ], [ 435055.056149325042497, 6061460.902291697449982 ] ], [ [ 434998.424236257153098, 6061398.769581975415349 ], [ 434926.327391997911036, 6061327.756373420357704 ] ], [ [ 434926.327391997911036, 6061327.756373420357704 ], [ 434998.424236257153098, 6061398.769581975415349 ] ], [ [ 434926.327391997911036, 6061327.756373420357704 ], [ 434896.238577595795505, 6061296.115247715264559 ] ], [ [ 434896.238577595795505, 6061296.115247715264559 ], [ 434926.327391997911036, 6061327.756373420357704 ] ], [ [ 434896.238577595795505, 6061296.115247715264559 ], [ 434877.513153277628589, 6061270.665446594357491 ] ], [ [ 434877.513153277628589, 6061270.665446594357491 ], [ 434896.238577595795505, 6061296.115247715264559 ] ], [ [ 434877.513153277628589, 6061270.665446594357491 ], [ 434864.910009453888051, 6061245.105323502793908 ] ], [ [ 434864.910009453888051, 6061245.105323502793908 ], [ 434877.513153277628589, 6061270.665446594357491 ] ], [ [ 434864.910009453888051, 6061245.105323502793908 ], [ 434855.977378407027572, 6061217.489153736270964 ] ], [ [ 434855.977378407027572, 6061217.489153736270964 ], [ 434864.910009453888051, 6061245.105323502793908 ] ], [ [ 434855.977378407027572, 6061217.489153736270964 ], [ 434851.187488221214153, 6061187.031082912348211 ] ], [ [ 434851.187488221214153, 6061187.031082912348211 ], [ 434855.977378407027572, 6061217.489153736270964 ] ], [ [ 434851.187488221214153, 6061187.031082912348211 ], [ 434849.364959047990851, 6061138.356522778980434 ] ], [ [ 434849.364959047990851, 6061138.356522778980434 ], [ 434851.187488221214153, 6061187.031082912348211 ] ], [ [ 434849.364959047990851, 6061138.356522778980434 ], [ 434845.159382990037557, 6061014.17217706143856 ] ], [ [ 434845.159382990037557, 6061014.17217706143856 ], [ 434849.364959047990851, 6061138.356522778980434 ] ], [ [ 434845.159382990037557, 6061014.17217706143856 ], [ 434841.153315759147517, 6060902.060015891678631 ] ], [ [ 434841.153315759147517, 6060902.060015891678631 ], [ 434845.159382990037557, 6061014.17217706143856 ] ], [ [ 434841.153315759147517, 6060902.060015891678631 ], [ 434840.479561465908773, 6060805.569610713049769 ] ], [ [ 434840.479561465908773, 6060805.569610713049769 ], [ 434841.153315759147517, 6060902.060015891678631 ] ], [ [ 434840.479561465908773, 6060805.569610713049769 ], [ 434838.159141520271078, 6060774.263583594933152 ] ], [ [ 434838.159141520271078, 6060774.263583594933152 ], [ 434840.479561465908773, 6060805.569610713049769 ] ], [ [ 434838.159141520271078, 6060774.263583594933152 ], [ 434830.821758791164029, 6060727.660569342784584 ] ], [ [ 434830.821758791164029, 6060727.660569342784584 ], [ 434838.159141520271078, 6060774.263583594933152 ] ], [ [ 434830.821758791164029, 6060727.660569342784584 ], [ 434817.344084450684022, 6060664.775154746137559 ] ], [ [ 434817.344084450684022, 6060664.775154746137559 ], [ 434824.5046459598816, 6060698.185378530994058 ] ], [ [ 434817.344084450684022, 6060664.775154746137559 ], [ 434807.956691174418665, 6060631.921038713306189 ] ], [ [ 434847.694275376328733, 6060712.460168929770589 ], [ 434852.890267883602064, 6060745.572224112227559 ] ], [ [ 434847.694275376328733, 6060712.460168929770589 ], [ 434824.08438935270533, 6060612.788392993621528 ] ], [ [ 434852.890267883602064, 6060745.572224112227559 ], [ 434847.694275376328733, 6060712.460168929770589 ] ], [ [ 434852.890267883602064, 6060745.572224112227559 ], [ 434856.270464174507651, 6060780.190588901750743 ] ], [ [ 434856.270464174507651, 6060780.190588901750743 ], [ 434852.890267883602064, 6060745.572224112227559 ] ], [ [ 434856.270464174507651, 6060780.190588901750743 ], [ 434858.170704093645327, 6060840.538393390364945 ] ], [ [ 434858.170704093645327, 6060840.538393390364945 ], [ 434856.270464174507651, 6060780.190588901750743 ] ], [ [ 434858.170704093645327, 6060840.538393390364945 ], [ 434858.625484196702018, 6060903.032661909237504 ] ], [ [ 434858.625484196702018, 6060903.032661909237504 ], [ 434858.170704093645327, 6060840.538393390364945 ] ], [ [ 434858.625484196702018, 6060903.032661909237504 ], [ 434861.43062976852525, 6061013.704209256917238 ] ], [ [ 434861.43062976852525, 6061013.704209256917238 ], [ 434858.625484196702018, 6060903.032661909237504 ] ], [ [ 434861.43062976852525, 6061013.704209256917238 ], [ 434864.226993950433098, 6061141.681599726900458 ] ], [ [ 434864.226993950433098, 6061141.681599726900458 ], [ 434861.43062976852525, 6061013.704209256917238 ] ], [ [ 434864.226993950433098, 6061141.681599726900458 ], [ 434866.134341036202386, 6061187.75073984451592 ] ], [ [ 434866.134341036202386, 6061187.75073984451592 ], [ 434864.226993950433098, 6061141.681599726900458 ] ], [ [ 434866.134341036202386, 6061187.75073984451592 ], [ 434871.318319237208925, 6061217.3796007912606 ] ], [ [ 434871.318319237208925, 6061217.3796007912606 ], [ 434866.134341036202386, 6061187.75073984451592 ] ], [ [ 434871.318319237208925, 6061217.3796007912606 ], [ 434881.502959558158182, 6061245.100199609994888 ] ], [ [ 434881.502959558158182, 6061245.100199609994888 ], [ 434871.318319237208925, 6061217.3796007912606 ] ], [ [ 434881.502959558158182, 6061245.100199609994888 ], [ 434904.615384888427798, 6061284.676461123861372 ] ], [ [ 434904.615384888427798, 6061284.676461123861372 ], [ 434881.502959558158182, 6061245.100199609994888 ] ], [ [ 434904.615384888427798, 6061284.676461123861372 ], [ 434933.649550535483286, 6061317.390070092864335 ] ], [ [ 434933.649550535483286, 6061317.390070092864335 ], [ 434904.615384888427798, 6061284.676461123861372 ] ], [ [ 434933.649550535483286, 6061317.390070092864335 ], [ 435007.948550975765102, 6061387.781921150162816 ] ], [ [ 435007.948550975765102, 6061387.781921150162816 ], [ 434933.649550535483286, 6061317.390070092864335 ] ], [ [ 435007.948550975765102, 6061387.781921150162816 ], [ 435072.454783593129832, 6061456.456919207237661 ] ], [ [ 435072.454783593129832, 6061456.456919207237661 ], [ 435007.948550975765102, 6061387.781921150162816 ] ], [ [ 435072.454783593129832, 6061456.456919207237661 ], [ 435093.763017585675698, 6061485.487384844571352 ] ], [ [ 435093.763017585675698, 6061485.487384844571352 ], [ 435072.454783593129832, 6061456.456919207237661 ] ], [ [ 435093.763017585675698, 6061485.487384844571352 ], [ 435112.980771270464174, 6061520.691168752498925 ] ], [ [ 435112.980771270464174, 6061520.691168752498925 ], [ 435093.763017585675698, 6061485.487384844571352 ] ], [ [ 435112.980771270464174, 6061520.691168752498925 ], [ 435139.594830258283764, 6061576.344361168332398 ] ], [ [ 435139.594830258283764, 6061576.344361168332398 ], [ 435112.980771270464174, 6061520.691168752498925 ] ], [ [ 435139.594830258283764, 6061576.344361168332398 ], [ 435143.509940089308657, 6061585.057933271862566 ] ], [ [ 435143.509940089308657, 6061585.057933271862566 ], [ 435139.594830258283764, 6061576.344361168332398 ] ], [ [ 435143.509940089308657, 6061585.057933271862566 ], [ 435155.283062659029383, 6061612.244401923380792 ] ], [ [ 435160.845921815605834, 6061623.494054726324975 ], [ 435155.283062659029383, 6061612.244401923380792 ] ], [ [ 435160.845921815605834, 6061623.494054726324975 ], [ 435167.507150088669732, 6061636.274912880733609 ] ], [ [ 435167.507150088669732, 6061636.274912880733609 ], [ 435160.845921815605834, 6061623.494054726324975 ] ], [ [ 435167.507150088669732, 6061636.274912880733609 ], [ 435184.932890562398825, 6061662.556902229785919 ] ], [ [ 435184.932890562398825, 6061662.556902229785919 ], [ 435167.507150088669732, 6061636.274912880733609 ] ], [ [ 435184.932890562398825, 6061662.556902229785919 ], [ 435200.350468817225192, 6061685.005935607478023 ] ], [ [ 435200.350468817225192, 6061685.005935607478023 ], [ 435184.932890562398825, 6061662.556902229785919 ] ], [ [ 435200.350468817225192, 6061685.005935607478023 ], [ 435210.333441441645846, 6061703.804612442851067 ] ], [ [ 435210.333441441645846, 6061703.804612442851067 ], [ 435200.350468817225192, 6061685.005935607478023 ] ], [ [ 435210.333441441645846, 6061703.804612442851067 ], [ 435208.776813219301403, 6061687.378157594241202 ] ], [ [ 435210.333441441645846, 6061703.804612442851067 ], [ 435215.61163721740013, 6061719.498899906873703 ] ], [ [ 435198.754087943409104, 6061597.854890994727612 ], [ 435212.545269292662852, 6061572.438933257013559 ] ], [ [ 435198.754087943409104, 6061597.854890994727612 ], [ 435195.157272816693876, 6061610.003696705214679 ] ], [ [ 435195.157272816693876, 6061610.003696705214679 ], [ 435198.754087943409104, 6061597.854890994727612 ] ], [ [ 435195.157272816693876, 6061610.003696705214679 ], [ 435193.816267398651689, 6061620.784704701974988 ] ], [ [ 435193.816267398651689, 6061620.784704701974988 ], [ 435195.157272816693876, 6061610.003696705214679 ] ], [ [ 435193.816267398651689, 6061620.784704701974988 ], [ 435194.797406283323653, 6061633.480034431442618 ] ], [ [ 435194.797406283323653, 6061633.480034431442618 ], [ 435193.816267398651689, 6061620.784704701974988 ] ], [ [ 435194.797406283323653, 6061633.480034431442618 ], [ 435208.776813219301403, 6061687.378157594241202 ] ], [ [ 435208.776813219301403, 6061687.378157594241202 ], [ 435194.797406283323653, 6061633.480034431442618 ] ], [ [ 435208.776813219301403, 6061687.378157594241202 ], [ 435210.333441441645846, 6061703.804612442851067 ] ], [ [ 435198.179518088058103, 6061706.694180390797555 ], [ 435190.007360387942754, 6061693.267181295901537 ] ], [ [ 435198.179518088058103, 6061706.694180390797555 ], [ 435203.016247236519121, 6061717.664927632547915 ] ], [ [ 435190.007360387942754, 6061693.267181295901537 ], [ 435198.179518088058103, 6061706.694180390797555 ] ], [ [ 435190.007360387942754, 6061693.267181295901537 ], [ 435165.329425020841882, 6061653.433744333684444 ] ], [ [ 435165.329425020841882, 6061653.433744333684444 ], [ 435190.007360387942754, 6061693.267181295901537 ] ], [ [ 435165.329425020841882, 6061653.433744333684444 ], [ 435159.001499283418525, 6061643.218925264663994 ] ], [ [ 435159.001499283418525, 6061643.218925264663994 ], [ 435165.329425020841882, 6061653.433744333684444 ] ], [ [ 435159.001499283418525, 6061643.218925264663994 ], [ 435143.075922382238787, 6061633.019275999628007 ] ], [ [ 435159.001499283418525, 6061643.218925264663994 ], [ 435153.402920614928007, 6061633.97301762457937 ] ], [ [ 435143.075922382238787, 6061633.019275999628007 ], [ 435159.001499283418525, 6061643.218925264663994 ] ], [ [ 435143.075922382238787, 6061633.019275999628007 ], [ 435132.60123303841101, 6061629.407829841598868 ] ], [ [ 435132.60123303841101, 6061629.407829841598868 ], [ 435143.075922382238787, 6061633.019275999628007 ] ], [ [ 435132.60123303841101, 6061629.407829841598868 ], [ 435119.17982323653996, 6061626.628829459659755 ] ], [ [ 435227.205457641684916, 6061558.184151376597583 ], [ 435212.545269292662852, 6061572.438933257013559 ] ], [ [ 435227.205457641684916, 6061558.184151376597583 ], [ 435246.936701630183961, 6061536.133273484185338 ] ], [ [ 435246.936701630183961, 6061536.133273484185338 ], [ 435227.205457641684916, 6061558.184151376597583 ] ], [ [ 435246.936701630183961, 6061536.133273484185338 ], [ 435264.362564850132912, 6061517.832576036453247 ] ], [ [ 435264.362564850132912, 6061517.832576036453247 ], [ 435246.936701630183961, 6061536.133273484185338 ] ], [ [ 435264.362564850132912, 6061517.832576036453247 ], [ 435266.470224014134146, 6061515.64680007006973 ] ], [ [ 435354.266889756545424, 6061424.598882337100804 ], [ 435266.470224014134146, 6061515.64680007006973 ] ], [ [ 435354.266889756545424, 6061424.598882337100804 ], [ 435388.930471609754022, 6061389.136277066543698 ] ], [ [ 435388.930471609754022, 6061389.136277066543698 ], [ 435354.266889756545424, 6061424.598882337100804 ] ], [ [ 435388.930471609754022, 6061389.136277066543698 ], [ 435393.453427251020912, 6061384.464265653863549 ] ], [ [ 435393.453427251020912, 6061384.464265653863549 ], [ 435388.930471609754022, 6061389.136277066543698 ] ], [ [ 435393.453427251020912, 6061384.464265653863549 ], [ 435426.240293696871959, 6061350.252954427152872 ] ], [ [ 435426.240293696871959, 6061350.252954427152872 ], [ 435393.453427251020912, 6061384.464265653863549 ] ], [ [ 435426.240293696871959, 6061350.252954427152872 ], [ 435493.633415399875958, 6061280.024496903643012 ] ], [ [ 435493.633415399875958, 6061280.024496903643012 ], [ 435426.240293696871959, 6061350.252954427152872 ] ], [ [ 435493.633415399875958, 6061280.024496903643012 ], [ 435566.942683701985516, 6061203.647521966136992 ] ], [ [ 435566.942683701985516, 6061203.647521966136992 ], [ 435493.633415399875958, 6061280.024496903643012 ] ], [ [ 435566.942683701985516, 6061203.647521966136992 ], [ 435580.091593604534864, 6061189.938526129350066 ] ], [ [ 435580.091593604534864, 6061189.938526129350066 ], [ 435566.942683701985516, 6061203.647521966136992 ] ], [ [ 435580.091593604534864, 6061189.938526129350066 ], [ 435592.757721127476543, 6061176.726119843311608 ] ], [ [ 435592.757721127476543, 6061176.726119843311608 ], [ 435580.091593604534864, 6061189.938526129350066 ] ], [ [ 435592.757721127476543, 6061176.726119843311608 ], [ 435597.547206720744725, 6061171.727787224575877 ] ], [ [ 435597.547206720744725, 6061171.727787224575877 ], [ 435592.757721127476543, 6061176.726119843311608 ] ], [ [ 435597.547206720744725, 6061171.727787224575877 ], [ 435672.440838848764542, 6061093.638447069562972 ] ], [ [ 435672.440838848764542, 6061093.638447069562972 ], [ 435597.547206720744725, 6061171.727787224575877 ] ], [ [ 435672.440838848764542, 6061093.638447069562972 ], [ 435679.307739195122849, 6061086.473900128155947 ] ], [ [ 435215.61163721740013, 6061719.498899906873703 ], [ 435210.333441441645846, 6061703.804612442851067 ] ], [ [ 435215.61163721740013, 6061719.498899906873703 ], [ 435226.277660552994348, 6061756.750936168245971 ] ], [ [ 435226.277660552994348, 6061756.750936168245971 ], [ 435215.61163721740013, 6061719.498899906873703 ] ], [ [ 435226.277660552994348, 6061756.750936168245971 ], [ 435225.922410508035682, 6061773.805740531533957 ] ], [ [ 435153.402920614928007, 6061633.97301762457937 ], [ 435159.001499283418525, 6061643.218925264663994 ] ], [ [ 435153.402920614928007, 6061633.97301762457937 ], [ 435143.572413748537656, 6061617.743087286129594 ] ], [ [ 435216.479147972830106, 6061759.373023302294314 ], [ 435225.922410508035682, 6061773.805740531533957 ] ], [ [ 435216.479147972830106, 6061759.373023302294314 ], [ 435203.016247236519121, 6061717.664927632547915 ] ], [ [ 435203.016247236519121, 6061717.664927632547915 ], [ 435216.479147972830106, 6061759.373023302294314 ] ], [ [ 435203.016247236519121, 6061717.664927632547915 ], [ 435198.179518088058103, 6061706.694180390797555 ] ], [ [ 435266.470224014134146, 6061515.64680007006973 ], [ 435264.362564850132912, 6061517.832576036453247 ] ], [ [ 435266.470224014134146, 6061515.64680007006973 ], [ 435354.266889756545424, 6061424.598882337100804 ] ], [ [ 435388.296024929441046, 6060551.419468718580902 ], [ 435387.38579542649677, 6060546.36754591576755 ] ], [ [ 435388.296024929441046, 6060551.419468718580902 ], [ 435391.178977916250005, 6060567.420398402027786 ] ] ] } },
{ "type": "Feature", "properties": { "full_id": "n10997645395", "osm_id": "10997645395", "osm_type": "node", "amenity": "community_centre", "entrance": null, "full_name": null, "community_centre": null, "check_date": "2023-06-22", "operator": null, "contact:phone": null, "opening_hours": null, "name": "Искатель", "type": "lines", "start": "55.950633, 54.734109" }, "geometry": { "type": "MultiLineString", "coordinates": [ [ [ 431676.687463923823088, 6065858.50301390979439 ], [ 431680.388019974343479, 6065857.489929149858654 ] ], [ [ 431676.687463923823088, 6065858.50301390979439 ], [ 431738.857592582469806, 6066088.118231107480824 ] ], [ [ 431676.687463923823088, 6065858.50301390979439 ], [ 431674.648421738122124, 6065850.999300303868949 ] ], [ [ 431680.388019974343479, 6065857.489929149858654 ], [ 431676.687463923823088, 6065858.50301390979439 ] ], [ [ 431680.388019974343479, 6065857.489929149858654 ], [ 431683.08753302070545, 6065856.714571421965957 ] ], [ [ 431683.08753302070545, 6065856.714571421965957 ], [ 431680.388019974343479, 6065857.489929149858654 ] ], [ [ 431683.08753302070545, 6065856.714571421965957 ], [ 431690.934379312151577, 6065855.204754110425711 ] ], [ [ 431690.934379312151577, 6065855.204754110425711 ], [ 431683.08753302070545, 6065856.714571421965957 ] ], [ [ 431690.934379312151577, 6065855.204754110425711 ], [ 431697.173188696266152, 6065854.676383339799941 ] ], [ [ 431690.934379312151577, 6065855.204754110425711 ], [ 431688.474712868046481, 6065847.139799318276346 ] ], [ [ 431690.934379312151577, 6065855.204754110425711 ], [ 431691.181821316946298, 6065865.606928208842874 ] ], [ [ 431697.173188696266152, 6065854.676383339799941 ], [ 431690.934379312151577, 6065855.204754110425711 ] ], [ [ 431697.173188696266152, 6065854.676383339799941 ], [ 431718.672510295291431, 6065852.292467724531889 ] ], [ [ 431718.672510295291431, 6065852.292467724531889 ], [ 431697.173188696266152, 6065854.676383339799941 ] ], [ [ 431718.672510295291431, 6065852.292467724531889 ], [ 431809.363947874109726, 6065825.636868412606418 ] ], [ [ 431809.363947874109726, 6065825.636868412606418 ], [ 431718.672510295291431, 6065852.292467724531889 ] ], [ [ 431809.363947874109726, 6065825.636868412606418 ], [ 431835.65143900946714, 6065817.905950746499002 ] ], [ [ 431835.65143900946714, 6065817.905950746499002 ], [ 431809.363947874109726, 6065825.636868412606418 ] ], [ [ 431835.65143900946714, 6065817.905950746499002 ], [ 431881.039378716726787, 6065804.567344475537539 ] ], [ [ 431881.039378716726787, 6065804.567344475537539 ], [ 431835.65143900946714, 6065817.905950746499002 ] ], [ [ 431881.039378716726787, 6065804.567344475537539 ], [ 431924.869532835611608, 6065791.68671578168869 ] ], [ [ 431924.869532835611608, 6065791.68671578168869 ], [ 431881.039378716726787, 6065804.567344475537539 ] ], [ [ 431924.869532835611608, 6065791.68671578168869 ], [ 432055.418976469722111, 6065753.328670262359083 ] ], [ [ 432055.418976469722111, 6065753.328670262359083 ], [ 431924.869532835611608, 6065791.68671578168869 ] ], [ [ 432055.418976469722111, 6065753.328670262359083 ], [ 432070.428992309374735, 6065748.918344254605472 ] ], [ [ 432070.428992309374735, 6065748.918344254605472 ], [ 432055.418976469722111, 6065753.328670262359083 ] ], [ [ 432070.428992309374735, 6065748.918344254605472 ], [ 432082.380498823185917, 6065745.399872727692127 ] ], [ [ 432070.428992309374735, 6065748.918344254605472 ], [ 432066.504749546526, 6065735.92268221732229 ] ], [ [ 432070.428992309374735, 6065748.918344254605472 ], [ 432073.069978968822397, 6065757.949014308862388 ] ], [ [ 432082.380498823185917, 6065745.399872727692127 ], [ 432070.428992309374735, 6065748.918344254605472 ] ], [ [ 432082.380498823185917, 6065745.399872727692127 ], [ 432120.332220166223124, 6065734.256675763987005 ] ], [ [ 432120.332220166223124, 6065734.256675763987005 ], [ 432082.380498823185917, 6065745.399872727692127 ] ], [ [ 432120.332220166223124, 6065734.256675763987005 ], [ 432154.946353247854859, 6065723.853936587460339 ] ], [ [ 432154.946353247854859, 6065723.853936587460339 ], [ 432120.332220166223124, 6065734.256675763987005 ] ], [ [ 432154.946353247854859, 6065723.853936587460339 ], [ 432165.877740442287177, 6065720.584723086096346 ] ], [ [ 432165.877740442287177, 6065720.584723086096346 ], [ 432154.946353247854859, 6065723.853936587460339 ] ], [ [ 432165.877740442287177, 6065720.584723086096346 ], [ 432219.635056856262963, 6065704.786759932525456 ] ], [ [ 432219.635056856262963, 6065704.786759932525456 ], [ 432165.877740442287177, 6065720.584723086096346 ] ], [ [ 432219.635056856262963, 6065704.786759932525456 ], [ 432246.760609433811624, 6065697.023435011506081 ] ], [ [ 432246.760609433811624, 6065697.023435011506081 ], [ 432219.635056856262963, 6065704.786759932525456 ] ], [ [ 432246.760609433811624, 6065697.023435011506081 ], [ 432259.833558081183583, 6065693.544268255122006 ] ], [ [ 432259.833558081183583, 6065693.544268255122006 ], [ 432246.760609433811624, 6065697.023435011506081 ] ], [ [ 432259.833558081183583, 6065693.544268255122006 ], [ 432273.099021566682495, 6065690.017736749723554 ] ], [ [ 432273.099021566682495, 6065690.017736749723554 ], [ 432259.833558081183583, 6065693.544268255122006 ] ], [ [ 432273.099021566682495, 6065690.017736749723554 ], [ 432301.774196476384532, 6065681.218752126209438 ] ], [ [ 432301.774196476384532, 6065681.218752126209438 ], [ 432273.099021566682495, 6065690.017736749723554 ] ], [ [ 432301.774196476384532, 6065681.218752126209438 ], [ 432382.07383251702413, 6065657.757691984064877 ] ], [ [ 432382.07383251702413, 6065657.757691984064877 ], [ 432301.774196476384532, 6065681.218752126209438 ] ], [ [ 432382.07383251702413, 6065657.757691984064877 ], [ 432424.214285434107296, 6065644.554982436820865 ] ], [ [ 432435.381117875804193, 6065641.056464594788849 ], [ 432424.214285434107296, 6065644.554982436820865 ] ], [ [ 432435.381117875804193, 6065641.056464594788849 ], [ 432452.213992674020119, 6065636.186123014427722 ] ], [ [ 432452.213992674020119, 6065636.186123014427722 ], [ 432435.381117875804193, 6065641.056464594788849 ] ], [ [ 432452.213992674020119, 6065636.186123014427722 ], [ 432448.543744749156758, 6065625.033816346898675 ] ], [ [ 432452.213992674020119, 6065636.186123014427722 ], [ 432462.487250243313611, 6065633.239096000790596 ] ], [ [ 432452.213992674020119, 6065636.186123014427722 ], [ 432455.231428552127909, 6065645.890256830491126 ] ], [ [ 433040.478579459595494, 6065838.606976268813014 ], [ 433017.787051880615763, 6065837.496549975126982 ] ], [ [ 433040.478579459595494, 6065838.606976268813014 ], [ 433024.122822410427034, 6065830.469096858985722 ] ], [ [ 433040.478579459595494, 6065838.606976268813014 ], [ 433047.996606788598001, 6065840.521078070625663 ] ], [ [ 433017.787051880615763, 6065837.496549975126982 ], [ 433040.478579459595494, 6065838.606976268813014 ] ], [ [ 433017.787051880615763, 6065837.496549975126982 ], [ 432998.934185343794525, 6065838.588543883524835 ] ], [ [ 432998.934185343794525, 6065838.588543883524835 ], [ 433017.787051880615763, 6065837.496549975126982 ] ], [ [ 432998.934185343794525, 6065838.588543883524835 ], [ 432968.468192265543621, 6065844.760908522643149 ] ], [ [ 432968.468192265543621, 6065844.760908522643149 ], [ 432998.934185343794525, 6065838.588543883524835 ] ], [ [ 432968.468192265543621, 6065844.760908522643149 ], [ 432974.523555584717542, 6065835.767667079344392 ] ], [ [ 432968.468192265543621, 6065844.760908522643149 ], [ 432954.197952491929755, 6065848.712091559544206 ] ], [ [ 433047.996606788598001, 6065840.521078070625663 ], [ 433076.881304201495368, 6065848.88521153666079 ] ], [ [ 433047.996606788598001, 6065840.521078070625663 ], [ 433040.478579459595494, 6065838.606976268813014 ] ], [ [ 433076.881304201495368, 6065848.88521153666079 ], [ 433047.996606788598001, 6065840.521078070625663 ] ], [ [ 433076.881304201495368, 6065848.88521153666079 ], [ 433088.241245577577502, 6065851.922169516794384 ] ], [ [ 431753.664713795064017, 6066092.535436848178506 ], [ 431763.110201469331514, 6066102.242199174128473 ] ], [ [ 431753.664713795064017, 6066092.535436848178506 ], [ 431751.7400975713972, 6066084.918669085018337 ] ], [ [ 431753.664713795064017, 6066092.535436848178506 ], [ 431756.665168590145186, 6066104.44300034083426 ] ], [ [ 431763.110201469331514, 6066102.242199174128473 ], [ 431753.664713795064017, 6066092.535436848178506 ] ], [ [ 431763.110201469331514, 6066102.242199174128473 ], [ 431772.490329044754617, 6066107.197747499682009 ] ], [ [ 431772.490329044754617, 6066107.197747499682009 ], [ 431763.110201469331514, 6066102.242199174128473 ] ], [ [ 431772.490329044754617, 6066107.197747499682009 ], [ 431781.542231054627337, 6066108.329785199835896 ] ], [ [ 431781.542231054627337, 6066108.329785199835896 ], [ 431772.490329044754617, 6066107.197747499682009 ] ], [ [ 431781.542231054627337, 6066108.329785199835896 ], [ 431790.558342623640783, 6066107.091836151666939 ] ], [ [ 431790.558342623640783, 6066107.091836151666939 ], [ 431781.542231054627337, 6066108.329785199835896 ] ], [ [ 431790.558342623640783, 6066107.091836151666939 ], [ 431808.949490757018793, 6066101.516623602248728 ] ], [ [ 431790.558342623640783, 6066107.091836151666939 ], [ 431790.567427666101139, 6066110.252425892278552 ] ], [ [ 431808.949490757018793, 6066101.516623602248728 ], [ 431790.558342623640783, 6066107.091836151666939 ] ], [ [ 431808.949490757018793, 6066101.516623602248728 ], [ 431949.401974506559782, 6066062.026418207213283 ] ], [ [ 431790.599057866726071, 6066121.303363312035799 ], [ 431762.578297931933776, 6066161.669684486463666 ] ], [ [ 431790.599057866726071, 6066121.303363312035799 ], [ 431812.984601745556574, 6066115.000095522962511 ] ], [ [ 431790.599057866726071, 6066121.303363312035799 ], [ 431761.233902490290347, 6066122.548166162334383 ] ], [ [ 431790.599057866726071, 6066121.303363312035799 ], [ 431790.57068640133366, 6066112.600663246586919 ] ], [ [ 431762.578297931933776, 6066161.669684486463666 ], [ 431790.599057866726071, 6066121.303363312035799 ] ], [ [ 431762.578297931933776, 6066161.669684486463666 ], [ 431760.270600526302587, 6066165.77787683904171 ] ], [ [ 431762.578297931933776, 6066161.669684486463666 ], [ 431750.409483211755287, 6066123.012183497659862 ] ], [ [ 431762.578297931933776, 6066161.669684486463666 ], [ 431761.233902490290347, 6066122.548166162334383 ] ], [ [ 433046.121684798214119, 6066295.367936028167605 ], [ 433055.160613180021755, 6066326.626388545148075 ] ], [ [ 433046.121684798214119, 6066295.367936028167605 ], [ 433037.886061085446272, 6066263.888306712731719 ] ], [ [ 433033.841518510773312, 6066248.428709946572781 ], [ 433046.121684798214119, 6066295.367936028167605 ] ], [ [ 433033.841518510773312, 6066248.428709946572781 ], [ 433027.807429457257967, 6066222.77620333340019 ] ], [ [ 433027.807429457257967, 6066222.77620333340019 ], [ 433033.841518510773312, 6066248.428709946572781 ] ], [ [ 433027.807429457257967, 6066222.77620333340019 ], [ 433023.627164037665352, 6066207.93611082714051 ] ], [ [ 433023.627164037665352, 6066207.93611082714051 ], [ 433027.807429457257967, 6066222.77620333340019 ] ], [ [ 433023.627164037665352, 6066207.93611082714051 ], [ 433009.890588978130836, 6066157.045396097935736 ] ], [ [ 433009.890588978130836, 6066157.045396097935736 ], [ 433023.627164037665352, 6066207.93611082714051 ] ], [ [ 433009.890588978130836, 6066157.045396097935736 ], [ 433007.436917043989524, 6066146.609156052581966 ] ], [ [ 433007.436917043989524, 6066146.609156052581966 ], [ 433009.890588978130836, 6066157.045396097935736 ] ], [ [ 433007.436917043989524, 6066146.609156052581966 ], [ 433005.675388188683428, 6066140.725646397098899 ] ], [ [ 433005.675388188683428, 6066140.725646397098899 ], [ 433007.436917043989524, 6066146.609156052581966 ] ], [ [ 433005.675388188683428, 6066140.725646397098899 ], [ 433003.812167675350793, 6066134.498638694174588 ] ], [ [ 433003.812167675350793, 6066134.498638694174588 ], [ 433005.675388188683428, 6066140.725646397098899 ] ], [ [ 433003.812167675350793, 6066134.498638694174588 ], [ 433002.08496586792171, 6066128.759301539510489 ] ], [ [ 433002.08496586792171, 6066128.759301539510489 ], [ 433003.812167675350793, 6066134.498638694174588 ] ], [ [ 433002.08496586792171, 6066128.759301539510489 ], [ 432993.828420817735605, 6066098.732615200802684 ] ], [ [ 432993.828420817735605, 6066098.732615200802684 ], [ 433002.08496586792171, 6066128.759301539510489 ] ], [ [ 432993.828420817735605, 6066098.732615200802684 ], [ 432979.222721572208684, 6066045.729191699065268 ] ], [ [ 432979.222721572208684, 6066045.729191699065268 ], [ 432993.828420817735605, 6066098.732615200802684 ] ], [ [ 432979.222721572208684, 6066045.729191699065268 ], [ 432937.750377918186132, 6065900.774012838490307 ] ], [ [ 432937.750377918186132, 6065900.774012838490307 ], [ 432979.222721572208684, 6066045.729191699065268 ] ], [ [ 432937.750377918186132, 6065900.774012838490307 ], [ 432936.072538941691164, 6065894.900415369309485 ] ], [ [ 432936.072538941691164, 6065894.900415369309485 ], [ 432937.750377918186132, 6065900.774012838490307 ] ], [ [ 432936.072538941691164, 6065894.900415369309485 ], [ 432934.409059407247696, 6065889.126768593676388 ] ], [ [ 432934.409059407247696, 6065889.126768593676388 ], [ 432936.072538941691164, 6065894.900415369309485 ] ], [ [ 432934.409059407247696, 6065889.126768593676388 ], [ 432930.375112121691927, 6065870.300311707891524 ] ], [ [ 432831.587152878753841, 6065525.069415330886841 ], [ 432834.677486262051389, 6065535.395938716828823 ] ], [ [ 432831.587152878753841, 6065525.069415330886841 ], [ 432815.671443882398307, 6065529.735489646904171 ] ], [ [ 432831.587152878753841, 6065525.069415330886841 ], [ 432848.51909658923978, 6065520.310389403253794 ] ], [ [ 432831.587152878753841, 6065525.069415330886841 ], [ 432827.7436998935882, 6065512.172103753313422 ] ], [ [ 432834.677486262051389, 6065535.395938716828823 ], [ 432831.587152878753841, 6065525.069415330886841 ] ], [ [ 432834.677486262051389, 6065535.395938716828823 ], [ 432843.921394060482271, 6065568.891134449280798 ] ], [ [ 432870.731103910424281, 6066766.513222506269813 ], [ 432875.785103208734654, 6066779.213664977811277 ] ], [ [ 432870.731103910424281, 6066766.513222506269813 ], [ 432866.00579569931142, 6066753.686874764040112 ] ], [ [ 432853.420867017528508, 6066719.526784227229655 ], [ 432870.731103910424281, 6066766.513222506269813 ] ], [ [ 432853.420867017528508, 6066719.526784227229655 ], [ 432841.612105596985202, 6066687.471988399513066 ] ], [ [ 432841.612105596985202, 6066687.471988399513066 ], [ 432853.420867017528508, 6066719.526784227229655 ] ], [ [ 432841.612105596985202, 6066687.471988399513066 ], [ 432840.245583935524337, 6066683.040599253959954 ] ], [ [ 432840.245583935524337, 6066683.040599253959954 ], [ 432841.612105596985202, 6066687.471988399513066 ] ], [ [ 432840.245583935524337, 6066683.040599253959954 ], [ 432835.841558832908049, 6066654.036429423838854 ] ], [ [ 432840.245583935524337, 6066683.040599253959954 ], [ 432834.607733461889438, 6066685.806591360829771 ] ], [ [ 432840.245583935524337, 6066683.040599253959954 ], [ 432843.235770440485794, 6066681.916597279720008 ] ], [ [ 432908.549887429981027, 6065791.350704903714359 ], [ 432887.656875361863058, 6065796.880641150288284 ] ], [ [ 432908.549887429981027, 6065791.350704903714359 ], [ 432912.850674896384589, 6065802.115601945668459 ] ], [ [ 432908.549887429981027, 6065791.350704903714359 ], [ 432906.413334709824994, 6065784.515684748999774 ] ], [ [ 432887.656875361863058, 6065796.880641150288284 ], [ 432908.549887429981027, 6065791.350704903714359 ] ], [ [ 432887.656875361863058, 6065796.880641150288284 ], [ 432869.639977574057411, 6065802.234387069009244 ] ], [ [ 432869.639977574057411, 6065802.234387069009244 ], [ 432887.656875361863058, 6065796.880641150288284 ] ], [ [ 432869.639977574057411, 6065802.234387069009244 ], [ 432786.354434254579246, 6065825.820247069001198 ] ], [ [ 432786.354434254579246, 6065825.820247069001198 ], [ 432869.639977574057411, 6065802.234387069009244 ] ], [ [ 432786.354434254579246, 6065825.820247069001198 ], [ 432728.580967503192369, 6065842.661765339784324 ] ], [ [ 432728.580967503192369, 6065842.661765339784324 ], [ 432786.354434254579246, 6065825.820247069001198 ] ], [ [ 432728.580967503192369, 6065842.661765339784324 ], [ 432670.490274420706555, 6065859.364079393446445 ] ], [ [ 432670.490274420706555, 6065859.364079393446445 ], [ 432728.580967503192369, 6065842.661765339784324 ] ], [ [ 432670.490274420706555, 6065859.364079393446445 ], [ 432602.899527533503715, 6065879.414095631800592 ] ], [ [ 432602.899527533503715, 6065879.414095631800592 ], [ 432670.490274420706555, 6065859.364079393446445 ] ], [ [ 432602.899527533503715, 6065879.414095631800592 ], [ 432560.595117470249534, 6065891.452913231216371 ] ], [ [ 432560.595117470249534, 6065891.452913231216371 ], [ 432602.899527533503715, 6065879.414095631800592 ] ], [ [ 432560.595117470249534, 6065891.452913231216371 ], [ 432534.581815721758176, 6065899.475992859341204 ] ], [ [ 432534.581815721758176, 6065899.475992859341204 ], [ 432560.595117470249534, 6065891.452913231216371 ] ], [ [ 432534.581815721758176, 6065899.475992859341204 ], [ 432512.138981096097268, 6065905.954562019556761 ] ], [ [ 432534.581815721758176, 6065899.475992859341204 ], [ 432538.82978257117793, 6065912.255740984342992 ] ], [ [ 432534.581815721758176, 6065899.475992859341204 ], [ 432532.494668783037923, 6065893.397189781069756 ] ], [ [ 432284.53721034724731, 6064589.695106595754623 ], [ 432322.573541596007999, 6064576.918853748589754 ] ], [ [ 432284.53721034724731, 6064589.695106595754623 ], [ 432261.161585272871889, 6064597.535388085059822 ] ], [ [ 432261.161585272871889, 6064597.535388085059822 ], [ 432284.53721034724731, 6064589.695106595754623 ] ], [ [ 432261.161585272871889, 6064597.535388085059822 ], [ 432253.457522940181661, 6064600.13268724642694 ] ], [ [ 432253.457522940181661, 6064600.13268724642694 ], [ 432261.161585272871889, 6064597.535388085059822 ] ], [ [ 432253.457522940181661, 6064600.13268724642694 ], [ 432193.426389790023677, 6064620.286554773338139 ] ], [ [ 432193.426389790023677, 6064620.286554773338139 ], [ 432253.457522940181661, 6064600.13268724642694 ] ], [ [ 432193.426389790023677, 6064620.286554773338139 ], [ 432165.340353470586706, 6064629.722721357829869 ] ], [ [ 432165.340353470586706, 6064629.722721357829869 ], [ 432193.426389790023677, 6064620.286554773338139 ] ], [ [ 432165.340353470586706, 6064629.722721357829869 ], [ 432157.57216241734568, 6064632.332278275862336 ] ], [ [ 432157.57216241734568, 6064632.332278275862336 ], [ 432165.340353470586706, 6064629.722721357829869 ] ], [ [ 432157.57216241734568, 6064632.332278275862336 ], [ 432163.066823991306592, 6064651.636997849680483 ] ], [ [ 432157.57216241734568, 6064632.332278275862336 ], [ 432151.46807957382407, 6064611.912656819447875 ] ], [ [ 432372.722046228183899, 6065371.574737990275025 ], [ 432377.444136902573518, 6065387.140697102062404 ] ], [ [ 432372.722046228183899, 6065371.574737990275025 ], [ 432383.301615897275042, 6065368.400374521501362 ] ], [ [ 432372.722046228183899, 6065371.574737990275025 ], [ 432368.625307057169266, 6065355.621028029359877 ] ], [ [ 432377.444136902573518, 6065387.140697102062404 ], [ 432372.722046228183899, 6065371.574737990275025 ] ], [ [ 432377.444136902573518, 6065387.140697102062404 ], [ 432408.328583204478491, 6065494.454483228735626 ] ], [ [ 432408.328583204478491, 6065494.454483228735626 ], [ 432377.444136902573518, 6065387.140697102062404 ] ], [ [ 432408.328583204478491, 6065494.454483228735626 ], [ 432430.913009770447388, 6065570.096245061606169 ] ], [ [ 432430.913009770447388, 6065570.096245061606169 ], [ 432408.328583204478491, 6065494.454483228735626 ] ], [ [ 432430.913009770447388, 6065570.096245061606169 ], [ 432448.543744749156758, 6065625.033816346898675 ] ], [ [ 432448.543744749156758, 6065625.033816346898675 ], [ 432430.913009770447388, 6065570.096245061606169 ] ], [ [ 432448.543744749156758, 6065625.033816346898675 ], [ 432452.213992674020119, 6065636.186123014427722 ] ], [ [ 432462.487250243313611, 6065633.239096000790596 ], [ 432452.213992674020119, 6065636.186123014427722 ] ], [ [ 432462.487250243313611, 6065633.239096000790596 ], [ 432557.599517398222815, 6065605.352933144196868 ] ], [ [ 432557.599517398222815, 6065605.352933144196868 ], [ 432462.487250243313611, 6065633.239096000790596 ] ], [ [ 432557.599517398222815, 6065605.352933144196868 ], [ 432639.189491768949665, 6065581.443201469257474 ] ], [ [ 432639.189491768949665, 6065581.443201469257474 ], [ 432557.599517398222815, 6065605.352933144196868 ] ], [ [ 432639.189491768949665, 6065581.443201469257474 ], [ 432648.827194008801598, 6065578.61737182084471 ] ], [ [ 432648.827194008801598, 6065578.61737182084471 ], [ 432639.189491768949665, 6065581.443201469257474 ] ], [ [ 432648.827194008801598, 6065578.61737182084471 ], [ 432653.283826593367849, 6065577.315591933205724 ] ], [ [ 432653.283826593367849, 6065577.315591933205724 ], [ 432648.827194008801598, 6065578.61737182084471 ] ], [ [ 432653.283826593367849, 6065577.315591933205724 ], [ 432704.672473842801992, 6065562.259927828796208 ] ], [ [ 432704.672473842801992, 6065562.259927828796208 ], [ 432653.283826593367849, 6065577.315591933205724 ] ], [ [ 432704.672473842801992, 6065562.259927828796208 ], [ 432716.887937461200636, 6065558.672450166195631 ] ], [ [ 432716.887937461200636, 6065558.672450166195631 ], [ 432704.672473842801992, 6065562.259927828796208 ] ], [ [ 432716.887937461200636, 6065558.672450166195631 ], [ 432759.530519662308507, 6065546.184977375902236 ] ], [ [ 432759.530519662308507, 6065546.184977375902236 ], [ 432716.887937461200636, 6065558.672450166195631 ] ], [ [ 432759.530519662308507, 6065546.184977375902236 ], [ 432815.671443882398307, 6065529.735489646904171 ] ], [ [ 432815.671443882398307, 6065529.735489646904171 ], [ 432759.530519662308507, 6065546.184977375902236 ] ], [ [ 432815.671443882398307, 6065529.735489646904171 ], [ 432831.587152878753841, 6065525.069415330886841 ] ], [ [ 432129.761577456083614, 6064538.273407747969031 ], [ 432107.817736823461019, 6064465.537941557355225 ] ], [ [ 432129.761577456083614, 6064538.273407747969031 ], [ 432134.988333481829613, 6064556.024020243436098 ] ], [ [ 432134.988333481829613, 6064556.024020243436098 ], [ 432129.761577456083614, 6064538.273407747969031 ] ], [ [ 432134.988333481829613, 6064556.024020243436098 ], [ 432140.587980733893346, 6064575.015518360771239 ] ], [ [ 432848.51909658923978, 6065520.310389403253794 ], [ 432831.587152878753841, 6065525.069415330886841 ] ], [ [ 432848.51909658923978, 6065520.310389403253794 ], [ 432897.884688054327853, 6065506.422202981077135 ] ], [ [ 432897.884688054327853, 6065506.422202981077135 ], [ 432848.51909658923978, 6065520.310389403253794 ] ], [ [ 432897.884688054327853, 6065506.422202981077135 ], [ 432987.226948411785997, 6065481.279659849591553 ] ], [ [ 432987.226948411785997, 6065481.279659849591553 ], [ 432897.884688054327853, 6065506.422202981077135 ] ], [ [ 432987.226948411785997, 6065481.279659849591553 ], [ 432992.774775667232461, 6065479.717192065902054 ] ], [ [ 432992.774775667232461, 6065479.717192065902054 ], [ 432987.226948411785997, 6065481.279659849591553 ] ], [ [ 432992.774775667232461, 6065479.717192065902054 ], [ 433045.720207254926208, 6065464.831567533314228 ] ], [ [ 433045.720207254926208, 6065464.831567533314228 ], [ 432992.774775667232461, 6065479.717192065902054 ] ], [ [ 433045.720207254926208, 6065464.831567533314228 ], [ 433103.296546679339372, 6065448.631531345658004 ] ], [ [ 433103.296546679339372, 6065448.631531345658004 ], [ 433045.720207254926208, 6065464.831567533314228 ] ], [ [ 433103.296546679339372, 6065448.631531345658004 ], [ 433130.394831783371046, 6065441.007534966804087 ] ], [ [ 433130.394831783371046, 6065441.007534966804087 ], [ 433103.296546679339372, 6065448.631531345658004 ] ], [ [ 433130.394831783371046, 6065441.007534966804087 ], [ 433173.380349626997486, 6065428.919595800340176 ] ], [ [ 433173.380349626997486, 6065428.919595800340176 ], [ 433130.394831783371046, 6065441.007534966804087 ] ], [ [ 433173.380349626997486, 6065428.919595800340176 ], [ 433187.740935994952451, 6065424.87877116817981 ] ], [ [ 433187.740935994952451, 6065424.87877116817981 ], [ 433173.380349626997486, 6065428.919595800340176 ] ], [ [ 433187.740935994952451, 6065424.87877116817981 ], [ 433218.078595727216452, 6065416.350457922555506 ] ], [ [ 433218.078595727216452, 6065416.350457922555506 ], [ 433187.740935994952451, 6065424.87877116817981 ] ], [ [ 433218.078595727216452, 6065416.350457922555506 ], [ 433230.046831981162541, 6065412.979495014064014 ] ], [ [ 433230.046831981162541, 6065412.979495014064014 ], [ 433218.078595727216452, 6065416.350457922555506 ] ], [ [ 433230.046831981162541, 6065412.979495014064014 ], [ 433232.259168991935439, 6065422.351001564413309 ] ], [ [ 433230.046831981162541, 6065412.979495014064014 ], [ 433228.080272414779756, 6065404.550341902300715 ] ], [ [ 433362.88650081504602, 6065924.966098277829587 ], [ 433392.692448907124344, 6065932.561850092373788 ] ], [ [ 433362.88650081504602, 6065924.966098277829587 ], [ 433358.498326766886748, 6065905.576932608149946 ] ], [ [ 433362.88650081504602, 6065924.966098277829587 ], [ 433366.683230471273419, 6065941.370228480547667 ] ], [ [ 433362.88650081504602, 6065924.966098277829587 ], [ 433348.128680388850626, 6065921.188412205316126 ] ], [ [ 433392.692448907124344, 6065932.561850092373788 ], [ 433362.88650081504602, 6065924.966098277829587 ] ], [ [ 433392.692448907124344, 6065932.561850092373788 ], [ 433406.11289407487493, 6065935.613735720515251 ] ], [ [ 433406.11289407487493, 6065935.613735720515251 ], [ 433392.692448907124344, 6065932.561850092373788 ] ], [ [ 433406.11289407487493, 6065935.613735720515251 ], [ 433428.35570148343686, 6065940.890196535736322 ] ], [ [ 433294.605274680361617, 6065676.356243047863245 ], [ 433296.496740986127406, 6065683.640221316367388 ] ], [ [ 433294.605274680361617, 6065676.356243047863245 ], [ 433293.388236583443359, 6065671.132344610989094 ] ], [ [ 433294.605274680361617, 6065676.356243047863245 ], [ 433280.562385488650762, 6065680.492216777987778 ] ], [ [ 433294.605274680361617, 6065676.356243047863245 ], [ 433302.168685279262718, 6065673.918571936897933 ] ], [ [ 433296.496740986127406, 6065683.640221316367388 ], [ 433294.605274680361617, 6065676.356243047863245 ] ], [ [ 433296.496740986127406, 6065683.640221316367388 ], [ 433303.264113812358119, 6065708.859311299398541 ] ], [ [ 433303.264113812358119, 6065708.859311299398541 ], [ 433296.496740986127406, 6065683.640221316367388 ] ], [ [ 433303.264113812358119, 6065708.859311299398541 ], [ 433317.169027588970494, 6065762.575178967788815 ] ], [ [ 433317.169027588970494, 6065762.575178967788815 ], [ 433303.264113812358119, 6065708.859311299398541 ] ], [ [ 433317.169027588970494, 6065762.575178967788815 ], [ 433324.320008690061513, 6065785.874408849515021 ] ], [ [ 433324.320008690061513, 6065785.874408849515021 ], [ 433317.169027588970494, 6065762.575178967788815 ] ], [ [ 433324.320008690061513, 6065785.874408849515021 ], [ 433335.684623005159665, 6065825.076121551916003 ] ], [ [ 433358.498326766886748, 6065905.576932608149946 ], [ 433345.567406501737423, 6065859.868626643903553 ] ], [ [ 433358.498326766886748, 6065905.576932608149946 ], [ 433362.88650081504602, 6065924.966098277829587 ] ], [ [ 433232.259168991935439, 6065422.351001564413309 ], [ 433230.046831981162541, 6065412.979495014064014 ] ], [ [ 433232.259168991935439, 6065422.351001564413309 ], [ 433244.168270218651742, 6065470.776379926130176 ] ], [ [ 433244.168270218651742, 6065470.776379926130176 ], [ 433232.259168991935439, 6065422.351001564413309 ] ], [ [ 433244.168270218651742, 6065470.776379926130176 ], [ 433250.666673931933474, 6065497.368265352211893 ] ], [ [ 433250.666673931933474, 6065497.368265352211893 ], [ 433244.168270218651742, 6065470.776379926130176 ] ], [ [ 433250.666673931933474, 6065497.368265352211893 ], [ 433258.993029959034175, 6065528.6853385893628 ] ], [ [ 433258.993029959034175, 6065528.6853385893628 ], [ 433250.666673931933474, 6065497.368265352211893 ] ], [ [ 433258.993029959034175, 6065528.6853385893628 ], [ 433272.074770683306269, 6065577.616538083180785 ] ], [ [ 433272.074770683306269, 6065577.616538083180785 ], [ 433258.993029959034175, 6065528.6853385893628 ] ], [ [ 433272.074770683306269, 6065577.616538083180785 ], [ 433289.367365408979822, 6065654.408833893015981 ] ], [ [ 433289.367365408979822, 6065654.408833893015981 ], [ 433272.074770683306269, 6065577.616538083180785 ] ], [ [ 433289.367365408979822, 6065654.408833893015981 ], [ 433292.174974442517851, 6065666.164363019168377 ] ], [ [ 433292.174974442517851, 6065666.164363019168377 ], [ 433289.367365408979822, 6065654.408833893015981 ] ], [ [ 433292.174974442517851, 6065666.164363019168377 ], [ 433292.810877156909555, 6065669.104220016859472 ] ], [ [ 433292.174974442517851, 6065666.164363019168377 ], [ 433277.779924933798611, 6065670.005055043846369 ] ], [ [ 433292.174974442517851, 6065666.164363019168377 ], [ 433301.261271320923697, 6065663.492750599980354 ] ], [ [ 433292.810877156909555, 6065669.104220016859472 ], [ 433292.174974442517851, 6065666.164363019168377 ] ], [ [ 433292.810877156909555, 6065669.104220016859472 ], [ 433293.388236583443359, 6065671.132344610989094 ] ], [ [ 433293.388236583443359, 6065671.132344610989094 ], [ 433292.810877156909555, 6065669.104220016859472 ] ], [ [ 433293.388236583443359, 6065671.132344610989094 ], [ 433294.605274680361617, 6065676.356243047863245 ] ], [ [ 432948.36924412229564, 6065764.060478501953185 ], [ 432953.640522638568655, 6065768.189105155877769 ] ], [ [ 432948.36924412229564, 6065764.060478501953185 ], [ 432990.038550841214601, 6065751.611850852146745 ] ], [ [ 432948.36924412229564, 6065764.060478501953185 ], [ 432935.543492334079929, 6065767.723174680024385 ] ], [ [ 432953.640522638568655, 6065768.189105155877769 ], [ 432948.36924412229564, 6065764.060478501953185 ] ], [ [ 432953.640522638568655, 6065768.189105155877769 ], [ 432956.305792607134208, 6065770.297498007304966 ] ], [ [ 432956.305792607134208, 6065770.297498007304966 ], [ 432953.640522638568655, 6065768.189105155877769 ] ], [ [ 432956.305792607134208, 6065770.297498007304966 ], [ 432967.796768307045568, 6065783.014661638066173 ] ], [ [ 432967.796768307045568, 6065783.014661638066173 ], [ 432956.305792607134208, 6065770.297498007304966 ] ], [ [ 432967.796768307045568, 6065783.014661638066173 ], [ 432982.081349568266887, 6065802.156505662016571 ] ], [ [ 432982.081349568266887, 6065802.156505662016571 ], [ 432967.796768307045568, 6065783.014661638066173 ] ], [ [ 432982.081349568266887, 6065802.156505662016571 ], [ 432982.606823444832116, 6065806.322179205715656 ] ], [ [ 432982.081349568266887, 6065802.156505662016571 ], [ 433000.121665302838665, 6065817.481006921269 ] ], [ [ 432982.081349568266887, 6065802.156505662016571 ], [ 432986.862173739995342, 6065781.474220390431583 ] ], [ [ 432982.081349568266887, 6065802.156505662016571 ], [ 432972.884083667886443, 6065795.14796984102577 ] ], [ [ 433280.562385488650762, 6065680.492216777987778 ], [ 433294.605274680361617, 6065676.356243047863245 ] ], [ [ 433280.562385488650762, 6065680.492216777987778 ], [ 433253.942442481522448, 6065688.152792045846581 ] ], [ [ 433253.942442481522448, 6065688.152792045846581 ], [ 433280.562385488650762, 6065680.492216777987778 ] ], [ [ 433253.942442481522448, 6065688.152792045846581 ], [ 433236.545810101204552, 6065693.262177981436253 ] ], [ [ 433236.545810101204552, 6065693.262177981436253 ], [ 433253.942442481522448, 6065688.152792045846581 ] ], [ [ 433236.545810101204552, 6065693.262177981436253 ], [ 433175.454479537380394, 6065709.801929815672338 ] ], [ [ 433175.454479537380394, 6065709.801929815672338 ], [ 433236.545810101204552, 6065693.262177981436253 ] ], [ [ 433175.454479537380394, 6065709.801929815672338 ], [ 433152.091232607781421, 6065716.869612158276141 ] ], [ [ 433152.091232607781421, 6065716.869612158276141 ], [ 433175.454479537380394, 6065709.801929815672338 ] ], [ [ 433152.091232607781421, 6065716.869612158276141 ], [ 433079.090315640904009, 6065738.027480298653245 ] ], [ [ 433079.090315640904009, 6065738.027480298653245 ], [ 433152.091232607781421, 6065716.869612158276141 ] ], [ [ 433079.090315640904009, 6065738.027480298653245 ], [ 433034.552304527780507, 6065751.174423607997596 ] ], [ [ 433034.552304527780507, 6065751.174423607997596 ], [ 433079.090315640904009, 6065738.027480298653245 ] ], [ [ 433034.552304527780507, 6065751.174423607997596 ], [ 433032.360673458082601, 6065751.908051456324756 ] ], [ [ 433032.360673458082601, 6065751.908051456324756 ], [ 433034.552304527780507, 6065751.174423607997596 ] ], [ [ 433032.360673458082601, 6065751.908051456324756 ], [ 433009.070823877700604, 6065759.120075587183237 ] ], [ [ 433009.070823877700604, 6065759.120075587183237 ], [ 433032.360673458082601, 6065751.908051456324756 ] ], [ [ 433009.070823877700604, 6065759.120075587183237 ], [ 433005.269369881716557, 6065760.300498742610216 ] ], [ [ 433005.269369881716557, 6065760.300498742610216 ], [ 433009.070823877700604, 6065759.120075587183237 ] ], [ [ 433005.269369881716557, 6065760.300498742610216 ], [ 433001.53577280632453, 6065761.279592398554087 ] ], [ [ 433001.53577280632453, 6065761.279592398554087 ], [ 433005.269369881716557, 6065760.300498742610216 ] ], [ [ 433001.53577280632453, 6065761.279592398554087 ], [ 432989.801519553991966, 6065774.708556251600385 ] ], [ [ 432874.923658853047527, 6064937.502384149469435 ], [ 432889.270932221319526, 6064986.257953389547765 ] ], [ [ 432889.270932221319526, 6064986.257953389547765 ], [ 432874.923658853047527, 6064937.502384149469435 ] ], [ [ 432889.270932221319526, 6064986.257953389547765 ], [ 432923.626283896854147, 6065103.030207241885364 ] ], [ [ 432948.658631055732258, 6065188.11773880943656 ], [ 432889.270932221319526, 6064986.257953389547765 ] ], [ [ 432948.658631055732258, 6065188.11773880943656 ], [ 432952.735117148433346, 6065201.968802119605243 ] ], [ [ 432952.735117148433346, 6065201.968802119605243 ], [ 432948.658631055732258, 6065188.11773880943656 ] ], [ [ 432952.735117148433346, 6065201.968802119605243 ], [ 432940.637553006235976, 6065205.331280367448926 ] ], [ [ 432952.735117148433346, 6065201.968802119605243 ], [ 432963.819889586011413, 6065198.498959835618734 ] ], [ [ 433228.080272414779756, 6065404.550341902300715 ], [ 433230.046831981162541, 6065412.979495014064014 ] ], [ [ 433228.080272414779756, 6065404.550341902300715 ], [ 433229.558973976701964, 6065372.120177035219967 ] ], [ [ 433229.558973976701964, 6065372.120177035219967 ], [ 433228.080272414779756, 6065404.550341902300715 ] ], [ [ 433229.558973976701964, 6065372.120177035219967 ], [ 433228.716205364384223, 6065298.089879693463445 ] ], [ [ 433228.716205364384223, 6065298.089879693463445 ], [ 433229.558973976701964, 6065372.120177035219967 ] ], [ [ 433228.716205364384223, 6065298.089879693463445 ], [ 433227.988183509325609, 6065221.798662062734365 ] ], [ [ 433227.988183509325609, 6065221.798662062734365 ], [ 433228.716205364384223, 6065298.089879693463445 ] ], [ [ 433227.988183509325609, 6065221.798662062734365 ], [ 433227.503025807556696, 6065209.452390779741108 ] ], [ [ 433227.503025807556696, 6065209.452390779741108 ], [ 433227.988183509325609, 6065221.798662062734365 ] ], [ [ 433227.503025807556696, 6065209.452390779741108 ], [ 433225.658358052372932, 6065140.845719124190509 ] ], [ [ 433225.658358052372932, 6065140.845719124190509 ], [ 433227.503025807556696, 6065209.452390779741108 ] ], [ [ 433225.658358052372932, 6065140.845719124190509 ], [ 433227.275937237311155, 6065120.855988491326571 ] ], [ [ 433227.275937237311155, 6065120.855988491326571 ], [ 433225.658358052372932, 6065140.845719124190509 ] ], [ [ 433227.275937237311155, 6065120.855988491326571 ], [ 433213.84048661054112, 6065124.805085800588131 ] ], [ [ 433227.275937237311155, 6065120.855988491326571 ], [ 433238.177975847036578, 6065117.634371528401971 ] ], [ [ 433227.275937237311155, 6065120.855988491326571 ], [ 433223.038338980986737, 6065105.638182635419071 ] ], [ [ 431760.270600526302587, 6066165.77787683904171 ], [ 431762.578297931933776, 6066161.669684486463666 ] ], [ [ 431760.270600526302587, 6066165.77787683904171 ], [ 431757.92421212582849, 6066169.029697117395699 ] ], [ [ 431757.92421212582849, 6066169.029697117395699 ], [ 431760.270600526302587, 6066165.77787683904171 ] ], [ [ 431757.92421212582849, 6066169.029697117395699 ], [ 431740.96345253684558, 6066192.535111128352582 ] ], [ [ 431740.96345253684558, 6066192.535111128352582 ], [ 431757.92421212582849, 6066169.029697117395699 ] ], [ [ 431740.96345253684558, 6066192.535111128352582 ], [ 431723.077837710618041, 6066214.485337642021477 ] ], [ [ 431723.077837710618041, 6066214.485337642021477 ], [ 431740.96345253684558, 6066192.535111128352582 ] ], [ [ 431723.077837710618041, 6066214.485337642021477 ], [ 431705.406825682846829, 6066236.988861428573728 ] ], [ [ 432740.266647364536766, 6066697.883509646169841 ], [ 432715.862593163736165, 6066707.528194290585816 ] ], [ [ 432740.266647364536766, 6066697.883509646169841 ], [ 432748.297428407240659, 6066694.536431587301195 ] ], [ [ 432748.297428407240659, 6066694.536431587301195 ], [ 432740.266647364536766, 6066697.883509646169841 ] ], [ [ 432748.297428407240659, 6066694.536431587301195 ], [ 432780.317994951503351, 6066680.55217428971082 ] ], [ [ 432800.587947460473515, 6066671.699893752112985 ], [ 432748.297428407240659, 6066694.536431587301195 ] ], [ [ 432800.587947460473515, 6066671.699893752112985 ], [ 432826.408621118695009, 6066661.822523588314652 ] ], [ [ 432826.408621118695009, 6066661.822523588314652 ], [ 432800.587947460473515, 6066671.699893752112985 ] ], [ [ 432826.408621118695009, 6066661.822523588314652 ], [ 432835.841558832908049, 6066654.036429423838854 ] ], [ [ 432835.841558832908049, 6066654.036429423838854 ], [ 432826.408621118695009, 6066661.822523588314652 ] ], [ [ 432835.841558832908049, 6066654.036429423838854 ], [ 432840.245583935524337, 6066683.040599253959954 ] ], [ [ 432835.841558832908049, 6066654.036429423838854 ], [ 432846.733616571233142, 6066649.545183868147433 ] ], [ [ 432835.841558832908049, 6066654.036429423838854 ], [ 432834.136701823386829, 6066651.101395735517144 ] ], [ [ 432835.841558832908049, 6066654.036429423838854 ], [ 432843.999168369278777, 6066667.437192782759666 ] ], [ [ 432383.301615897275042, 6065368.400374521501362 ], [ 432372.722046228183899, 6065371.574737990275025 ] ], [ [ 432383.301615897275042, 6065368.400374521501362 ], [ 432419.176737033878453, 6065357.680380965583026 ] ], [ [ 432419.176737033878453, 6065357.680380965583026 ], [ 432383.301615897275042, 6065368.400374521501362 ] ], [ [ 432419.176737033878453, 6065357.680380965583026 ], [ 432434.12077350274194, 6065352.898411002010107 ] ], [ [ 432479.450117203814443, 6065338.39375420846045 ], [ 432434.12077350274194, 6065352.898411002010107 ] ], [ [ 432479.450117203814443, 6065338.39375420846045 ], [ 432505.761513711302541, 6065330.710988809354603 ] ], [ [ 432505.761513711302541, 6065330.710988809354603 ], [ 432479.450117203814443, 6065338.39375420846045 ] ], [ [ 432505.761513711302541, 6065330.710988809354603 ], [ 432551.651052863977384, 6065317.305012723430991 ] ], [ [ 432551.651052863977384, 6065317.305012723430991 ], [ 432505.761513711302541, 6065330.710988809354603 ] ], [ [ 432551.651052863977384, 6065317.305012723430991 ], [ 432566.066321075428277, 6065313.483978361822665 ] ], [ [ 432566.066321075428277, 6065313.483978361822665 ], [ 432551.651052863977384, 6065317.305012723430991 ] ], [ [ 432566.066321075428277, 6065313.483978361822665 ], [ 432574.346698109933641, 6065310.733905684202909 ] ], [ [ 432574.346698109933641, 6065310.733905684202909 ], [ 432566.066321075428277, 6065313.483978361822665 ] ], [ [ 432574.346698109933641, 6065310.733905684202909 ], [ 432632.144030482042581, 6065294.201832123100758 ] ], [ [ 432632.144030482042581, 6065294.201832123100758 ], [ 432574.346698109933641, 6065310.733905684202909 ] ], [ [ 432632.144030482042581, 6065294.201832123100758 ], [ 432649.735261159949005, 6065289.120629382319748 ] ], [ [ 432649.735261159949005, 6065289.120629382319748 ], [ 432632.144030482042581, 6065294.201832123100758 ] ], [ [ 432649.735261159949005, 6065289.120629382319748 ], [ 432674.015561750507914, 6065282.114627741277218 ] ], [ [ 432674.015561750507914, 6065282.114627741277218 ], [ 432649.735261159949005, 6065289.120629382319748 ] ], [ [ 432674.015561750507914, 6065282.114627741277218 ], [ 432736.132233544834889, 6065264.940825174562633 ] ], [ [ 432736.132233544834889, 6065264.940825174562633 ], [ 432674.015561750507914, 6065282.114627741277218 ] ], [ [ 432736.132233544834889, 6065264.940825174562633 ], [ 432758.400615269492846, 6065259.055899139493704 ] ], [ [ 432758.400615269492846, 6065259.055899139493704 ], [ 432736.132233544834889, 6065264.940825174562633 ] ], [ [ 432758.400615269492846, 6065259.055899139493704 ], [ 432776.612595789250918, 6065253.687728086486459 ] ], [ [ 432758.400615269492846, 6065259.055899139493704 ], [ 432763.562380464980379, 6065276.118138095363975 ] ], [ [ 432758.400615269492846, 6065259.055899139493704 ], [ 432753.58527125173714, 6065243.201598709449172 ] ], [ [ 432982.606823444832116, 6065806.322179205715656 ], [ 432982.081349568266887, 6065802.156505662016571 ] ], [ [ 432982.606823444832116, 6065806.322179205715656 ], [ 432982.581547132576816, 6065811.564430553466082 ] ], [ [ 432982.581547132576816, 6065811.564430553466082 ], [ 432982.606823444832116, 6065806.322179205715656 ] ], [ [ 432982.581547132576816, 6065811.564430553466082 ], [ 432981.923475936986506, 6065816.693647159263492 ] ], [ [ 432981.923475936986506, 6065816.693647159263492 ], [ 432982.581547132576816, 6065811.564430553466082 ] ], [ [ 432981.923475936986506, 6065816.693647159263492 ], [ 432981.239818525558803, 6065821.400332009419799 ] ], [ [ 432981.239818525558803, 6065821.400332009419799 ], [ 432981.923475936986506, 6065816.693647159263492 ] ], [ [ 432981.239818525558803, 6065821.400332009419799 ], [ 432980.119166390388273, 6065826.169145914725959 ] ], [ [ 432980.119166390388273, 6065826.169145914725959 ], [ 432981.239818525558803, 6065821.400332009419799 ] ], [ [ 432980.119166390388273, 6065826.169145914725959 ], [ 432977.789389691955876, 6065831.478972352109849 ] ], [ [ 432977.789389691955876, 6065831.478972352109849 ], [ 432980.119166390388273, 6065826.169145914725959 ] ], [ [ 432977.789389691955876, 6065831.478972352109849 ], [ 432974.523555584717542, 6065835.767667079344392 ] ], [ [ 432974.523555584717542, 6065835.767667079344392 ], [ 432977.789389691955876, 6065831.478972352109849 ] ], [ [ 432974.523555584717542, 6065835.767667079344392 ], [ 432968.468192265543621, 6065844.760908522643149 ] ], [ [ 433000.121665302838665, 6065817.481006921269 ], [ 432982.081349568266887, 6065802.156505662016571 ] ], [ [ 433000.121665302838665, 6065817.481006921269 ], [ 432999.746743379742838, 6065817.386403857730329 ] ], [ [ 432999.746743379742838, 6065817.386403857730329 ], [ 433000.121665302838665, 6065817.481006921269 ] ], [ [ 432999.746743379742838, 6065817.386403857730329 ], [ 433009.547182668757159, 6065822.51633502356708 ] ], [ [ 433009.547182668757159, 6065822.51633502356708 ], [ 432999.746743379742838, 6065817.386403857730329 ] ], [ [ 433009.547182668757159, 6065822.51633502356708 ], [ 433024.122822410427034, 6065830.469096858985722 ] ], [ [ 433024.122822410427034, 6065830.469096858985722 ], [ 433009.547182668757159, 6065822.51633502356708 ] ], [ [ 433024.122822410427034, 6065830.469096858985722 ], [ 433040.478579459595494, 6065838.606976268813014 ] ], [ [ 432989.801519553991966, 6065774.708556251600385 ], [ 432986.862173739995342, 6065781.474220390431583 ] ], [ [ 432989.801519553991966, 6065774.708556251600385 ], [ 433001.53577280632453, 6065761.279592398554087 ] ], [ [ 432986.862173739995342, 6065781.474220390431583 ], [ 432989.801519553991966, 6065774.708556251600385 ] ], [ [ 432986.862173739995342, 6065781.474220390431583 ], [ 432982.081349568266887, 6065802.156505662016571 ] ], [ [ 433370.955492106149904, 6065954.651163554750383 ], [ 433366.683230471273419, 6065941.370228480547667 ] ], [ [ 433370.955492106149904, 6065954.651163554750383 ], [ 433374.011518216109835, 6065964.499977946281433 ] ], [ [ 433366.683230471273419, 6065941.370228480547667 ], [ 433370.955492106149904, 6065954.651163554750383 ] ], [ [ 433366.683230471273419, 6065941.370228480547667 ], [ 433362.88650081504602, 6065924.966098277829587 ] ], [ [ 432930.375112121691927, 6065870.300311707891524 ], [ 432921.662953888415359, 6065833.936837993562222 ] ], [ [ 432930.375112121691927, 6065870.300311707891524 ], [ 432934.412665854964871, 6065865.076399170793593 ] ], [ [ 432930.375112121691927, 6065870.300311707891524 ], [ 432934.409059407247696, 6065889.126768593676388 ] ], [ [ 432921.662953888415359, 6065833.936837993562222 ], [ 432930.375112121691927, 6065870.300311707891524 ] ], [ [ 432921.662953888415359, 6065833.936837993562222 ], [ 432917.900386369496118, 6065820.815669047646224 ] ], [ [ 432921.662953888415359, 6065833.936837993562222 ], [ 432924.999749374866951, 6065814.477879115380347 ] ], [ [ 432921.662953888415359, 6065833.936837993562222 ], [ 432932.08109669177793, 6065844.232533532194793 ] ], [ [ 432917.900386369496118, 6065820.815669047646224 ], [ 432921.662953888415359, 6065833.936837993562222 ] ], [ [ 432917.900386369496118, 6065820.815669047646224 ], [ 432912.850674896384589, 6065802.115601945668459 ] ], [ [ 432912.850674896384589, 6065802.115601945668459 ], [ 432917.900386369496118, 6065820.815669047646224 ] ], [ [ 432912.850674896384589, 6065802.115601945668459 ], [ 432908.549887429981027, 6065791.350704903714359 ] ], [ [ 432776.612595789250918, 6065253.687728086486459 ], [ 432758.400615269492846, 6065259.055899139493704 ] ], [ [ 432776.612595789250918, 6065253.687728086486459 ], [ 432791.406496278825216, 6065249.316455365158617 ] ], [ [ 432791.406496278825216, 6065249.316455365158617 ], [ 432776.612595789250918, 6065253.687728086486459 ] ], [ [ 432791.406496278825216, 6065249.316455365158617 ], [ 432804.777003382623661, 6065245.378180399537086 ] ], [ [ 432804.777003382623661, 6065245.378180399537086 ], [ 432791.406496278825216, 6065249.316455365158617 ] ], [ [ 432804.777003382623661, 6065245.378180399537086 ], [ 432829.812318613927346, 6065238.005663284100592 ] ], [ [ 432829.812318613927346, 6065238.005663284100592 ], [ 432804.777003382623661, 6065245.378180399537086 ] ], [ [ 432829.812318613927346, 6065238.005663284100592 ], [ 432848.171908028889447, 6065232.591073287650943 ] ], [ [ 432848.171908028889447, 6065232.591073287650943 ], [ 432829.812318613927346, 6065238.005663284100592 ] ], [ [ 432848.171908028889447, 6065232.591073287650943 ], [ 432931.976350639015436, 6065208.052936950698495 ] ], [ [ 432931.976350639015436, 6065208.052936950698495 ], [ 432848.171908028889447, 6065232.591073287650943 ] ], [ [ 432931.976350639015436, 6065208.052936950698495 ], [ 432940.637553006235976, 6065205.331280367448926 ] ], [ [ 432940.637553006235976, 6065205.331280367448926 ], [ 432931.976350639015436, 6065208.052936950698495 ] ], [ [ 432940.637553006235976, 6065205.331280367448926 ], [ 432952.735117148433346, 6065201.968802119605243 ] ], [ [ 432963.819889586011413, 6065198.498959835618734 ], [ 432952.735117148433346, 6065201.968802119605243 ] ], [ [ 432963.819889586011413, 6065198.498959835618734 ], [ 432973.746894573909231, 6065195.569392312318087 ] ], [ [ 432973.746894573909231, 6065195.569392312318087 ], [ 432963.819889586011413, 6065198.498959835618734 ] ], [ [ 432973.746894573909231, 6065195.569392312318087 ], [ 433061.891754530137405, 6065169.58929265383631 ] ], [ [ 433061.891754530137405, 6065169.58929265383631 ], [ 432973.746894573909231, 6065195.569392312318087 ] ], [ [ 433061.891754530137405, 6065169.58929265383631 ], [ 433077.108866529539227, 6065165.103956565260887 ] ], [ [ 433177.023391688067932, 6065135.655036942102015 ], [ 433077.108866529539227, 6065165.103956565260887 ] ], [ [ 433177.023391688067932, 6065135.655036942102015 ], [ 433185.23210616176948, 6065133.241036006249487 ] ], [ [ 433185.23210616176948, 6065133.241036006249487 ], [ 433177.023391688067932, 6065135.655036942102015 ] ], [ [ 433185.23210616176948, 6065133.241036006249487 ], [ 433194.851606562267989, 6065130.405541190877557 ] ], [ [ 433194.851606562267989, 6065130.405541190877557 ], [ 433185.23210616176948, 6065133.241036006249487 ] ], [ [ 433194.851606562267989, 6065130.405541190877557 ], [ 433213.84048661054112, 6065124.805085800588131 ] ], [ [ 433213.84048661054112, 6065124.805085800588131 ], [ 433194.851606562267989, 6065130.405541190877557 ] ], [ [ 433213.84048661054112, 6065124.805085800588131 ], [ 433227.275937237311155, 6065120.855988491326571 ] ], [ [ 433238.177975847036578, 6065117.634371528401971 ], [ 433227.275937237311155, 6065120.855988491326571 ] ], [ [ 433238.177975847036578, 6065117.634371528401971 ], [ 433288.34735868050484, 6065102.848369087092578 ] ], [ [ 433288.34735868050484, 6065102.848369087092578 ], [ 433238.177975847036578, 6065117.634371528401971 ] ], [ [ 433288.34735868050484, 6065102.848369087092578 ], [ 433335.836467582616024, 6065088.859257175587118 ] ], [ [ 433335.836467582616024, 6065088.859257175587118 ], [ 433330.620406226604246, 6065090.395750680938363 ] ], [ [ 433335.836467582616024, 6065088.859257175587118 ], [ 433341.052348842087667, 6065087.322233416140079 ] ], [ [ 432455.231428552127909, 6065645.890256830491126 ], [ 432452.213992674020119, 6065636.186123014427722 ] ], [ [ 432455.231428552127909, 6065645.890256830491126 ], [ 432472.780204580631107, 6065702.27594705298543 ] ], [ [ 432472.780204580631107, 6065702.27594705298543 ], [ 432455.231428552127909, 6065645.890256830491126 ] ], [ [ 432472.780204580631107, 6065702.27594705298543 ], [ 432491.525736095150933, 6065762.494547254405916 ] ], [ [ 432491.525736095150933, 6065762.494547254405916 ], [ 432472.780204580631107, 6065702.27594705298543 ] ], [ [ 432491.525736095150933, 6065762.494547254405916 ], [ 432516.913739866926335, 6065844.060108553618193 ] ], [ [ 432516.913739866926335, 6065844.060108553618193 ], [ 432491.525736095150933, 6065762.494547254405916 ] ], [ [ 432516.913739866926335, 6065844.060108553618193 ], [ 432517.887757405347656, 6065847.18401516135782 ] ], [ [ 432517.887757405347656, 6065847.18401516135782 ], [ 432516.913739866926335, 6065844.060108553618193 ] ], [ [ 432517.887757405347656, 6065847.18401516135782 ], [ 432523.616318160202354, 6065866.385484956204891 ] ], [ [ 432523.616318160202354, 6065866.385484956204891 ], [ 432517.887757405347656, 6065847.18401516135782 ] ], [ [ 432523.616318160202354, 6065866.385484956204891 ], [ 432530.152053340163548, 6065886.598799995146692 ] ], [ [ 432163.066823991306592, 6064651.636997849680483 ], [ 432157.57216241734568, 6064632.332278275862336 ] ], [ [ 432163.066823991306592, 6064651.636997849680483 ], [ 432178.410181683429983, 6064704.816110423766077 ] ], [ [ 432178.410181683429983, 6064704.816110423766077 ], [ 432163.066823991306592, 6064651.636997849680483 ] ], [ [ 432178.410181683429983, 6064704.816110423766077 ], [ 432208.401279991900083, 6064808.669699246063828 ] ], [ [ 432208.401279991900083, 6064808.669699246063828 ], [ 432178.410181683429983, 6064704.816110423766077 ] ], [ [ 432208.401279991900083, 6064808.669699246063828 ], [ 432212.050163038133178, 6064821.32459728512913 ] ], [ [ 432212.050163038133178, 6064821.32459728512913 ], [ 432208.401279991900083, 6064808.669699246063828 ] ], [ [ 432212.050163038133178, 6064821.32459728512913 ], [ 432198.883776248898357, 6064825.183638916350901 ] ], [ [ 432212.050163038133178, 6064821.32459728512913 ], [ 432225.346038999326993, 6064817.508169710636139 ] ], [ [ 432212.050163038133178, 6064821.32459728512913 ], [ 432215.047244247922208, 6064831.752290258184075 ] ], [ [ 432763.562380464980379, 6065276.118138095363975 ], [ 432758.400615269492846, 6065259.055899139493704 ] ], [ [ 432763.562380464980379, 6065276.118138095363975 ], [ 432782.113805502420291, 6065343.363302670419216 ] ], [ [ 432782.113805502420291, 6065343.363302670419216 ], [ 432763.562380464980379, 6065276.118138095363975 ] ], [ [ 432782.113805502420291, 6065343.363302670419216 ], [ 432801.346192887926009, 6065413.124751015566289 ] ], [ [ 432801.346192887926009, 6065413.124751015566289 ], [ 432782.113805502420291, 6065343.363302670419216 ] ], [ [ 432801.346192887926009, 6065413.124751015566289 ], [ 432827.7436998935882, 6065512.172103753313422 ] ], [ [ 432827.7436998935882, 6065512.172103753313422 ], [ 432801.346192887926009, 6065413.124751015566289 ] ], [ [ 432827.7436998935882, 6065512.172103753313422 ], [ 432831.587152878753841, 6065525.069415330886841 ] ], [ [ 432290.082035447587259, 6065092.610539412125945 ], [ 432293.738284952181857, 6065103.206472538411617 ] ], [ [ 432290.082035447587259, 6065092.610539412125945 ], [ 432301.363629088271409, 6065089.392092197202146 ] ], [ [ 432290.082035447587259, 6065092.610539412125945 ], [ 432287.296244358818512, 6065082.93642483651638 ] ], [ [ 432290.082035447587259, 6065092.610539412125945 ], [ 432276.123044740990736, 6065096.826257732696831 ] ], [ [ 432293.738284952181857, 6065103.206472538411617 ], [ 432290.082035447587259, 6065092.610539412125945 ] ], [ [ 432293.738284952181857, 6065103.206472538411617 ], [ 432318.764588930178434, 6065184.676255348138511 ] ], [ [ 432318.764588930178434, 6065184.676255348138511 ], [ 432293.738284952181857, 6065103.206472538411617 ] ], [ [ 432318.764588930178434, 6065184.676255348138511 ], [ 432364.032491128600668, 6065336.647584278136492 ] ], [ [ 432364.032491128600668, 6065336.647584278136492 ], [ 432318.764588930178434, 6065184.676255348138511 ] ], [ [ 432364.032491128600668, 6065336.647584278136492 ], [ 432368.625307057169266, 6065355.621028029359877 ] ], [ [ 432368.625307057169266, 6065355.621028029359877 ], [ 432364.032491128600668, 6065336.647584278136492 ] ], [ [ 432368.625307057169266, 6065355.621028029359877 ], [ 432372.722046228183899, 6065371.574737990275025 ] ], [ [ 432834.607733461889438, 6066685.806591360829771 ], [ 432840.245583935524337, 6066683.040599253959954 ] ], [ [ 432834.607733461889438, 6066685.806591360829771 ], [ 432758.060386067489162, 6066716.282357432879508 ] ], [ [ 432758.060386067489162, 6066716.282357432879508 ], [ 432770.946605373115744, 6066711.151852262206376 ] ], [ [ 432758.060386067489162, 6066716.282357432879508 ], [ 432747.230959612177685, 6066720.639338798820972 ] ], [ [ 432747.230959612177685, 6066720.639338798820972 ], [ 432749.269172784232069, 6066719.819305966608226 ] ], [ [ 432747.230959612177685, 6066720.639338798820972 ], [ 432745.18381585914176, 6066721.436831759288907 ] ], [ [ 432846.733616571233142, 6066649.545183868147433 ], [ 432835.841558832908049, 6066654.036429423838854 ] ], [ [ 432846.733616571233142, 6066649.545183868147433 ], [ 432944.154183242702857, 6066609.746313961222768 ] ], [ [ 432944.154183242702857, 6066609.746313961222768 ], [ 432930.398452719324268, 6066615.365722574293613 ] ], [ [ 432944.154183242702857, 6066609.746313961222768 ], [ 432952.245676524820738, 6066606.131601971574128 ] ], [ [ 432952.245676524820738, 6066606.131601971574128 ], [ 432946.770172270829789, 6066608.577671223320067 ] ], [ [ 432952.245676524820738, 6066606.131601971574128 ], [ 432957.839682912454009, 6066603.97029023244977 ] ], [ [ 432363.383994943927974, 6066560.077403489500284 ], [ 432368.476520411204547, 6066572.441297033801675 ] ], [ [ 432363.383994943927974, 6066560.077403489500284 ], [ 432356.580418480967637, 6066548.566086088307202 ] ], [ [ 432338.920498196093831, 6066518.686682166531682 ], [ 432363.383994943927974, 6066560.077403489500284 ] ], [ [ 432338.920498196093831, 6066518.686682166531682 ], [ 432304.711283075273968, 6066467.637837813235819 ] ], [ [ 432298.249877796159126, 6066457.99593445751816 ], [ 432338.920498196093831, 6066518.686682166531682 ] ], [ [ 432298.249877796159126, 6066457.99593445751816 ], [ 432286.707370958523825, 6066436.277626179158688 ] ], [ [ 432286.707370958523825, 6066436.277626179158688 ], [ 432298.249877796159126, 6066457.99593445751816 ] ], [ [ 432286.707370958523825, 6066436.277626179158688 ], [ 432268.055823759292252, 6066394.800142895430326 ] ], [ [ 432268.055823759292252, 6066394.800142895430326 ], [ 432286.707370958523825, 6066436.277626179158688 ] ], [ [ 432268.055823759292252, 6066394.800142895430326 ], [ 432261.839684400823899, 6066380.046873929910362 ] ], [ [ 432261.839684400823899, 6066380.046873929910362 ], [ 432268.055823759292252, 6066394.800142895430326 ] ], [ [ 432261.839684400823899, 6066380.046873929910362 ], [ 432249.00714297965169, 6066350.479587700217962 ] ], [ [ 432249.00714297965169, 6066350.479587700217962 ], [ 432261.839684400823899, 6066380.046873929910362 ] ], [ [ 432249.00714297965169, 6066350.479587700217962 ], [ 432245.630514113116078, 6066343.01795838214457 ] ], [ [ 432245.630514113116078, 6066343.01795838214457 ], [ 432249.00714297965169, 6066350.479587700217962 ] ], [ [ 432245.630514113116078, 6066343.01795838214457 ], [ 432234.542648157163057, 6066314.726669048890471 ] ], [ [ 432234.542648157163057, 6066314.726669048890471 ], [ 432245.630514113116078, 6066343.01795838214457 ] ], [ [ 432234.542648157163057, 6066314.726669048890471 ], [ 432232.596898596966639, 6066308.645874532870948 ] ], [ [ 432232.596898596966639, 6066308.645874532870948 ], [ 432234.542648157163057, 6066314.726669048890471 ] ], [ [ 432232.596898596966639, 6066308.645874532870948 ], [ 432222.727403125027195, 6066280.024713351391256 ] ], [ [ 432222.727403125027195, 6066280.024713351391256 ], [ 432232.596898596966639, 6066308.645874532870948 ] ], [ [ 432222.727403125027195, 6066280.024713351391256 ], [ 432193.540267444390338, 6066180.666314673610032 ] ], [ [ 432193.540267444390338, 6066180.666314673610032 ], [ 432222.727403125027195, 6066280.024713351391256 ] ], [ [ 432193.540267444390338, 6066180.666314673610032 ], [ 432191.38172766554635, 6066173.28660274669528 ] ], [ [ 432191.38172766554635, 6066173.28660274669528 ], [ 432193.540267444390338, 6066180.666314673610032 ] ], [ [ 432191.38172766554635, 6066173.28660274669528 ], [ 432170.522232263116166, 6066098.966688795946538 ] ], [ [ 432170.522232263116166, 6066098.966688795946538 ], [ 432191.38172766554635, 6066173.28660274669528 ] ], [ [ 432170.522232263116166, 6066098.966688795946538 ], [ 432166.803319879749324, 6066085.455915029160678 ] ], [ [ 432166.803319879749324, 6066085.455915029160678 ], [ 432170.522232263116166, 6066098.966688795946538 ] ], [ [ 432166.803319879749324, 6066085.455915029160678 ], [ 432155.719186300877482, 6066046.335941381752491 ] ], [ [ 432155.719186300877482, 6066046.335941381752491 ], [ 432166.803319879749324, 6066085.455915029160678 ] ], [ [ 432155.719186300877482, 6066046.335941381752491 ], [ 432150.110479768365622, 6066028.34619605075568 ] ], [ [ 432150.110479768365622, 6066028.34619605075568 ], [ 432155.719186300877482, 6066046.335941381752491 ] ], [ [ 432150.110479768365622, 6066028.34619605075568 ], [ 432147.20006218389608, 6066017.650136172771454 ] ], [ [ 432147.20006218389608, 6066017.650136172771454 ], [ 432150.110479768365622, 6066028.34619605075568 ] ], [ [ 432147.20006218389608, 6066017.650136172771454 ], [ 432152.017794770246837, 6066012.558463042601943 ] ], [ [ 432147.20006218389608, 6066017.650136172771454 ], [ 432144.764094614249188, 6066012.389178673736751 ] ], [ [ 432147.20006218389608, 6066017.650136172771454 ], [ 432134.90884359262418, 6066021.229202701710165 ] ], [ [ 432834.136701823386829, 6066651.101395735517144 ], [ 432835.841558832908049, 6066654.036429423838854 ] ], [ [ 432834.136701823386829, 6066651.101395735517144 ], [ 432823.338386812945828, 6066625.097071280702949 ] ], [ [ 432823.338386812945828, 6066625.097071280702949 ], [ 432834.136701823386829, 6066651.101395735517144 ] ], [ [ 432823.338386812945828, 6066625.097071280702949 ], [ 432813.882376382884104, 6066602.33368038199842 ] ], [ [ 432813.882376382884104, 6066602.33368038199842 ], [ 432823.338386812945828, 6066625.097071280702949 ] ], [ [ 432813.882376382884104, 6066602.33368038199842 ], [ 432797.758803221397102, 6066563.342864936217666 ] ], [ [ 432797.758803221397102, 6066563.342864936217666 ], [ 432813.882376382884104, 6066602.33368038199842 ] ], [ [ 432797.758803221397102, 6066563.342864936217666 ], [ 432795.014296782028396, 6066556.316612223163247 ] ], [ [ 432795.014296782028396, 6066556.316612223163247 ], [ 432797.758803221397102, 6066563.342864936217666 ] ], [ [ 432795.014296782028396, 6066556.316612223163247 ], [ 432766.078590957913548, 6066486.732986054383218 ] ], [ [ 432766.078590957913548, 6066486.732986054383218 ], [ 432795.014296782028396, 6066556.316612223163247 ] ], [ [ 432766.078590957913548, 6066486.732986054383218 ], [ 432764.514384593872819, 6066482.87215371709317 ] ], [ [ 432674.541698986315168, 6064982.818881155923009 ], [ 432659.411325131542981, 6064987.139885272830725 ] ], [ [ 432674.541698986315168, 6064982.818881155923009 ], [ 432671.38771008013282, 6064971.725489652715623 ] ], [ [ 432674.541698986315168, 6064982.818881155923009 ], [ 432689.345330102427397, 6064978.614087614230812 ] ], [ [ 432674.541698986315168, 6064982.818881155923009 ], [ 432678.99208347662352, 6064997.487710193730891 ] ], [ [ 432659.411325131542981, 6064987.139885272830725 ], [ 432674.541698986315168, 6064982.818881155923009 ] ], [ [ 432659.411325131542981, 6064987.139885272830725 ], [ 432595.926903849525843, 6065005.269914173521101 ] ], [ [ 432595.926903849525843, 6065005.269914173521101 ], [ 432659.411325131542981, 6064987.139885272830725 ] ], [ [ 432595.926903849525843, 6065005.269914173521101 ], [ 432587.697930272785015, 6065007.61851317808032 ] ], [ [ 432587.697930272785015, 6065007.61851317808032 ], [ 432595.926903849525843, 6065005.269914173521101 ] ], [ [ 432587.697930272785015, 6065007.61851317808032 ], [ 432551.030000303988345, 6065018.081823385320604 ] ], [ [ 432551.030000303988345, 6065018.081823385320604 ], [ 432587.697930272785015, 6065007.61851317808032 ] ], [ [ 432551.030000303988345, 6065018.081823385320604 ], [ 432527.376044018659741, 6065024.845388935878873 ] ], [ [ 432527.376044018659741, 6065024.845388935878873 ], [ 432551.030000303988345, 6065018.081823385320604 ] ], [ [ 432527.376044018659741, 6065024.845388935878873 ], [ 432503.972140716330614, 6065031.527440246194601 ] ], [ [ 432503.972140716330614, 6065031.527440246194601 ], [ 432527.376044018659741, 6065024.845388935878873 ] ], [ [ 432503.972140716330614, 6065031.527440246194601 ], [ 432487.30270802648738, 6065036.283798513934016 ] ], [ [ 432487.30270802648738, 6065036.283798513934016 ], [ 432503.972140716330614, 6065031.527440246194601 ] ], [ [ 432487.30270802648738, 6065036.283798513934016 ], [ 432478.181886656326242, 6065038.857379625551403 ] ], [ [ 432478.181886656326242, 6065038.857379625551403 ], [ 432487.30270802648738, 6065036.283798513934016 ] ], [ [ 432478.181886656326242, 6065038.857379625551403 ], [ 432465.155441708979197, 6065042.568884785287082 ] ], [ [ 432465.155441708979197, 6065042.568884785287082 ], [ 432478.181886656326242, 6065038.857379625551403 ] ], [ [ 432465.155441708979197, 6065042.568884785287082 ], [ 432458.242075669346377, 6065044.586441967636347 ] ], [ [ 432458.242075669346377, 6065044.586441967636347 ], [ 432465.155441708979197, 6065042.568884785287082 ] ], [ [ 432458.242075669346377, 6065044.586441967636347 ], [ 432369.258419457939453, 6065070.001031664200127 ] ], [ [ 432369.258419457939453, 6065070.001031664200127 ], [ 432458.242075669346377, 6065044.586441967636347 ] ], [ [ 432369.258419457939453, 6065070.001031664200127 ], [ 432301.363629088271409, 6065089.392092197202146 ] ], [ [ 432301.363629088271409, 6065089.392092197202146 ], [ 432369.258419457939453, 6065070.001031664200127 ] ], [ [ 432301.363629088271409, 6065089.392092197202146 ], [ 432290.082035447587259, 6065092.610539412125945 ] ], [ [ 432512.138981096097268, 6065905.954562019556761 ], [ 432534.581815721758176, 6065899.475992859341204 ] ], [ [ 432512.138981096097268, 6065905.954562019556761 ], [ 432347.962232659803703, 6065953.372435555793345 ] ], [ [ 432347.962232659803703, 6065953.372435555793345 ], [ 432512.138981096097268, 6065905.954562019556761 ] ], [ [ 432347.962232659803703, 6065953.372435555793345 ], [ 432336.477759443805553, 6065956.660632755607367 ] ], [ [ 432336.477759443805553, 6065956.660632755607367 ], [ 432347.962232659803703, 6065953.372435555793345 ] ], [ [ 432336.477759443805553, 6065956.660632755607367 ], [ 432325.904550623206887, 6065959.734881417825818 ] ], [ [ 432160.942841968615539, 6066007.382855922915041 ], [ 432152.017794770246837, 6066012.558463042601943 ] ], [ [ 432160.942841968615539, 6066007.382855922915041 ], [ 432178.191051851550583, 6066002.405053141526878 ] ], [ [ 432152.017794770246837, 6066012.558463042601943 ], [ 432160.942841968615539, 6066007.382855922915041 ] ], [ [ 432152.017794770246837, 6066012.558463042601943 ], [ 432147.20006218389608, 6066017.650136172771454 ] ], [ [ 432066.504749546526, 6065735.92268221732229 ], [ 432070.428992309374735, 6065748.918344254605472 ] ], [ [ 432066.504749546526, 6065735.92268221732229 ], [ 432032.606453584041446, 6065621.366693217307329 ] ], [ [ 432032.606453584041446, 6065621.366693217307329 ], [ 432066.504749546526, 6065735.92268221732229 ] ], [ [ 432032.606453584041446, 6065621.366693217307329 ], [ 432031.257575190160424, 6065616.467835218645632 ] ], [ [ 432144.764094614249188, 6066012.389178673736751 ], [ 432147.20006218389608, 6066017.650136172771454 ] ], [ [ 432144.764094614249188, 6066012.389178673736751 ], [ 432143.479640316392761, 6066009.192104578018188 ] ], [ [ 432143.479640316392761, 6066009.192104578018188 ], [ 432144.764094614249188, 6066012.389178673736751 ] ], [ [ 432143.479640316392761, 6066009.192104578018188 ], [ 432141.909486038028263, 6066004.552513480186462 ] ], [ [ 432141.909486038028263, 6066004.552513480186462 ], [ 432143.479640316392761, 6066009.192104578018188 ] ], [ [ 432141.909486038028263, 6066004.552513480186462 ], [ 432136.454301118210424, 6065983.499920664355159 ] ], [ [ 432141.909486038028263, 6066004.552513480186462 ], [ 432132.141867224185262, 6066010.65341916307807 ] ], [ [ 432141.909486038028263, 6066004.552513480186462 ], [ 432154.467054093664046, 6065994.692543024197221 ] ], [ [ 432136.454301118210424, 6065983.499920664355159 ], [ 432141.909486038028263, 6066004.552513480186462 ] ], [ [ 432136.454301118210424, 6065983.499920664355159 ], [ 432133.61287844076287, 6065974.828364841639996 ] ], [ [ 432133.61287844076287, 6065974.828364841639996 ], [ 432136.454301118210424, 6065983.499920664355159 ] ], [ [ 432133.61287844076287, 6065974.828364841639996 ], [ 432121.433375892404001, 6065931.417886273935437 ] ], [ [ 432133.61287844076287, 6065974.828364841639996 ], [ 432129.808669957448728, 6065985.658677605912089 ] ], [ [ 432121.433375892404001, 6065931.417886273935437 ], [ 432133.61287844076287, 6065974.828364841639996 ] ], [ [ 432121.433375892404001, 6065931.417886273935437 ], [ 432073.069978968822397, 6065757.949014308862388 ] ], [ [ 432073.069978968822397, 6065757.949014308862388 ], [ 432121.433375892404001, 6065931.417886273935437 ] ], [ [ 432073.069978968822397, 6065757.949014308862388 ], [ 432070.428992309374735, 6065748.918344254605472 ] ], [ [ 431908.57672297465615, 6065207.087375104427338 ], [ 431904.56785507168388, 6065193.236162883229554 ] ], [ [ 431908.57672297465615, 6065207.087375104427338 ], [ 431922.414043679600582, 6065202.961373205296695 ] ], [ [ 431908.57672297465615, 6065207.087375104427338 ], [ 431896.55256536003435, 6065210.57398128323257 ] ], [ [ 431908.57672297465615, 6065207.087375104427338 ], [ 431911.903566617285833, 6065218.422516722232103 ] ], [ [ 431904.56785507168388, 6065193.236162883229554 ], [ 431908.57672297465615, 6065207.087375104427338 ] ], [ [ 431904.56785507168388, 6065193.236162883229554 ], [ 431879.521987396932673, 6065106.693840497173369 ] ], [ [ 431879.521987396932673, 6065106.693840497173369 ], [ 431904.56785507168388, 6065193.236162883229554 ] ], [ [ 431879.521987396932673, 6065106.693840497173369 ], [ 431876.165206228732131, 6065095.092069185338914 ] ], [ [ 431876.165206228732131, 6065095.092069185338914 ], [ 431879.521987396932673, 6065106.693840497173369 ] ], [ [ 431876.165206228732131, 6065095.092069185338914 ], [ 431875.241110052797012, 6065091.90076257660985 ] ], [ [ 431875.241110052797012, 6065091.90076257660985 ], [ 431876.165206228732131, 6065095.092069185338914 ] ], [ [ 431875.241110052797012, 6065091.90076257660985 ], [ 431871.870590277190786, 6065080.243554854765534 ] ], [ [ 431871.870590277190786, 6065080.243554854765534 ], [ 431875.241110052797012, 6065091.90076257660985 ] ], [ [ 431871.870590277190786, 6065080.243554854765534 ], [ 431871.238825692795217, 6065078.071737154386938 ] ], [ [ 431871.238825692795217, 6065078.071737154386938 ], [ 431871.870590277190786, 6065080.243554854765534 ] ], [ [ 431871.238825692795217, 6065078.071737154386938 ], [ 431857.49894366634544, 6065030.589862871915102 ] ], [ [ 431857.49894366634544, 6065030.589862871915102 ], [ 431871.238825692795217, 6065078.071737154386938 ] ], [ [ 431857.49894366634544, 6065030.589862871915102 ], [ 431838.750708466628566, 6064965.810732095502317 ] ], [ [ 431838.750708466628566, 6064965.810732095502317 ], [ 431850.66949384578038, 6065006.992453785613179 ] ], [ [ 431838.750708466628566, 6064965.810732095502317 ], [ 431833.029149381502066, 6064946.053495950996876 ] ], [ [ 431833.029149381502066, 6064946.053495950996876 ], [ 431838.750708466628566, 6064965.810732095502317 ] ], [ [ 431833.029149381502066, 6064946.053495950996876 ], [ 431829.420610704168212, 6064933.576339918188751 ] ], [ [ 431829.420610704168212, 6064933.576339918188751 ], [ 431832.008360908774193, 6064942.523933731950819 ] ], [ [ 431829.420610704168212, 6064933.576339918188751 ], [ 431827.066018412064295, 6064924.56458256021142 ] ], [ [ 431829.420610704168212, 6064933.576339918188751 ], [ 431838.328461365774274, 6064930.854934524744749 ] ], [ [ 431829.420610704168212, 6064933.576339918188751 ], [ 431820.539180378778838, 6064936.382781643420458 ] ], [ [ 432023.952455321152229, 6064876.502066615968943 ], [ 432012.139676562335808, 6064879.974033023230731 ] ], [ [ 432023.952455321152229, 6064876.502066615968943 ], [ 432032.129211535793729, 6064874.108708954416215 ] ], [ [ 432012.139676562335808, 6064879.974033023230731 ], [ 432023.952455321152229, 6064876.502066615968943 ] ], [ [ 432012.139676562335808, 6064879.974033023230731 ], [ 431929.616644969792105, 6064904.176003720611334 ] ], [ [ 431929.616644969792105, 6064904.176003720611334 ], [ 432002.938934642123058, 6064882.672296389006078 ] ], [ [ 431929.616644969792105, 6064904.176003720611334 ], [ 431873.474859489768278, 6064920.531933007761836 ] ], [ [ 431750.409483211755287, 6066123.012183497659862 ], [ 431762.578297931933776, 6066161.669684486463666 ] ], [ [ 431750.409483211755287, 6066123.012183497659862 ], [ 431738.857592582469806, 6066088.118231107480824 ] ], [ [ 431750.409483211755287, 6066123.012183497659862 ], [ 431761.233902490290347, 6066122.548166162334383 ] ], [ [ 431738.857592582469806, 6066088.118231107480824 ], [ 431750.409483211755287, 6066123.012183497659862 ] ], [ [ 431738.857592582469806, 6066088.118231107480824 ], [ 431677.793498103390448, 6065862.587772632017732 ] ], [ [ 431705.406825682846829, 6066236.988861428573728 ], [ 431723.077837710618041, 6066214.485337642021477 ] ], [ [ 431705.406825682846829, 6066236.988861428573728 ], [ 431694.550513991387561, 6066256.618203761056066 ] ], [ [ 431694.550513991387561, 6066256.618203761056066 ], [ 431705.406825682846829, 6066236.988861428573728 ] ], [ [ 431694.550513991387561, 6066256.618203761056066 ], [ 431689.952731753874104, 6066283.442636545747519 ] ], [ [ 431689.952731753874104, 6066283.442636545747519 ], [ 431694.550513991387561, 6066256.618203761056066 ] ], [ [ 431689.952731753874104, 6066283.442636545747519 ], [ 431685.864693512558006, 6066311.183101561851799 ] ], [ [ 431685.864693512558006, 6066311.183101561851799 ], [ 431689.952731753874104, 6066283.442636545747519 ] ], [ [ 431685.864693512558006, 6066311.183101561851799 ], [ 431680.058880290249363, 6066344.228002144023776 ] ], [ [ 432134.90884359262418, 6066021.229202701710165 ], [ 432147.20006218389608, 6066017.650136172771454 ] ], [ [ 432134.90884359262418, 6066021.229202701710165 ], [ 432089.738636878319085, 6066034.383954117074609 ] ], [ [ 432089.738636878319085, 6066034.383954117074609 ], [ 432134.90884359262418, 6066021.229202701710165 ] ], [ [ 432089.738636878319085, 6066034.383954117074609 ], [ 431952.742078264942393, 6066074.285121613182127 ] ], [ [ 431952.742078264942393, 6066074.285121613182127 ], [ 432089.738636878319085, 6066034.383954117074609 ] ], [ [ 431952.742078264942393, 6066074.285121613182127 ], [ 431819.421638817293569, 6066113.122245838865638 ] ], [ [ 431819.421638817293569, 6066113.122245838865638 ], [ 431952.742078264942393, 6066074.285121613182127 ] ], [ [ 431819.421638817293569, 6066113.122245838865638 ], [ 431812.984601745556574, 6066115.000095522962511 ] ], [ [ 431812.984601745556574, 6066115.000095522962511 ], [ 431819.421638817293569, 6066113.122245838865638 ] ], [ [ 431812.984601745556574, 6066115.000095522962511 ], [ 431790.599057866726071, 6066121.303363312035799 ] ], [ [ 432198.883776248898357, 6064825.183638916350901 ], [ 432212.050163038133178, 6064821.32459728512913 ] ], [ [ 432198.883776248898357, 6064825.183638916350901 ], [ 432116.455243240226991, 6064849.369605254381895 ] ], [ [ 432116.455243240226991, 6064849.369605254381895 ], [ 432198.883776248898357, 6064825.183638916350901 ] ], [ [ 432116.455243240226991, 6064849.369605254381895 ], [ 432095.997219658398535, 6064855.364012678153813 ] ], [ [ 432095.997219658398535, 6064855.364012678153813 ], [ 432116.455243240226991, 6064849.369605254381895 ] ], [ [ 432095.997219658398535, 6064855.364012678153813 ], [ 432078.656181870668661, 6064860.454711876809597 ] ], [ [ 432078.656181870668661, 6064860.454711876809597 ], [ 432095.997219658398535, 6064855.364012678153813 ] ], [ [ 432078.656181870668661, 6064860.454711876809597 ], [ 432067.984779904771131, 6064863.586627173237503 ] ], [ [ 432067.984779904771131, 6064863.586627173237503 ], [ 432078.656181870668661, 6064860.454711876809597 ] ], [ [ 432067.984779904771131, 6064863.586627173237503 ], [ 432032.129211535793729, 6064874.108708954416215 ] ], [ [ 432032.129211535793729, 6064874.108708954416215 ], [ 432067.984779904771131, 6064863.586627173237503 ] ], [ [ 432032.129211535793729, 6064874.108708954416215 ], [ 432023.952455321152229, 6064876.502066615968943 ] ], [ [ 432493.47287118784152, 6064740.442666165530682 ], [ 432568.348978038760833, 6064718.839643682353199 ] ], [ [ 432493.47287118784152, 6064740.442666165530682 ], [ 432418.574445009347983, 6064761.968377104960382 ] ], [ [ 432403.606684226891957, 6064766.270265481434762 ], [ 432493.47287118784152, 6064740.442666165530682 ] ], [ [ 432403.606684226891957, 6064766.270265481434762 ], [ 432347.555437320377678, 6064782.378323222510517 ] ], [ [ 432347.555437320377678, 6064782.378323222510517 ], [ 432403.606684226891957, 6064766.270265481434762 ] ], [ [ 432347.555437320377678, 6064782.378323222510517 ], [ 432341.814915307390038, 6064784.022356670349836 ] ], [ [ 432341.814915307390038, 6064784.022356670349836 ], [ 432347.555437320377678, 6064782.378323222510517 ] ], [ [ 432341.814915307390038, 6064784.022356670349836 ], [ 432276.457636617007665, 6064802.808108290657401 ] ], [ [ 432276.457636617007665, 6064802.808108290657401 ], [ 432341.814915307390038, 6064784.022356670349836 ] ], [ [ 432276.457636617007665, 6064802.808108290657401 ], [ 432225.346038999326993, 6064817.508169710636139 ] ], [ [ 432225.346038999326993, 6064817.508169710636139 ], [ 432276.457636617007665, 6064802.808108290657401 ] ], [ [ 432225.346038999326993, 6064817.508169710636139 ], [ 432212.050163038133178, 6064821.32459728512913 ] ], [ [ 432215.047244247922208, 6064831.752290258184075 ], [ 432212.050163038133178, 6064821.32459728512913 ] ], [ [ 432215.047244247922208, 6064831.752290258184075 ], [ 432232.634588791290298, 6064892.899865079671144 ] ], [ [ 432232.634588791290298, 6064892.899865079671144 ], [ 432215.047244247922208, 6064831.752290258184075 ] ], [ [ 432232.634588791290298, 6064892.899865079671144 ], [ 432287.296244358818512, 6065082.93642483651638 ] ], [ [ 432287.296244358818512, 6065082.93642483651638 ], [ 432232.634588791290298, 6064892.899865079671144 ] ], [ [ 432287.296244358818512, 6065082.93642483651638 ], [ 432290.082035447587259, 6065092.610539412125945 ] ], [ [ 432617.400202481541783, 6064787.005509762093425 ], [ 432600.387877219007351, 6064733.177412552759051 ] ], [ [ 432617.400202481541783, 6064787.005509762093425 ], [ 432631.391066760756075, 6064833.673336344771087 ] ], [ [ 432631.391066760756075, 6064833.673336344771087 ], [ 432617.400202481541783, 6064787.005509762093425 ] ], [ [ 432631.391066760756075, 6064833.673336344771087 ], [ 432645.144322524196468, 6064879.543438416905701 ] ], [ [ 432645.144322524196468, 6064879.543438416905701 ], [ 432631.391066760756075, 6064833.673336344771087 ] ], [ [ 432645.144322524196468, 6064879.543438416905701 ], [ 432671.38771008013282, 6064971.725489652715623 ] ], [ [ 432671.38771008013282, 6064971.725489652715623 ], [ 432645.144322524196468, 6064879.543438416905701 ] ], [ [ 432671.38771008013282, 6064971.725489652715623 ], [ 432674.541698986315168, 6064982.818881155923009 ] ], [ [ 432709.546842789219227, 6065098.130748949944973 ], [ 432717.044753419002518, 6065122.826206188648939 ] ], [ [ 432709.546842789219227, 6065098.130748949944973 ], [ 432678.99208347662352, 6064997.487710193730891 ] ], [ [ 432717.044753419002518, 6065122.826206188648939 ], [ 432709.546842789219227, 6065098.130748949944973 ] ], [ [ 432717.044753419002518, 6065122.826206188648939 ], [ 432733.422074219794013, 6065176.770712644793093 ] ], [ [ 432733.422074219794013, 6065176.770712644793093 ], [ 432717.044753419002518, 6065122.826206188648939 ] ], [ [ 432733.422074219794013, 6065176.770712644793093 ], [ 432744.292689047986642, 6065212.578646537847817 ] ], [ [ 432744.292689047986642, 6065212.578646537847817 ], [ 432733.422074219794013, 6065176.770712644793093 ] ], [ [ 432744.292689047986642, 6065212.578646537847817 ], [ 432753.58527125173714, 6065243.201598709449172 ] ], [ [ 432753.58527125173714, 6065243.201598709449172 ], [ 432744.292689047986642, 6065212.578646537847817 ] ], [ [ 432753.58527125173714, 6065243.201598709449172 ], [ 432758.400615269492846, 6065259.055899139493704 ] ], [ [ 432101.622525093436707, 6065149.582268909551203 ], [ 432087.444931188831106, 6065153.801862768828869 ] ], [ [ 432101.622525093436707, 6065149.582268909551203 ], [ 432111.373750439845026, 6065146.55327545851469 ] ], [ [ 432087.444931188831106, 6065153.801862768828869 ], [ 432101.622525093436707, 6065149.582268909551203 ] ], [ [ 432087.444931188831106, 6065153.801862768828869 ], [ 432010.260885905008763, 6065176.798180266283453 ] ], [ [ 432010.260885905008763, 6065176.798180266283453 ], [ 432087.444931188831106, 6065153.801862768828869 ] ], [ [ 432010.260885905008763, 6065176.798180266283453 ], [ 432000.16799435246503, 6065179.799148559570312 ] ], [ [ 432000.16799435246503, 6065179.799148559570312 ], [ 432010.260885905008763, 6065176.798180266283453 ] ], [ [ 432000.16799435246503, 6065179.799148559570312 ], [ 431993.242822830448858, 6065181.862121461890638 ] ], [ [ 431993.242822830448858, 6065181.862121461890638 ], [ 432000.16799435246503, 6065179.799148559570312 ] ], [ [ 431993.242822830448858, 6065181.862121461890638 ], [ 431922.414043679600582, 6065202.961373205296695 ] ], [ [ 431922.414043679600582, 6065202.961373205296695 ], [ 431993.242822830448858, 6065181.862121461890638 ] ], [ [ 431922.414043679600582, 6065202.961373205296695 ], [ 431908.57672297465615, 6065207.087375104427338 ] ], [ [ 432276.123044740990736, 6065096.826257732696831 ], [ 432290.082035447587259, 6065092.610539412125945 ] ], [ [ 432276.123044740990736, 6065096.826257732696831 ], [ 432251.346858434379101, 6065104.298120808787644 ] ], [ [ 432251.346858434379101, 6065104.298120808787644 ], [ 432276.123044740990736, 6065096.826257732696831 ] ], [ [ 432251.346858434379101, 6065104.298120808787644 ], [ 432225.763035759329796, 6065112.027078618295491 ] ], [ [ 432225.763035759329796, 6065112.027078618295491 ], [ 432251.346858434379101, 6065104.298120808787644 ] ], [ [ 432225.763035759329796, 6065112.027078618295491 ], [ 432207.851760732301045, 6065117.432151434011757 ] ], [ [ 432181.481838422478177, 6065125.389936887659132 ], [ 432207.851760732301045, 6065117.432151434011757 ] ], [ [ 432181.481838422478177, 6065125.389936887659132 ], [ 432111.373750439845026, 6065146.55327545851469 ] ], [ [ 432111.373750439845026, 6065146.55327545851469 ], [ 432181.481838422478177, 6065125.389936887659132 ] ], [ [ 432111.373750439845026, 6065146.55327545851469 ], [ 432101.622525093436707, 6065149.582268909551203 ] ], [ [ 431896.55256536003435, 6065210.57398128323257 ], [ 431908.57672297465615, 6065207.087375104427338 ] ], [ [ 431896.55256536003435, 6065210.57398128323257 ], [ 431871.888634725299198, 6065217.723511919379234 ] ], [ [ 431871.888634725299198, 6065217.723511919379234 ], [ 431896.55256536003435, 6065210.57398128323257 ] ], [ [ 431871.888634725299198, 6065217.723511919379234 ], [ 431804.239836046181154, 6065237.352147469297051 ] ], [ [ 431804.239836046181154, 6065237.352147469297051 ], [ 431871.888634725299198, 6065217.723511919379234 ] ], [ [ 431804.239836046181154, 6065237.352147469297051 ], [ 431789.528810699586757, 6065241.614127160981297 ] ], [ [ 431789.528810699586757, 6065241.614127160981297 ], [ 431804.239836046181154, 6065237.352147469297051 ] ], [ [ 431789.528810699586757, 6065241.614127160981297 ], [ 431731.820376116782427, 6065258.35601129103452 ] ], [ [ 431731.820376116782427, 6065258.35601129103452 ], [ 431789.528810699586757, 6065241.614127160981297 ] ], [ [ 431731.820376116782427, 6065258.35601129103452 ], [ 431721.79732750414405, 6065261.267520076595247 ] ], [ [ 431721.79732750414405, 6065261.267520076595247 ], [ 431731.820376116782427, 6065258.35601129103452 ] ], [ [ 431721.79732750414405, 6065261.267520076595247 ], [ 431708.391793988179415, 6065265.387618840672076 ] ], [ [ 432874.427960790286306, 6066669.544584013521671 ], [ 432946.319206230749842, 6066640.953204539604485 ] ], [ [ 432874.427960790286306, 6066669.544584013521671 ], [ 432857.202969169302378, 6066676.389146634377539 ] ], [ [ 432857.202969169302378, 6066676.389146634377539 ], [ 432874.427960790286306, 6066669.544584013521671 ] ], [ [ 432857.202969169302378, 6066676.389146634377539 ], [ 432850.996629377244972, 6066679.030017822049558 ] ], [ [ 432850.996629377244972, 6066679.030017822049558 ], [ 432857.202969169302378, 6066676.389146634377539 ] ], [ [ 432850.996629377244972, 6066679.030017822049558 ], [ 432843.235770440485794, 6066681.916597279720008 ] ], [ [ 432850.996629377244972, 6066679.030017822049558 ], [ 432843.999168369278777, 6066667.437192782759666 ] ], [ [ 432850.996629377244972, 6066679.030017822049558 ], [ 432852.966431133274455, 6066683.330018977634609 ] ], [ [ 432843.235770440485794, 6066681.916597279720008 ], [ 432850.996629377244972, 6066679.030017822049558 ] ], [ [ 432843.235770440485794, 6066681.916597279720008 ], [ 432840.245583935524337, 6066683.040599253959954 ] ], [ [ 432764.514384593872819, 6066482.87215371709317 ], [ 432766.078590957913548, 6066486.732986054383218 ] ], [ [ 432764.514384593872819, 6066482.87215371709317 ], [ 432737.054928474943154, 6066415.192090631462634 ] ], [ [ 432737.054928474943154, 6066415.192090631462634 ], [ 432764.514384593872819, 6066482.87215371709317 ] ], [ [ 432737.054928474943154, 6066415.192090631462634 ], [ 432723.516214758856222, 6066381.226850471459329 ] ], [ [ 432723.516214758856222, 6066381.226850471459329 ], [ 432737.054928474943154, 6066415.192090631462634 ] ], [ [ 432723.516214758856222, 6066381.226850471459329 ], [ 432692.640541791217402, 6066303.459154095500708 ] ], [ [ 432692.640541791217402, 6066303.459154095500708 ], [ 432723.516214758856222, 6066381.226850471459329 ] ], [ [ 432692.640541791217402, 6066303.459154095500708 ], [ 432684.061297203996219, 6066280.849891624413431 ] ], [ [ 432684.061297203996219, 6066280.849891624413431 ], [ 432692.640541791217402, 6066303.459154095500708 ] ], [ [ 432684.061297203996219, 6066280.849891624413431 ], [ 432648.494155964115635, 6066189.975332813337445 ] ], [ [ 432648.494155964115635, 6066189.975332813337445 ], [ 432684.061297203996219, 6066280.849891624413431 ] ], [ [ 432648.494155964115635, 6066189.975332813337445 ], [ 432635.369316372205503, 6066155.781582665629685 ] ], [ [ 432635.369316372205503, 6066155.781582665629685 ], [ 432648.494155964115635, 6066189.975332813337445 ] ], [ [ 432635.369316372205503, 6066155.781582665629685 ], [ 432630.896827567485161, 6066145.186436295509338 ] ], [ [ 432630.896827567485161, 6066145.186436295509338 ], [ 432635.369316372205503, 6066155.781582665629685 ] ], [ [ 432630.896827567485161, 6066145.186436295509338 ], [ 432625.838479910744354, 6066132.874994322657585 ] ], [ [ 432625.838479910744354, 6066132.874994322657585 ], [ 432630.896827567485161, 6066145.186436295509338 ] ], [ [ 432625.838479910744354, 6066132.874994322657585 ], [ 432603.835111946798861, 6066077.234094070270658 ] ], [ [ 432603.835111946798861, 6066077.234094070270658 ], [ 432625.838479910744354, 6066132.874994322657585 ] ], [ [ 432603.835111946798861, 6066077.234094070270658 ], [ 432583.470578111475334, 6066026.154097677208483 ] ], [ [ 432583.470578111475334, 6066026.154097677208483 ], [ 432603.835111946798861, 6066077.234094070270658 ] ], [ [ 432583.470578111475334, 6066026.154097677208483 ], [ 432567.637748073728289, 6065988.350542027503252 ] ], [ [ 432567.637748073728289, 6065988.350542027503252 ], [ 432583.470578111475334, 6066026.154097677208483 ] ], [ [ 432567.637748073728289, 6065988.350542027503252 ], [ 432563.010436043550726, 6065976.032731734216213 ] ], [ [ 432563.010436043550726, 6065976.032731734216213 ], [ 432567.637748073728289, 6065988.350542027503252 ] ], [ [ 432563.010436043550726, 6065976.032731734216213 ], [ 432538.82978257117793, 6065912.255740984342992 ] ], [ [ 432538.82978257117793, 6065912.255740984342992 ], [ 432563.010436043550726, 6065976.032731734216213 ] ], [ [ 432538.82978257117793, 6065912.255740984342992 ], [ 432534.581815721758176, 6065899.475992859341204 ] ], [ [ 433374.011518216109835, 6065964.499977946281433 ], [ 433382.040306625596713, 6065989.524268261156976 ] ], [ [ 433374.011518216109835, 6065964.499977946281433 ], [ 433370.955492106149904, 6065954.651163554750383 ] ], [ [ 431421.456961180083454, 6065652.704617060720921 ], [ 431412.81716081884224, 6065655.302314864471555 ] ], [ [ 431421.456961180083454, 6065652.704617060720921 ], [ 431428.925760016543791, 6065650.454424435272813 ] ], [ [ 431428.925760016543791, 6065650.454424435272813 ], [ 431421.456961180083454, 6065652.704617060720921 ] ], [ [ 431428.925760016543791, 6065650.454424435272813 ], [ 431445.037406219693366, 6065645.616701777093112 ] ], [ [ 431463.943198117311113, 6065639.94008844345808 ], [ 431428.925760016543791, 6065650.454424435272813 ] ], [ [ 431463.943198117311113, 6065639.94008844345808 ], [ 431515.069915707339533, 6065624.580231129191816 ] ], [ [ 431533.388532323937397, 6065619.076986248604953 ], [ 431463.943198117311113, 6065639.94008844345808 ] ], [ [ 431533.388532323937397, 6065619.076986248604953 ], [ 431572.913424778962508, 6065607.204201898537576 ] ], [ [ 431572.913424778962508, 6065607.204201898537576 ], [ 431533.388532323937397, 6065619.076986248604953 ] ], [ [ 431572.913424778962508, 6065607.204201898537576 ], [ 431596.218187053164002, 6065600.207106149755418 ] ], [ [ 431596.218187053164002, 6065600.207106149755418 ], [ 431572.913424778962508, 6065607.204201898537576 ] ], [ [ 431596.218187053164002, 6065600.207106149755418 ], [ 431605.251675067760516, 6065597.499476665630937 ] ], [ [ 431605.251675067760516, 6065597.499476665630937 ], [ 431596.218187053164002, 6065600.207106149755418 ] ], [ [ 431605.251675067760516, 6065597.499476665630937 ], [ 431608.452782910782844, 6065609.003255764953792 ] ], [ [ 431605.251675067760516, 6065597.499476665630937 ], [ 431601.170746897172648, 6065582.759256982244551 ] ], [ [ 433223.038338980986737, 6065105.638182635419071 ], [ 433227.275937237311155, 6065120.855988491326571 ] ], [ [ 433223.038338980986737, 6065105.638182635419071 ], [ 433195.561843758332543, 6065006.5589917935431 ] ], [ [ 432924.999749374866951, 6065814.477879115380347 ], [ 432921.662953888415359, 6065833.936837993562222 ] ], [ [ 432924.999749374866951, 6065814.477879115380347 ], [ 432926.471322188852355, 6065808.624302993528545 ] ], [ [ 432926.471322188852355, 6065808.624302993528545 ], [ 432924.999749374866951, 6065814.477879115380347 ] ], [ [ 432926.471322188852355, 6065808.624302993528545 ], [ 432928.387345580908004, 6065804.945462581701577 ] ], [ [ 432928.387345580908004, 6065804.945462581701577 ], [ 432926.471322188852355, 6065808.624302993528545 ] ], [ [ 432928.387345580908004, 6065804.945462581701577 ], [ 432931.502260926237796, 6065800.035736570134759 ] ], [ [ 432931.502260926237796, 6065800.035736570134759 ], [ 432928.387345580908004, 6065804.945462581701577 ] ], [ [ 432931.502260926237796, 6065800.035736570134759 ], [ 432934.541574873379432, 6065795.672468493692577 ] ], [ [ 432934.541574873379432, 6065795.672468493692577 ], [ 432931.502260926237796, 6065800.035736570134759 ] ], [ [ 432934.541574873379432, 6065795.672468493692577 ], [ 432938.41593680618098, 6065792.031337932683527 ] ], [ [ 432938.41593680618098, 6065792.031337932683527 ], [ 432934.541574873379432, 6065795.672468493692577 ] ], [ [ 432938.41593680618098, 6065792.031337932683527 ], [ 432942.959924818424042, 6065789.248353340663016 ] ], [ [ 432942.959924818424042, 6065789.248353340663016 ], [ 432938.41593680618098, 6065792.031337932683527 ] ], [ [ 432942.959924818424042, 6065789.248353340663016 ], [ 432947.976087382761762, 6065787.471127440221608 ] ], [ [ 432947.976087382761762, 6065787.471127440221608 ], [ 432942.959924818424042, 6065789.248353340663016 ] ], [ [ 432947.976087382761762, 6065787.471127440221608 ], [ 432953.252608004026115, 6065786.747322170995176 ] ], [ [ 432953.252608004026115, 6065786.747322170995176 ], [ 432947.976087382761762, 6065787.471127440221608 ] ], [ [ 432953.252608004026115, 6065786.747322170995176 ], [ 432958.564792203367688, 6065787.124789646826684 ] ], [ [ 432958.564792203367688, 6065787.124789646826684 ], [ 432953.252608004026115, 6065786.747322170995176 ] ], [ [ 432958.564792203367688, 6065787.124789646826684 ], [ 432963.68695464724442, 6065788.584620145149529 ] ], [ [ 432963.68695464724442, 6065788.584620145149529 ], [ 432958.564792203367688, 6065787.124789646826684 ] ], [ [ 432963.68695464724442, 6065788.584620145149529 ], [ 432972.884083667886443, 6065795.14796984102577 ] ], [ [ 432972.884083667886443, 6065795.14796984102577 ], [ 432963.68695464724442, 6065788.584620145149529 ] ], [ [ 432972.884083667886443, 6065795.14796984102577 ], [ 432982.081349568266887, 6065802.156505662016571 ] ], [ [ 432954.197952491929755, 6065848.712091559544206 ], [ 432938.860644735745154, 6065860.169146468862891 ] ], [ [ 432954.197952491929755, 6065848.712091559544206 ], [ 432968.468192265543621, 6065844.760908522643149 ] ], [ [ 432954.197952491929755, 6065848.712091559544206 ], [ 432944.328682777355425, 6065847.623220165260136 ] ], [ [ 432938.860644735745154, 6065860.169146468862891 ], [ 432954.197952491929755, 6065848.712091559544206 ] ], [ [ 432938.860644735745154, 6065860.169146468862891 ], [ 432934.412665854964871, 6065865.076399170793593 ] ], [ [ 432934.412665854964871, 6065865.076399170793593 ], [ 432938.860644735745154, 6065860.169146468862891 ] ], [ [ 432934.412665854964871, 6065865.076399170793593 ], [ 432930.375112121691927, 6065870.300311707891524 ] ], [ [ 432012.588893070816994, 6065567.368019265122712 ], [ 432011.332838070811704, 6065565.819752440787852 ] ], [ [ 432012.588893070816994, 6065567.368019265122712 ], [ 432017.390049651497975, 6065576.132439215667546 ] ], [ [ 432006.407379245385528, 6065559.74843580275774 ], [ 432011.332838070811704, 6065565.819752440787852 ] ], [ [ 432006.407379245385528, 6065559.74843580275774 ], [ 431989.650161318713799, 6065544.820278899744153 ] ], [ [ 431989.650161318713799, 6065544.820278899744153 ], [ 432006.407379245385528, 6065559.74843580275774 ] ], [ [ 431989.650161318713799, 6065544.820278899744153 ], [ 431970.581331801309716, 6065530.361029101535678 ] ], [ [ 431970.581331801309716, 6065530.361029101535678 ], [ 431989.650161318713799, 6065544.820278899744153 ] ], [ [ 431970.581331801309716, 6065530.361029101535678 ], [ 431964.674179602181539, 6065523.861428814008832 ] ], [ [ 432843.921394060482271, 6065568.891134449280798 ], [ 432834.677486262051389, 6065535.395938716828823 ] ], [ [ 432843.921394060482271, 6065568.891134449280798 ], [ 432858.981111295986921, 6065623.645825579762459 ] ], [ [ 432858.981111295986921, 6065623.645825579762459 ], [ 432843.921394060482271, 6065568.891134449280798 ] ], [ [ 432858.981111295986921, 6065623.645825579762459 ], [ 432896.788760352181271, 6065752.216853967867792 ] ], [ [ 432896.788760352181271, 6065752.216853967867792 ], [ 432858.981111295986921, 6065623.645825579762459 ] ], [ [ 432896.788760352181271, 6065752.216853967867792 ], [ 432904.127524837327655, 6065777.170936545357108 ] ], [ [ 432904.127524837327655, 6065777.170936545357108 ], [ 432896.788760352181271, 6065752.216853967867792 ] ], [ [ 432904.127524837327655, 6065777.170936545357108 ], [ 432883.948154125013389, 6065783.057555459439754 ] ], [ [ 432904.127524837327655, 6065777.170936545357108 ], [ 432935.543492334079929, 6065767.723174680024385 ] ], [ [ 432904.127524837327655, 6065777.170936545357108 ], [ 432905.561089069407899, 6065781.768286569975317 ] ], [ [ 433378.005623461911455, 6065651.476061591878533 ], [ 433442.439781337510794, 6065632.151420392096043 ] ], [ [ 433378.005623461911455, 6065651.476061591878533 ], [ 433355.876295819412917, 6065657.533980213105679 ] ], [ [ 433355.876295819412917, 6065657.533980213105679 ], [ 433378.005623461911455, 6065651.476061591878533 ] ], [ [ 433355.876295819412917, 6065657.533980213105679 ], [ 433302.168685279262718, 6065673.918571936897933 ] ], [ [ 433302.168685279262718, 6065673.918571936897933 ], [ 433355.876295819412917, 6065657.533980213105679 ] ], [ [ 433302.168685279262718, 6065673.918571936897933 ], [ 433294.605274680361617, 6065676.356243047863245 ] ], [ [ 432887.061573715414852, 6064922.497962899506092 ], [ 432925.08568935492076, 6064911.716489930637181 ] ], [ [ 432887.061573715414852, 6064922.497962899506092 ], [ 432879.229925928753801, 6064924.728831259533763 ] ], [ [ 432879.229925928753801, 6064924.728831259533763 ], [ 432887.061573715414852, 6064922.497962899506092 ] ], [ [ 432879.229925928753801, 6064924.728831259533763 ], [ 432873.893300124211237, 6064926.243768704123795 ] ], [ [ 432873.893300124211237, 6064926.243768704123795 ], [ 432879.229925928753801, 6064924.728831259533763 ] ], [ [ 432873.893300124211237, 6064926.243768704123795 ], [ 432864.31680725683691, 6064928.956879835575819 ] ], [ [ 432864.31680725683691, 6064928.956879835575819 ], [ 432873.893300124211237, 6064926.243768704123795 ] ], [ [ 432864.31680725683691, 6064928.956879835575819 ], [ 432856.472632094286382, 6064931.210232723504305 ] ], [ [ 432856.472632094286382, 6064931.210232723504305 ], [ 432864.31680725683691, 6064928.956879835575819 ] ], [ [ 432856.472632094286382, 6064931.210232723504305 ], [ 432787.849637985986192, 6064950.669318408705294 ] ], [ [ 432767.09083728591213, 6064956.556027768179774 ], [ 432856.472632094286382, 6064931.210232723504305 ] ], [ [ 432767.09083728591213, 6064956.556027768179774 ], [ 432689.345330102427397, 6064978.614087614230812 ] ], [ [ 432689.345330102427397, 6064978.614087614230812 ], [ 432767.09083728591213, 6064956.556027768179774 ] ], [ [ 432689.345330102427397, 6064978.614087614230812 ], [ 432674.541698986315168, 6064982.818881155923009 ] ], [ [ 432325.904550623206887, 6065959.734881417825818 ], [ 432336.477759443805553, 6065956.660632755607367 ] ], [ [ 432325.904550623206887, 6065959.734881417825818 ], [ 432264.958093814610038, 6065977.34221404325217 ] ], [ [ 432264.958093814610038, 6065977.34221404325217 ], [ 432325.904550623206887, 6065959.734881417825818 ] ], [ [ 432264.958093814610038, 6065977.34221404325217 ], [ 432178.191051851550583, 6066002.405053141526878 ] ], [ [ 432178.191051851550583, 6066002.405053141526878 ], [ 432264.958093814610038, 6065977.34221404325217 ] ], [ [ 432178.191051851550583, 6066002.405053141526878 ], [ 432160.942841968615539, 6066007.382855922915041 ] ], [ [ 431674.648421738122124, 6065850.999300303868949 ], [ 431613.649841740319971, 6065626.853926948271692 ] ], [ [ 431674.648421738122124, 6065850.999300303868949 ], [ 431676.687463923823088, 6065858.50301390979439 ] ], [ [ 431613.649841740319971, 6065626.853926948271692 ], [ 431674.428865103924181, 6065850.192478793673217 ] ], [ [ 431613.649841740319971, 6065626.853926948271692 ], [ 431608.452782910782844, 6065609.003255764953792 ] ], [ [ 431608.452782910782844, 6065609.003255764953792 ], [ 431613.649841740319971, 6065626.853926948271692 ] ], [ [ 431608.452782910782844, 6065609.003255764953792 ], [ 431605.251675067760516, 6065597.499476665630937 ] ], [ [ 431601.170746897172648, 6065582.759256982244551 ], [ 431605.251675067760516, 6065597.499476665630937 ] ], [ [ 431601.170746897172648, 6065582.759256982244551 ], [ 431579.746504139853641, 6065505.122740520164371 ] ], [ [ 431579.746504139853641, 6065505.122740520164371 ], [ 431601.170746897172648, 6065582.759256982244551 ] ], [ [ 431579.746504139853641, 6065505.122740520164371 ], [ 431566.474244435608853, 6065459.303996309638023 ] ], [ [ 431566.474244435608853, 6065459.303996309638023 ], [ 431579.746504139853641, 6065505.122740520164371 ] ], [ [ 431566.474244435608853, 6065459.303996309638023 ], [ 431562.052116481529083, 6065442.888449631631374 ] ], [ [ 431562.052116481529083, 6065442.888449631631374 ], [ 431566.474244435608853, 6065459.303996309638023 ] ], [ [ 431562.052116481529083, 6065442.888449631631374 ], [ 431550.462186739780009, 6065404.194722317159176 ] ], [ [ 432031.257575190160424, 6065616.467835218645632 ], [ 432032.606453584041446, 6065621.366693217307329 ] ], [ [ 432031.257575190160424, 6065616.467835218645632 ], [ 432025.353941832436249, 6065596.490526071749628 ] ], [ [ 432025.353941832436249, 6065596.490526071749628 ], [ 432031.257575190160424, 6065616.467835218645632 ] ], [ [ 432025.353941832436249, 6065596.490526071749628 ], [ 432021.065963343135081, 6065584.591044249944389 ] ], [ [ 432021.065963343135081, 6065584.591044249944389 ], [ 432025.353941832436249, 6065596.490526071749628 ] ], [ [ 432021.065963343135081, 6065584.591044249944389 ], [ 432017.390049651497975, 6065576.132439215667546 ] ], [ [ 432017.390049651497975, 6065576.132439215667546 ], [ 432021.065963343135081, 6065584.591044249944389 ] ], [ [ 432017.390049651497975, 6065576.132439215667546 ], [ 432012.588893070816994, 6065567.368019265122712 ] ], [ [ 432075.979925917286891, 6066026.44415657967329 ], [ 432098.703350692579988, 6066013.860318230465055 ] ], [ [ 432075.979925917286891, 6066026.44415657967329 ], [ 431949.401974506559782, 6066062.026418207213283 ] ], [ [ 432075.979925917286891, 6066026.44415657967329 ], [ 432132.141867224185262, 6066010.65341916307807 ] ], [ [ 432098.703350692579988, 6066013.860318230465055 ], [ 432075.979925917286891, 6066026.44415657967329 ] ], [ [ 432098.703350692579988, 6066013.860318230465055 ], [ 432126.15316184272524, 6065993.526366329751909 ] ], [ [ 432126.15316184272524, 6065993.526366329751909 ], [ 432098.703350692579988, 6066013.860318230465055 ] ], [ [ 432126.15316184272524, 6065993.526366329751909 ], [ 432129.808669957448728, 6065985.658677605912089 ] ], [ [ 432129.808669957448728, 6065985.658677605912089 ], [ 432126.15316184272524, 6065993.526366329751909 ] ], [ [ 432129.808669957448728, 6065985.658677605912089 ], [ 432133.61287844076287, 6065974.828364841639996 ] ], [ [ 432990.038550841214601, 6065751.611850852146745 ], [ 432948.36924412229564, 6065764.060478501953185 ] ], [ [ 432990.038550841214601, 6065751.611850852146745 ], [ 432994.337105632701423, 6065750.513076366856694 ] ], [ [ 432843.999168369278777, 6066667.437192782759666 ], [ 432835.841558832908049, 6066654.036429423838854 ] ], [ [ 432843.999168369278777, 6066667.437192782759666 ], [ 432850.996629377244972, 6066679.030017822049558 ] ], [ [ 432852.966431133274455, 6066683.330018977634609 ], [ 432850.996629377244972, 6066679.030017822049558 ] ], [ [ 432852.966431133274455, 6066683.330018977634609 ], [ 432864.775286472635344, 6066715.395970601588488 ] ], [ [ 432864.775286472635344, 6066715.395970601588488 ], [ 432852.966431133274455, 6066683.330018977634609 ] ], [ [ 432864.775286472635344, 6066715.395970601588488 ], [ 432867.224460783298127, 6066722.059386743232608 ] ], [ [ 432867.224460783298127, 6066722.059386743232608 ], [ 432864.775286472635344, 6066715.395970601588488 ] ], [ [ 432867.224460783298127, 6066722.059386743232608 ], [ 432882.097619945066981, 6066761.903711372055113 ] ], [ [ 432882.097619945066981, 6066761.903711372055113 ], [ 432877.160418440413196, 6066748.677157114259899 ] ], [ [ 432882.097619945066981, 6066761.903711372055113 ], [ 432887.279222888406366, 6066775.036460246890783 ] ], [ [ 431708.391793988179415, 6065265.387618840672076 ], [ 431721.79732750414405, 6065261.267520076595247 ] ], [ [ 431708.391793988179415, 6065265.387618840672076 ], [ 431640.357882119249552, 6065286.29330263659358 ] ], [ [ 431640.357882119249552, 6065286.29330263659358 ], [ 431654.096383667259943, 6065282.071592717431486 ] ], [ [ 431640.357882119249552, 6065286.29330263659358 ], [ 431637.678022815904114, 6065287.112897571176291 ] ], [ [ 431637.678022815904114, 6065287.112897571176291 ], [ 431640.357882119249552, 6065286.29330263659358 ] ], [ [ 431637.678022815904114, 6065287.112897571176291 ], [ 431626.617914147966076, 6065290.510351818054914 ] ], [ [ 433088.241245577577502, 6065851.922169516794384 ], [ 433151.429788560024463, 6065868.459644541144371 ] ], [ [ 433088.241245577577502, 6065851.922169516794384 ], [ 433076.881304201495368, 6065848.88521153666079 ] ], [ [ 433151.429788560024463, 6065868.459644541144371 ], [ 433088.241245577577502, 6065851.922169516794384 ] ], [ [ 433151.429788560024463, 6065868.459644541144371 ], [ 433165.556473938282579, 6065872.646684950217605 ] ], [ [ 433165.556473938282579, 6065872.646684950217605 ], [ 433230.395275381801184, 6065889.772946462035179 ] ], [ [ 433165.556473938282579, 6065872.646684950217605 ], [ 433151.429788560024463, 6065868.459644541144371 ] ], [ [ 433230.395275381801184, 6065889.772946462035179 ], [ 433165.556473938282579, 6065872.646684950217605 ] ], [ [ 433230.395275381801184, 6065889.772946462035179 ], [ 433309.642131688888185, 6065911.005554085597396 ] ], [ [ 432530.152053340163548, 6065886.598799995146692 ], [ 432523.616318160202354, 6065866.385484956204891 ] ], [ [ 432530.152053340163548, 6065886.598799995146692 ], [ 432508.223527655296493, 6065892.591147332452238 ] ], [ [ 432530.152053340163548, 6065886.598799995146692 ], [ 432556.601119945233222, 6065878.858552233316004 ] ], [ [ 432530.152053340163548, 6065886.598799995146692 ], [ 432531.417820873204619, 6065890.28594521805644 ] ], [ [ 433309.642131688888185, 6065911.005554085597396 ], [ 433348.128680388850626, 6065921.188412205316126 ] ], [ [ 433309.642131688888185, 6065911.005554085597396 ], [ 433230.395275381801184, 6065889.772946462035179 ] ], [ [ 433348.128680388850626, 6065921.188412205316126 ], [ 433309.642131688888185, 6065911.005554085597396 ] ], [ [ 433348.128680388850626, 6065921.188412205316126 ], [ 433362.88650081504602, 6065924.966098277829587 ] ], [ [ 432140.587980733893346, 6064575.015518360771239 ], [ 432134.988333481829613, 6064556.024020243436098 ] ], [ [ 432140.587980733893346, 6064575.015518360771239 ], [ 432151.46807957382407, 6064611.912656819447875 ] ], [ [ 432151.46807957382407, 6064611.912656819447875 ], [ 432140.587980733893346, 6064575.015518360771239 ] ], [ [ 432151.46807957382407, 6064611.912656819447875 ], [ 432157.57216241734568, 6064632.332278275862336 ] ], [ [ 432678.99208347662352, 6064997.487710193730891 ], [ 432674.541698986315168, 6064982.818881155923009 ] ], [ [ 432678.99208347662352, 6064997.487710193730891 ], [ 432709.546842789219227, 6065098.130748949944973 ] ], [ [ 431949.401974506559782, 6066062.026418207213283 ], [ 431808.949490757018793, 6066101.516623602248728 ] ], [ [ 431949.401974506559782, 6066062.026418207213283 ], [ 432075.979925917286891, 6066026.44415657967329 ] ], [ [ 432132.141867224185262, 6066010.65341916307807 ], [ 432075.979925917286891, 6066026.44415657967329 ] ], [ [ 432132.141867224185262, 6066010.65341916307807 ], [ 432141.909486038028263, 6066004.552513480186462 ] ], [ [ 432321.252064866304863, 6065943.633723037317395 ], [ 432330.301303722895682, 6065941.138756049796939 ] ], [ [ 432321.252064866304863, 6065943.633723037317395 ], [ 432243.647657098365016, 6065967.389449090696871 ] ], [ [ 432330.301303722895682, 6065941.138756049796939 ], [ 432321.252064866304863, 6065943.633723037317395 ] ], [ [ 432330.301303722895682, 6065941.138756049796939 ], [ 432343.436815735360142, 6065937.580973265692592 ] ], [ [ 432343.436815735360142, 6065937.580973265692592 ], [ 432330.301303722895682, 6065941.138756049796939 ] ], [ [ 432343.436815735360142, 6065937.580973265692592 ], [ 432411.055862599459942, 6065919.118093744851649 ] ], [ [ 432411.055862599459942, 6065919.118093744851649 ], [ 432343.436815735360142, 6065937.580973265692592 ] ], [ [ 432411.055862599459942, 6065919.118093744851649 ], [ 432480.195368528889958, 6065900.23286025878042 ] ], [ [ 432480.195368528889958, 6065900.23286025878042 ], [ 432411.055862599459942, 6065919.118093744851649 ] ], [ [ 432480.195368528889958, 6065900.23286025878042 ], [ 432508.223527655296493, 6065892.591147332452238 ] ], [ [ 432508.223527655296493, 6065892.591147332452238 ], [ 432480.195368528889958, 6065900.23286025878042 ] ], [ [ 432508.223527655296493, 6065892.591147332452238 ], [ 432530.152053340163548, 6065886.598799995146692 ] ], [ [ 431574.05289272184018, 6065439.189829640090466 ], [ 431558.740447253454477, 6065387.362713020294905 ] ], [ [ 431574.05289272184018, 6065439.189829640090466 ], [ 431588.744627567008138, 6065491.196362768299878 ] ], [ [ 431613.482305476907641, 6065578.766666045412421 ], [ 431574.05289272184018, 6065439.189829640090466 ] ], [ [ 431613.482305476907641, 6065578.766666045412421 ], [ 431617.815531833039131, 6065593.15806844457984 ] ], [ [ 431617.815531833039131, 6065593.15806844457984 ], [ 431613.482305476907641, 6065578.766666045412421 ] ], [ [ 431617.815531833039131, 6065593.15806844457984 ], [ 431620.531118864426389, 6065603.222392068244517 ] ], [ [ 431620.531118864426389, 6065603.222392068244517 ], [ 431617.815531833039131, 6065593.15806844457984 ] ], [ [ 431620.531118864426389, 6065603.222392068244517 ], [ 431680.779819781251717, 6065819.523186922073364 ] ], [ [ 431685.335604093270376, 6065835.879875232465565 ], [ 431620.531118864426389, 6065603.222392068244517 ] ], [ [ 431685.335604093270376, 6065835.879875232465565 ], [ 431688.474712868046481, 6065847.139799318276346 ] ], [ [ 431688.474712868046481, 6065847.139799318276346 ], [ 431685.335604093270376, 6065835.879875232465565 ] ], [ [ 431688.474712868046481, 6065847.139799318276346 ], [ 431690.934379312151577, 6065855.204754110425711 ] ], [ [ 431691.181821316946298, 6065865.606928208842874 ], [ 431690.934379312151577, 6065855.204754110425711 ] ], [ [ 431691.181821316946298, 6065865.606928208842874 ], [ 431740.888040914665908, 6066045.629186030477285 ] ], [ [ 431740.888040914665908, 6066045.629186030477285 ], [ 431691.181821316946298, 6065865.606928208842874 ] ], [ [ 431740.888040914665908, 6066045.629186030477285 ], [ 431750.663689763634466, 6066081.017410078085959 ] ], [ [ 431750.663689763634466, 6066081.017410078085959 ], [ 431740.888040914665908, 6066045.629186030477285 ] ], [ [ 431750.663689763634466, 6066081.017410078085959 ], [ 431751.7400975713972, 6066084.918669085018337 ] ], [ [ 431751.7400975713972, 6066084.918669085018337 ], [ 431750.663689763634466, 6066081.017410078085959 ] ], [ [ 431751.7400975713972, 6066084.918669085018337 ], [ 431753.664713795064017, 6066092.535436848178506 ] ], [ [ 432556.601119945233222, 6065878.858552233316004 ], [ 432530.152053340163548, 6065886.598799995146692 ] ], [ [ 432556.601119945233222, 6065878.858552233316004 ], [ 432630.6076303460286, 6065857.198581132106483 ] ], [ [ 432630.6076303460286, 6065857.198581132106483 ], [ 432556.601119945233222, 6065878.858552233316004 ] ], [ [ 432630.6076303460286, 6065857.198581132106483 ], [ 432678.665817300963681, 6065843.160453665070236 ] ], [ [ 432678.665817300963681, 6065843.160453665070236 ], [ 432630.6076303460286, 6065857.198581132106483 ] ], [ [ 432678.665817300963681, 6065843.160453665070236 ], [ 432732.872688234667294, 6065827.272866303101182 ] ], [ [ 432732.872688234667294, 6065827.272866303101182 ], [ 432678.665817300963681, 6065843.160453665070236 ] ], [ [ 432732.872688234667294, 6065827.272866303101182 ], [ 432878.273618517559953, 6065784.733341700397432 ] ], [ [ 432878.273618517559953, 6065784.733341700397432 ], [ 432732.872688234667294, 6065827.272866303101182 ] ], [ [ 432878.273618517559953, 6065784.733341700397432 ], [ 432883.948154125013389, 6065783.057555459439754 ] ], [ [ 432883.948154125013389, 6065783.057555459439754 ], [ 432878.273618517559953, 6065784.733341700397432 ] ], [ [ 432883.948154125013389, 6065783.057555459439754 ], [ 432904.127524837327655, 6065777.170936545357108 ] ], [ [ 432531.417820873204619, 6065890.28594521805644 ], [ 432530.152053340163548, 6065886.598799995146692 ] ], [ [ 432531.417820873204619, 6065890.28594521805644 ], [ 432532.494668783037923, 6065893.397189781069756 ] ], [ [ 432532.494668783037923, 6065893.397189781069756 ], [ 432531.417820873204619, 6065890.28594521805644 ] ], [ [ 432532.494668783037923, 6065893.397189781069756 ], [ 432534.581815721758176, 6065899.475992859341204 ] ], [ [ 431761.233902490290347, 6066122.548166162334383 ], [ 431790.599057866726071, 6066121.303363312035799 ] ], [ [ 431761.233902490290347, 6066122.548166162334383 ], [ 431762.578297931933776, 6066161.669684486463666 ] ], [ [ 431761.233902490290347, 6066122.548166162334383 ], [ 431750.409483211755287, 6066123.012183497659862 ] ], [ [ 431761.233902490290347, 6066122.548166162334383 ], [ 431757.569467626453843, 6066108.035239647142589 ] ], [ [ 432994.337105632701423, 6065750.513076366856694 ], [ 432990.038550841214601, 6065751.611850852146745 ] ], [ [ 432994.337105632701423, 6065750.513076366856694 ], [ 433001.445896341756452, 6065748.704875797964633 ] ], [ [ 433001.445896341756452, 6065748.704875797964633 ], [ 432994.337105632701423, 6065750.513076366856694 ] ], [ [ 433001.445896341756452, 6065748.704875797964633 ], [ 433031.126442083797883, 6065739.895631887950003 ] ], [ [ 433031.126442083797883, 6065739.895631887950003 ], [ 433001.445896341756452, 6065748.704875797964633 ] ], [ [ 433031.126442083797883, 6065739.895631887950003 ], [ 433149.144195087079424, 6065707.030453836545348 ] ], [ [ 433149.144195087079424, 6065707.030453836545348 ], [ 433031.126442083797883, 6065739.895631887950003 ] ], [ [ 433149.144195087079424, 6065707.030453836545348 ], [ 433172.611990102101117, 6065700.061374110169709 ] ], [ [ 433172.611990102101117, 6065700.061374110169709 ], [ 433149.144195087079424, 6065707.030453836545348 ] ], [ [ 433172.611990102101117, 6065700.061374110169709 ], [ 433251.020079349633306, 6065677.790133782662451 ] ], [ [ 433251.020079349633306, 6065677.790133782662451 ], [ 433172.611990102101117, 6065700.061374110169709 ] ], [ [ 433251.020079349633306, 6065677.790133782662451 ], [ 433277.779924933798611, 6065670.005055043846369 ] ], [ [ 432935.543492334079929, 6065767.723174680024385 ], [ 432904.127524837327655, 6065777.170936545357108 ] ], [ [ 432935.543492334079929, 6065767.723174680024385 ], [ 432948.36924412229564, 6065764.060478501953185 ] ], [ [ 433354.16502523701638, 6065648.488903443329036 ], [ 433450.803939476201776, 6065621.524786381050944 ] ], [ [ 433354.16502523701638, 6065648.488903443329036 ], [ 433301.261271320923697, 6065663.492750599980354 ] ], [ [ 433277.779924933798611, 6065670.005055043846369 ], [ 433251.020079349633306, 6065677.790133782662451 ] ], [ [ 433277.779924933798611, 6065670.005055043846369 ], [ 433292.174974442517851, 6065666.164363019168377 ] ], [ [ 433301.261271320923697, 6065663.492750599980354 ], [ 433292.174974442517851, 6065666.164363019168377 ] ], [ [ 433301.261271320923697, 6065663.492750599980354 ], [ 433354.16502523701638, 6065648.488903443329036 ] ], [ [ 431964.674179602181539, 6065523.861428814008832 ], [ 431970.581331801309716, 6065530.361029101535678 ] ], [ [ 431964.674179602181539, 6065523.861428814008832 ], [ 431960.474208325671498, 6065518.248730188235641 ] ], [ [ 431960.474208325671498, 6065518.248730188235641 ], [ 431964.674179602181539, 6065523.861428814008832 ] ], [ [ 431960.474208325671498, 6065518.248730188235641 ], [ 431956.995156903285533, 6065513.036962630227208 ] ], [ [ 431956.995156903285533, 6065513.036962630227208 ], [ 431960.474208325671498, 6065518.248730188235641 ] ], [ [ 431956.995156903285533, 6065513.036962630227208 ], [ 431952.384166527946945, 6065504.937497587874532 ] ], [ [ 431952.384166527946945, 6065504.937497587874532 ], [ 431956.995156903285533, 6065513.036962630227208 ] ], [ [ 431952.384166527946945, 6065504.937497587874532 ], [ 431949.768255064031109, 6065496.741212771274149 ] ], [ [ 431949.768255064031109, 6065496.741212771274149 ], [ 431952.384166527946945, 6065504.937497587874532 ] ], [ [ 431949.768255064031109, 6065496.741212771274149 ], [ 431947.321760865394026, 6065488.675929277203977 ] ], [ [ 431947.321760865394026, 6065488.675929277203977 ], [ 431949.768255064031109, 6065496.741212771274149 ] ], [ [ 431947.321760865394026, 6065488.675929277203977 ], [ 431946.306360489048529, 6065481.980254611931741 ] ], [ [ 431946.306360489048529, 6065481.980254611931741 ], [ 431947.321760865394026, 6065488.675929277203977 ] ], [ [ 431946.306360489048529, 6065481.980254611931741 ], [ 431945.102257731487043, 6065473.874001237563789 ] ], [ [ 431945.102257731487043, 6065473.874001237563789 ], [ 431946.306360489048529, 6065481.980254611931741 ] ], [ [ 431945.102257731487043, 6065473.874001237563789 ], [ 431944.982571434811689, 6065465.072527319192886 ] ], [ [ 431944.982571434811689, 6065465.072527319192886 ], [ 431945.102257731487043, 6065473.874001237563789 ] ], [ [ 431944.982571434811689, 6065465.072527319192886 ], [ 431946.431219507823698, 6065454.778364039957523 ] ], [ [ 431946.431219507823698, 6065454.778364039957523 ], [ 431944.982571434811689, 6065465.072527319192886 ] ], [ [ 431946.431219507823698, 6065454.778364039957523 ], [ 431950.082309642108157, 6065441.902421038597822 ] ], [ [ 431950.082309642108157, 6065441.902421038597822 ], [ 431946.431219507823698, 6065454.778364039957523 ] ], [ [ 431950.082309642108157, 6065441.902421038597822 ], [ 431953.426521135086659, 6065430.379925727844238 ] ], [ [ 431954.319334149709903, 6065427.303745606914163 ], [ 431953.426521135086659, 6065430.379925727844238 ] ], [ [ 431954.319334149709903, 6065427.303745606914163 ], [ 431959.260124186694156, 6065410.680074323900044 ] ], [ [ 431959.260124186694156, 6065410.680074323900044 ], [ 431954.319334149709903, 6065427.303745606914163 ] ], [ [ 431959.260124186694156, 6065410.680074323900044 ], [ 431960.751311784842983, 6065403.635032180696726 ] ], [ [ 431960.751311784842983, 6065403.635032180696726 ], [ 431959.260124186694156, 6065410.680074323900044 ] ], [ [ 431960.751311784842983, 6065403.635032180696726 ], [ 431961.227822169836145, 6065394.646513121202588 ] ], [ [ 431961.227822169836145, 6065394.646513121202588 ], [ 431960.751311784842983, 6065403.635032180696726 ] ], [ [ 431961.227822169836145, 6065394.646513121202588 ], [ 431959.904042137204669, 6065385.863171902485192 ] ], [ [ 431959.904042137204669, 6065385.863171902485192 ], [ 431961.227822169836145, 6065394.646513121202588 ] ], [ [ 431959.904042137204669, 6065385.863171902485192 ], [ 431958.091429675812833, 6065375.840710800141096 ] ], [ [ 431958.091429675812833, 6065375.840710800141096 ], [ 431959.904042137204669, 6065385.863171902485192 ] ], [ [ 431958.091429675812833, 6065375.840710800141096 ], [ 431936.90934498840943, 6065303.663481755182147 ] ], [ [ 431936.90934498840943, 6065303.663481755182147 ], [ 431958.091429675812833, 6065375.840710800141096 ] ], [ [ 431936.90934498840943, 6065303.663481755182147 ], [ 431917.574275169405155, 6065237.412690191529691 ] ], [ [ 431917.574275169405155, 6065237.412690191529691 ], [ 431936.90934498840943, 6065303.663481755182147 ] ], [ [ 431917.574275169405155, 6065237.412690191529691 ], [ 431911.903566617285833, 6065218.422516722232103 ] ], [ [ 431911.903566617285833, 6065218.422516722232103 ], [ 431917.574275169405155, 6065237.412690191529691 ] ], [ [ 431911.903566617285833, 6065218.422516722232103 ], [ 431908.57672297465615, 6065207.087375104427338 ] ], [ [ 432154.467054093664046, 6065994.692543024197221 ], [ 432243.647657098365016, 6065967.389449090696871 ] ], [ [ 432154.467054093664046, 6065994.692543024197221 ], [ 432141.909486038028263, 6066004.552513480186462 ] ], [ [ 432243.647657098365016, 6065967.389449090696871 ], [ 432154.467054093664046, 6065994.692543024197221 ] ], [ [ 432243.647657098365016, 6065967.389449090696871 ], [ 432321.252064866304863, 6065943.633723037317395 ] ], [ [ 432906.413334709824994, 6065784.515684748999774 ], [ 432908.549887429981027, 6065791.350704903714359 ] ], [ [ 432906.413334709824994, 6065784.515684748999774 ], [ 432905.561089069407899, 6065781.768286569975317 ] ], [ [ 432905.561089069407899, 6065781.768286569975317 ], [ 432906.413334709824994, 6065784.515684748999774 ] ], [ [ 432905.561089069407899, 6065781.768286569975317 ], [ 432904.127524837327655, 6065777.170936545357108 ] ], [ [ 432944.328682777355425, 6065847.623220165260136 ], [ 432954.197952491929755, 6065848.712091559544206 ] ], [ [ 432944.328682777355425, 6065847.623220165260136 ], [ 432937.717631766630802, 6065846.508262136951089 ] ], [ [ 432937.717631766630802, 6065846.508262136951089 ], [ 432944.328682777355425, 6065847.623220165260136 ] ], [ [ 432937.717631766630802, 6065846.508262136951089 ], [ 432932.08109669177793, 6065844.232533532194793 ] ], [ [ 432932.08109669177793, 6065844.232533532194793 ], [ 432937.717631766630802, 6065846.508262136951089 ] ], [ [ 432932.08109669177793, 6065844.232533532194793 ], [ 432921.662953888415359, 6065833.936837993562222 ] ], [ [ 431790.57068640133366, 6066112.600663246586919 ], [ 431790.599057866726071, 6066121.303363312035799 ] ], [ [ 431790.57068640133366, 6066112.600663246586919 ], [ 431790.567427666101139, 6066110.252425892278552 ] ], [ [ 431790.567427666101139, 6066110.252425892278552 ], [ 431790.57068640133366, 6066112.600663246586919 ] ], [ [ 431790.567427666101139, 6066110.252425892278552 ], [ 431790.558342623640783, 6066107.091836151666939 ] ], [ [ 431756.665168590145186, 6066104.44300034083426 ], [ 431753.664713795064017, 6066092.535436848178506 ] ], [ [ 431756.665168590145186, 6066104.44300034083426 ], [ 431757.569467626453843, 6066108.035239647142589 ] ], [ [ 431757.569467626453843, 6066108.035239647142589 ], [ 431756.665168590145186, 6066104.44300034083426 ] ], [ [ 431757.569467626453843, 6066108.035239647142589 ], [ 431761.233902490290347, 6066122.548166162334383 ] ], [ [ 432207.851760732301045, 6065117.432151434011757 ], [ 432225.763035759329796, 6065112.027078618295491 ] ], [ [ 432207.851760732301045, 6065117.432151434011757 ], [ 432181.481838422478177, 6065125.389936887659132 ] ], [ [ 431873.474859489768278, 6064920.531933007761836 ], [ 431890.693744008254725, 6064915.515424875542521 ] ], [ [ 431873.474859489768278, 6064920.531933007761836 ], [ 431856.255970152560622, 6064925.548519228585064 ] ], [ [ 432424.214285434107296, 6065644.554982436820865 ], [ 432382.07383251702413, 6065657.757691984064877 ] ], [ [ 432424.214285434107296, 6065644.554982436820865 ], [ 432435.381117875804193, 6065641.056464594788849 ] ], [ [ 433077.108866529539227, 6065165.103956565260887 ], [ 433061.891754530137405, 6065169.58929265383631 ] ], [ [ 433077.108866529539227, 6065165.103956565260887 ], [ 433177.023391688067932, 6065135.655036942102015 ] ], [ [ 432011.332838070811704, 6065565.819752440787852 ], [ 432012.588893070816994, 6065567.368019265122712 ] ], [ [ 432011.332838070811704, 6065565.819752440787852 ], [ 432006.407379245385528, 6065559.74843580275774 ] ], [ [ 431953.426521135086659, 6065430.379925727844238 ], [ 431950.082309642108157, 6065441.902421038597822 ] ], [ [ 431953.426521135086659, 6065430.379925727844238 ], [ 431954.319334149709903, 6065427.303745606914163 ] ], [ [ 432434.12077350274194, 6065352.898411002010107 ], [ 432419.176737033878453, 6065357.680380965583026 ] ], [ [ 432434.12077350274194, 6065352.898411002010107 ], [ 432479.450117203814443, 6065338.39375420846045 ] ] ] } },
{ "type": "Feature", "properties": { "full_id": "n11634304284", "osm_id": "11634304284", "osm_type": "node", "amenity": "community_centre", "entrance": null, "full_name": "Республиканский детский образовательный технопарк", "community_centre": "youth_centre", "check_date": "2024-08-24", "operator": null, "contact:phone": null, "opening_hours": null, "name": "Детский технопарк", "type": "lines", "start": "55.9608232, 54.729568" }, "geometry": { "type": "MultiLineString", "coordinates": [ [ [ 432219.635056856262963, 6065704.786759932525456 ], [ 432216.209884629875887, 6065705.793312090449035 ] ], [ [ 432219.635056856262963, 6065704.786759932525456 ], [ 432223.067253919492941, 6065703.804455708712339 ] ], [ [ 432246.760609433811624, 6065697.023435011506081 ], [ 432219.635056856262963, 6065704.786759932525456 ] ], [ [ 432246.760609433811624, 6065697.023435011506081 ], [ 432259.833558081183583, 6065693.544268255122006 ] ], [ [ 432259.833558081183583, 6065693.544268255122006 ], [ 432246.760609433811624, 6065697.023435011506081 ] ], [ [ 432259.833558081183583, 6065693.544268255122006 ], [ 432273.099021566682495, 6065690.017736749723554 ] ], [ [ 432273.099021566682495, 6065690.017736749723554 ], [ 432259.833558081183583, 6065693.544268255122006 ] ], [ [ 432273.099021566682495, 6065690.017736749723554 ], [ 432301.774196476384532, 6065681.218752126209438 ] ], [ [ 432301.774196476384532, 6065681.218752126209438 ], [ 432273.099021566682495, 6065690.017736749723554 ] ], [ [ 432301.774196476384532, 6065681.218752126209438 ], [ 432382.07383251702413, 6065657.757691984064877 ] ], [ [ 432382.07383251702413, 6065657.757691984064877 ], [ 432301.774196476384532, 6065681.218752126209438 ] ], [ [ 432382.07383251702413, 6065657.757691984064877 ], [ 432424.214285434107296, 6065644.554982436820865 ] ], [ [ 432435.381117875804193, 6065641.056464594788849 ], [ 432424.214285434107296, 6065644.554982436820865 ] ], [ [ 432435.381117875804193, 6065641.056464594788849 ], [ 432452.213992674020119, 6065636.186123014427722 ] ], [ [ 432452.213992674020119, 6065636.186123014427722 ], [ 432435.381117875804193, 6065641.056464594788849 ] ], [ [ 432452.213992674020119, 6065636.186123014427722 ], [ 432448.543744749156758, 6065625.033816346898675 ] ], [ [ 432452.213992674020119, 6065636.186123014427722 ], [ 432462.487250243313611, 6065633.239096000790596 ] ], [ [ 432452.213992674020119, 6065636.186123014427722 ], [ 432455.231428552127909, 6065645.890256830491126 ] ], [ [ 433040.478579459595494, 6065838.606976268813014 ], [ 433017.787051880615763, 6065837.496549975126982 ] ], [ [ 433040.478579459595494, 6065838.606976268813014 ], [ 433024.122822410427034, 6065830.469096858985722 ] ], [ [ 433040.478579459595494, 6065838.606976268813014 ], [ 433047.996606788598001, 6065840.521078070625663 ] ], [ [ 433017.787051880615763, 6065837.496549975126982 ], [ 433040.478579459595494, 6065838.606976268813014 ] ], [ [ 433017.787051880615763, 6065837.496549975126982 ], [ 432998.934185343794525, 6065838.588543883524835 ] ], [ [ 432998.934185343794525, 6065838.588543883524835 ], [ 433017.787051880615763, 6065837.496549975126982 ] ], [ [ 432998.934185343794525, 6065838.588543883524835 ], [ 432968.468192265543621, 6065844.760908522643149 ] ], [ [ 432968.468192265543621, 6065844.760908522643149 ], [ 432998.934185343794525, 6065838.588543883524835 ] ], [ [ 432968.468192265543621, 6065844.760908522643149 ], [ 432974.523555584717542, 6065835.767667079344392 ] ], [ [ 432968.468192265543621, 6065844.760908522643149 ], [ 432954.197952491929755, 6065848.712091559544206 ] ], [ [ 433047.996606788598001, 6065840.521078070625663 ], [ 433076.881304201495368, 6065848.88521153666079 ] ], [ [ 433047.996606788598001, 6065840.521078070625663 ], [ 433040.478579459595494, 6065838.606976268813014 ] ], [ [ 433076.881304201495368, 6065848.88521153666079 ], [ 433047.996606788598001, 6065840.521078070625663 ] ], [ [ 433076.881304201495368, 6065848.88521153666079 ], [ 433088.241245577577502, 6065851.922169516794384 ] ], [ [ 433826.067028151534032, 6064651.633167957887053 ], [ 433923.810090069542639, 6064623.274936586618423 ] ], [ [ 433826.067028151534032, 6064651.633167957887053 ], [ 433741.507217949838378, 6064676.176577947102487 ] ], [ [ 433741.507217949838378, 6064676.176577947102487 ], [ 433826.067028151534032, 6064651.633167957887053 ] ], [ [ 433741.507217949838378, 6064676.176577947102487 ], [ 433641.406547206046525, 6064705.223357507959008 ] ], [ [ 433641.406547206046525, 6064705.223357507959008 ], [ 433741.507217949838378, 6064676.176577947102487 ] ], [ [ 433641.406547206046525, 6064705.223357507959008 ], [ 433528.818971000378951, 6064737.906073553487659 ] ], [ [ 433528.818971000378951, 6064737.906073553487659 ], [ 433641.406547206046525, 6064705.223357507959008 ] ], [ [ 433528.818971000378951, 6064737.906073553487659 ], [ 433449.297088145685848, 6064760.978647864423692 ] ], [ [ 433449.297088145685848, 6064760.978647864423692 ], [ 433528.818971000378951, 6064737.906073553487659 ] ], [ [ 433449.297088145685848, 6064760.978647864423692 ], [ 433447.462766375101637, 6064761.517603164538741 ] ], [ [ 433447.462766375101637, 6064761.517603164538741 ], [ 433449.297088145685848, 6064760.978647864423692 ] ], [ [ 433447.462766375101637, 6064761.517603164538741 ], [ 433444.222986629989464, 6064762.411132954061031 ] ], [ [ 433444.222986629989464, 6064762.411132954061031 ], [ 433447.462766375101637, 6064761.517603164538741 ] ], [ [ 433444.222986629989464, 6064762.411132954061031 ], [ 433390.262479237979278, 6064778.119256278499961 ] ], [ [ 433390.262479237979278, 6064778.119256278499961 ], [ 433444.222986629989464, 6064762.411132954061031 ] ], [ [ 433390.262479237979278, 6064778.119256278499961 ], [ 433346.230460934282746, 6064790.899287608452141 ] ], [ [ 433346.230460934282746, 6064790.899287608452141 ], [ 433390.262479237979278, 6064778.119256278499961 ] ], [ [ 433346.230460934282746, 6064790.899287608452141 ], [ 433263.59336030553095, 6064814.889196446165442 ] ], [ [ 433263.59336030553095, 6064814.889196446165442 ], [ 433346.230460934282746, 6064790.899287608452141 ] ], [ [ 433263.59336030553095, 6064814.889196446165442 ], [ 433228.971172460413072, 6064824.938333152793348 ] ], [ [ 433228.971172460413072, 6064824.938333152793348 ], [ 433263.59336030553095, 6064814.889196446165442 ] ], [ [ 433228.971172460413072, 6064824.938333152793348 ], [ 433146.668835583142936, 6064848.836428065784276 ] ], [ [ 433146.668835583142936, 6064848.836428065784276 ], [ 433228.971172460413072, 6064824.938333152793348 ] ], [ [ 433146.668835583142936, 6064848.836428065784276 ], [ 433152.694194850861095, 6064864.695476232096553 ] ], [ [ 433146.668835583142936, 6064848.836428065784276 ], [ 433029.073960348730907, 6064882.206808998249471 ] ], [ [ 433982.378841037221719, 6064899.898366128094494 ], [ 434008.276636074355338, 6064995.008470511995256 ] ], [ [ 433982.378841037221719, 6064899.898366128094494 ], [ 433961.656194616633002, 6064813.860960917547345 ] ], [ [ 433982.378841037221719, 6064899.898366128094494 ], [ 434082.602511714212596, 6064871.502778692170978 ] ], [ [ 434008.276636074355338, 6064995.008470511995256 ], [ 433982.378841037221719, 6064899.898366128094494 ] ], [ [ 434008.276636074355338, 6064995.008470511995256 ], [ 433930.647539618425071, 6065018.735002035275102 ] ], [ [ 433005.675388188683428, 6066140.725646397098899 ], [ 433006.086537669412792, 6066142.098885075189173 ] ], [ [ 433005.675388188683428, 6066140.725646397098899 ], [ 433005.264472678420134, 6066139.352337795309722 ] ], [ [ 433003.812167675350793, 6066134.498638694174588 ], [ 433005.675388188683428, 6066140.725646397098899 ] ], [ [ 433003.812167675350793, 6066134.498638694174588 ], [ 433002.08496586792171, 6066128.759301539510489 ] ], [ [ 433002.08496586792171, 6066128.759301539510489 ], [ 433003.812167675350793, 6066134.498638694174588 ] ], [ [ 433002.08496586792171, 6066128.759301539510489 ], [ 432998.392513676546514, 6066115.330863870680332 ] ], [ [ 432993.828420817735605, 6066098.732615200802684 ], [ 433002.08496586792171, 6066128.759301539510489 ] ], [ [ 432993.828420817735605, 6066098.732615200802684 ], [ 432981.855689734918997, 6066055.284024820663035 ] ], [ [ 432979.222721572208684, 6066045.729191699065268 ], [ 432993.828420817735605, 6066098.732615200802684 ] ], [ [ 432979.222721572208684, 6066045.729191699065268 ], [ 432951.703262740338687, 6065949.541469568386674 ] ], [ [ 432937.750377918186132, 6065900.774012838490307 ], [ 432979.222721572208684, 6066045.729191699065268 ] ], [ [ 432937.750377918186132, 6065900.774012838490307 ], [ 432936.072538941691164, 6065894.900415369309485 ] ], [ [ 432936.072538941691164, 6065894.900415369309485 ], [ 432937.750377918186132, 6065900.774012838490307 ] ], [ [ 432936.072538941691164, 6065894.900415369309485 ], [ 432934.409059407247696, 6065889.126768593676388 ] ], [ [ 432934.409059407247696, 6065889.126768593676388 ], [ 432936.072538941691164, 6065894.900415369309485 ] ], [ [ 432934.409059407247696, 6065889.126768593676388 ], [ 432930.375112121691927, 6065870.300311707891524 ] ], [ [ 432831.587152878753841, 6065525.069415330886841 ], [ 432834.677486262051389, 6065535.395938716828823 ] ], [ [ 432831.587152878753841, 6065525.069415330886841 ], [ 432815.671443882398307, 6065529.735489646904171 ] ], [ [ 432831.587152878753841, 6065525.069415330886841 ], [ 432848.51909658923978, 6065520.310389403253794 ] ], [ [ 432831.587152878753841, 6065525.069415330886841 ], [ 432827.7436998935882, 6065512.172103753313422 ] ], [ [ 432834.677486262051389, 6065535.395938716828823 ], [ 432831.587152878753841, 6065525.069415330886841 ] ], [ [ 432834.677486262051389, 6065535.395938716828823 ], [ 432843.921394060482271, 6065568.891134449280798 ] ], [ [ 432908.549887429981027, 6065791.350704903714359 ], [ 432887.656875361863058, 6065796.880641150288284 ] ], [ [ 432908.549887429981027, 6065791.350704903714359 ], [ 432912.850674896384589, 6065802.115601945668459 ] ], [ [ 432908.549887429981027, 6065791.350704903714359 ], [ 432906.413334709824994, 6065784.515684748999774 ] ], [ [ 432887.656875361863058, 6065796.880641150288284 ], [ 432908.549887429981027, 6065791.350704903714359 ] ], [ [ 432887.656875361863058, 6065796.880641150288284 ], [ 432869.639977574057411, 6065802.234387069009244 ] ], [ [ 432869.639977574057411, 6065802.234387069009244 ], [ 432887.656875361863058, 6065796.880641150288284 ] ], [ [ 432869.639977574057411, 6065802.234387069009244 ], [ 432786.354434254579246, 6065825.820247069001198 ] ], [ [ 432786.354434254579246, 6065825.820247069001198 ], [ 432869.639977574057411, 6065802.234387069009244 ] ], [ [ 432786.354434254579246, 6065825.820247069001198 ], [ 432728.580967503192369, 6065842.661765339784324 ] ], [ [ 432728.580967503192369, 6065842.661765339784324 ], [ 432786.354434254579246, 6065825.820247069001198 ] ], [ [ 432728.580967503192369, 6065842.661765339784324 ], [ 432670.490274420706555, 6065859.364079393446445 ] ], [ [ 432670.490274420706555, 6065859.364079393446445 ], [ 432728.580967503192369, 6065842.661765339784324 ] ], [ [ 432670.490274420706555, 6065859.364079393446445 ], [ 432602.899527533503715, 6065879.414095631800592 ] ], [ [ 432602.899527533503715, 6065879.414095631800592 ], [ 432647.096790901967324, 6065866.303352256305516 ] ], [ [ 432602.899527533503715, 6065879.414095631800592 ], [ 432560.595117470249534, 6065891.452913231216371 ] ], [ [ 432560.595117470249534, 6065891.452913231216371 ], [ 432562.631128780776635, 6065890.873502846807241 ] ], [ [ 432560.595117470249534, 6065891.452913231216371 ], [ 432558.572285578818992, 6065892.076793094165623 ] ], [ [ 432477.286899663740769, 6064524.966086612083018 ], [ 432461.71467508864589, 6064530.418375111185014 ] ], [ [ 432477.286899663740769, 6064524.966086612083018 ], [ 432471.920150632446166, 6064507.673499596305192 ] ], [ [ 432477.286899663740769, 6064524.966086612083018 ], [ 432478.744971910084132, 6064527.270318208262324 ] ], [ [ 432477.286899663740769, 6064524.966086612083018 ], [ 432490.008718697179575, 6064512.834357944317162 ] ], [ [ 432461.71467508864589, 6064530.418375111185014 ], [ 432477.286899663740769, 6064524.966086612083018 ] ], [ [ 432461.71467508864589, 6064530.418375111185014 ], [ 432358.003900728130247, 6064565.03134781960398 ] ], [ [ 432372.722046228183899, 6065371.574737990275025 ], [ 432377.444136902573518, 6065387.140697102062404 ] ], [ [ 432372.722046228183899, 6065371.574737990275025 ], [ 432383.301615897275042, 6065368.400374521501362 ] ], [ [ 432372.722046228183899, 6065371.574737990275025 ], [ 432368.625307057169266, 6065355.621028029359877 ] ], [ [ 432377.444136902573518, 6065387.140697102062404 ], [ 432372.722046228183899, 6065371.574737990275025 ] ], [ [ 432377.444136902573518, 6065387.140697102062404 ], [ 432408.328583204478491, 6065494.454483228735626 ] ], [ [ 432408.328583204478491, 6065494.454483228735626 ], [ 432377.444136902573518, 6065387.140697102062404 ] ], [ [ 432408.328583204478491, 6065494.454483228735626 ], [ 432430.913009770447388, 6065570.096245061606169 ] ], [ [ 432430.913009770447388, 6065570.096245061606169 ], [ 432408.328583204478491, 6065494.454483228735626 ] ], [ [ 432430.913009770447388, 6065570.096245061606169 ], [ 432448.543744749156758, 6065625.033816346898675 ] ], [ [ 432448.543744749156758, 6065625.033816346898675 ], [ 432430.913009770447388, 6065570.096245061606169 ] ], [ [ 432448.543744749156758, 6065625.033816346898675 ], [ 432452.213992674020119, 6065636.186123014427722 ] ], [ [ 432462.487250243313611, 6065633.239096000790596 ], [ 432452.213992674020119, 6065636.186123014427722 ] ], [ [ 432462.487250243313611, 6065633.239096000790596 ], [ 432557.599517398222815, 6065605.352933144196868 ] ], [ [ 432557.599517398222815, 6065605.352933144196868 ], [ 432462.487250243313611, 6065633.239096000790596 ] ], [ [ 432557.599517398222815, 6065605.352933144196868 ], [ 432639.189491768949665, 6065581.443201469257474 ] ], [ [ 432639.189491768949665, 6065581.443201469257474 ], [ 432557.599517398222815, 6065605.352933144196868 ] ], [ [ 432639.189491768949665, 6065581.443201469257474 ], [ 432648.827194008801598, 6065578.61737182084471 ] ], [ [ 432648.827194008801598, 6065578.61737182084471 ], [ 432639.189491768949665, 6065581.443201469257474 ] ], [ [ 432648.827194008801598, 6065578.61737182084471 ], [ 432653.283826593367849, 6065577.315591933205724 ] ], [ [ 432653.283826593367849, 6065577.315591933205724 ], [ 432648.827194008801598, 6065578.61737182084471 ] ], [ [ 432653.283826593367849, 6065577.315591933205724 ], [ 432704.672473842801992, 6065562.259927828796208 ] ], [ [ 432704.672473842801992, 6065562.259927828796208 ], [ 432653.283826593367849, 6065577.315591933205724 ] ], [ [ 432704.672473842801992, 6065562.259927828796208 ], [ 432716.887937461200636, 6065558.672450166195631 ] ], [ [ 432716.887937461200636, 6065558.672450166195631 ], [ 432704.672473842801992, 6065562.259927828796208 ] ], [ [ 432716.887937461200636, 6065558.672450166195631 ], [ 432759.530519662308507, 6065546.184977375902236 ] ], [ [ 432759.530519662308507, 6065546.184977375902236 ], [ 432716.887937461200636, 6065558.672450166195631 ] ], [ [ 432759.530519662308507, 6065546.184977375902236 ], [ 432815.671443882398307, 6065529.735489646904171 ] ], [ [ 432815.671443882398307, 6065529.735489646904171 ], [ 432759.530519662308507, 6065546.184977375902236 ] ], [ [ 432815.671443882398307, 6065529.735489646904171 ], [ 432831.587152878753841, 6065525.069415330886841 ] ], [ [ 432455.163503969321027, 6064445.51102286670357 ], [ 432443.496393162407912, 6064403.764989580959082 ] ], [ [ 432455.163503969321027, 6064445.51102286670357 ], [ 432461.783698926330544, 6064469.940972064621747 ] ], [ [ 432461.783698926330544, 6064469.940972064621747 ], [ 432455.163503969321027, 6064445.51102286670357 ] ], [ [ 432461.783698926330544, 6064469.940972064621747 ], [ 432471.920150632446166, 6064507.673499596305192 ] ], [ [ 432471.920150632446166, 6064507.673499596305192 ], [ 432461.783698926330544, 6064469.940972064621747 ] ], [ [ 432471.920150632446166, 6064507.673499596305192 ], [ 432477.286899663740769, 6064524.966086612083018 ] ], [ [ 432478.744971910084132, 6064527.270318208262324 ], [ 432477.286899663740769, 6064524.966086612083018 ] ], [ [ 432478.744971910084132, 6064527.270318208262324 ], [ 432481.223621153389104, 6064531.484665135852993 ] ], [ [ 432478.744971910084132, 6064527.270318208262324 ], [ 432491.313713539449964, 6064515.241043235175312 ] ], [ [ 432481.223621153389104, 6064531.484665135852993 ], [ 432478.744971910084132, 6064527.270318208262324 ] ], [ [ 432481.223621153389104, 6064531.484665135852993 ], [ 432552.229496213025413, 6064644.475630071945488 ] ], [ [ 432584.344428572221659, 6064695.581988700665534 ], [ 432481.223621153389104, 6064531.484665135852993 ] ], [ [ 432584.344428572221659, 6064695.581988700665534 ], [ 432592.172113010659814, 6064712.070075826719403 ] ], [ [ 432592.172113010659814, 6064712.070075826719403 ], [ 432584.344428572221659, 6064695.581988700665534 ] ], [ [ 432592.172113010659814, 6064712.070075826719403 ], [ 432573.935654680652078, 6064717.227851001545787 ] ], [ [ 432592.172113010659814, 6064712.070075826719403 ], [ 432598.862962092389353, 6064728.35254477430135 ] ], [ [ 432592.172113010659814, 6064712.070075826719403 ], [ 432609.966563761350699, 6064707.074775446206331 ] ], [ [ 432848.51909658923978, 6065520.310389403253794 ], [ 432831.587152878753841, 6065525.069415330886841 ] ], [ [ 432848.51909658923978, 6065520.310389403253794 ], [ 432897.884688054327853, 6065506.422202981077135 ] ], [ [ 432897.884688054327853, 6065506.422202981077135 ], [ 432848.51909658923978, 6065520.310389403253794 ] ], [ [ 432897.884688054327853, 6065506.422202981077135 ], [ 432987.226948411785997, 6065481.279659849591553 ] ], [ [ 432987.226948411785997, 6065481.279659849591553 ], [ 432897.884688054327853, 6065506.422202981077135 ] ], [ [ 432987.226948411785997, 6065481.279659849591553 ], [ 432992.774775667232461, 6065479.717192065902054 ] ], [ [ 432992.774775667232461, 6065479.717192065902054 ], [ 432987.226948411785997, 6065481.279659849591553 ] ], [ [ 432992.774775667232461, 6065479.717192065902054 ], [ 433045.720207254926208, 6065464.831567533314228 ] ], [ [ 433045.720207254926208, 6065464.831567533314228 ], [ 432992.774775667232461, 6065479.717192065902054 ] ], [ [ 433045.720207254926208, 6065464.831567533314228 ], [ 433103.296546679339372, 6065448.631531345658004 ] ], [ [ 433103.296546679339372, 6065448.631531345658004 ], [ 433045.720207254926208, 6065464.831567533314228 ] ], [ [ 433103.296546679339372, 6065448.631531345658004 ], [ 433130.394831783371046, 6065441.007534966804087 ] ], [ [ 433130.394831783371046, 6065441.007534966804087 ], [ 433103.296546679339372, 6065448.631531345658004 ] ], [ [ 433130.394831783371046, 6065441.007534966804087 ], [ 433173.380349626997486, 6065428.919595800340176 ] ], [ [ 433173.380349626997486, 6065428.919595800340176 ], [ 433130.394831783371046, 6065441.007534966804087 ] ], [ [ 433173.380349626997486, 6065428.919595800340176 ], [ 433187.740935994952451, 6065424.87877116817981 ] ], [ [ 433187.740935994952451, 6065424.87877116817981 ], [ 433173.380349626997486, 6065428.919595800340176 ] ], [ [ 433187.740935994952451, 6065424.87877116817981 ], [ 433218.078595727216452, 6065416.350457922555506 ] ], [ [ 433218.078595727216452, 6065416.350457922555506 ], [ 433187.740935994952451, 6065424.87877116817981 ] ], [ [ 433218.078595727216452, 6065416.350457922555506 ], [ 433230.046831981162541, 6065412.979495014064014 ] ], [ [ 433230.046831981162541, 6065412.979495014064014 ], [ 433218.078595727216452, 6065416.350457922555506 ] ], [ [ 433230.046831981162541, 6065412.979495014064014 ], [ 433232.259168991935439, 6065422.351001564413309 ] ], [ [ 433230.046831981162541, 6065412.979495014064014 ], [ 433228.080272414779756, 6065404.550341902300715 ] ], [ [ 433600.333785458002239, 6065308.751111899502575 ], [ 433604.747499990859069, 6065307.56220533605665 ] ], [ [ 433600.333785458002239, 6065308.751111899502575 ], [ 433603.021572912286501, 6065318.093537519685924 ] ], [ [ 433600.333785458002239, 6065308.751111899502575 ], [ 433596.716711510089226, 6065296.217132485471666 ] ], [ [ 433604.747499990859069, 6065307.56220533605665 ], [ 433600.333785458002239, 6065308.751111899502575 ] ], [ [ 433604.747499990859069, 6065307.56220533605665 ], [ 433606.120275426888838, 6065307.185899561271071 ] ], [ [ 433606.120275426888838, 6065307.185899561271071 ], [ 433604.747499990859069, 6065307.56220533605665 ] ], [ [ 433606.120275426888838, 6065307.185899561271071 ], [ 433739.298139949678443, 6065270.129512465558946 ] ], [ [ 433739.298139949678443, 6065270.129512465558946 ], [ 433606.120275426888838, 6065307.185899561271071 ] ], [ [ 433739.298139949678443, 6065270.129512465558946 ], [ 433788.979079311655369, 6065256.313334697857499 ] ], [ [ 433788.979079311655369, 6065256.313334697857499 ], [ 433739.298139949678443, 6065270.129512465558946 ] ], [ [ 433788.979079311655369, 6065256.313334697857499 ], [ 433794.874024988501333, 6065254.668873463757336 ] ], [ [ 433794.874024988501333, 6065254.668873463757336 ], [ 433788.979079311655369, 6065256.313334697857499 ] ], [ [ 433794.874024988501333, 6065254.668873463757336 ], [ 433800.857984799018595, 6065252.945211572572589 ] ], [ [ 433362.88650081504602, 6065924.966098277829587 ], [ 433392.692448907124344, 6065932.561850092373788 ] ], [ [ 433362.88650081504602, 6065924.966098277829587 ], [ 433358.498326766886748, 6065905.576932608149946 ] ], [ [ 433362.88650081504602, 6065924.966098277829587 ], [ 433366.683230471273419, 6065941.370228480547667 ] ], [ [ 433362.88650081504602, 6065924.966098277829587 ], [ 433348.128680388850626, 6065921.188412205316126 ] ], [ [ 433392.692448907124344, 6065932.561850092373788 ], [ 433362.88650081504602, 6065924.966098277829587 ] ], [ [ 433392.692448907124344, 6065932.561850092373788 ], [ 433406.11289407487493, 6065935.613735720515251 ] ], [ [ 433406.11289407487493, 6065935.613735720515251 ], [ 433392.692448907124344, 6065932.561850092373788 ] ], [ [ 433406.11289407487493, 6065935.613735720515251 ], [ 433453.24298062705202, 6065946.794126186519861 ] ], [ [ 433294.605274680361617, 6065676.356243047863245 ], [ 433296.496740986127406, 6065683.640221316367388 ] ], [ [ 433294.605274680361617, 6065676.356243047863245 ], [ 433293.388236583443359, 6065671.132344610989094 ] ], [ [ 433294.605274680361617, 6065676.356243047863245 ], [ 433280.562385488650762, 6065680.492216777987778 ] ], [ [ 433294.605274680361617, 6065676.356243047863245 ], [ 433302.168685279262718, 6065673.918571936897933 ] ], [ [ 433296.496740986127406, 6065683.640221316367388 ], [ 433294.605274680361617, 6065676.356243047863245 ] ], [ [ 433296.496740986127406, 6065683.640221316367388 ], [ 433303.264113812358119, 6065708.859311299398541 ] ], [ [ 433303.264113812358119, 6065708.859311299398541 ], [ 433296.496740986127406, 6065683.640221316367388 ] ], [ [ 433303.264113812358119, 6065708.859311299398541 ], [ 433317.169027588970494, 6065762.575178967788815 ] ], [ [ 433317.169027588970494, 6065762.575178967788815 ], [ 433303.264113812358119, 6065708.859311299398541 ] ], [ [ 433317.169027588970494, 6065762.575178967788815 ], [ 433324.320008690061513, 6065785.874408849515021 ] ], [ [ 433324.320008690061513, 6065785.874408849515021 ], [ 433317.169027588970494, 6065762.575178967788815 ] ], [ [ 433324.320008690061513, 6065785.874408849515021 ], [ 433337.3343600272201, 6065830.76686882134527 ] ], [ [ 433337.3343600272201, 6065830.76686882134527 ], [ 433324.320008690061513, 6065785.874408849515021 ] ], [ [ 433337.3343600272201, 6065830.76686882134527 ], [ 433358.498326766886748, 6065905.576932608149946 ] ], [ [ 433358.498326766886748, 6065905.576932608149946 ], [ 433337.3343600272201, 6065830.76686882134527 ] ], [ [ 433358.498326766886748, 6065905.576932608149946 ], [ 433362.88650081504602, 6065924.966098277829587 ] ], [ [ 433232.259168991935439, 6065422.351001564413309 ], [ 433230.046831981162541, 6065412.979495014064014 ] ], [ [ 433232.259168991935439, 6065422.351001564413309 ], [ 433244.168270218651742, 6065470.776379926130176 ] ], [ [ 433244.168270218651742, 6065470.776379926130176 ], [ 433232.259168991935439, 6065422.351001564413309 ] ], [ [ 433244.168270218651742, 6065470.776379926130176 ], [ 433250.666673931933474, 6065497.368265352211893 ] ], [ [ 433250.666673931933474, 6065497.368265352211893 ], [ 433244.168270218651742, 6065470.776379926130176 ] ], [ [ 433250.666673931933474, 6065497.368265352211893 ], [ 433258.993029959034175, 6065528.6853385893628 ] ], [ [ 433258.993029959034175, 6065528.6853385893628 ], [ 433250.666673931933474, 6065497.368265352211893 ] ], [ [ 433258.993029959034175, 6065528.6853385893628 ], [ 433272.074770683306269, 6065577.616538083180785 ] ], [ [ 433272.074770683306269, 6065577.616538083180785 ], [ 433258.993029959034175, 6065528.6853385893628 ] ], [ [ 433272.074770683306269, 6065577.616538083180785 ], [ 433289.367365408979822, 6065654.408833893015981 ] ], [ [ 433289.367365408979822, 6065654.408833893015981 ], [ 433272.074770683306269, 6065577.616538083180785 ] ], [ [ 433289.367365408979822, 6065654.408833893015981 ], [ 433292.174974442517851, 6065666.164363019168377 ] ], [ [ 433292.174974442517851, 6065666.164363019168377 ], [ 433289.367365408979822, 6065654.408833893015981 ] ], [ [ 433292.174974442517851, 6065666.164363019168377 ], [ 433292.810877156909555, 6065669.104220016859472 ] ], [ [ 433292.174974442517851, 6065666.164363019168377 ], [ 433277.779924933798611, 6065670.005055043846369 ] ], [ [ 433292.174974442517851, 6065666.164363019168377 ], [ 433301.261271320923697, 6065663.492750599980354 ] ], [ [ 433292.810877156909555, 6065669.104220016859472 ], [ 433292.174974442517851, 6065666.164363019168377 ] ], [ [ 433292.810877156909555, 6065669.104220016859472 ], [ 433293.388236583443359, 6065671.132344610989094 ] ], [ [ 433293.388236583443359, 6065671.132344610989094 ], [ 433292.810877156909555, 6065669.104220016859472 ] ], [ [ 433293.388236583443359, 6065671.132344610989094 ], [ 433294.605274680361617, 6065676.356243047863245 ] ], [ [ 432948.36924412229564, 6065764.060478501953185 ], [ 432953.640522638568655, 6065768.189105155877769 ] ], [ [ 432948.36924412229564, 6065764.060478501953185 ], [ 432990.038550841214601, 6065751.611850852146745 ] ], [ [ 432948.36924412229564, 6065764.060478501953185 ], [ 432935.543492334079929, 6065767.723174680024385 ] ], [ [ 432953.640522638568655, 6065768.189105155877769 ], [ 432948.36924412229564, 6065764.060478501953185 ] ], [ [ 432953.640522638568655, 6065768.189105155877769 ], [ 432956.305792607134208, 6065770.297498007304966 ] ], [ [ 432956.305792607134208, 6065770.297498007304966 ], [ 432953.640522638568655, 6065768.189105155877769 ] ], [ [ 432956.305792607134208, 6065770.297498007304966 ], [ 432967.796768307045568, 6065783.014661638066173 ] ], [ [ 432967.796768307045568, 6065783.014661638066173 ], [ 432956.305792607134208, 6065770.297498007304966 ] ], [ [ 432967.796768307045568, 6065783.014661638066173 ], [ 432982.081349568266887, 6065802.156505662016571 ] ], [ [ 432982.081349568266887, 6065802.156505662016571 ], [ 432967.796768307045568, 6065783.014661638066173 ] ], [ [ 432982.081349568266887, 6065802.156505662016571 ], [ 432982.606823444832116, 6065806.322179205715656 ] ], [ [ 432982.081349568266887, 6065802.156505662016571 ], [ 433000.121665302838665, 6065817.481006921269 ] ], [ [ 432982.081349568266887, 6065802.156505662016571 ], [ 432986.862173739995342, 6065781.474220390431583 ] ], [ [ 432982.081349568266887, 6065802.156505662016571 ], [ 432972.884083667886443, 6065795.14796984102577 ] ], [ [ 433280.562385488650762, 6065680.492216777987778 ], [ 433294.605274680361617, 6065676.356243047863245 ] ], [ [ 433280.562385488650762, 6065680.492216777987778 ], [ 433253.942442481522448, 6065688.152792045846581 ] ], [ [ 433253.942442481522448, 6065688.152792045846581 ], [ 433280.562385488650762, 6065680.492216777987778 ] ], [ [ 433253.942442481522448, 6065688.152792045846581 ], [ 433236.545810101204552, 6065693.262177981436253 ] ], [ [ 433236.545810101204552, 6065693.262177981436253 ], [ 433253.942442481522448, 6065688.152792045846581 ] ], [ [ 433236.545810101204552, 6065693.262177981436253 ], [ 433175.454479537380394, 6065709.801929815672338 ] ], [ [ 433175.454479537380394, 6065709.801929815672338 ], [ 433236.545810101204552, 6065693.262177981436253 ] ], [ [ 433175.454479537380394, 6065709.801929815672338 ], [ 433152.091232607781421, 6065716.869612158276141 ] ], [ [ 433152.091232607781421, 6065716.869612158276141 ], [ 433175.454479537380394, 6065709.801929815672338 ] ], [ [ 433152.091232607781421, 6065716.869612158276141 ], [ 433079.090315640904009, 6065738.027480298653245 ] ], [ [ 433079.090315640904009, 6065738.027480298653245 ], [ 433152.091232607781421, 6065716.869612158276141 ] ], [ [ 433079.090315640904009, 6065738.027480298653245 ], [ 433034.552304527780507, 6065751.174423607997596 ] ], [ [ 433034.552304527780507, 6065751.174423607997596 ], [ 433079.090315640904009, 6065738.027480298653245 ] ], [ [ 433034.552304527780507, 6065751.174423607997596 ], [ 433032.360673458082601, 6065751.908051456324756 ] ], [ [ 433032.360673458082601, 6065751.908051456324756 ], [ 433034.552304527780507, 6065751.174423607997596 ] ], [ [ 433032.360673458082601, 6065751.908051456324756 ], [ 433009.070823877700604, 6065759.120075587183237 ] ], [ [ 433009.070823877700604, 6065759.120075587183237 ], [ 433032.360673458082601, 6065751.908051456324756 ] ], [ [ 433009.070823877700604, 6065759.120075587183237 ], [ 433005.269369881716557, 6065760.300498742610216 ] ], [ [ 433005.269369881716557, 6065760.300498742610216 ], [ 433009.070823877700604, 6065759.120075587183237 ] ], [ [ 433005.269369881716557, 6065760.300498742610216 ], [ 433001.53577280632453, 6065761.279592398554087 ] ], [ [ 433001.53577280632453, 6065761.279592398554087 ], [ 433005.269369881716557, 6065760.300498742610216 ] ], [ [ 433001.53577280632453, 6065761.279592398554087 ], [ 432989.801519553991966, 6065774.708556251600385 ] ], [ [ 433819.468873419100419, 6064949.290835388936102 ], [ 433792.621471254795324, 6064862.197525238618255 ] ], [ [ 433819.468873419100419, 6064949.290835388936102 ], [ 433717.84511913289316, 6064979.504669009707868 ] ], [ [ 433819.468873419100419, 6064949.290835388936102 ], [ 433837.829773926292546, 6065014.205641534179449 ] ], [ [ 433792.621471254795324, 6064862.197525238618255 ], [ 433819.468873419100419, 6064949.290835388936102 ] ], [ [ 433792.621471254795324, 6064862.197525238618255 ], [ 433879.13106576865539, 6064836.424514732323587 ] ], [ [ 433879.13106576865539, 6064836.424514732323587 ], [ 433792.621471254795324, 6064862.197525238618255 ] ], [ [ 433879.13106576865539, 6064836.424514732323587 ], [ 433961.656194616633002, 6064813.860960917547345 ] ], [ [ 433961.656194616633002, 6064813.860960917547345 ], [ 433879.13106576865539, 6064836.424514732323587 ] ], [ [ 433961.656194616633002, 6064813.860960917547345 ], [ 433982.378841037221719, 6064899.898366128094494 ] ], [ [ 434082.602511714212596, 6064871.502778692170978 ], [ 434066.421587529708631, 6064876.087018701247871 ] ], [ [ 434082.602511714212596, 6064871.502778692170978 ], [ 434093.883404698688537, 6064868.121918733231723 ] ], [ [ 434093.883404698688537, 6064868.121918733231723 ], [ 434089.054487539222464, 6064869.569131011143327 ] ], [ [ 434093.883404698688537, 6064868.121918733231723 ], [ 434092.435709982528351, 6064863.293147446587682 ] ], [ [ 434093.883404698688537, 6064868.121918733231723 ], [ 434098.716454548994079, 6064866.688578906469047 ] ], [ [ 434093.883404698688537, 6064868.121918733231723 ], [ 434095.266349838464521, 6064872.969631576910615 ] ], [ [ 432874.923658853047527, 6064937.502384149469435 ], [ 432889.270932221319526, 6064986.257953389547765 ] ], [ [ 432889.270932221319526, 6064986.257953389547765 ], [ 432874.923658853047527, 6064937.502384149469435 ] ], [ [ 432889.270932221319526, 6064986.257953389547765 ], [ 432948.658631055732258, 6065188.11773880943656 ] ], [ [ 432948.658631055732258, 6065188.11773880943656 ], [ 432889.270932221319526, 6064986.257953389547765 ] ], [ [ 432948.658631055732258, 6065188.11773880943656 ], [ 432952.735117148433346, 6065201.968802119605243 ] ], [ [ 432952.735117148433346, 6065201.968802119605243 ], [ 432948.658631055732258, 6065188.11773880943656 ] ], [ [ 432952.735117148433346, 6065201.968802119605243 ], [ 432940.637553006235976, 6065205.331280367448926 ] ], [ [ 432952.735117148433346, 6065201.968802119605243 ], [ 432963.819889586011413, 6065198.498959835618734 ] ], [ [ 433228.080272414779756, 6065404.550341902300715 ], [ 433230.046831981162541, 6065412.979495014064014 ] ], [ [ 433228.080272414779756, 6065404.550341902300715 ], [ 433229.558973976701964, 6065372.120177035219967 ] ], [ [ 433229.558973976701964, 6065372.120177035219967 ], [ 433228.080272414779756, 6065404.550341902300715 ] ], [ [ 433229.558973976701964, 6065372.120177035219967 ], [ 433228.716205364384223, 6065298.089879693463445 ] ], [ [ 433228.716205364384223, 6065298.089879693463445 ], [ 433229.558973976701964, 6065372.120177035219967 ] ], [ [ 433228.716205364384223, 6065298.089879693463445 ], [ 433227.988183509325609, 6065221.798662062734365 ] ], [ [ 433227.988183509325609, 6065221.798662062734365 ], [ 433228.716205364384223, 6065298.089879693463445 ] ], [ [ 433227.988183509325609, 6065221.798662062734365 ], [ 433227.503025807556696, 6065209.452390779741108 ] ], [ [ 433227.503025807556696, 6065209.452390779741108 ], [ 433227.988183509325609, 6065221.798662062734365 ] ], [ [ 433227.503025807556696, 6065209.452390779741108 ], [ 433225.658358052372932, 6065140.845719124190509 ] ], [ [ 433225.658358052372932, 6065140.845719124190509 ], [ 433227.503025807556696, 6065209.452390779741108 ] ], [ [ 433225.658358052372932, 6065140.845719124190509 ], [ 433227.275937237311155, 6065120.855988491326571 ] ], [ [ 433227.275937237311155, 6065120.855988491326571 ], [ 433225.658358052372932, 6065140.845719124190509 ] ], [ [ 433227.275937237311155, 6065120.855988491326571 ], [ 433213.84048661054112, 6065124.805085800588131 ] ], [ [ 433227.275937237311155, 6065120.855988491326571 ], [ 433238.177975847036578, 6065117.634371528401971 ] ], [ [ 433227.275937237311155, 6065120.855988491326571 ], [ 433223.038338980986737, 6065105.638182635419071 ] ], [ [ 432383.301615897275042, 6065368.400374521501362 ], [ 432372.722046228183899, 6065371.574737990275025 ] ], [ [ 432383.301615897275042, 6065368.400374521501362 ], [ 432419.176737033878453, 6065357.680380965583026 ] ], [ [ 432419.176737033878453, 6065357.680380965583026 ], [ 432383.301615897275042, 6065368.400374521501362 ] ], [ [ 432419.176737033878453, 6065357.680380965583026 ], [ 432434.12077350274194, 6065352.898411002010107 ] ], [ [ 432479.450117203814443, 6065338.39375420846045 ], [ 432434.12077350274194, 6065352.898411002010107 ] ], [ [ 432479.450117203814443, 6065338.39375420846045 ], [ 432505.761513711302541, 6065330.710988809354603 ] ], [ [ 432505.761513711302541, 6065330.710988809354603 ], [ 432479.450117203814443, 6065338.39375420846045 ] ], [ [ 432505.761513711302541, 6065330.710988809354603 ], [ 432551.651052863977384, 6065317.305012723430991 ] ], [ [ 432551.651052863977384, 6065317.305012723430991 ], [ 432505.761513711302541, 6065330.710988809354603 ] ], [ [ 432551.651052863977384, 6065317.305012723430991 ], [ 432566.066321075428277, 6065313.483978361822665 ] ], [ [ 432566.066321075428277, 6065313.483978361822665 ], [ 432551.651052863977384, 6065317.305012723430991 ] ], [ [ 432566.066321075428277, 6065313.483978361822665 ], [ 432574.346698109933641, 6065310.733905684202909 ] ], [ [ 432574.346698109933641, 6065310.733905684202909 ], [ 432566.066321075428277, 6065313.483978361822665 ] ], [ [ 432574.346698109933641, 6065310.733905684202909 ], [ 432632.144030482042581, 6065294.201832123100758 ] ], [ [ 432632.144030482042581, 6065294.201832123100758 ], [ 432574.346698109933641, 6065310.733905684202909 ] ], [ [ 432632.144030482042581, 6065294.201832123100758 ], [ 432649.735261159949005, 6065289.120629382319748 ] ], [ [ 432649.735261159949005, 6065289.120629382319748 ], [ 432632.144030482042581, 6065294.201832123100758 ] ], [ [ 432649.735261159949005, 6065289.120629382319748 ], [ 432674.015561750507914, 6065282.114627741277218 ] ], [ [ 432674.015561750507914, 6065282.114627741277218 ], [ 432649.735261159949005, 6065289.120629382319748 ] ], [ [ 432674.015561750507914, 6065282.114627741277218 ], [ 432736.132233544834889, 6065264.940825174562633 ] ], [ [ 432736.132233544834889, 6065264.940825174562633 ], [ 432674.015561750507914, 6065282.114627741277218 ] ], [ [ 432736.132233544834889, 6065264.940825174562633 ], [ 432758.400615269492846, 6065259.055899139493704 ] ], [ [ 432758.400615269492846, 6065259.055899139493704 ], [ 432736.132233544834889, 6065264.940825174562633 ] ], [ [ 432758.400615269492846, 6065259.055899139493704 ], [ 432776.612595789250918, 6065253.687728086486459 ] ], [ [ 432758.400615269492846, 6065259.055899139493704 ], [ 432763.562380464980379, 6065276.118138095363975 ] ], [ [ 432758.400615269492846, 6065259.055899139493704 ], [ 432753.58527125173714, 6065243.201598709449172 ] ], [ [ 432845.000678845390212, 6064564.894875678233802 ], [ 432868.02355112938676, 6064533.951487007550895 ] ], [ [ 432845.000678845390212, 6064564.894875678233802 ], [ 432821.889083370740991, 6064595.772223740816116 ] ], [ [ 432819.728996838559397, 6064598.658151453360915 ], [ 432845.000678845390212, 6064564.894875678233802 ] ], [ [ 432819.728996838559397, 6064598.658151453360915 ], [ 432815.996048553846776, 6064603.643891965970397 ] ], [ [ 432815.996048553846776, 6064603.643891965970397 ], [ 432819.728996838559397, 6064598.658151453360915 ] ], [ [ 432815.996048553846776, 6064603.643891965970397 ], [ 432807.235393850191031, 6064615.34853443223983 ] ], [ [ 432807.235393850191031, 6064615.34853443223983 ], [ 432815.996048553846776, 6064603.643891965970397 ] ], [ [ 432807.235393850191031, 6064615.34853443223983 ], [ 432783.448118713102303, 6064647.097825673408806 ] ], [ [ 432783.448118713102303, 6064647.097825673408806 ], [ 432807.235393850191031, 6064615.34853443223983 ] ], [ [ 432783.448118713102303, 6064647.097825673408806 ], [ 432766.596870463050436, 6064662.695697951130569 ] ], [ [ 432766.596870463050436, 6064662.695697951130569 ], [ 432783.448118713102303, 6064647.097825673408806 ] ], [ [ 432766.596870463050436, 6064662.695697951130569 ], [ 432761.969383381889202, 6064664.266987095586956 ] ], [ [ 432761.969383381889202, 6064664.266987095586956 ], [ 432766.596870463050436, 6064662.695697951130569 ] ], [ [ 432761.969383381889202, 6064664.266987095586956 ], [ 432749.90963401546469, 6064667.662769220769405 ] ], [ [ 432982.606823444832116, 6065806.322179205715656 ], [ 432982.081349568266887, 6065802.156505662016571 ] ], [ [ 432982.606823444832116, 6065806.322179205715656 ], [ 432982.581547132576816, 6065811.564430553466082 ] ], [ [ 432982.581547132576816, 6065811.564430553466082 ], [ 432982.606823444832116, 6065806.322179205715656 ] ], [ [ 432982.581547132576816, 6065811.564430553466082 ], [ 432981.923475936986506, 6065816.693647159263492 ] ], [ [ 432981.923475936986506, 6065816.693647159263492 ], [ 432982.581547132576816, 6065811.564430553466082 ] ], [ [ 432981.923475936986506, 6065816.693647159263492 ], [ 432981.239818525558803, 6065821.400332009419799 ] ], [ [ 432981.239818525558803, 6065821.400332009419799 ], [ 432981.923475936986506, 6065816.693647159263492 ] ], [ [ 432981.239818525558803, 6065821.400332009419799 ], [ 432980.119166390388273, 6065826.169145914725959 ] ], [ [ 432980.119166390388273, 6065826.169145914725959 ], [ 432981.239818525558803, 6065821.400332009419799 ] ], [ [ 432980.119166390388273, 6065826.169145914725959 ], [ 432977.789389691955876, 6065831.478972352109849 ] ], [ [ 432977.789389691955876, 6065831.478972352109849 ], [ 432980.119166390388273, 6065826.169145914725959 ] ], [ [ 432977.789389691955876, 6065831.478972352109849 ], [ 432974.523555584717542, 6065835.767667079344392 ] ], [ [ 432974.523555584717542, 6065835.767667079344392 ], [ 432977.789389691955876, 6065831.478972352109849 ] ], [ [ 432974.523555584717542, 6065835.767667079344392 ], [ 432968.468192265543621, 6065844.760908522643149 ] ], [ [ 433000.121665302838665, 6065817.481006921269 ], [ 432982.081349568266887, 6065802.156505662016571 ] ], [ [ 433000.121665302838665, 6065817.481006921269 ], [ 432999.746743379742838, 6065817.386403857730329 ] ], [ [ 432999.746743379742838, 6065817.386403857730329 ], [ 433000.121665302838665, 6065817.481006921269 ] ], [ [ 432999.746743379742838, 6065817.386403857730329 ], [ 433009.547182668757159, 6065822.51633502356708 ] ], [ [ 433009.547182668757159, 6065822.51633502356708 ], [ 432999.746743379742838, 6065817.386403857730329 ] ], [ [ 433009.547182668757159, 6065822.51633502356708 ], [ 433024.122822410427034, 6065830.469096858985722 ] ], [ [ 433024.122822410427034, 6065830.469096858985722 ], [ 433009.547182668757159, 6065822.51633502356708 ] ], [ [ 433024.122822410427034, 6065830.469096858985722 ], [ 433040.478579459595494, 6065838.606976268813014 ] ], [ [ 432989.801519553991966, 6065774.708556251600385 ], [ 432986.862173739995342, 6065781.474220390431583 ] ], [ [ 432989.801519553991966, 6065774.708556251600385 ], [ 433001.53577280632453, 6065761.279592398554087 ] ], [ [ 432986.862173739995342, 6065781.474220390431583 ], [ 432989.801519553991966, 6065774.708556251600385 ] ], [ [ 432986.862173739995342, 6065781.474220390431583 ], [ 432982.081349568266887, 6065802.156505662016571 ] ], [ [ 433690.207459596160334, 6065572.540104633197188 ], [ 433717.825025500671472, 6065670.105268038809299 ] ], [ [ 433690.207459596160334, 6065572.540104633197188 ], [ 433680.698223970015533, 6065560.02576597314328 ] ], [ [ 433717.825025500671472, 6065670.105268038809299 ], [ 433690.207459596160334, 6065572.540104633197188 ] ], [ [ 433717.825025500671472, 6065670.105268038809299 ], [ 433738.36708285973873, 6065740.663607651367784 ] ], [ [ 433738.36708285973873, 6065740.663607651367784 ], [ 433725.757423175615259, 6065697.351396533660591 ] ], [ [ 433738.36708285973873, 6065740.663607651367784 ], [ 433748.427883181138895, 6065775.016604179516435 ] ], [ [ 433748.427883181138895, 6065775.016604179516435 ], [ 433745.809958982805256, 6065766.077550046145916 ] ], [ [ 433748.427883181138895, 6065775.016604179516435 ], [ 433750.825278323551174, 6065784.017313810065389 ] ], [ [ 433370.955492106149904, 6065954.651163554750383 ], [ 433366.683230471273419, 6065941.370228480547667 ] ], [ [ 433370.955492106149904, 6065954.651163554750383 ], [ 433374.011518216109835, 6065964.499977946281433 ] ], [ [ 433366.683230471273419, 6065941.370228480547667 ], [ 433370.955492106149904, 6065954.651163554750383 ] ], [ [ 433366.683230471273419, 6065941.370228480547667 ], [ 433362.88650081504602, 6065924.966098277829587 ] ], [ [ 432930.375112121691927, 6065870.300311707891524 ], [ 432921.662953888415359, 6065833.936837993562222 ] ], [ [ 432930.375112121691927, 6065870.300311707891524 ], [ 432934.412665854964871, 6065865.076399170793593 ] ], [ [ 432930.375112121691927, 6065870.300311707891524 ], [ 432934.409059407247696, 6065889.126768593676388 ] ], [ [ 432921.662953888415359, 6065833.936837993562222 ], [ 432930.375112121691927, 6065870.300311707891524 ] ], [ [ 432921.662953888415359, 6065833.936837993562222 ], [ 432917.900386369496118, 6065820.815669047646224 ] ], [ [ 432921.662953888415359, 6065833.936837993562222 ], [ 432924.999749374866951, 6065814.477879115380347 ] ], [ [ 432921.662953888415359, 6065833.936837993562222 ], [ 432932.08109669177793, 6065844.232533532194793 ] ], [ [ 432917.900386369496118, 6065820.815669047646224 ], [ 432921.662953888415359, 6065833.936837993562222 ] ], [ [ 432917.900386369496118, 6065820.815669047646224 ], [ 432912.850674896384589, 6065802.115601945668459 ] ], [ [ 432912.850674896384589, 6065802.115601945668459 ], [ 432917.900386369496118, 6065820.815669047646224 ] ], [ [ 432912.850674896384589, 6065802.115601945668459 ], [ 432908.549887429981027, 6065791.350704903714359 ] ], [ [ 432776.612595789250918, 6065253.687728086486459 ], [ 432758.400615269492846, 6065259.055899139493704 ] ], [ [ 432776.612595789250918, 6065253.687728086486459 ], [ 432791.406496278825216, 6065249.316455365158617 ] ], [ [ 432791.406496278825216, 6065249.316455365158617 ], [ 432776.612595789250918, 6065253.687728086486459 ] ], [ [ 432791.406496278825216, 6065249.316455365158617 ], [ 432804.777003382623661, 6065245.378180399537086 ] ], [ [ 432804.777003382623661, 6065245.378180399537086 ], [ 432791.406496278825216, 6065249.316455365158617 ] ], [ [ 432804.777003382623661, 6065245.378180399537086 ], [ 432829.812318613927346, 6065238.005663284100592 ] ], [ [ 432829.812318613927346, 6065238.005663284100592 ], [ 432804.777003382623661, 6065245.378180399537086 ] ], [ [ 432829.812318613927346, 6065238.005663284100592 ], [ 432848.171908028889447, 6065232.591073287650943 ] ], [ [ 432848.171908028889447, 6065232.591073287650943 ], [ 432829.812318613927346, 6065238.005663284100592 ] ], [ [ 432848.171908028889447, 6065232.591073287650943 ], [ 432931.976350639015436, 6065208.052936950698495 ] ], [ [ 432931.976350639015436, 6065208.052936950698495 ], [ 432848.171908028889447, 6065232.591073287650943 ] ], [ [ 432931.976350639015436, 6065208.052936950698495 ], [ 432940.637553006235976, 6065205.331280367448926 ] ], [ [ 432940.637553006235976, 6065205.331280367448926 ], [ 432931.976350639015436, 6065208.052936950698495 ] ], [ [ 432940.637553006235976, 6065205.331280367448926 ], [ 432952.735117148433346, 6065201.968802119605243 ] ], [ [ 432963.819889586011413, 6065198.498959835618734 ], [ 432952.735117148433346, 6065201.968802119605243 ] ], [ [ 432963.819889586011413, 6065198.498959835618734 ], [ 432973.746894573909231, 6065195.569392312318087 ] ], [ [ 432973.746894573909231, 6065195.569392312318087 ], [ 432963.819889586011413, 6065198.498959835618734 ] ], [ [ 432973.746894573909231, 6065195.569392312318087 ], [ 433061.891754530137405, 6065169.58929265383631 ] ], [ [ 433061.891754530137405, 6065169.58929265383631 ], [ 432973.746894573909231, 6065195.569392312318087 ] ], [ [ 433061.891754530137405, 6065169.58929265383631 ], [ 433077.108866529539227, 6065165.103956565260887 ] ], [ [ 433177.023391688067932, 6065135.655036942102015 ], [ 433077.108866529539227, 6065165.103956565260887 ] ], [ [ 433177.023391688067932, 6065135.655036942102015 ], [ 433185.23210616176948, 6065133.241036006249487 ] ], [ [ 433185.23210616176948, 6065133.241036006249487 ], [ 433177.023391688067932, 6065135.655036942102015 ] ], [ [ 433185.23210616176948, 6065133.241036006249487 ], [ 433194.851606562267989, 6065130.405541190877557 ] ], [ [ 433194.851606562267989, 6065130.405541190877557 ], [ 433185.23210616176948, 6065133.241036006249487 ] ], [ [ 433194.851606562267989, 6065130.405541190877557 ], [ 433213.84048661054112, 6065124.805085800588131 ] ], [ [ 433213.84048661054112, 6065124.805085800588131 ], [ 433194.851606562267989, 6065130.405541190877557 ] ], [ [ 433213.84048661054112, 6065124.805085800588131 ], [ 433227.275937237311155, 6065120.855988491326571 ] ], [ [ 433238.177975847036578, 6065117.634371528401971 ], [ 433227.275937237311155, 6065120.855988491326571 ] ], [ [ 433238.177975847036578, 6065117.634371528401971 ], [ 433288.34735868050484, 6065102.848369087092578 ] ], [ [ 433288.34735868050484, 6065102.848369087092578 ], [ 433238.177975847036578, 6065117.634371528401971 ] ], [ [ 433288.34735868050484, 6065102.848369087092578 ], [ 433335.836467582616024, 6065088.859257175587118 ] ], [ [ 433335.836467582616024, 6065088.859257175587118 ], [ 433288.34735868050484, 6065102.848369087092578 ] ], [ [ 433335.836467582616024, 6065088.859257175587118 ], [ 433445.129654856165871, 6065056.654051933437586 ] ], [ [ 433445.129654856165871, 6065056.654051933437586 ], [ 433335.836467582616024, 6065088.859257175587118 ] ], [ [ 433445.129654856165871, 6065056.654051933437586 ], [ 433508.421876836800948, 6065038.004632123745978 ] ], [ [ 433508.421876836800948, 6065038.004632123745978 ], [ 433445.129654856165871, 6065056.654051933437586 ] ], [ [ 433508.421876836800948, 6065038.004632123745978 ], [ 433521.165123708429746, 6065034.255801677703857 ] ], [ [ 433521.165123708429746, 6065034.255801677703857 ], [ 433508.421876836800948, 6065038.004632123745978 ] ], [ [ 433521.165123708429746, 6065034.255801677703857 ], [ 433525.641686125367414, 6065032.943477995693684 ] ], [ [ 433521.165123708429746, 6065034.255801677703857 ], [ 433524.754213766311295, 6065046.612069066613913 ] ], [ [ 432455.231428552127909, 6065645.890256830491126 ], [ 432452.213992674020119, 6065636.186123014427722 ] ], [ [ 432455.231428552127909, 6065645.890256830491126 ], [ 432472.780204580631107, 6065702.27594705298543 ] ], [ [ 432472.780204580631107, 6065702.27594705298543 ], [ 432455.231428552127909, 6065645.890256830491126 ] ], [ [ 432472.780204580631107, 6065702.27594705298543 ], [ 432491.525736095150933, 6065762.494547254405916 ] ], [ [ 432491.525736095150933, 6065762.494547254405916 ], [ 432472.780204580631107, 6065702.27594705298543 ] ], [ [ 432491.525736095150933, 6065762.494547254405916 ], [ 432516.913739866926335, 6065844.060108553618193 ] ], [ [ 432516.913739866926335, 6065844.060108553618193 ], [ 432508.483624518907163, 6065816.975847668014467 ] ], [ [ 432516.913739866926335, 6065844.060108553618193 ], [ 432517.887757405347656, 6065847.18401516135782 ] ], [ [ 432517.887757405347656, 6065847.18401516135782 ], [ 432516.913739866926335, 6065844.060108553618193 ] ], [ [ 432517.887757405347656, 6065847.18401516135782 ], [ 432523.616318160202354, 6065866.385484956204891 ] ], [ [ 432523.616318160202354, 6065866.385484956204891 ], [ 432522.170904544007499, 6065861.540611344389617 ] ], [ [ 432523.616318160202354, 6065866.385484956204891 ], [ 432525.171795654809102, 6065871.196152576245368 ] ], [ [ 432763.562380464980379, 6065276.118138095363975 ], [ 432758.400615269492846, 6065259.055899139493704 ] ], [ [ 432763.562380464980379, 6065276.118138095363975 ], [ 432782.113805502420291, 6065343.363302670419216 ] ], [ [ 432782.113805502420291, 6065343.363302670419216 ], [ 432763.562380464980379, 6065276.118138095363975 ] ], [ [ 432782.113805502420291, 6065343.363302670419216 ], [ 432801.346192887926009, 6065413.124751015566289 ] ], [ [ 432801.346192887926009, 6065413.124751015566289 ], [ 432782.113805502420291, 6065343.363302670419216 ] ], [ [ 432801.346192887926009, 6065413.124751015566289 ], [ 432827.7436998935882, 6065512.172103753313422 ] ], [ [ 432827.7436998935882, 6065512.172103753313422 ], [ 432801.346192887926009, 6065413.124751015566289 ] ], [ [ 432827.7436998935882, 6065512.172103753313422 ], [ 432831.587152878753841, 6065525.069415330886841 ] ], [ [ 432290.082035447587259, 6065092.610539412125945 ], [ 432293.738284952181857, 6065103.206472538411617 ] ], [ [ 432290.082035447587259, 6065092.610539412125945 ], [ 432301.363629088271409, 6065089.392092197202146 ] ], [ [ 432290.082035447587259, 6065092.610539412125945 ], [ 432287.296244358818512, 6065082.93642483651638 ] ], [ [ 432290.082035447587259, 6065092.610539412125945 ], [ 432276.123044740990736, 6065096.826257732696831 ] ], [ [ 432293.738284952181857, 6065103.206472538411617 ], [ 432290.082035447587259, 6065092.610539412125945 ] ], [ [ 432293.738284952181857, 6065103.206472538411617 ], [ 432318.764588930178434, 6065184.676255348138511 ] ], [ [ 432318.764588930178434, 6065184.676255348138511 ], [ 432293.738284952181857, 6065103.206472538411617 ] ], [ [ 432318.764588930178434, 6065184.676255348138511 ], [ 432364.032491128600668, 6065336.647584278136492 ] ], [ [ 432364.032491128600668, 6065336.647584278136492 ], [ 432318.764588930178434, 6065184.676255348138511 ] ], [ [ 432364.032491128600668, 6065336.647584278136492 ], [ 432368.625307057169266, 6065355.621028029359877 ] ], [ [ 432368.625307057169266, 6065355.621028029359877 ], [ 432364.032491128600668, 6065336.647584278136492 ] ], [ [ 432368.625307057169266, 6065355.621028029359877 ], [ 432372.722046228183899, 6065371.574737990275025 ] ], [ [ 432674.541698986315168, 6064982.818881155923009 ], [ 432659.411325131542981, 6064987.139885272830725 ] ], [ [ 432674.541698986315168, 6064982.818881155923009 ], [ 432671.38771008013282, 6064971.725489652715623 ] ], [ [ 432674.541698986315168, 6064982.818881155923009 ], [ 432689.345330102427397, 6064978.614087614230812 ] ], [ [ 432674.541698986315168, 6064982.818881155923009 ], [ 432678.99208347662352, 6064997.487710193730891 ] ], [ [ 432659.411325131542981, 6064987.139885272830725 ], [ 432674.541698986315168, 6064982.818881155923009 ] ], [ [ 432659.411325131542981, 6064987.139885272830725 ], [ 432595.926903849525843, 6065005.269914173521101 ] ], [ [ 432595.926903849525843, 6065005.269914173521101 ], [ 432659.411325131542981, 6064987.139885272830725 ] ], [ [ 432595.926903849525843, 6065005.269914173521101 ], [ 432587.697930272785015, 6065007.61851317808032 ] ], [ [ 432587.697930272785015, 6065007.61851317808032 ], [ 432595.926903849525843, 6065005.269914173521101 ] ], [ [ 432587.697930272785015, 6065007.61851317808032 ], [ 432551.030000303988345, 6065018.081823385320604 ] ], [ [ 432551.030000303988345, 6065018.081823385320604 ], [ 432587.697930272785015, 6065007.61851317808032 ] ], [ [ 432551.030000303988345, 6065018.081823385320604 ], [ 432527.376044018659741, 6065024.845388935878873 ] ], [ [ 432527.376044018659741, 6065024.845388935878873 ], [ 432551.030000303988345, 6065018.081823385320604 ] ], [ [ 432527.376044018659741, 6065024.845388935878873 ], [ 432503.972140716330614, 6065031.527440246194601 ] ], [ [ 432503.972140716330614, 6065031.527440246194601 ], [ 432527.376044018659741, 6065024.845388935878873 ] ], [ [ 432503.972140716330614, 6065031.527440246194601 ], [ 432487.30270802648738, 6065036.283798513934016 ] ], [ [ 432487.30270802648738, 6065036.283798513934016 ], [ 432503.972140716330614, 6065031.527440246194601 ] ], [ [ 432487.30270802648738, 6065036.283798513934016 ], [ 432478.181886656326242, 6065038.857379625551403 ] ], [ [ 432478.181886656326242, 6065038.857379625551403 ], [ 432487.30270802648738, 6065036.283798513934016 ] ], [ [ 432478.181886656326242, 6065038.857379625551403 ], [ 432465.155441708979197, 6065042.568884785287082 ] ], [ [ 432465.155441708979197, 6065042.568884785287082 ], [ 432478.181886656326242, 6065038.857379625551403 ] ], [ [ 432465.155441708979197, 6065042.568884785287082 ], [ 432458.242075669346377, 6065044.586441967636347 ] ], [ [ 432458.242075669346377, 6065044.586441967636347 ], [ 432465.155441708979197, 6065042.568884785287082 ] ], [ [ 432458.242075669346377, 6065044.586441967636347 ], [ 432369.258419457939453, 6065070.001031664200127 ] ], [ [ 432369.258419457939453, 6065070.001031664200127 ], [ 432458.242075669346377, 6065044.586441967636347 ] ], [ [ 432369.258419457939453, 6065070.001031664200127 ], [ 432301.363629088271409, 6065089.392092197202146 ] ], [ [ 432301.363629088271409, 6065089.392092197202146 ], [ 432369.258419457939453, 6065070.001031664200127 ] ], [ [ 432301.363629088271409, 6065089.392092197202146 ], [ 432290.082035447587259, 6065092.610539412125945 ] ], [ [ 433800.857984799018595, 6065252.945211572572589 ], [ 433794.874024988501333, 6065254.668873463757336 ] ], [ [ 433800.857984799018595, 6065252.945211572572589 ], [ 433894.972682610736229, 6065225.82557696569711 ] ], [ [ 433894.972682610736229, 6065225.82557696569711 ], [ 433800.857984799018595, 6065252.945211572572589 ] ], [ [ 433894.972682610736229, 6065225.82557696569711 ], [ 433985.381270147510804, 6065199.774824832566082 ] ], [ [ 433985.381270147510804, 6065199.774824832566082 ], [ 433894.972682610736229, 6065225.82557696569711 ] ], [ [ 433985.381270147510804, 6065199.774824832566082 ], [ 434022.171008229721338, 6065189.176728719845414 ] ], [ [ 434022.171008229721338, 6065189.176728719845414 ], [ 433985.381270147510804, 6065199.774824832566082 ] ], [ [ 434022.171008229721338, 6065189.176728719845414 ], [ 434082.217736066901125, 6065171.880272326059639 ] ], [ [ 433717.84511913289316, 6064979.504669009707868 ], [ 433819.468873419100419, 6064949.290835388936102 ] ], [ [ 433717.84511913289316, 6064979.504669009707868 ], [ 433589.379909983836114, 6065015.234628495760262 ] ], [ [ 432573.935654680652078, 6064717.227851001545787 ], [ 432592.172113010659814, 6064712.070075826719403 ] ], [ [ 432573.935654680652078, 6064717.227851001545787 ], [ 432493.47287118784152, 6064740.442666165530682 ] ], [ [ 432493.47287118784152, 6064740.442666165530682 ], [ 432573.935654680652078, 6064717.227851001545787 ] ], [ [ 432493.47287118784152, 6064740.442666165530682 ], [ 432403.606684226891957, 6064766.270265481434762 ] ], [ [ 432403.606684226891957, 6064766.270265481434762 ], [ 432493.47287118784152, 6064740.442666165530682 ] ], [ [ 432403.606684226891957, 6064766.270265481434762 ], [ 432347.555437320377678, 6064782.378323222510517 ] ], [ [ 432347.555437320377678, 6064782.378323222510517 ], [ 432403.606684226891957, 6064766.270265481434762 ] ], [ [ 432347.555437320377678, 6064782.378323222510517 ], [ 432341.814915307390038, 6064784.022356670349836 ] ], [ [ 432341.814915307390038, 6064784.022356670349836 ], [ 432347.555437320377678, 6064782.378323222510517 ] ], [ [ 432341.814915307390038, 6064784.022356670349836 ], [ 432276.457636617007665, 6064802.808108290657401 ] ], [ [ 432276.457636617007665, 6064802.808108290657401 ], [ 432292.810223155538552, 6064798.107753843069077 ] ], [ [ 432276.457636617007665, 6064802.808108290657401 ], [ 432260.105726430891082, 6064807.510961507447064 ] ], [ [ 432232.634588791290298, 6064892.899865079671144 ], [ 432226.837281904241536, 6064872.743643864057958 ] ], [ [ 432232.634588791290298, 6064892.899865079671144 ], [ 432238.432452055509202, 6064913.055957929231226 ] ], [ [ 432287.296244358818512, 6065082.93642483651638 ], [ 432232.634588791290298, 6064892.899865079671144 ] ], [ [ 432287.296244358818512, 6065082.93642483651638 ], [ 432290.082035447587259, 6065092.610539412125945 ] ], [ [ 432598.862962092389353, 6064728.35254477430135 ], [ 432592.172113010659814, 6064712.070075826719403 ] ], [ [ 432598.862962092389353, 6064728.35254477430135 ], [ 432617.400202481541783, 6064787.005509762093425 ] ], [ [ 432617.400202481541783, 6064787.005509762093425 ], [ 432598.862962092389353, 6064728.35254477430135 ] ], [ [ 432617.400202481541783, 6064787.005509762093425 ], [ 432631.391066760756075, 6064833.673336344771087 ] ], [ [ 432631.391066760756075, 6064833.673336344771087 ], [ 432617.400202481541783, 6064787.005509762093425 ] ], [ [ 432631.391066760756075, 6064833.673336344771087 ], [ 432645.144322524196468, 6064879.543438416905701 ] ], [ [ 432645.144322524196468, 6064879.543438416905701 ], [ 432631.391066760756075, 6064833.673336344771087 ] ], [ [ 432645.144322524196468, 6064879.543438416905701 ], [ 432671.38771008013282, 6064971.725489652715623 ] ], [ [ 432671.38771008013282, 6064971.725489652715623 ], [ 432645.144322524196468, 6064879.543438416905701 ] ], [ [ 432671.38771008013282, 6064971.725489652715623 ], [ 432674.541698986315168, 6064982.818881155923009 ] ], [ [ 432749.90963401546469, 6064667.662769220769405 ], [ 432761.969383381889202, 6064664.266987095586956 ] ], [ [ 432749.90963401546469, 6064667.662769220769405 ], [ 432738.388726404460613, 6064670.905884470790625 ] ], [ [ 432738.388726404460613, 6064670.905884470790625 ], [ 432749.90963401546469, 6064667.662769220769405 ] ], [ [ 432738.388726404460613, 6064670.905884470790625 ], [ 432719.208550853014458, 6064676.299695760942996 ] ], [ [ 432719.208550853014458, 6064676.299695760942996 ], [ 432738.388726404460613, 6064670.905884470790625 ] ], [ [ 432719.208550853014458, 6064676.299695760942996 ], [ 432672.939249828050379, 6064689.331064386293292 ] ], [ [ 432672.939249828050379, 6064689.331064386293292 ], [ 432719.208550853014458, 6064676.299695760942996 ] ], [ [ 432672.939249828050379, 6064689.331064386293292 ], [ 432638.165198509173933, 6064699.119891488924623 ] ], [ [ 432638.165198509173933, 6064699.119891488924623 ], [ 432672.939249828050379, 6064689.331064386293292 ] ], [ [ 432638.165198509173933, 6064699.119891488924623 ], [ 432609.966563761350699, 6064707.074775446206331 ] ], [ [ 432609.966563761350699, 6064707.074775446206331 ], [ 432638.165198509173933, 6064699.119891488924623 ] ], [ [ 432609.966563761350699, 6064707.074775446206331 ], [ 432592.172113010659814, 6064712.070075826719403 ] ], [ [ 432709.546842789219227, 6065098.130748949944973 ], [ 432717.044753419002518, 6065122.826206188648939 ] ], [ [ 432709.546842789219227, 6065098.130748949944973 ], [ 432678.99208347662352, 6064997.487710193730891 ] ], [ [ 432717.044753419002518, 6065122.826206188648939 ], [ 432709.546842789219227, 6065098.130748949944973 ] ], [ [ 432717.044753419002518, 6065122.826206188648939 ], [ 432733.422074219794013, 6065176.770712644793093 ] ], [ [ 432733.422074219794013, 6065176.770712644793093 ], [ 432717.044753419002518, 6065122.826206188648939 ] ], [ [ 432733.422074219794013, 6065176.770712644793093 ], [ 432744.292689047986642, 6065212.578646537847817 ] ], [ [ 432744.292689047986642, 6065212.578646537847817 ], [ 432733.422074219794013, 6065176.770712644793093 ] ], [ [ 432744.292689047986642, 6065212.578646537847817 ], [ 432753.58527125173714, 6065243.201598709449172 ] ], [ [ 432753.58527125173714, 6065243.201598709449172 ], [ 432744.292689047986642, 6065212.578646537847817 ] ], [ [ 432753.58527125173714, 6065243.201598709449172 ], [ 432758.400615269492846, 6065259.055899139493704 ] ], [ [ 432101.622525093436707, 6065149.582268909551203 ], [ 432087.444931188831106, 6065153.801862768828869 ] ], [ [ 432101.622525093436707, 6065149.582268909551203 ], [ 432111.373750439845026, 6065146.55327545851469 ] ], [ [ 432087.444931188831106, 6065153.801862768828869 ], [ 432101.622525093436707, 6065149.582268909551203 ] ], [ [ 432087.444931188831106, 6065153.801862768828869 ], [ 432071.049854054290336, 6065158.686504180543125 ] ], [ [ 432276.123044740990736, 6065096.826257732696831 ], [ 432290.082035447587259, 6065092.610539412125945 ] ], [ [ 432276.123044740990736, 6065096.826257732696831 ], [ 432251.346858434379101, 6065104.298120808787644 ] ], [ [ 432251.346858434379101, 6065104.298120808787644 ], [ 432276.123044740990736, 6065096.826257732696831 ] ], [ [ 432251.346858434379101, 6065104.298120808787644 ], [ 432225.763035759329796, 6065112.027078618295491 ] ], [ [ 432225.763035759329796, 6065112.027078618295491 ], [ 432251.346858434379101, 6065104.298120808787644 ] ], [ [ 432225.763035759329796, 6065112.027078618295491 ], [ 432207.851760732301045, 6065117.432151434011757 ] ], [ [ 432181.481838422478177, 6065125.389936887659132 ], [ 432207.851760732301045, 6065117.432151434011757 ] ], [ [ 432181.481838422478177, 6065125.389936887659132 ], [ 432111.373750439845026, 6065146.55327545851469 ] ], [ [ 432111.373750439845026, 6065146.55327545851469 ], [ 432151.687208987073973, 6065134.383803941309452 ] ], [ [ 432111.373750439845026, 6065146.55327545851469 ], [ 432101.622525093436707, 6065149.582268909551203 ] ], [ [ 433432.728489760425873, 6066184.705405890010297 ], [ 433433.308019635733217, 6066186.993295106105506 ] ], [ [ 433432.728489760425873, 6066184.705405890010297 ], [ 433432.129186061676592, 6066182.422618065029383 ] ], [ [ 433410.657691899396013, 6066100.637735473923385 ], [ 433432.728489760425873, 6066184.705405890010297 ] ], [ [ 433410.657691899396013, 6066100.637735473923385 ], [ 433390.103424369939603, 6066014.655835354700685 ] ], [ [ 433390.103424369939603, 6066014.655835354700685 ], [ 433410.657691899396013, 6066100.637735473923385 ] ], [ [ 433390.103424369939603, 6066014.655835354700685 ], [ 433374.011518216109835, 6065964.499977946281433 ] ], [ [ 433374.011518216109835, 6065964.499977946281433 ], [ 433390.103424369939603, 6066014.655835354700685 ] ], [ [ 433374.011518216109835, 6065964.499977946281433 ], [ 433370.955492106149904, 6065954.651163554750383 ] ], [ [ 433453.24298062705202, 6065946.794126186519861 ], [ 433406.11289407487493, 6065935.613735720515251 ] ], [ [ 433453.24298062705202, 6065946.794126186519861 ], [ 433498.812686988851056, 6065960.045749664306641 ] ], [ [ 433525.641686125367414, 6065032.943477995693684 ], [ 433521.165123708429746, 6065034.255801677703857 ] ], [ [ 433525.641686125367414, 6065032.943477995693684 ], [ 433526.660193739517126, 6065032.561232035979629 ] ], [ [ 433526.660193739517126, 6065032.561232035979629 ], [ 433525.641686125367414, 6065032.943477995693684 ] ], [ [ 433526.660193739517126, 6065032.561232035979629 ], [ 433532.063639295578469, 6065030.767853980883956 ] ], [ [ 433532.063639295578469, 6065030.767853980883956 ], [ 433526.660193739517126, 6065032.561232035979629 ] ], [ [ 433532.063639295578469, 6065030.767853980883956 ], [ 433589.379909983836114, 6065015.234628495760262 ] ], [ [ 433589.379909983836114, 6065015.234628495760262 ], [ 433532.063639295578469, 6065030.767853980883956 ] ], [ [ 433589.379909983836114, 6065015.234628495760262 ], [ 433717.84511913289316, 6064979.504669009707868 ] ], [ [ 433223.038338980986737, 6065105.638182635419071 ], [ 433227.275937237311155, 6065120.855988491326571 ] ], [ [ 433223.038338980986737, 6065105.638182635419071 ], [ 433189.223951160325669, 6064983.70539499912411 ] ], [ [ 433189.223951160325669, 6064983.70539499912411 ], [ 433223.038338980986737, 6065105.638182635419071 ] ], [ [ 433189.223951160325669, 6064983.70539499912411 ], [ 433165.298310562910046, 6064902.481966765597463 ] ], [ [ 433165.298310562910046, 6064902.481966765597463 ], [ 433189.223951160325669, 6064983.70539499912411 ] ], [ [ 433165.298310562910046, 6064902.481966765597463 ], [ 433152.694194850861095, 6064864.695476232096553 ] ], [ [ 433152.694194850861095, 6064864.695476232096553 ], [ 433165.298310562910046, 6064902.481966765597463 ] ], [ [ 433152.694194850861095, 6064864.695476232096553 ], [ 433146.668835583142936, 6064848.836428065784276 ] ], [ [ 432924.999749374866951, 6065814.477879115380347 ], [ 432921.662953888415359, 6065833.936837993562222 ] ], [ [ 432924.999749374866951, 6065814.477879115380347 ], [ 432926.471322188852355, 6065808.624302993528545 ] ], [ [ 432926.471322188852355, 6065808.624302993528545 ], [ 432924.999749374866951, 6065814.477879115380347 ] ], [ [ 432926.471322188852355, 6065808.624302993528545 ], [ 432928.387345580908004, 6065804.945462581701577 ] ], [ [ 432928.387345580908004, 6065804.945462581701577 ], [ 432926.471322188852355, 6065808.624302993528545 ] ], [ [ 432928.387345580908004, 6065804.945462581701577 ], [ 432931.502260926237796, 6065800.035736570134759 ] ], [ [ 432931.502260926237796, 6065800.035736570134759 ], [ 432928.387345580908004, 6065804.945462581701577 ] ], [ [ 432931.502260926237796, 6065800.035736570134759 ], [ 432934.541574873379432, 6065795.672468493692577 ] ], [ [ 432934.541574873379432, 6065795.672468493692577 ], [ 432931.502260926237796, 6065800.035736570134759 ] ], [ [ 432934.541574873379432, 6065795.672468493692577 ], [ 432938.41593680618098, 6065792.031337932683527 ] ], [ [ 432938.41593680618098, 6065792.031337932683527 ], [ 432934.541574873379432, 6065795.672468493692577 ] ], [ [ 432938.41593680618098, 6065792.031337932683527 ], [ 432942.959924818424042, 6065789.248353340663016 ] ], [ [ 432942.959924818424042, 6065789.248353340663016 ], [ 432938.41593680618098, 6065792.031337932683527 ] ], [ [ 432942.959924818424042, 6065789.248353340663016 ], [ 432947.976087382761762, 6065787.471127440221608 ] ], [ [ 432947.976087382761762, 6065787.471127440221608 ], [ 432942.959924818424042, 6065789.248353340663016 ] ], [ [ 432947.976087382761762, 6065787.471127440221608 ], [ 432953.252608004026115, 6065786.747322170995176 ] ], [ [ 432953.252608004026115, 6065786.747322170995176 ], [ 432947.976087382761762, 6065787.471127440221608 ] ], [ [ 432953.252608004026115, 6065786.747322170995176 ], [ 432958.564792203367688, 6065787.124789646826684 ] ], [ [ 432958.564792203367688, 6065787.124789646826684 ], [ 432953.252608004026115, 6065786.747322170995176 ] ], [ [ 432958.564792203367688, 6065787.124789646826684 ], [ 432963.68695464724442, 6065788.584620145149529 ] ], [ [ 432963.68695464724442, 6065788.584620145149529 ], [ 432958.564792203367688, 6065787.124789646826684 ] ], [ [ 432963.68695464724442, 6065788.584620145149529 ], [ 432972.884083667886443, 6065795.14796984102577 ] ], [ [ 432972.884083667886443, 6065795.14796984102577 ], [ 432963.68695464724442, 6065788.584620145149529 ] ], [ [ 432972.884083667886443, 6065795.14796984102577 ], [ 432982.081349568266887, 6065802.156505662016571 ] ], [ [ 432954.197952491929755, 6065848.712091559544206 ], [ 432938.860644735745154, 6065860.169146468862891 ] ], [ [ 432954.197952491929755, 6065848.712091559544206 ], [ 432968.468192265543621, 6065844.760908522643149 ] ], [ [ 432954.197952491929755, 6065848.712091559544206 ], [ 432944.328682777355425, 6065847.623220165260136 ] ], [ [ 432938.860644735745154, 6065860.169146468862891 ], [ 432954.197952491929755, 6065848.712091559544206 ] ], [ [ 432938.860644735745154, 6065860.169146468862891 ], [ 432934.412665854964871, 6065865.076399170793593 ] ], [ [ 432934.412665854964871, 6065865.076399170793593 ], [ 432938.860644735745154, 6065860.169146468862891 ] ], [ [ 432934.412665854964871, 6065865.076399170793593 ], [ 432930.375112121691927, 6065870.300311707891524 ] ], [ [ 432490.008718697179575, 6064512.834357944317162 ], [ 432568.482371946563944, 6064438.263292601332068 ] ], [ [ 432490.008718697179575, 6064512.834357944317162 ], [ 432477.286899663740769, 6064524.966086612083018 ] ], [ [ 432843.921394060482271, 6065568.891134449280798 ], [ 432834.677486262051389, 6065535.395938716828823 ] ], [ [ 432843.921394060482271, 6065568.891134449280798 ], [ 432858.981111295986921, 6065623.645825579762459 ] ], [ [ 432858.981111295986921, 6065623.645825579762459 ], [ 432843.921394060482271, 6065568.891134449280798 ] ], [ [ 432858.981111295986921, 6065623.645825579762459 ], [ 432896.788760352181271, 6065752.216853967867792 ] ], [ [ 432896.788760352181271, 6065752.216853967867792 ], [ 432858.981111295986921, 6065623.645825579762459 ] ], [ [ 432896.788760352181271, 6065752.216853967867792 ], [ 432904.127524837327655, 6065777.170936545357108 ] ], [ [ 432904.127524837327655, 6065777.170936545357108 ], [ 432896.788760352181271, 6065752.216853967867792 ] ], [ [ 432904.127524837327655, 6065777.170936545357108 ], [ 432883.948154125013389, 6065783.057555459439754 ] ], [ [ 432904.127524837327655, 6065777.170936545357108 ], [ 432935.543492334079929, 6065767.723174680024385 ] ], [ [ 432904.127524837327655, 6065777.170936545357108 ], [ 432905.561089069407899, 6065781.768286569975317 ] ], [ [ 433930.647539618425071, 6065018.735002035275102 ], [ 434008.276636074355338, 6064995.008470511995256 ] ], [ [ 433930.647539618425071, 6065018.735002035275102 ], [ 433861.175055307219736, 6065040.36250364780426 ] ], [ [ 433861.175055307219736, 6065040.36250364780426 ], [ 433930.647539618425071, 6065018.735002035275102 ] ], [ [ 433861.175055307219736, 6065040.36250364780426 ], [ 433846.456294465344399, 6065044.69574864115566 ] ], [ [ 433846.456294465344399, 6065044.69574864115566 ], [ 433861.175055307219736, 6065040.36250364780426 ] ], [ [ 433846.456294465344399, 6065044.69574864115566 ], [ 433837.829773926292546, 6065014.205641534179449 ] ], [ [ 433837.829773926292546, 6065014.205641534179449 ], [ 433846.456294465344399, 6065044.69574864115566 ] ], [ [ 433837.829773926292546, 6065014.205641534179449 ], [ 433819.468873419100419, 6064949.290835388936102 ] ], [ [ 433679.537351595237851, 6065560.354423535056412 ], [ 433677.875480839633383, 6065561.213508219458163 ] ], [ [ 433679.537351595237851, 6065560.354423535056412 ], [ 433680.698223970015533, 6065560.02576597314328 ] ], [ [ 433679.537351595237851, 6065560.354423535056412 ], [ 433677.452025627309922, 6065560.006640518084168 ] ], [ [ 433677.875480839633383, 6065561.213508219458163 ], [ 433679.537351595237851, 6065560.354423535056412 ] ], [ [ 433677.875480839633383, 6065561.213508219458163 ], [ 433669.710474486812018, 6065565.250850123353302 ] ], [ [ 433669.710474486812018, 6065565.250850123353302 ], [ 433677.875480839633383, 6065561.213508219458163 ] ], [ [ 433669.710474486812018, 6065565.250850123353302 ], [ 433667.841418535157572, 6065566.035075767897069 ] ], [ [ 433667.841418535157572, 6065566.035075767897069 ], [ 433669.710474486812018, 6065565.250850123353302 ] ], [ [ 433667.841418535157572, 6065566.035075767897069 ], [ 433658.197968791355379, 6065568.947835955768824 ] ], [ [ 433658.197968791355379, 6065568.947835955768824 ], [ 433667.841418535157572, 6065566.035075767897069 ] ], [ [ 433658.197968791355379, 6065568.947835955768824 ], [ 433652.305607026966754, 6065570.737128090113401 ] ], [ [ 433652.305607026966754, 6065570.737128090113401 ], [ 433658.197968791355379, 6065568.947835955768824 ] ], [ [ 433652.305607026966754, 6065570.737128090113401 ], [ 433596.385722205101047, 6065587.473409495316446 ] ], [ [ 433596.385722205101047, 6065587.473409495316446 ], [ 433652.305607026966754, 6065570.737128090113401 ] ], [ [ 433596.385722205101047, 6065587.473409495316446 ], [ 433485.713342057191767, 6065620.107328093610704 ] ], [ [ 433485.713342057191767, 6065620.107328093610704 ], [ 433596.385722205101047, 6065587.473409495316446 ] ], [ [ 433485.713342057191767, 6065620.107328093610704 ], [ 433453.32588985277107, 6065628.88664198294282 ] ], [ [ 433453.32588985277107, 6065628.88664198294282 ], [ 433485.713342057191767, 6065620.107328093610704 ] ], [ [ 433453.32588985277107, 6065628.88664198294282 ], [ 433378.005623461911455, 6065651.476061591878533 ] ], [ [ 433378.005623461911455, 6065651.476061591878533 ], [ 433453.32588985277107, 6065628.88664198294282 ] ], [ [ 433378.005623461911455, 6065651.476061591878533 ], [ 433355.876295819412917, 6065657.533980213105679 ] ], [ [ 433355.876295819412917, 6065657.533980213105679 ], [ 433378.005623461911455, 6065651.476061591878533 ] ], [ [ 433355.876295819412917, 6065657.533980213105679 ], [ 433302.168685279262718, 6065673.918571936897933 ] ], [ [ 433302.168685279262718, 6065673.918571936897933 ], [ 433355.876295819412917, 6065657.533980213105679 ] ], [ [ 433302.168685279262718, 6065673.918571936897933 ], [ 433294.605274680361617, 6065676.356243047863245 ] ], [ [ 433029.073960348730907, 6064882.206808998249471 ], [ 433146.668835583142936, 6064848.836428065784276 ] ], [ [ 433029.073960348730907, 6064882.206808998249471 ], [ 432981.062734267208725, 6064895.828460709191859 ] ], [ [ 432981.062734267208725, 6064895.828460709191859 ], [ 433029.073960348730907, 6064882.206808998249471 ] ], [ [ 432981.062734267208725, 6064895.828460709191859 ], [ 432926.907007714733481, 6064911.20007711648941 ] ], [ [ 432926.907007714733481, 6064911.20007711648941 ], [ 432981.062734267208725, 6064895.828460709191859 ] ], [ [ 432926.907007714733481, 6064911.20007711648941 ], [ 432887.061573715414852, 6064922.497962899506092 ] ], [ [ 432887.061573715414852, 6064922.497962899506092 ], [ 432926.907007714733481, 6064911.20007711648941 ] ], [ [ 432887.061573715414852, 6064922.497962899506092 ], [ 432879.229925928753801, 6064924.728831259533763 ] ], [ [ 432879.229925928753801, 6064924.728831259533763 ], [ 432887.061573715414852, 6064922.497962899506092 ] ], [ [ 432879.229925928753801, 6064924.728831259533763 ], [ 432873.893300124211237, 6064926.243768704123795 ] ], [ [ 432873.893300124211237, 6064926.243768704123795 ], [ 432879.229925928753801, 6064924.728831259533763 ] ], [ [ 432873.893300124211237, 6064926.243768704123795 ], [ 432864.31680725683691, 6064928.956879835575819 ] ], [ [ 432864.31680725683691, 6064928.956879835575819 ], [ 432873.893300124211237, 6064926.243768704123795 ] ], [ [ 432864.31680725683691, 6064928.956879835575819 ], [ 432856.472632094286382, 6064931.210232723504305 ] ], [ [ 432856.472632094286382, 6064931.210232723504305 ], [ 432864.31680725683691, 6064928.956879835575819 ] ], [ [ 432856.472632094286382, 6064931.210232723504305 ], [ 432767.09083728591213, 6064956.556027768179774 ] ], [ [ 432767.09083728591213, 6064956.556027768179774 ], [ 432856.472632094286382, 6064931.210232723504305 ] ], [ [ 432767.09083728591213, 6064956.556027768179774 ], [ 432689.345330102427397, 6064978.614087614230812 ] ], [ [ 432689.345330102427397, 6064978.614087614230812 ], [ 432767.09083728591213, 6064956.556027768179774 ] ], [ [ 432689.345330102427397, 6064978.614087614230812 ], [ 432674.541698986315168, 6064982.818881155923009 ] ], [ [ 433680.698223970015533, 6065560.02576597314328 ], [ 433679.537351595237851, 6065560.354423535056412 ] ], [ [ 433680.698223970015533, 6065560.02576597314328 ], [ 433694.994091375439893, 6065555.965244450606406 ] ], [ [ 433680.698223970015533, 6065560.02576597314328 ], [ 433690.207459596160334, 6065572.540104633197188 ] ], [ [ 433680.698223970015533, 6065560.02576597314328 ], [ 433678.779933392826933, 6065557.894857418723404 ] ], [ [ 433680.698223970015533, 6065560.02576597314328 ], [ 433680.454039506206755, 6065563.134398955851793 ] ], [ [ 433694.994091375439893, 6065555.965244450606406 ], [ 433680.698223970015533, 6065560.02576597314328 ] ], [ [ 433694.994091375439893, 6065555.965244450606406 ], [ 433704.101455231604632, 6065553.383176911622286 ] ], [ [ 433704.101455231604632, 6065553.383176911622286 ], [ 433694.994091375439893, 6065555.965244450606406 ] ], [ [ 433704.101455231604632, 6065553.383176911622286 ], [ 433739.735355528304353, 6065543.255955959670246 ] ], [ [ 433739.735355528304353, 6065543.255955959670246 ], [ 433704.101455231604632, 6065553.383176911622286 ] ], [ [ 433739.735355528304353, 6065543.255955959670246 ], [ 433824.023733163718134, 6065519.328205516561866 ] ], [ [ 433824.023733163718134, 6065519.328205516561866 ], [ 433740.597539945621975, 6065543.011190160177648 ] ], [ [ 433824.023733163718134, 6065519.328205516561866 ], [ 433860.261137885274366, 6065509.037299220450222 ] ], [ [ 433860.261137885274366, 6065509.037299220450222 ], [ 433824.023733163718134, 6065519.328205516561866 ] ], [ [ 433860.261137885274366, 6065509.037299220450222 ], [ 433868.438612242462113, 6065506.714021526277065 ] ], [ [ 433868.438612242462113, 6065506.714021526277065 ], [ 433860.261137885274366, 6065509.037299220450222 ] ], [ [ 433868.438612242462113, 6065506.714021526277065 ], [ 433873.345068187569268, 6065505.317836682312191 ] ], [ [ 433873.345068187569268, 6065505.317836682312191 ], [ 433868.438612242462113, 6065506.714021526277065 ] ], [ [ 433873.345068187569268, 6065505.317836682312191 ], [ 433907.447402407997288, 6065495.636583184823394 ] ], [ [ 433644.846578057389706, 6065463.21609475556761 ], [ 433641.662851586937904, 6065452.5454246038571 ] ], [ [ 433644.846578057389706, 6065463.21609475556761 ], [ 433655.019106322899461, 6065498.513239400461316 ] ], [ [ 433641.662851586937904, 6065452.5454246038571 ], [ 433644.846578057389706, 6065463.21609475556761 ] ], [ [ 433641.662851586937904, 6065452.5454246038571 ], [ 433603.021572912286501, 6065318.093537519685924 ] ], [ [ 433603.021572912286501, 6065318.093537519685924 ], [ 433641.662851586937904, 6065452.5454246038571 ] ], [ [ 433603.021572912286501, 6065318.093537519685924 ], [ 433600.333785458002239, 6065308.751111899502575 ] ], [ [ 433669.615779164771084, 6065546.95582312438637 ], [ 433669.028243231237866, 6065545.539910038001835 ] ], [ [ 433669.615779164771084, 6065546.95582312438637 ], [ 433676.096526032546535, 6065554.973878026008606 ] ], [ [ 433669.028243231237866, 6065545.539910038001835 ], [ 433669.615779164771084, 6065546.95582312438637 ] ], [ [ 433669.028243231237866, 6065545.539910038001835 ], [ 433668.441591932671145, 6065543.745590985752642 ] ], [ [ 433668.441591932671145, 6065543.745590985752642 ], [ 433669.028243231237866, 6065545.539910038001835 ] ], [ [ 433668.441591932671145, 6065543.745590985752642 ], [ 433665.239008505363017, 6065533.976647987030447 ] ], [ [ 433665.239008505363017, 6065533.976647987030447 ], [ 433668.441591932671145, 6065543.745590985752642 ] ], [ [ 433665.239008505363017, 6065533.976647987030447 ], [ 433655.019106322899461, 6065498.513239400461316 ] ], [ [ 433665.239008505363017, 6065533.976647987030447 ], [ 433664.248584896093234, 6065545.476531263440847 ] ], [ [ 433655.019106322899461, 6065498.513239400461316 ], [ 433665.239008505363017, 6065533.976647987030447 ] ], [ [ 433655.019106322899461, 6065498.513239400461316 ], [ 433644.846578057389706, 6065463.21609475556761 ] ], [ [ 433596.716711510089226, 6065296.217132485471666 ], [ 433600.333785458002239, 6065308.751111899502575 ] ], [ [ 433596.716711510089226, 6065296.217132485471666 ], [ 433537.222591468540486, 6065089.865964704193175 ] ], [ [ 433537.222591468540486, 6065089.865964704193175 ], [ 433596.716711510089226, 6065296.217132485471666 ] ], [ [ 433537.222591468540486, 6065089.865964704193175 ], [ 433535.206765075912699, 6065082.873084015212953 ] ], [ [ 433535.206765075912699, 6065082.873084015212953 ], [ 433537.222591468540486, 6065089.865964704193175 ] ], [ [ 433535.206765075912699, 6065082.873084015212953 ], [ 433524.754213766311295, 6065046.612069066613913 ] ], [ [ 433524.754213766311295, 6065046.612069066613913 ], [ 433535.206765075912699, 6065082.873084015212953 ] ], [ [ 433524.754213766311295, 6065046.612069066613913 ], [ 433521.165123708429746, 6065034.255801677703857 ] ], [ [ 432990.038550841214601, 6065751.611850852146745 ], [ 432948.36924412229564, 6065764.060478501953185 ] ], [ [ 432990.038550841214601, 6065751.611850852146745 ], [ 432994.337105632701423, 6065750.513076366856694 ] ], [ [ 433088.241245577577502, 6065851.922169516794384 ], [ 433151.429788560024463, 6065868.459644541144371 ] ], [ [ 433088.241245577577502, 6065851.922169516794384 ], [ 433076.881304201495368, 6065848.88521153666079 ] ], [ [ 433151.429788560024463, 6065868.459644541144371 ], [ 433088.241245577577502, 6065851.922169516794384 ] ], [ [ 433151.429788560024463, 6065868.459644541144371 ], [ 433165.556473938282579, 6065872.646684950217605 ] ], [ [ 433165.556473938282579, 6065872.646684950217605 ], [ 433230.395275381801184, 6065889.772946462035179 ] ], [ [ 433165.556473938282579, 6065872.646684950217605 ], [ 433151.429788560024463, 6065868.459644541144371 ] ], [ [ 433230.395275381801184, 6065889.772946462035179 ], [ 433165.556473938282579, 6065872.646684950217605 ] ], [ [ 433230.395275381801184, 6065889.772946462035179 ], [ 433309.642131688888185, 6065911.005554085597396 ] ], [ [ 433613.427915111882612, 6065991.636372668668628 ], [ 433625.129645617911592, 6065994.906762965023518 ] ], [ [ 433613.427915111882612, 6065991.636372668668628 ], [ 433601.714634008007124, 6065988.407766033895314 ] ], [ [ 433498.812686988851056, 6065960.045749664306641 ], [ 433613.427915111882612, 6065991.636372668668628 ] ], [ [ 433498.812686988851056, 6065960.045749664306641 ], [ 433453.24298062705202, 6065946.794126186519861 ] ], [ [ 433309.642131688888185, 6065911.005554085597396 ], [ 433348.128680388850626, 6065921.188412205316126 ] ], [ [ 433309.642131688888185, 6065911.005554085597396 ], [ 433230.395275381801184, 6065889.772946462035179 ] ], [ [ 433348.128680388850626, 6065921.188412205316126 ], [ 433309.642131688888185, 6065911.005554085597396 ] ], [ [ 433348.128680388850626, 6065921.188412205316126 ], [ 433362.88650081504602, 6065924.966098277829587 ] ], [ [ 432678.99208347662352, 6064997.487710193730891 ], [ 432674.541698986315168, 6064982.818881155923009 ] ], [ [ 432678.99208347662352, 6064997.487710193730891 ], [ 432709.546842789219227, 6065098.130748949944973 ] ], [ [ 432556.601119945233222, 6065878.858552233316004 ], [ 432540.334175657946616, 6065883.619007999077439 ] ], [ [ 432556.601119945233222, 6065878.858552233316004 ], [ 432572.867865337932017, 6065874.097535436041653 ] ], [ [ 432630.6076303460286, 6065857.198581132106483 ], [ 432556.601119945233222, 6065878.858552233316004 ] ], [ [ 432630.6076303460286, 6065857.198581132106483 ], [ 432678.665817300963681, 6065843.160453665070236 ] ], [ [ 432678.665817300963681, 6065843.160453665070236 ], [ 432630.6076303460286, 6065857.198581132106483 ] ], [ [ 432678.665817300963681, 6065843.160453665070236 ], [ 432732.872688234667294, 6065827.272866303101182 ] ], [ [ 432732.872688234667294, 6065827.272866303101182 ], [ 432678.665817300963681, 6065843.160453665070236 ] ], [ [ 432732.872688234667294, 6065827.272866303101182 ], [ 432878.273618517559953, 6065784.733341700397432 ] ], [ [ 432878.273618517559953, 6065784.733341700397432 ], [ 432732.872688234667294, 6065827.272866303101182 ] ], [ [ 432878.273618517559953, 6065784.733341700397432 ], [ 432883.948154125013389, 6065783.057555459439754 ] ], [ [ 432883.948154125013389, 6065783.057555459439754 ], [ 432878.273618517559953, 6065784.733341700397432 ] ], [ [ 432883.948154125013389, 6065783.057555459439754 ], [ 432904.127524837327655, 6065777.170936545357108 ] ], [ [ 432994.337105632701423, 6065750.513076366856694 ], [ 432990.038550841214601, 6065751.611850852146745 ] ], [ [ 432994.337105632701423, 6065750.513076366856694 ], [ 433001.445896341756452, 6065748.704875797964633 ] ], [ [ 433001.445896341756452, 6065748.704875797964633 ], [ 432994.337105632701423, 6065750.513076366856694 ] ], [ [ 433001.445896341756452, 6065748.704875797964633 ], [ 433031.126442083797883, 6065739.895631887950003 ] ], [ [ 433031.126442083797883, 6065739.895631887950003 ], [ 433001.445896341756452, 6065748.704875797964633 ] ], [ [ 433031.126442083797883, 6065739.895631887950003 ], [ 433149.144195087079424, 6065707.030453836545348 ] ], [ [ 433149.144195087079424, 6065707.030453836545348 ], [ 433031.126442083797883, 6065739.895631887950003 ] ], [ [ 433149.144195087079424, 6065707.030453836545348 ], [ 433172.611990102101117, 6065700.061374110169709 ] ], [ [ 433172.611990102101117, 6065700.061374110169709 ], [ 433149.144195087079424, 6065707.030453836545348 ] ], [ [ 433172.611990102101117, 6065700.061374110169709 ], [ 433251.020079349633306, 6065677.790133782662451 ] ], [ [ 433251.020079349633306, 6065677.790133782662451 ], [ 433172.611990102101117, 6065700.061374110169709 ] ], [ [ 433251.020079349633306, 6065677.790133782662451 ], [ 433277.779924933798611, 6065670.005055043846369 ] ], [ [ 432935.543492334079929, 6065767.723174680024385 ], [ 432904.127524837327655, 6065777.170936545357108 ] ], [ [ 432935.543492334079929, 6065767.723174680024385 ], [ 432948.36924412229564, 6065764.060478501953185 ] ], [ [ 433483.761034241819289, 6065611.733509792946279 ], [ 433588.654712749645114, 6065582.033562358468771 ] ], [ [ 433483.761034241819289, 6065611.733509792946279 ], [ 433451.527143412851728, 6065621.3230075603351 ] ], [ [ 433588.654712749645114, 6065582.033562358468771 ], [ 433483.761034241819289, 6065611.733509792946279 ] ], [ [ 433588.654712749645114, 6065582.033562358468771 ], [ 433605.82145692355698, 6065572.621924153529108 ] ], [ [ 433605.82145692355698, 6065572.621924153529108 ], [ 433588.654712749645114, 6065582.033562358468771 ] ], [ [ 433605.82145692355698, 6065572.621924153529108 ], [ 433655.118372067227028, 6065559.221610638312995 ] ], [ [ 433655.118372067227028, 6065559.221610638312995 ], [ 433605.82145692355698, 6065572.621924153529108 ] ], [ [ 433655.118372067227028, 6065559.221610638312995 ], [ 433656.393183201435022, 6065558.757723236456513 ] ], [ [ 433656.393183201435022, 6065558.757723236456513 ], [ 433655.118372067227028, 6065559.221610638312995 ] ], [ [ 433656.393183201435022, 6065558.757723236456513 ], [ 433662.963542629673611, 6065557.526071902364492 ] ], [ [ 433656.393183201435022, 6065558.757723236456513 ], [ 433664.248584896093234, 6065545.476531263440847 ] ], [ [ 433662.963542629673611, 6065557.526071902364492 ], [ 433656.393183201435022, 6065558.757723236456513 ] ], [ [ 433662.963542629673611, 6065557.526071902364492 ], [ 433664.678584833163768, 6065557.656700551509857 ] ], [ [ 433664.678584833163768, 6065557.656700551509857 ], [ 433662.963542629673611, 6065557.526071902364492 ] ], [ [ 433664.678584833163768, 6065557.656700551509857 ], [ 433677.452025627309922, 6065560.006640518084168 ] ], [ [ 433677.452025627309922, 6065560.006640518084168 ], [ 433664.678584833163768, 6065557.656700551509857 ] ], [ [ 433677.452025627309922, 6065560.006640518084168 ], [ 433679.537351595237851, 6065560.354423535056412 ] ], [ [ 433451.527143412851728, 6065621.3230075603351 ], [ 433483.761034241819289, 6065611.733509792946279 ] ], [ [ 433451.527143412851728, 6065621.3230075603351 ], [ 433354.16502523701638, 6065648.488903443329036 ] ], [ [ 433354.16502523701638, 6065648.488903443329036 ], [ 433451.527143412851728, 6065621.3230075603351 ] ], [ [ 433354.16502523701638, 6065648.488903443329036 ], [ 433301.261271320923697, 6065663.492750599980354 ] ], [ [ 433277.779924933798611, 6065670.005055043846369 ], [ 433251.020079349633306, 6065677.790133782662451 ] ], [ [ 433277.779924933798611, 6065670.005055043846369 ], [ 433292.174974442517851, 6065666.164363019168377 ] ], [ [ 433301.261271320923697, 6065663.492750599980354 ], [ 433292.174974442517851, 6065666.164363019168377 ] ], [ [ 433301.261271320923697, 6065663.492750599980354 ], [ 433354.16502523701638, 6065648.488903443329036 ] ], [ [ 433664.248584896093234, 6065545.476531263440847 ], [ 433656.393183201435022, 6065558.757723236456513 ] ], [ [ 433664.248584896093234, 6065545.476531263440847 ], [ 433665.239008505363017, 6065533.976647987030447 ] ], [ [ 433676.096526032546535, 6065554.973878026008606 ], [ 433669.615779164771084, 6065546.95582312438637 ] ], [ [ 433676.096526032546535, 6065554.973878026008606 ], [ 433678.779933392826933, 6065557.894857418723404 ] ], [ [ 433678.779933392826933, 6065557.894857418723404 ], [ 433676.096526032546535, 6065554.973878026008606 ] ], [ [ 433678.779933392826933, 6065557.894857418723404 ], [ 433680.698223970015533, 6065560.02576597314328 ] ], [ [ 433726.533674685517326, 6065747.481313684955239 ], [ 433737.837341827340424, 6065787.635699627920985 ] ], [ [ 433726.533674685517326, 6065747.481313684955239 ], [ 433715.227051389287226, 6065707.327777318656445 ] ], [ [ 433705.682642267551273, 6065673.43298620544374 ], [ 433726.533674685517326, 6065747.481313684955239 ] ], [ [ 433705.682642267551273, 6065673.43298620544374 ], [ 433679.503770470852032, 6065580.443135551176965 ] ], [ [ 433679.503770470852032, 6065580.443135551176965 ], [ 433705.682642267551273, 6065673.43298620544374 ] ], [ [ 433679.503770470852032, 6065580.443135551176965 ], [ 433679.585297214798629, 6065575.46718315128237 ] ], [ [ 433679.585297214798629, 6065575.46718315128237 ], [ 433679.503770470852032, 6065580.443135551176965 ] ], [ [ 433679.585297214798629, 6065575.46718315128237 ], [ 433679.748154972447082, 6065572.960720984265208 ] ], [ [ 433679.748154972447082, 6065572.960720984265208 ], [ 433679.585297214798629, 6065575.46718315128237 ] ], [ [ 433679.748154972447082, 6065572.960720984265208 ], [ 433679.790608692390379, 6065569.710369306616485 ] ], [ [ 433679.790608692390379, 6065569.710369306616485 ], [ 433679.748154972447082, 6065572.960720984265208 ] ], [ [ 433679.790608692390379, 6065569.710369306616485 ], [ 433679.931492527306546, 6065568.339408854022622 ] ], [ [ 433679.931492527306546, 6065568.339408854022622 ], [ 433679.790608692390379, 6065569.710369306616485 ] ], [ [ 433679.931492527306546, 6065568.339408854022622 ], [ 433680.454039506206755, 6065563.134398955851793 ] ], [ [ 433680.454039506206755, 6065563.134398955851793 ], [ 433679.931492527306546, 6065568.339408854022622 ] ], [ [ 433680.454039506206755, 6065563.134398955851793 ], [ 433680.698223970015533, 6065560.02576597314328 ] ], [ [ 432491.313713539449964, 6064515.241043235175312 ], [ 432572.726930569158867, 6064439.551097648218274 ] ], [ [ 432491.313713539449964, 6064515.241043235175312 ], [ 432478.744971910084132, 6064527.270318208262324 ] ], [ [ 432906.413334709824994, 6065784.515684748999774 ], [ 432908.549887429981027, 6065791.350704903714359 ] ], [ [ 432906.413334709824994, 6065784.515684748999774 ], [ 432905.561089069407899, 6065781.768286569975317 ] ], [ [ 432905.561089069407899, 6065781.768286569975317 ], [ 432906.413334709824994, 6065784.515684748999774 ] ], [ [ 432905.561089069407899, 6065781.768286569975317 ], [ 432904.127524837327655, 6065777.170936545357108 ] ], [ [ 432944.328682777355425, 6065847.623220165260136 ], [ 432954.197952491929755, 6065848.712091559544206 ] ], [ [ 432944.328682777355425, 6065847.623220165260136 ], [ 432937.717631766630802, 6065846.508262136951089 ] ], [ [ 432937.717631766630802, 6065846.508262136951089 ], [ 432944.328682777355425, 6065847.623220165260136 ] ], [ [ 432937.717631766630802, 6065846.508262136951089 ], [ 432932.08109669177793, 6065844.232533532194793 ] ], [ [ 432932.08109669177793, 6065844.232533532194793 ], [ 432937.717631766630802, 6065846.508262136951089 ] ], [ [ 432932.08109669177793, 6065844.232533532194793 ], [ 432921.662953888415359, 6065833.936837993562222 ] ], [ [ 432207.851760732301045, 6065117.432151434011757 ], [ 432225.763035759329796, 6065112.027078618295491 ] ], [ [ 432207.851760732301045, 6065117.432151434011757 ], [ 432181.481838422478177, 6065125.389936887659132 ] ], [ [ 432424.214285434107296, 6065644.554982436820865 ], [ 432382.07383251702413, 6065657.757691984064877 ] ], [ [ 432424.214285434107296, 6065644.554982436820865 ], [ 432435.381117875804193, 6065641.056464594788849 ] ], [ [ 433077.108866529539227, 6065165.103956565260887 ], [ 433061.891754530137405, 6065169.58929265383631 ] ], [ [ 433077.108866529539227, 6065165.103956565260887 ], [ 433177.023391688067932, 6065135.655036942102015 ] ], [ [ 432434.12077350274194, 6065352.898411002010107 ], [ 432419.176737033878453, 6065357.680380965583026 ] ], [ [ 432434.12077350274194, 6065352.898411002010107 ], [ 432479.450117203814443, 6065338.39375420846045 ] ] ] } },
{ "type": "Feature", "properties": { "full_id": "n12070982684", "osm_id": "12070982684", "osm_type": "node", "amenity": null, "entrance": "yes", "full_name": null, "community_centre": null, "check_date": null, "operator": null, "contact:phone": null, "opening_hours": null, "name": null, "type": "lines", "start": "55.9447833, 54.7318901" }, "geometry": { "type": "MultiLineString", "coordinates": [ [ [ 431676.687463923823088, 6065858.50301390979439 ], [ 431680.388019974343479, 6065857.489929149858654 ] ], [ [ 431676.687463923823088, 6065858.50301390979439 ], [ 431738.857592582469806, 6066088.118231107480824 ] ], [ [ 431676.687463923823088, 6065858.50301390979439 ], [ 431674.648421738122124, 6065850.999300303868949 ] ], [ [ 431680.388019974343479, 6065857.489929149858654 ], [ 431676.687463923823088, 6065858.50301390979439 ] ], [ [ 431680.388019974343479, 6065857.489929149858654 ], [ 431683.08753302070545, 6065856.714571421965957 ] ], [ [ 431683.08753302070545, 6065856.714571421965957 ], [ 431680.388019974343479, 6065857.489929149858654 ] ], [ [ 431683.08753302070545, 6065856.714571421965957 ], [ 431690.934379312151577, 6065855.204754110425711 ] ], [ [ 431690.934379312151577, 6065855.204754110425711 ], [ 431683.08753302070545, 6065856.714571421965957 ] ], [ [ 431690.934379312151577, 6065855.204754110425711 ], [ 431697.173188696266152, 6065854.676383339799941 ] ], [ [ 431690.934379312151577, 6065855.204754110425711 ], [ 431688.474712868046481, 6065847.139799318276346 ] ], [ [ 431690.934379312151577, 6065855.204754110425711 ], [ 431691.181821316946298, 6065865.606928208842874 ] ], [ [ 431697.173188696266152, 6065854.676383339799941 ], [ 431690.934379312151577, 6065855.204754110425711 ] ], [ [ 431697.173188696266152, 6065854.676383339799941 ], [ 431718.672510295291431, 6065852.292467724531889 ] ], [ [ 431718.672510295291431, 6065852.292467724531889 ], [ 431697.173188696266152, 6065854.676383339799941 ] ], [ [ 431718.672510295291431, 6065852.292467724531889 ], [ 431809.363947874109726, 6065825.636868412606418 ] ], [ [ 431809.363947874109726, 6065825.636868412606418 ], [ 431718.672510295291431, 6065852.292467724531889 ] ], [ [ 431809.363947874109726, 6065825.636868412606418 ], [ 431835.65143900946714, 6065817.905950746499002 ] ], [ [ 431835.65143900946714, 6065817.905950746499002 ], [ 431809.363947874109726, 6065825.636868412606418 ] ], [ [ 431835.65143900946714, 6065817.905950746499002 ], [ 431881.039378716726787, 6065804.567344475537539 ] ], [ [ 431881.039378716726787, 6065804.567344475537539 ], [ 431835.65143900946714, 6065817.905950746499002 ] ], [ [ 431881.039378716726787, 6065804.567344475537539 ], [ 431924.869532835611608, 6065791.68671578168869 ] ], [ [ 431924.869532835611608, 6065791.68671578168869 ], [ 431881.039378716726787, 6065804.567344475537539 ] ], [ [ 431924.869532835611608, 6065791.68671578168869 ], [ 432055.418976469722111, 6065753.328670262359083 ] ], [ [ 432055.418976469722111, 6065753.328670262359083 ], [ 431924.869532835611608, 6065791.68671578168869 ] ], [ [ 432055.418976469722111, 6065753.328670262359083 ], [ 432070.428992309374735, 6065748.918344254605472 ] ], [ [ 432070.428992309374735, 6065748.918344254605472 ], [ 432055.418976469722111, 6065753.328670262359083 ] ], [ [ 432070.428992309374735, 6065748.918344254605472 ], [ 432082.380498823185917, 6065745.399872727692127 ] ], [ [ 432070.428992309374735, 6065748.918344254605472 ], [ 432066.504749546526, 6065735.92268221732229 ] ], [ [ 432070.428992309374735, 6065748.918344254605472 ], [ 432073.069978968822397, 6065757.949014308862388 ] ], [ [ 432082.380498823185917, 6065745.399872727692127 ], [ 432070.428992309374735, 6065748.918344254605472 ] ], [ [ 432082.380498823185917, 6065745.399872727692127 ], [ 432120.332220166223124, 6065734.256675763987005 ] ], [ [ 432120.332220166223124, 6065734.256675763987005 ], [ 432082.380498823185917, 6065745.399872727692127 ] ], [ [ 432120.332220166223124, 6065734.256675763987005 ], [ 432154.946353247854859, 6065723.853936587460339 ] ], [ [ 432154.946353247854859, 6065723.853936587460339 ], [ 432120.332220166223124, 6065734.256675763987005 ] ], [ [ 432154.946353247854859, 6065723.853936587460339 ], [ 432165.877740442287177, 6065720.584723086096346 ] ], [ [ 432165.877740442287177, 6065720.584723086096346 ], [ 432154.946353247854859, 6065723.853936587460339 ] ], [ [ 432165.877740442287177, 6065720.584723086096346 ], [ 432219.635056856262963, 6065704.786759932525456 ] ], [ [ 432219.635056856262963, 6065704.786759932525456 ], [ 432165.877740442287177, 6065720.584723086096346 ] ], [ [ 432219.635056856262963, 6065704.786759932525456 ], [ 432246.760609433811624, 6065697.023435011506081 ] ], [ [ 432246.760609433811624, 6065697.023435011506081 ], [ 432219.635056856262963, 6065704.786759932525456 ] ], [ [ 432246.760609433811624, 6065697.023435011506081 ], [ 432259.833558081183583, 6065693.544268255122006 ] ], [ [ 432259.833558081183583, 6065693.544268255122006 ], [ 432246.760609433811624, 6065697.023435011506081 ] ], [ [ 432259.833558081183583, 6065693.544268255122006 ], [ 432273.099021566682495, 6065690.017736749723554 ] ], [ [ 432273.099021566682495, 6065690.017736749723554 ], [ 432259.833558081183583, 6065693.544268255122006 ] ], [ [ 432273.099021566682495, 6065690.017736749723554 ], [ 432301.774196476384532, 6065681.218752126209438 ] ], [ [ 432301.774196476384532, 6065681.218752126209438 ], [ 432273.099021566682495, 6065690.017736749723554 ] ], [ [ 432301.774196476384532, 6065681.218752126209438 ], [ 432382.07383251702413, 6065657.757691984064877 ] ], [ [ 432382.07383251702413, 6065657.757691984064877 ], [ 432301.774196476384532, 6065681.218752126209438 ] ], [ [ 432382.07383251702413, 6065657.757691984064877 ], [ 432424.214285434107296, 6065644.554982436820865 ] ], [ [ 432435.381117875804193, 6065641.056464594788849 ], [ 432424.214285434107296, 6065644.554982436820865 ] ], [ [ 432435.381117875804193, 6065641.056464594788849 ], [ 432452.213992674020119, 6065636.186123014427722 ] ], [ [ 432452.213992674020119, 6065636.186123014427722 ], [ 432435.381117875804193, 6065641.056464594788849 ] ], [ [ 432452.213992674020119, 6065636.186123014427722 ], [ 432448.543744749156758, 6065625.033816346898675 ] ], [ [ 432452.213992674020119, 6065636.186123014427722 ], [ 432462.487250243313611, 6065633.239096000790596 ] ], [ [ 432452.213992674020119, 6065636.186123014427722 ], [ 432455.231428552127909, 6065645.890256830491126 ] ], [ [ 431753.664713795064017, 6066092.535436848178506 ], [ 431763.110201469331514, 6066102.242199174128473 ] ], [ [ 431753.664713795064017, 6066092.535436848178506 ], [ 431751.7400975713972, 6066084.918669085018337 ] ], [ [ 431753.664713795064017, 6066092.535436848178506 ], [ 431756.665168590145186, 6066104.44300034083426 ] ], [ [ 431763.110201469331514, 6066102.242199174128473 ], [ 431753.664713795064017, 6066092.535436848178506 ] ], [ [ 431763.110201469331514, 6066102.242199174128473 ], [ 431772.490329044754617, 6066107.197747499682009 ] ], [ [ 431772.490329044754617, 6066107.197747499682009 ], [ 431763.110201469331514, 6066102.242199174128473 ] ], [ [ 431772.490329044754617, 6066107.197747499682009 ], [ 431781.542231054627337, 6066108.329785199835896 ] ], [ [ 431781.542231054627337, 6066108.329785199835896 ], [ 431772.490329044754617, 6066107.197747499682009 ] ], [ [ 431781.542231054627337, 6066108.329785199835896 ], [ 431790.558342623640783, 6066107.091836151666939 ] ], [ [ 431790.558342623640783, 6066107.091836151666939 ], [ 431781.542231054627337, 6066108.329785199835896 ] ], [ [ 431790.558342623640783, 6066107.091836151666939 ], [ 431808.949490757018793, 6066101.516623602248728 ] ], [ [ 431790.558342623640783, 6066107.091836151666939 ], [ 431790.567427666101139, 6066110.252425892278552 ] ], [ [ 431808.949490757018793, 6066101.516623602248728 ], [ 431790.558342623640783, 6066107.091836151666939 ] ], [ [ 431808.949490757018793, 6066101.516623602248728 ], [ 431949.401974506559782, 6066062.026418207213283 ] ], [ [ 431790.599057866726071, 6066121.303363312035799 ], [ 431762.578297931933776, 6066161.669684486463666 ] ], [ [ 431790.599057866726071, 6066121.303363312035799 ], [ 431812.984601745556574, 6066115.000095522962511 ] ], [ [ 431790.599057866726071, 6066121.303363312035799 ], [ 431761.233902490290347, 6066122.548166162334383 ] ], [ [ 431790.599057866726071, 6066121.303363312035799 ], [ 431790.57068640133366, 6066112.600663246586919 ] ], [ [ 431762.578297931933776, 6066161.669684486463666 ], [ 431790.599057866726071, 6066121.303363312035799 ] ], [ [ 431762.578297931933776, 6066161.669684486463666 ], [ 431760.270600526302587, 6066165.77787683904171 ] ], [ [ 431762.578297931933776, 6066161.669684486463666 ], [ 431750.409483211755287, 6066123.012183497659862 ] ], [ [ 431762.578297931933776, 6066161.669684486463666 ], [ 431761.233902490290347, 6066122.548166162334383 ] ], [ [ 432831.587152878753841, 6065525.069415330886841 ], [ 432834.677486262051389, 6065535.395938716828823 ] ], [ [ 432831.587152878753841, 6065525.069415330886841 ], [ 432815.671443882398307, 6065529.735489646904171 ] ], [ [ 432831.587152878753841, 6065525.069415330886841 ], [ 432848.51909658923978, 6065520.310389403253794 ] ], [ [ 432831.587152878753841, 6065525.069415330886841 ], [ 432827.7436998935882, 6065512.172103753313422 ] ], [ [ 432834.677486262051389, 6065535.395938716828823 ], [ 432831.587152878753841, 6065525.069415330886841 ] ], [ [ 432834.677486262051389, 6065535.395938716828823 ], [ 432843.921394060482271, 6065568.891134449280798 ] ], [ [ 432887.656875361863058, 6065796.880641150288284 ], [ 432902.241577306762338, 6065793.02036892157048 ] ], [ [ 432887.656875361863058, 6065796.880641150288284 ], [ 432873.194929225021042, 6065801.178021614439785 ] ], [ [ 432869.639977574057411, 6065802.234387069009244 ], [ 432887.656875361863058, 6065796.880641150288284 ] ], [ [ 432869.639977574057411, 6065802.234387069009244 ], [ 432837.039476063044276, 6065811.466399910859764 ] ], [ [ 432786.354434254579246, 6065825.820247069001198 ], [ 432869.639977574057411, 6065802.234387069009244 ] ], [ [ 432786.354434254579246, 6065825.820247069001198 ], [ 432728.580967503192369, 6065842.661765339784324 ] ], [ [ 432728.580967503192369, 6065842.661765339784324 ], [ 432786.354434254579246, 6065825.820247069001198 ] ], [ [ 432728.580967503192369, 6065842.661765339784324 ], [ 432670.490274420706555, 6065859.364079393446445 ] ], [ [ 432670.490274420706555, 6065859.364079393446445 ], [ 432728.580967503192369, 6065842.661765339784324 ] ], [ [ 432670.490274420706555, 6065859.364079393446445 ], [ 432602.899527533503715, 6065879.414095631800592 ] ], [ [ 432602.899527533503715, 6065879.414095631800592 ], [ 432670.490274420706555, 6065859.364079393446445 ] ], [ [ 432602.899527533503715, 6065879.414095631800592 ], [ 432560.595117470249534, 6065891.452913231216371 ] ], [ [ 432560.595117470249534, 6065891.452913231216371 ], [ 432602.899527533503715, 6065879.414095631800592 ] ], [ [ 432560.595117470249534, 6065891.452913231216371 ], [ 432534.581815721758176, 6065899.475992859341204 ] ], [ [ 432534.581815721758176, 6065899.475992859341204 ], [ 432560.595117470249534, 6065891.452913231216371 ] ], [ [ 432534.581815721758176, 6065899.475992859341204 ], [ 432512.138981096097268, 6065905.954562019556761 ] ], [ [ 432534.581815721758176, 6065899.475992859341204 ], [ 432538.82978257117793, 6065912.255740984342992 ] ], [ [ 432534.581815721758176, 6065899.475992859341204 ], [ 432532.494668783037923, 6065893.397189781069756 ] ], [ [ 432372.722046228183899, 6065371.574737990275025 ], [ 432377.444136902573518, 6065387.140697102062404 ] ], [ [ 432372.722046228183899, 6065371.574737990275025 ], [ 432383.301615897275042, 6065368.400374521501362 ] ], [ [ 432372.722046228183899, 6065371.574737990275025 ], [ 432368.625307057169266, 6065355.621028029359877 ] ], [ [ 432377.444136902573518, 6065387.140697102062404 ], [ 432372.722046228183899, 6065371.574737990275025 ] ], [ [ 432377.444136902573518, 6065387.140697102062404 ], [ 432408.328583204478491, 6065494.454483228735626 ] ], [ [ 432408.328583204478491, 6065494.454483228735626 ], [ 432377.444136902573518, 6065387.140697102062404 ] ], [ [ 432408.328583204478491, 6065494.454483228735626 ], [ 432430.913009770447388, 6065570.096245061606169 ] ], [ [ 432430.913009770447388, 6065570.096245061606169 ], [ 432408.328583204478491, 6065494.454483228735626 ] ], [ [ 432430.913009770447388, 6065570.096245061606169 ], [ 432448.543744749156758, 6065625.033816346898675 ] ], [ [ 432448.543744749156758, 6065625.033816346898675 ], [ 432430.913009770447388, 6065570.096245061606169 ] ], [ [ 432448.543744749156758, 6065625.033816346898675 ], [ 432452.213992674020119, 6065636.186123014427722 ] ], [ [ 432462.487250243313611, 6065633.239096000790596 ], [ 432452.213992674020119, 6065636.186123014427722 ] ], [ [ 432462.487250243313611, 6065633.239096000790596 ], [ 432557.599517398222815, 6065605.352933144196868 ] ], [ [ 432557.599517398222815, 6065605.352933144196868 ], [ 432462.487250243313611, 6065633.239096000790596 ] ], [ [ 432557.599517398222815, 6065605.352933144196868 ], [ 432639.189491768949665, 6065581.443201469257474 ] ], [ [ 432639.189491768949665, 6065581.443201469257474 ], [ 432557.599517398222815, 6065605.352933144196868 ] ], [ [ 432639.189491768949665, 6065581.443201469257474 ], [ 432648.827194008801598, 6065578.61737182084471 ] ], [ [ 432648.827194008801598, 6065578.61737182084471 ], [ 432639.189491768949665, 6065581.443201469257474 ] ], [ [ 432648.827194008801598, 6065578.61737182084471 ], [ 432653.283826593367849, 6065577.315591933205724 ] ], [ [ 432653.283826593367849, 6065577.315591933205724 ], [ 432648.827194008801598, 6065578.61737182084471 ] ], [ [ 432653.283826593367849, 6065577.315591933205724 ], [ 432704.672473842801992, 6065562.259927828796208 ] ], [ [ 432704.672473842801992, 6065562.259927828796208 ], [ 432653.283826593367849, 6065577.315591933205724 ] ], [ [ 432704.672473842801992, 6065562.259927828796208 ], [ 432716.887937461200636, 6065558.672450166195631 ] ], [ [ 432716.887937461200636, 6065558.672450166195631 ], [ 432704.672473842801992, 6065562.259927828796208 ] ], [ [ 432716.887937461200636, 6065558.672450166195631 ], [ 432759.530519662308507, 6065546.184977375902236 ] ], [ [ 432759.530519662308507, 6065546.184977375902236 ], [ 432716.887937461200636, 6065558.672450166195631 ] ], [ [ 432759.530519662308507, 6065546.184977375902236 ], [ 432815.671443882398307, 6065529.735489646904171 ] ], [ [ 432815.671443882398307, 6065529.735489646904171 ], [ 432759.530519662308507, 6065546.184977375902236 ] ], [ [ 432815.671443882398307, 6065529.735489646904171 ], [ 432831.587152878753841, 6065525.069415330886841 ] ], [ [ 431771.163000844535418, 6064443.564514973200858 ], [ 431776.969626871927176, 6064441.751059525646269 ] ], [ [ 431771.163000844535418, 6064443.564514973200858 ], [ 431765.356636237702332, 6064445.378891822881997 ] ], [ [ 431707.430376901640557, 6064463.480217448435724 ], [ 431771.163000844535418, 6064443.564514973200858 ] ], [ [ 431707.430376901640557, 6064463.480217448435724 ], [ 431695.164668349549174, 6064467.304842674173415 ] ], [ [ 431695.164668349549174, 6064467.304842674173415 ], [ 431707.430376901640557, 6064463.480217448435724 ] ], [ [ 431695.164668349549174, 6064467.304842674173415 ], [ 431690.230281526164617, 6064454.102163605391979 ] ], [ [ 431695.164668349549174, 6064467.304842674173415 ], [ 431698.921719737001695, 6064476.774744818918407 ] ], [ [ 431695.164668349549174, 6064467.304842674173415 ], [ 431681.778887288761325, 6064470.756906223483384 ] ], [ [ 432848.51909658923978, 6065520.310389403253794 ], [ 432831.587152878753841, 6065525.069415330886841 ] ], [ [ 432848.51909658923978, 6065520.310389403253794 ], [ 432897.884688054327853, 6065506.422202981077135 ] ], [ [ 432897.884688054327853, 6065506.422202981077135 ], [ 432848.51909658923978, 6065520.310389403253794 ] ], [ [ 432897.884688054327853, 6065506.422202981077135 ], [ 432987.226948411785997, 6065481.279659849591553 ] ], [ [ 432987.226948411785997, 6065481.279659849591553 ], [ 432897.884688054327853, 6065506.422202981077135 ] ], [ [ 432987.226948411785997, 6065481.279659849591553 ], [ 432992.774775667232461, 6065479.717192065902054 ] ], [ [ 432992.774775667232461, 6065479.717192065902054 ], [ 432987.226948411785997, 6065481.279659849591553 ] ], [ [ 432992.774775667232461, 6065479.717192065902054 ], [ 433045.720207254926208, 6065464.831567533314228 ] ], [ [ 433045.720207254926208, 6065464.831567533314228 ], [ 433006.347273558843881, 6065475.901211639866233 ] ], [ [ 433045.720207254926208, 6065464.831567533314228 ], [ 433085.090846709907055, 6065453.7539082756266 ] ], [ [ 431760.270600526302587, 6066165.77787683904171 ], [ 431762.578297931933776, 6066161.669684486463666 ] ], [ [ 431760.270600526302587, 6066165.77787683904171 ], [ 431757.92421212582849, 6066169.029697117395699 ] ], [ [ 431757.92421212582849, 6066169.029697117395699 ], [ 431760.270600526302587, 6066165.77787683904171 ] ], [ [ 431757.92421212582849, 6066169.029697117395699 ], [ 431740.96345253684558, 6066192.535111128352582 ] ], [ [ 431740.96345253684558, 6066192.535111128352582 ], [ 431757.92421212582849, 6066169.029697117395699 ] ], [ [ 431740.96345253684558, 6066192.535111128352582 ], [ 431723.077837710618041, 6066214.485337642021477 ] ], [ [ 431723.077837710618041, 6066214.485337642021477 ], [ 431740.96345253684558, 6066192.535111128352582 ] ], [ [ 431723.077837710618041, 6066214.485337642021477 ], [ 431705.406825682846829, 6066236.988861428573728 ] ], [ [ 431149.152739648183342, 6065438.74426510091871 ], [ 431152.628939017886296, 6065449.620312318205833 ] ], [ [ 431149.152739648183342, 6065438.74426510091871 ], [ 431145.398442423087545, 6065426.525807544589043 ] ], [ [ 431149.152739648183342, 6065438.74426510091871 ], [ 431158.621621613798197, 6065435.439255273900926 ] ], [ [ 431152.628939017886296, 6065449.620312318205833 ], [ 431149.152739648183342, 6065438.74426510091871 ] ], [ [ 431152.628939017886296, 6065449.620312318205833 ], [ 431167.032491513004061, 6065497.833985621109605 ] ], [ [ 431135.438362906570546, 6065390.418192795477808 ], [ 431132.374088973621838, 6065379.335200324654579 ] ], [ [ 431135.438362906570546, 6065390.418192795477808 ], [ 431138.496061108424328, 6065401.50300330016762 ] ], [ [ 431145.398442423087545, 6065426.525807544589043 ], [ 431135.438362906570546, 6065390.418192795477808 ] ], [ [ 431145.398442423087545, 6065426.525807544589043 ], [ 431149.152739648183342, 6065438.74426510091871 ] ], [ [ 432383.301615897275042, 6065368.400374521501362 ], [ 432372.722046228183899, 6065371.574737990275025 ] ], [ [ 432383.301615897275042, 6065368.400374521501362 ], [ 432419.176737033878453, 6065357.680380965583026 ] ], [ [ 432419.176737033878453, 6065357.680380965583026 ], [ 432383.301615897275042, 6065368.400374521501362 ] ], [ [ 432419.176737033878453, 6065357.680380965583026 ], [ 432434.12077350274194, 6065352.898411002010107 ] ], [ [ 432479.450117203814443, 6065338.39375420846045 ], [ 432434.12077350274194, 6065352.898411002010107 ] ], [ [ 432479.450117203814443, 6065338.39375420846045 ], [ 432505.761513711302541, 6065330.710988809354603 ] ], [ [ 432505.761513711302541, 6065330.710988809354603 ], [ 432479.450117203814443, 6065338.39375420846045 ] ], [ [ 432505.761513711302541, 6065330.710988809354603 ], [ 432551.651052863977384, 6065317.305012723430991 ] ], [ [ 432551.651052863977384, 6065317.305012723430991 ], [ 432505.761513711302541, 6065330.710988809354603 ] ], [ [ 432551.651052863977384, 6065317.305012723430991 ], [ 432566.066321075428277, 6065313.483978361822665 ] ], [ [ 432566.066321075428277, 6065313.483978361822665 ], [ 432551.651052863977384, 6065317.305012723430991 ] ], [ [ 432566.066321075428277, 6065313.483978361822665 ], [ 432574.346698109933641, 6065310.733905684202909 ] ], [ [ 432574.346698109933641, 6065310.733905684202909 ], [ 432566.066321075428277, 6065313.483978361822665 ] ], [ [ 432574.346698109933641, 6065310.733905684202909 ], [ 432632.144030482042581, 6065294.201832123100758 ] ], [ [ 432632.144030482042581, 6065294.201832123100758 ], [ 432574.346698109933641, 6065310.733905684202909 ] ], [ [ 432632.144030482042581, 6065294.201832123100758 ], [ 432649.735261159949005, 6065289.120629382319748 ] ], [ [ 432649.735261159949005, 6065289.120629382319748 ], [ 432632.144030482042581, 6065294.201832123100758 ] ], [ [ 432649.735261159949005, 6065289.120629382319748 ], [ 432674.015561750507914, 6065282.114627741277218 ] ], [ [ 432674.015561750507914, 6065282.114627741277218 ], [ 432649.735261159949005, 6065289.120629382319748 ] ], [ [ 432674.015561750507914, 6065282.114627741277218 ], [ 432736.132233544834889, 6065264.940825174562633 ] ], [ [ 432736.132233544834889, 6065264.940825174562633 ], [ 432732.692523477424402, 6065265.891798592172563 ] ], [ [ 432736.132233544834889, 6065264.940825174562633 ], [ 432739.582520218740683, 6065264.029000314883888 ] ], [ [ 432455.231428552127909, 6065645.890256830491126 ], [ 432452.213992674020119, 6065636.186123014427722 ] ], [ [ 432455.231428552127909, 6065645.890256830491126 ], [ 432472.780204580631107, 6065702.27594705298543 ] ], [ [ 432472.780204580631107, 6065702.27594705298543 ], [ 432455.231428552127909, 6065645.890256830491126 ] ], [ [ 432472.780204580631107, 6065702.27594705298543 ], [ 432491.525736095150933, 6065762.494547254405916 ] ], [ [ 432491.525736095150933, 6065762.494547254405916 ], [ 432472.780204580631107, 6065702.27594705298543 ] ], [ [ 432491.525736095150933, 6065762.494547254405916 ], [ 432516.913739866926335, 6065844.060108553618193 ] ], [ [ 432516.913739866926335, 6065844.060108553618193 ], [ 432491.525736095150933, 6065762.494547254405916 ] ], [ [ 432516.913739866926335, 6065844.060108553618193 ], [ 432517.887757405347656, 6065847.18401516135782 ] ], [ [ 432517.887757405347656, 6065847.18401516135782 ], [ 432516.913739866926335, 6065844.060108553618193 ] ], [ [ 432517.887757405347656, 6065847.18401516135782 ], [ 432523.616318160202354, 6065866.385484956204891 ] ], [ [ 432523.616318160202354, 6065866.385484956204891 ], [ 432517.887757405347656, 6065847.18401516135782 ] ], [ [ 432523.616318160202354, 6065866.385484956204891 ], [ 432530.152053340163548, 6065886.598799995146692 ] ], [ [ 432178.410181683429983, 6064704.816110423766077 ], [ 432163.475660859374329, 6064653.053984806872904 ] ], [ [ 432178.410181683429983, 6064704.816110423766077 ], [ 432193.357301693526097, 6064756.574618801474571 ] ], [ [ 432208.401279991900083, 6064808.669699246063828 ], [ 432178.410181683429983, 6064704.816110423766077 ] ], [ [ 432208.401279991900083, 6064808.669699246063828 ], [ 432212.050163038133178, 6064821.32459728512913 ] ], [ [ 432212.050163038133178, 6064821.32459728512913 ], [ 432208.401279991900083, 6064808.669699246063828 ] ], [ [ 432212.050163038133178, 6064821.32459728512913 ], [ 432198.883776248898357, 6064825.183638916350901 ] ], [ [ 432212.050163038133178, 6064821.32459728512913 ], [ 432225.346038999326993, 6064817.508169710636139 ] ], [ [ 432212.050163038133178, 6064821.32459728512913 ], [ 432215.047244247922208, 6064831.752290258184075 ] ], [ [ 432763.562380464980379, 6065276.118138095363975 ], [ 432762.039167107548565, 6065271.083135989494622 ] ], [ [ 432763.562380464980379, 6065276.118138095363975 ], [ 432764.961354305094574, 6065281.189067411236465 ] ], [ [ 432782.113805502420291, 6065343.363302670419216 ], [ 432763.562380464980379, 6065276.118138095363975 ] ], [ [ 432782.113805502420291, 6065343.363302670419216 ], [ 432801.346192887926009, 6065413.124751015566289 ] ], [ [ 432801.346192887926009, 6065413.124751015566289 ], [ 432782.113805502420291, 6065343.363302670419216 ] ], [ [ 432801.346192887926009, 6065413.124751015566289 ], [ 432827.7436998935882, 6065512.172103753313422 ] ], [ [ 432827.7436998935882, 6065512.172103753313422 ], [ 432801.346192887926009, 6065413.124751015566289 ] ], [ [ 432827.7436998935882, 6065512.172103753313422 ], [ 432831.587152878753841, 6065525.069415330886841 ] ], [ [ 432290.082035447587259, 6065092.610539412125945 ], [ 432293.738284952181857, 6065103.206472538411617 ] ], [ [ 432290.082035447587259, 6065092.610539412125945 ], [ 432301.363629088271409, 6065089.392092197202146 ] ], [ [ 432290.082035447587259, 6065092.610539412125945 ], [ 432287.296244358818512, 6065082.93642483651638 ] ], [ [ 432290.082035447587259, 6065092.610539412125945 ], [ 432276.123044740990736, 6065096.826257732696831 ] ], [ [ 432293.738284952181857, 6065103.206472538411617 ], [ 432290.082035447587259, 6065092.610539412125945 ] ], [ [ 432293.738284952181857, 6065103.206472538411617 ], [ 432318.764588930178434, 6065184.676255348138511 ] ], [ [ 432318.764588930178434, 6065184.676255348138511 ], [ 432293.738284952181857, 6065103.206472538411617 ] ], [ [ 432318.764588930178434, 6065184.676255348138511 ], [ 432364.032491128600668, 6065336.647584278136492 ] ], [ [ 432364.032491128600668, 6065336.647584278136492 ], [ 432318.764588930178434, 6065184.676255348138511 ] ], [ [ 432364.032491128600668, 6065336.647584278136492 ], [ 432368.625307057169266, 6065355.621028029359877 ] ], [ [ 432368.625307057169266, 6065355.621028029359877 ], [ 432364.032491128600668, 6065336.647584278136492 ] ], [ [ 432368.625307057169266, 6065355.621028029359877 ], [ 432372.722046228183899, 6065371.574737990275025 ] ], [ [ 432393.725971113017295, 6066633.744247034192085 ], [ 432433.54671594343381, 6066736.03202364128083 ] ], [ [ 432393.725971113017295, 6066633.744247034192085 ], [ 432363.383994943927974, 6066560.077403489500284 ] ], [ [ 432363.383994943927974, 6066560.077403489500284 ], [ 432393.725971113017295, 6066633.744247034192085 ] ], [ [ 432363.383994943927974, 6066560.077403489500284 ], [ 432338.920498196093831, 6066518.686682166531682 ] ], [ [ 432338.920498196093831, 6066518.686682166531682 ], [ 432363.383994943927974, 6066560.077403489500284 ] ], [ [ 432338.920498196093831, 6066518.686682166531682 ], [ 432298.249877796159126, 6066457.99593445751816 ] ], [ [ 432298.249877796159126, 6066457.99593445751816 ], [ 432338.920498196093831, 6066518.686682166531682 ] ], [ [ 432298.249877796159126, 6066457.99593445751816 ], [ 432286.707370958523825, 6066436.277626179158688 ] ], [ [ 432286.707370958523825, 6066436.277626179158688 ], [ 432298.249877796159126, 6066457.99593445751816 ] ], [ [ 432286.707370958523825, 6066436.277626179158688 ], [ 432268.055823759292252, 6066394.800142895430326 ] ], [ [ 432268.055823759292252, 6066394.800142895430326 ], [ 432286.707370958523825, 6066436.277626179158688 ] ], [ [ 432268.055823759292252, 6066394.800142895430326 ], [ 432261.839684400823899, 6066380.046873929910362 ] ], [ [ 432261.839684400823899, 6066380.046873929910362 ], [ 432268.055823759292252, 6066394.800142895430326 ] ], [ [ 432261.839684400823899, 6066380.046873929910362 ], [ 432249.00714297965169, 6066350.479587700217962 ] ], [ [ 432249.00714297965169, 6066350.479587700217962 ], [ 432261.839684400823899, 6066380.046873929910362 ] ], [ [ 432249.00714297965169, 6066350.479587700217962 ], [ 432245.630514113116078, 6066343.01795838214457 ] ], [ [ 432245.630514113116078, 6066343.01795838214457 ], [ 432249.00714297965169, 6066350.479587700217962 ] ], [ [ 432245.630514113116078, 6066343.01795838214457 ], [ 432234.542648157163057, 6066314.726669048890471 ] ], [ [ 432234.542648157163057, 6066314.726669048890471 ], [ 432245.630514113116078, 6066343.01795838214457 ] ], [ [ 432234.542648157163057, 6066314.726669048890471 ], [ 432232.596898596966639, 6066308.645874532870948 ] ], [ [ 432232.596898596966639, 6066308.645874532870948 ], [ 432234.542648157163057, 6066314.726669048890471 ] ], [ [ 432232.596898596966639, 6066308.645874532870948 ], [ 432222.727403125027195, 6066280.024713351391256 ] ], [ [ 432222.727403125027195, 6066280.024713351391256 ], [ 432232.596898596966639, 6066308.645874532870948 ] ], [ [ 432222.727403125027195, 6066280.024713351391256 ], [ 432193.540267444390338, 6066180.666314673610032 ] ], [ [ 432193.540267444390338, 6066180.666314673610032 ], [ 432222.727403125027195, 6066280.024713351391256 ] ], [ [ 432193.540267444390338, 6066180.666314673610032 ], [ 432191.38172766554635, 6066173.28660274669528 ] ], [ [ 432191.38172766554635, 6066173.28660274669528 ], [ 432193.540267444390338, 6066180.666314673610032 ] ], [ [ 432191.38172766554635, 6066173.28660274669528 ], [ 432170.522232263116166, 6066098.966688795946538 ] ], [ [ 432170.522232263116166, 6066098.966688795946538 ], [ 432191.38172766554635, 6066173.28660274669528 ] ], [ [ 432170.522232263116166, 6066098.966688795946538 ], [ 432166.803319879749324, 6066085.455915029160678 ] ], [ [ 432166.803319879749324, 6066085.455915029160678 ], [ 432170.522232263116166, 6066098.966688795946538 ] ], [ [ 432166.803319879749324, 6066085.455915029160678 ], [ 432155.719186300877482, 6066046.335941381752491 ] ], [ [ 432155.719186300877482, 6066046.335941381752491 ], [ 432166.803319879749324, 6066085.455915029160678 ] ], [ [ 432155.719186300877482, 6066046.335941381752491 ], [ 432150.110479768365622, 6066028.34619605075568 ] ], [ [ 432150.110479768365622, 6066028.34619605075568 ], [ 432155.719186300877482, 6066046.335941381752491 ] ], [ [ 432150.110479768365622, 6066028.34619605075568 ], [ 432147.20006218389608, 6066017.650136172771454 ] ], [ [ 432147.20006218389608, 6066017.650136172771454 ], [ 432150.110479768365622, 6066028.34619605075568 ] ], [ [ 432147.20006218389608, 6066017.650136172771454 ], [ 432152.017794770246837, 6066012.558463042601943 ] ], [ [ 432147.20006218389608, 6066017.650136172771454 ], [ 432144.764094614249188, 6066012.389178673736751 ] ], [ [ 432147.20006218389608, 6066017.650136172771454 ], [ 432134.90884359262418, 6066021.229202701710165 ] ], [ [ 432674.541698986315168, 6064982.818881155923009 ], [ 432659.411325131542981, 6064987.139885272830725 ] ], [ [ 432674.541698986315168, 6064982.818881155923009 ], [ 432671.38771008013282, 6064971.725489652715623 ] ], [ [ 432674.541698986315168, 6064982.818881155923009 ], [ 432689.345330102427397, 6064978.614087614230812 ] ], [ [ 432674.541698986315168, 6064982.818881155923009 ], [ 432678.99208347662352, 6064997.487710193730891 ] ], [ [ 432659.411325131542981, 6064987.139885272830725 ], [ 432674.541698986315168, 6064982.818881155923009 ] ], [ [ 432659.411325131542981, 6064987.139885272830725 ], [ 432595.926903849525843, 6065005.269914173521101 ] ], [ [ 432595.926903849525843, 6065005.269914173521101 ], [ 432659.411325131542981, 6064987.139885272830725 ] ], [ [ 432595.926903849525843, 6065005.269914173521101 ], [ 432587.697930272785015, 6065007.61851317808032 ] ], [ [ 432587.697930272785015, 6065007.61851317808032 ], [ 432595.926903849525843, 6065005.269914173521101 ] ], [ [ 432587.697930272785015, 6065007.61851317808032 ], [ 432551.030000303988345, 6065018.081823385320604 ] ], [ [ 432551.030000303988345, 6065018.081823385320604 ], [ 432587.697930272785015, 6065007.61851317808032 ] ], [ [ 432551.030000303988345, 6065018.081823385320604 ], [ 432527.376044018659741, 6065024.845388935878873 ] ], [ [ 432527.376044018659741, 6065024.845388935878873 ], [ 432551.030000303988345, 6065018.081823385320604 ] ], [ [ 432527.376044018659741, 6065024.845388935878873 ], [ 432503.972140716330614, 6065031.527440246194601 ] ], [ [ 432503.972140716330614, 6065031.527440246194601 ], [ 432527.376044018659741, 6065024.845388935878873 ] ], [ [ 432503.972140716330614, 6065031.527440246194601 ], [ 432487.30270802648738, 6065036.283798513934016 ] ], [ [ 432487.30270802648738, 6065036.283798513934016 ], [ 432503.972140716330614, 6065031.527440246194601 ] ], [ [ 432487.30270802648738, 6065036.283798513934016 ], [ 432478.181886656326242, 6065038.857379625551403 ] ], [ [ 432478.181886656326242, 6065038.857379625551403 ], [ 432487.30270802648738, 6065036.283798513934016 ] ], [ [ 432478.181886656326242, 6065038.857379625551403 ], [ 432465.155441708979197, 6065042.568884785287082 ] ], [ [ 432465.155441708979197, 6065042.568884785287082 ], [ 432478.181886656326242, 6065038.857379625551403 ] ], [ [ 432465.155441708979197, 6065042.568884785287082 ], [ 432458.242075669346377, 6065044.586441967636347 ] ], [ [ 432458.242075669346377, 6065044.586441967636347 ], [ 432465.155441708979197, 6065042.568884785287082 ] ], [ [ 432458.242075669346377, 6065044.586441967636347 ], [ 432369.258419457939453, 6065070.001031664200127 ] ], [ [ 432369.258419457939453, 6065070.001031664200127 ], [ 432458.242075669346377, 6065044.586441967636347 ] ], [ [ 432369.258419457939453, 6065070.001031664200127 ], [ 432301.363629088271409, 6065089.392092197202146 ] ], [ [ 432301.363629088271409, 6065089.392092197202146 ], [ 432369.258419457939453, 6065070.001031664200127 ] ], [ [ 432301.363629088271409, 6065089.392092197202146 ], [ 432290.082035447587259, 6065092.610539412125945 ] ], [ [ 431525.697710006381385, 6065321.51751577667892 ], [ 431516.280555322009604, 6065324.442563655786216 ] ], [ [ 431525.697710006381385, 6065321.51751577667892 ], [ 431530.43293135217391, 6065337.327301776967943 ] ], [ [ 431525.697710006381385, 6065321.51751577667892 ], [ 431521.803762546682265, 6065308.521832535043359 ] ], [ [ 431525.697710006381385, 6065321.51751577667892 ], [ 431529.005713925347663, 6065320.499136548489332 ] ], [ [ 431516.280555322009604, 6065324.442563655786216 ], [ 431525.697710006381385, 6065321.51751577667892 ] ], [ [ 431516.280555322009604, 6065324.442563655786216 ], [ 431387.550124783592764, 6065364.390980153344572 ] ], [ [ 431387.550124783592764, 6065364.390980153344572 ], [ 431516.280555322009604, 6065324.442563655786216 ] ], [ [ 431387.550124783592764, 6065364.390980153344572 ], [ 431350.657695295638405, 6065375.83582126814872 ] ], [ [ 431350.657695295638405, 6065375.83582126814872 ], [ 431387.550124783592764, 6065364.390980153344572 ] ], [ [ 431350.657695295638405, 6065375.83582126814872 ], [ 431339.067674841673579, 6065379.439757941290736 ] ], [ [ 431339.067674841673579, 6065379.439757941290736 ], [ 431350.657695295638405, 6065375.83582126814872 ] ], [ [ 431339.067674841673579, 6065379.439757941290736 ], [ 431329.522477367485408, 6065382.400534317828715 ] ], [ [ 431329.522477367485408, 6065382.400534317828715 ], [ 431339.067674841673579, 6065379.439757941290736 ] ], [ [ 431329.522477367485408, 6065382.400534317828715 ], [ 431323.509393968153745, 6065384.261487550102174 ] ], [ [ 431323.509393968153745, 6065384.261487550102174 ], [ 431329.522477367485408, 6065382.400534317828715 ] ], [ [ 431323.509393968153745, 6065384.261487550102174 ], [ 431244.750898469181266, 6065408.697287916205823 ] ], [ [ 431244.750898469181266, 6065408.697287916205823 ], [ 431323.509393968153745, 6065384.261487550102174 ] ], [ [ 431244.750898469181266, 6065408.697287916205823 ], [ 431233.609750757168513, 6065412.161116619594395 ] ], [ [ 431233.609750757168513, 6065412.161116619594395 ], [ 431244.750898469181266, 6065408.697287916205823 ] ], [ [ 431233.609750757168513, 6065412.161116619594395 ], [ 431221.949249632423744, 6065415.777560018934309 ] ], [ [ 431221.949249632423744, 6065415.777560018934309 ], [ 431233.609750757168513, 6065412.161116619594395 ] ], [ [ 431221.949249632423744, 6065415.777560018934309 ], [ 431158.621621613798197, 6065435.439255273900926 ] ], [ [ 431158.621621613798197, 6065435.439255273900926 ], [ 431221.949249632423744, 6065415.777560018934309 ] ], [ [ 431158.621621613798197, 6065435.439255273900926 ], [ 431149.152739648183342, 6065438.74426510091871 ] ], [ [ 432512.138981096097268, 6065905.954562019556761 ], [ 432534.581815721758176, 6065899.475992859341204 ] ], [ [ 432512.138981096097268, 6065905.954562019556761 ], [ 432347.962232659803703, 6065953.372435555793345 ] ], [ [ 432347.962232659803703, 6065953.372435555793345 ], [ 432512.138981096097268, 6065905.954562019556761 ] ], [ [ 432347.962232659803703, 6065953.372435555793345 ], [ 432336.477759443805553, 6065956.660632755607367 ] ], [ [ 432336.477759443805553, 6065956.660632755607367 ], [ 432347.962232659803703, 6065953.372435555793345 ] ], [ [ 432336.477759443805553, 6065956.660632755607367 ], [ 432325.904550623206887, 6065959.734881417825818 ] ], [ [ 432160.942841968615539, 6066007.382855922915041 ], [ 432152.017794770246837, 6066012.558463042601943 ] ], [ [ 432160.942841968615539, 6066007.382855922915041 ], [ 432178.191051851550583, 6066002.405053141526878 ] ], [ [ 432152.017794770246837, 6066012.558463042601943 ], [ 432160.942841968615539, 6066007.382855922915041 ] ], [ [ 432152.017794770246837, 6066012.558463042601943 ], [ 432147.20006218389608, 6066017.650136172771454 ] ], [ [ 432066.504749546526, 6065735.92268221732229 ], [ 432070.428992309374735, 6065748.918344254605472 ] ], [ [ 432066.504749546526, 6065735.92268221732229 ], [ 432032.606453584041446, 6065621.366693217307329 ] ], [ [ 432032.606453584041446, 6065621.366693217307329 ], [ 432066.504749546526, 6065735.92268221732229 ] ], [ [ 432032.606453584041446, 6065621.366693217307329 ], [ 432031.257575190160424, 6065616.467835218645632 ] ], [ [ 432144.764094614249188, 6066012.389178673736751 ], [ 432147.20006218389608, 6066017.650136172771454 ] ], [ [ 432144.764094614249188, 6066012.389178673736751 ], [ 432143.479640316392761, 6066009.192104578018188 ] ], [ [ 432143.479640316392761, 6066009.192104578018188 ], [ 432144.764094614249188, 6066012.389178673736751 ] ], [ [ 432143.479640316392761, 6066009.192104578018188 ], [ 432141.909486038028263, 6066004.552513480186462 ] ], [ [ 432141.909486038028263, 6066004.552513480186462 ], [ 432143.479640316392761, 6066009.192104578018188 ] ], [ [ 432141.909486038028263, 6066004.552513480186462 ], [ 432136.454301118210424, 6065983.499920664355159 ] ], [ [ 432141.909486038028263, 6066004.552513480186462 ], [ 432132.141867224185262, 6066010.65341916307807 ] ], [ [ 432141.909486038028263, 6066004.552513480186462 ], [ 432154.467054093664046, 6065994.692543024197221 ] ], [ [ 432136.454301118210424, 6065983.499920664355159 ], [ 432141.909486038028263, 6066004.552513480186462 ] ], [ [ 432136.454301118210424, 6065983.499920664355159 ], [ 432133.61287844076287, 6065974.828364841639996 ] ], [ [ 432133.61287844076287, 6065974.828364841639996 ], [ 432136.454301118210424, 6065983.499920664355159 ] ], [ [ 432133.61287844076287, 6065974.828364841639996 ], [ 432121.433375892404001, 6065931.417886273935437 ] ], [ [ 432133.61287844076287, 6065974.828364841639996 ], [ 432129.808669957448728, 6065985.658677605912089 ] ], [ [ 432121.433375892404001, 6065931.417886273935437 ], [ 432133.61287844076287, 6065974.828364841639996 ] ], [ [ 432121.433375892404001, 6065931.417886273935437 ], [ 432073.069978968822397, 6065757.949014308862388 ] ], [ [ 432073.069978968822397, 6065757.949014308862388 ], [ 432121.433375892404001, 6065931.417886273935437 ] ], [ [ 432073.069978968822397, 6065757.949014308862388 ], [ 432070.428992309374735, 6065748.918344254605472 ] ], [ [ 431690.230281526164617, 6064454.102163605391979 ], [ 431695.164668349549174, 6064467.304842674173415 ] ], [ [ 431690.230281526164617, 6064454.102163605391979 ], [ 431678.085975679627154, 6064415.244145209901035 ] ], [ [ 431678.085975679627154, 6064415.244145209901035 ], [ 431687.302635297121014, 6064444.73454153817147 ] ], [ [ 431678.085975679627154, 6064415.244145209901035 ], [ 431672.541759382351302, 6064395.373124009929597 ] ], [ [ 431672.541759382351302, 6064395.373124009929597 ], [ 431675.301008174021263, 6064405.262524111196399 ] ], [ [ 431672.541759382351302, 6064395.373124009929597 ], [ 431669.62859904760262, 6064385.527967826463282 ] ], [ [ 431908.57672297465615, 6065207.087375104427338 ], [ 431904.56785507168388, 6065193.236162883229554 ] ], [ [ 431908.57672297465615, 6065207.087375104427338 ], [ 431922.414043679600582, 6065202.961373205296695 ] ], [ [ 431908.57672297465615, 6065207.087375104427338 ], [ 431896.55256536003435, 6065210.57398128323257 ] ], [ [ 431908.57672297465615, 6065207.087375104427338 ], [ 431911.903566617285833, 6065218.422516722232103 ] ], [ [ 431904.56785507168388, 6065193.236162883229554 ], [ 431908.57672297465615, 6065207.087375104427338 ] ], [ [ 431904.56785507168388, 6065193.236162883229554 ], [ 431879.521987396932673, 6065106.693840497173369 ] ], [ [ 431879.521987396932673, 6065106.693840497173369 ], [ 431904.56785507168388, 6065193.236162883229554 ] ], [ [ 431879.521987396932673, 6065106.693840497173369 ], [ 431876.165206228732131, 6065095.092069185338914 ] ], [ [ 431876.165206228732131, 6065095.092069185338914 ], [ 431879.521987396932673, 6065106.693840497173369 ] ], [ [ 431876.165206228732131, 6065095.092069185338914 ], [ 431875.241110052797012, 6065091.90076257660985 ] ], [ [ 431875.241110052797012, 6065091.90076257660985 ], [ 431876.165206228732131, 6065095.092069185338914 ] ], [ [ 431875.241110052797012, 6065091.90076257660985 ], [ 431871.870590277190786, 6065080.243554854765534 ] ], [ [ 431871.870590277190786, 6065080.243554854765534 ], [ 431875.241110052797012, 6065091.90076257660985 ] ], [ [ 431871.870590277190786, 6065080.243554854765534 ], [ 431871.238825692795217, 6065078.071737154386938 ] ], [ [ 431871.238825692795217, 6065078.071737154386938 ], [ 431871.870590277190786, 6065080.243554854765534 ] ], [ [ 431871.238825692795217, 6065078.071737154386938 ], [ 431857.49894366634544, 6065030.589862871915102 ] ], [ [ 431857.49894366634544, 6065030.589862871915102 ], [ 431871.238825692795217, 6065078.071737154386938 ] ], [ [ 431857.49894366634544, 6065030.589862871915102 ], [ 431838.750708466628566, 6064965.810732095502317 ] ], [ [ 431838.750708466628566, 6064965.810732095502317 ], [ 431857.49894366634544, 6065030.589862871915102 ] ], [ [ 431838.750708466628566, 6064965.810732095502317 ], [ 431833.029149381502066, 6064946.053495950996876 ] ], [ [ 431833.029149381502066, 6064946.053495950996876 ], [ 431838.750708466628566, 6064965.810732095502317 ] ], [ [ 431833.029149381502066, 6064946.053495950996876 ], [ 431829.420610704168212, 6064933.576339918188751 ] ], [ [ 431829.420610704168212, 6064933.576339918188751 ], [ 431833.029149381502066, 6064946.053495950996876 ] ], [ [ 431829.420610704168212, 6064933.576339918188751 ], [ 431825.168620009848382, 6064917.302673725411296 ] ], [ [ 431829.420610704168212, 6064933.576339918188751 ], [ 431844.212542363035027, 6064929.057321537286043 ] ], [ [ 431829.420610704168212, 6064933.576339918188751 ], [ 431813.701479619659949, 6064938.543439852073789 ] ], [ [ 431825.168620009848382, 6064917.302673725411296 ], [ 431829.420610704168212, 6064933.576339918188751 ] ], [ [ 431825.168620009848382, 6064917.302673725411296 ], [ 431816.642365423380397, 6064885.846359693445265 ] ], [ [ 431816.642365423380397, 6064885.846359693445265 ], [ 431825.168620009848382, 6064917.302673725411296 ] ], [ [ 431816.642365423380397, 6064885.846359693445265 ], [ 431807.30963880935451, 6064850.896501030772924 ] ], [ [ 431807.30963880935451, 6064850.896501030772924 ], [ 431816.642365423380397, 6064885.846359693445265 ] ], [ [ 431807.30963880935451, 6064850.896501030772924 ], [ 431779.833287497633137, 6064751.225408025085926 ] ], [ [ 431779.833287497633137, 6064751.225408025085926 ], [ 431807.30963880935451, 6064850.896501030772924 ] ], [ [ 431779.833287497633137, 6064751.225408025085926 ], [ 431777.053269274067134, 6064742.018927087076008 ] ], [ [ 431777.053269274067134, 6064742.018927087076008 ], [ 431779.833287497633137, 6064751.225408025085926 ] ], [ [ 431777.053269274067134, 6064742.018927087076008 ], [ 431775.698732112417929, 6064737.632173030637205 ] ], [ [ 431775.698732112417929, 6064737.632173030637205 ], [ 431777.053269274067134, 6064742.018927087076008 ] ], [ [ 431775.698732112417929, 6064737.632173030637205 ], [ 431772.683886997867376, 6064727.80599884595722 ] ], [ [ 431772.683886997867376, 6064727.80599884595722 ], [ 431775.698732112417929, 6064737.632173030637205 ] ], [ [ 431772.683886997867376, 6064727.80599884595722 ], [ 431744.821557839226443, 6064629.543221822939813 ] ], [ [ 431744.821557839226443, 6064629.543221822939813 ], [ 431772.683886997867376, 6064727.80599884595722 ] ], [ [ 431744.821557839226443, 6064629.543221822939813 ], [ 431698.921719737001695, 6064476.774744818918407 ] ], [ [ 431698.921719737001695, 6064476.774744818918407 ], [ 431726.514424660534132, 6064568.610351444222033 ] ], [ [ 431698.921719737001695, 6064476.774744818918407 ], [ 431695.164668349549174, 6064467.304842674173415 ] ], [ [ 431681.778887288761325, 6064470.756906223483384 ], [ 431695.164668349549174, 6064467.304842674173415 ] ], [ [ 431681.778887288761325, 6064470.756906223483384 ], [ 431627.758335163933225, 6064487.911573890596628 ] ], [ [ 431627.758335163933225, 6064487.911573890596628 ], [ 431642.245938860520255, 6064483.310840885154903 ] ], [ [ 431627.758335163933225, 6064487.911573890596628 ], [ 431613.192521707387641, 6064492.258528226055205 ] ], [ [ 432023.952455321152229, 6064876.502066615968943 ], [ 432012.139676562335808, 6064879.974033023230731 ] ], [ [ 432023.952455321152229, 6064876.502066615968943 ], [ 432032.129211535793729, 6064874.108708954416215 ] ], [ [ 432012.139676562335808, 6064879.974033023230731 ], [ 432023.952455321152229, 6064876.502066615968943 ] ], [ [ 432012.139676562335808, 6064879.974033023230731 ], [ 431929.616644969792105, 6064904.176003720611334 ] ], [ [ 431929.616644969792105, 6064904.176003720611334 ], [ 432012.139676562335808, 6064879.974033023230731 ] ], [ [ 431929.616644969792105, 6064904.176003720611334 ], [ 431873.474859489768278, 6064920.531933007761836 ] ], [ [ 431844.212542363035027, 6064929.057321537286043 ], [ 431873.474859489768278, 6064920.531933007761836 ] ], [ [ 431844.212542363035027, 6064929.057321537286043 ], [ 431829.420610704168212, 6064933.576339918188751 ] ], [ [ 431813.701479619659949, 6064938.543439852073789 ], [ 431829.420610704168212, 6064933.576339918188751 ] ], [ [ 431813.701479619659949, 6064938.543439852073789 ], [ 431779.985077422228642, 6064949.035273175686598 ] ], [ [ 431779.985077422228642, 6064949.035273175686598 ], [ 431813.701479619659949, 6064938.543439852073789 ] ], [ [ 431779.985077422228642, 6064949.035273175686598 ], [ 431744.331179595261347, 6064960.458098316565156 ] ], [ [ 431744.331179595261347, 6064960.458098316565156 ], [ 431779.985077422228642, 6064949.035273175686598 ] ], [ [ 431744.331179595261347, 6064960.458098316565156 ], [ 431739.523178231553175, 6064961.97752941865474 ] ], [ [ 431739.523178231553175, 6064961.97752941865474 ], [ 431744.331179595261347, 6064960.458098316565156 ] ], [ [ 431739.523178231553175, 6064961.97752941865474 ], [ 431726.509391243453138, 6064966.080505535937846 ] ], [ [ 431726.509391243453138, 6064966.080505535937846 ], [ 431739.523178231553175, 6064961.97752941865474 ] ], [ [ 431726.509391243453138, 6064966.080505535937846 ], [ 431650.34472855378408, 6064990.147072582505643 ] ], [ [ 431650.34472855378408, 6064990.147072582505643 ], [ 431726.509391243453138, 6064966.080505535937846 ] ], [ [ 431650.34472855378408, 6064990.147072582505643 ], [ 431643.50464235781692, 6064992.30945455096662 ] ], [ [ 431643.50464235781692, 6064992.30945455096662 ], [ 431650.34472855378408, 6064990.147072582505643 ] ], [ [ 431643.50464235781692, 6064992.30945455096662 ], [ 431629.356744035321753, 6064996.797136739827693 ] ], [ [ 431629.356744035321753, 6064996.797136739827693 ], [ 431643.50464235781692, 6064992.30945455096662 ] ], [ [ 431629.356744035321753, 6064996.797136739827693 ], [ 431569.065034679020755, 6065015.817111290059984 ] ], [ [ 431569.065034679020755, 6065015.817111290059984 ], [ 431629.356744035321753, 6064996.797136739827693 ] ], [ [ 431569.065034679020755, 6065015.817111290059984 ], [ 431464.0099421775667, 6065049.00530690792948 ] ], [ [ 431464.0099421775667, 6065049.00530690792948 ], [ 431569.065034679020755, 6065015.817111290059984 ] ], [ [ 431464.0099421775667, 6065049.00530690792948 ], [ 431459.464968876098283, 6065050.443145929835737 ] ], [ [ 431459.464968876098283, 6065050.443145929835737 ], [ 431464.0099421775667, 6065049.00530690792948 ] ], [ [ 431459.464968876098283, 6065050.443145929835737 ], [ 431452.721148463548161, 6065052.57097283564508 ] ], [ [ 431459.464968876098283, 6065050.443145929835737 ], [ 431456.546457994787488, 6065039.358092617243528 ] ], [ [ 431459.464968876098283, 6065050.443145929835737 ], [ 431462.319177506491542, 6065059.837519587948918 ] ], [ [ 431452.721148463548161, 6065052.57097283564508 ], [ 431459.464968876098283, 6065050.443145929835737 ] ], [ [ 431452.721148463548161, 6065052.57097283564508 ], [ 431450.522467983828392, 6065053.272083958610892 ] ], [ [ 431450.522467983828392, 6065053.272083958610892 ], [ 431452.721148463548161, 6065052.57097283564508 ] ], [ [ 431450.522467983828392, 6065053.272083958610892 ], [ 431446.990244525368325, 6065054.382952149957418 ] ], [ [ 431446.990244525368325, 6065054.382952149957418 ], [ 431450.522467983828392, 6065053.272083958610892 ] ], [ [ 431446.990244525368325, 6065054.382952149957418 ], [ 431437.534948939399328, 6065057.375505913048983 ] ], [ [ 431446.990244525368325, 6065054.382952149957418 ], [ 431450.369490749319084, 6065063.569026221521199 ] ], [ [ 431446.990244525368325, 6065054.382952149957418 ], [ 431443.906155291304458, 6065042.999926460906863 ] ], [ [ 431437.534948939399328, 6065057.375505913048983 ], [ 431446.990244525368325, 6065054.382952149957418 ] ], [ [ 431437.534948939399328, 6065057.375505913048983 ], [ 431277.644635276985355, 6065107.899759694002569 ] ], [ [ 431750.409483211755287, 6066123.012183497659862 ], [ 431762.578297931933776, 6066161.669684486463666 ] ], [ [ 431750.409483211755287, 6066123.012183497659862 ], [ 431738.857592582469806, 6066088.118231107480824 ] ], [ [ 431750.409483211755287, 6066123.012183497659862 ], [ 431761.233902490290347, 6066122.548166162334383 ] ], [ [ 431738.857592582469806, 6066088.118231107480824 ], [ 431750.409483211755287, 6066123.012183497659862 ] ], [ [ 431738.857592582469806, 6066088.118231107480824 ], [ 431676.687463923823088, 6065858.50301390979439 ] ], [ [ 431705.406825682846829, 6066236.988861428573728 ], [ 431723.077837710618041, 6066214.485337642021477 ] ], [ [ 431705.406825682846829, 6066236.988861428573728 ], [ 431694.550513991387561, 6066256.618203761056066 ] ], [ [ 431694.550513991387561, 6066256.618203761056066 ], [ 431705.406825682846829, 6066236.988861428573728 ] ], [ [ 431694.550513991387561, 6066256.618203761056066 ], [ 431689.952731753874104, 6066283.442636545747519 ] ], [ [ 431689.952731753874104, 6066283.442636545747519 ], [ 431694.550513991387561, 6066256.618203761056066 ] ], [ [ 431689.952731753874104, 6066283.442636545747519 ], [ 431685.864693512558006, 6066311.183101561851799 ] ], [ [ 431685.864693512558006, 6066311.183101561851799 ], [ 431689.952731753874104, 6066283.442636545747519 ] ], [ [ 431685.864693512558006, 6066311.183101561851799 ], [ 431678.234159684798215, 6066354.613862166181207 ] ], [ [ 431678.234159684798215, 6066354.613862166181207 ], [ 431685.864693512558006, 6066311.183101561851799 ] ], [ [ 431678.234159684798215, 6066354.613862166181207 ], [ 431673.089212848106399, 6066369.515953709371388 ] ], [ [ 431673.089212848106399, 6066369.515953709371388 ], [ 431678.234159684798215, 6066354.613862166181207 ] ], [ [ 431673.089212848106399, 6066369.515953709371388 ], [ 431670.282297971076332, 6066375.089691539295018 ] ], [ [ 431670.282297971076332, 6066375.089691539295018 ], [ 431673.089212848106399, 6066369.515953709371388 ] ], [ [ 431670.282297971076332, 6066375.089691539295018 ], [ 431664.929778623743914, 6066382.226660295389593 ] ], [ [ 431664.929778623743914, 6066382.226660295389593 ], [ 431670.282297971076332, 6066375.089691539295018 ] ], [ [ 431664.929778623743914, 6066382.226660295389593 ], [ 431653.616026874515228, 6066397.121941976249218 ] ], [ [ 431653.616026874515228, 6066397.121941976249218 ], [ 431664.929778623743914, 6066382.226660295389593 ] ], [ [ 431653.616026874515228, 6066397.121941976249218 ], [ 431638.32674383581616, 6066408.015213350765407 ] ], [ [ 431638.32674383581616, 6066408.015213350765407 ], [ 431653.616026874515228, 6066397.121941976249218 ] ], [ [ 431638.32674383581616, 6066408.015213350765407 ], [ 431623.349799763527699, 6066416.566649824380875 ] ], [ [ 431623.349799763527699, 6066416.566649824380875 ], [ 431638.32674383581616, 6066408.015213350765407 ] ], [ [ 431623.349799763527699, 6066416.566649824380875 ], [ 431616.867500364256557, 6066418.823873937129974 ] ], [ [ 432134.90884359262418, 6066021.229202701710165 ], [ 432147.20006218389608, 6066017.650136172771454 ] ], [ [ 432134.90884359262418, 6066021.229202701710165 ], [ 432089.738636878319085, 6066034.383954117074609 ] ], [ [ 432089.738636878319085, 6066034.383954117074609 ], [ 432134.90884359262418, 6066021.229202701710165 ] ], [ [ 432089.738636878319085, 6066034.383954117074609 ], [ 431952.742078264942393, 6066074.285121613182127 ] ], [ [ 431952.742078264942393, 6066074.285121613182127 ], [ 432089.738636878319085, 6066034.383954117074609 ] ], [ [ 431952.742078264942393, 6066074.285121613182127 ], [ 431819.421638817293569, 6066113.122245838865638 ] ], [ [ 431819.421638817293569, 6066113.122245838865638 ], [ 431952.742078264942393, 6066074.285121613182127 ] ], [ [ 431819.421638817293569, 6066113.122245838865638 ], [ 431812.984601745556574, 6066115.000095522962511 ] ], [ [ 431812.984601745556574, 6066115.000095522962511 ], [ 431819.421638817293569, 6066113.122245838865638 ] ], [ [ 431812.984601745556574, 6066115.000095522962511 ], [ 431790.599057866726071, 6066121.303363312035799 ] ], [ [ 432198.883776248898357, 6064825.183638916350901 ], [ 432212.050163038133178, 6064821.32459728512913 ] ], [ [ 432198.883776248898357, 6064825.183638916350901 ], [ 432116.455243240226991, 6064849.369605254381895 ] ], [ [ 432116.455243240226991, 6064849.369605254381895 ], [ 432198.883776248898357, 6064825.183638916350901 ] ], [ [ 432116.455243240226991, 6064849.369605254381895 ], [ 432095.997219658398535, 6064855.364012678153813 ] ], [ [ 432095.997219658398535, 6064855.364012678153813 ], [ 432116.455243240226991, 6064849.369605254381895 ] ], [ [ 432095.997219658398535, 6064855.364012678153813 ], [ 432078.656181870668661, 6064860.454711876809597 ] ], [ [ 432078.656181870668661, 6064860.454711876809597 ], [ 432095.997219658398535, 6064855.364012678153813 ] ], [ [ 432078.656181870668661, 6064860.454711876809597 ], [ 432067.984779904771131, 6064863.586627173237503 ] ], [ [ 432067.984779904771131, 6064863.586627173237503 ], [ 432078.656181870668661, 6064860.454711876809597 ] ], [ [ 432067.984779904771131, 6064863.586627173237503 ], [ 432032.129211535793729, 6064874.108708954416215 ] ], [ [ 432032.129211535793729, 6064874.108708954416215 ], [ 432067.984779904771131, 6064863.586627173237503 ] ], [ [ 432032.129211535793729, 6064874.108708954416215 ], [ 432023.952455321152229, 6064876.502066615968943 ] ], [ [ 432347.555437320377678, 6064782.378323222510517 ], [ 432380.377117039868608, 6064772.945901181548834 ] ], [ [ 432347.555437320377678, 6064782.378323222510517 ], [ 432341.814915307390038, 6064784.022356670349836 ] ], [ [ 432341.814915307390038, 6064784.022356670349836 ], [ 432347.555437320377678, 6064782.378323222510517 ] ], [ [ 432341.814915307390038, 6064784.022356670349836 ], [ 432303.254625211411621, 6064795.105672063305974 ] ], [ [ 432276.457636617007665, 6064802.808108290657401 ], [ 432341.814915307390038, 6064784.022356670349836 ] ], [ [ 432276.457636617007665, 6064802.808108290657401 ], [ 432225.346038999326993, 6064817.508169710636139 ] ], [ [ 432225.346038999326993, 6064817.508169710636139 ], [ 432276.457636617007665, 6064802.808108290657401 ] ], [ [ 432225.346038999326993, 6064817.508169710636139 ], [ 432212.050163038133178, 6064821.32459728512913 ] ], [ [ 432215.047244247922208, 6064831.752290258184075 ], [ 432212.050163038133178, 6064821.32459728512913 ] ], [ [ 432215.047244247922208, 6064831.752290258184075 ], [ 432232.634588791290298, 6064892.899865079671144 ] ], [ [ 432232.634588791290298, 6064892.899865079671144 ], [ 432215.047244247922208, 6064831.752290258184075 ] ], [ [ 432232.634588791290298, 6064892.899865079671144 ], [ 432287.296244358818512, 6065082.93642483651638 ] ], [ [ 432287.296244358818512, 6065082.93642483651638 ], [ 432232.634588791290298, 6064892.899865079671144 ] ], [ [ 432287.296244358818512, 6065082.93642483651638 ], [ 432290.082035447587259, 6065092.610539412125945 ] ], [ [ 432671.38771008013282, 6064971.725489652715623 ], [ 432658.775002839625813, 6064927.421861601993442 ] ], [ [ 432671.38771008013282, 6064971.725489652715623 ], [ 432674.541698986315168, 6064982.818881155923009 ] ], [ [ 432101.622525093436707, 6065149.582268909551203 ], [ 432087.444931188831106, 6065153.801862768828869 ] ], [ [ 432101.622525093436707, 6065149.582268909551203 ], [ 432111.373750439845026, 6065146.55327545851469 ] ], [ [ 432087.444931188831106, 6065153.801862768828869 ], [ 432101.622525093436707, 6065149.582268909551203 ] ], [ [ 432087.444931188831106, 6065153.801862768828869 ], [ 432010.260885905008763, 6065176.798180266283453 ] ], [ [ 432010.260885905008763, 6065176.798180266283453 ], [ 432087.444931188831106, 6065153.801862768828869 ] ], [ [ 432010.260885905008763, 6065176.798180266283453 ], [ 432000.16799435246503, 6065179.799148559570312 ] ], [ [ 432000.16799435246503, 6065179.799148559570312 ], [ 432010.260885905008763, 6065176.798180266283453 ] ], [ [ 432000.16799435246503, 6065179.799148559570312 ], [ 431993.242822830448858, 6065181.862121461890638 ] ], [ [ 431993.242822830448858, 6065181.862121461890638 ], [ 432000.16799435246503, 6065179.799148559570312 ] ], [ [ 431993.242822830448858, 6065181.862121461890638 ], [ 431922.414043679600582, 6065202.961373205296695 ] ], [ [ 431922.414043679600582, 6065202.961373205296695 ], [ 431993.242822830448858, 6065181.862121461890638 ] ], [ [ 431922.414043679600582, 6065202.961373205296695 ], [ 431908.57672297465615, 6065207.087375104427338 ] ], [ [ 432276.123044740990736, 6065096.826257732696831 ], [ 432290.082035447587259, 6065092.610539412125945 ] ], [ [ 432276.123044740990736, 6065096.826257732696831 ], [ 432251.346858434379101, 6065104.298120808787644 ] ], [ [ 432251.346858434379101, 6065104.298120808787644 ], [ 432276.123044740990736, 6065096.826257732696831 ] ], [ [ 432251.346858434379101, 6065104.298120808787644 ], [ 432225.763035759329796, 6065112.027078618295491 ] ], [ [ 432225.763035759329796, 6065112.027078618295491 ], [ 432251.346858434379101, 6065104.298120808787644 ] ], [ [ 432225.763035759329796, 6065112.027078618295491 ], [ 432207.851760732301045, 6065117.432151434011757 ] ], [ [ 432181.481838422478177, 6065125.389936887659132 ], [ 432207.851760732301045, 6065117.432151434011757 ] ], [ [ 432181.481838422478177, 6065125.389936887659132 ], [ 432111.373750439845026, 6065146.55327545851469 ] ], [ [ 432111.373750439845026, 6065146.55327545851469 ], [ 432181.481838422478177, 6065125.389936887659132 ] ], [ [ 432111.373750439845026, 6065146.55327545851469 ], [ 432101.622525093436707, 6065149.582268909551203 ] ], [ [ 431896.55256536003435, 6065210.57398128323257 ], [ 431908.57672297465615, 6065207.087375104427338 ] ], [ [ 431896.55256536003435, 6065210.57398128323257 ], [ 431871.888634725299198, 6065217.723511919379234 ] ], [ [ 431871.888634725299198, 6065217.723511919379234 ], [ 431896.55256536003435, 6065210.57398128323257 ] ], [ [ 431871.888634725299198, 6065217.723511919379234 ], [ 431804.239836046181154, 6065237.352147469297051 ] ], [ [ 431804.239836046181154, 6065237.352147469297051 ], [ 431871.888634725299198, 6065217.723511919379234 ] ], [ [ 431804.239836046181154, 6065237.352147469297051 ], [ 431789.528810699586757, 6065241.614127160981297 ] ], [ [ 431789.528810699586757, 6065241.614127160981297 ], [ 431804.239836046181154, 6065237.352147469297051 ] ], [ [ 431789.528810699586757, 6065241.614127160981297 ], [ 431731.820376116782427, 6065258.35601129103452 ] ], [ [ 431731.820376116782427, 6065258.35601129103452 ], [ 431789.528810699586757, 6065241.614127160981297 ] ], [ [ 431731.820376116782427, 6065258.35601129103452 ], [ 431721.79732750414405, 6065261.267520076595247 ] ], [ [ 431721.79732750414405, 6065261.267520076595247 ], [ 431731.820376116782427, 6065258.35601129103452 ] ], [ [ 431721.79732750414405, 6065261.267520076595247 ], [ 431708.391793988179415, 6065265.387618840672076 ] ], [ [ 432648.494155964115635, 6066189.975332813337445 ], [ 432674.260616911808029, 6066255.808635110035539 ] ], [ [ 432648.494155964115635, 6066189.975332813337445 ], [ 432635.369316372205503, 6066155.781582665629685 ] ], [ [ 432635.369316372205503, 6066155.781582665629685 ], [ 432648.494155964115635, 6066189.975332813337445 ] ], [ [ 432635.369316372205503, 6066155.781582665629685 ], [ 432630.896827567485161, 6066145.186436295509338 ] ], [ [ 432630.896827567485161, 6066145.186436295509338 ], [ 432635.369316372205503, 6066155.781582665629685 ] ], [ [ 432630.896827567485161, 6066145.186436295509338 ], [ 432625.838479910744354, 6066132.874994322657585 ] ], [ [ 432625.838479910744354, 6066132.874994322657585 ], [ 432630.896827567485161, 6066145.186436295509338 ] ], [ [ 432625.838479910744354, 6066132.874994322657585 ], [ 432603.835111946798861, 6066077.234094070270658 ] ], [ [ 432603.835111946798861, 6066077.234094070270658 ], [ 432625.838479910744354, 6066132.874994322657585 ] ], [ [ 432603.835111946798861, 6066077.234094070270658 ], [ 432583.470578111475334, 6066026.154097677208483 ] ], [ [ 432583.470578111475334, 6066026.154097677208483 ], [ 432603.835111946798861, 6066077.234094070270658 ] ], [ [ 432583.470578111475334, 6066026.154097677208483 ], [ 432567.637748073728289, 6065988.350542027503252 ] ], [ [ 432567.637748073728289, 6065988.350542027503252 ], [ 432583.470578111475334, 6066026.154097677208483 ] ], [ [ 432567.637748073728289, 6065988.350542027503252 ], [ 432563.010436043550726, 6065976.032731734216213 ] ], [ [ 432563.010436043550726, 6065976.032731734216213 ], [ 432567.637748073728289, 6065988.350542027503252 ] ], [ [ 432563.010436043550726, 6065976.032731734216213 ], [ 432538.82978257117793, 6065912.255740984342992 ] ], [ [ 432538.82978257117793, 6065912.255740984342992 ], [ 432563.010436043550726, 6065976.032731734216213 ] ], [ [ 432538.82978257117793, 6065912.255740984342992 ], [ 432534.581815721758176, 6065899.475992859341204 ] ], [ [ 431308.687075379304588, 6065686.581520969048142 ], [ 431244.199548438133206, 6065705.968030975200236 ] ], [ [ 431308.687075379304588, 6065686.581520969048142 ], [ 431373.178658757300582, 6065667.208836807869375 ] ], [ [ 431412.763592297909781, 6065655.318421179428697 ], [ 431308.687075379304588, 6065686.581520969048142 ] ], [ [ 431412.763592297909781, 6065655.318421179428697 ], [ 431421.456961180083454, 6065652.704617060720921 ] ], [ [ 431421.456961180083454, 6065652.704617060720921 ], [ 431412.763592297909781, 6065655.318421179428697 ] ], [ [ 431421.456961180083454, 6065652.704617060720921 ], [ 431428.925760016543791, 6065650.454424435272813 ] ], [ [ 431428.925760016543791, 6065650.454424435272813 ], [ 431421.456961180083454, 6065652.704617060720921 ] ], [ [ 431428.925760016543791, 6065650.454424435272813 ], [ 431463.943198117311113, 6065639.94008844345808 ] ], [ [ 431463.943198117311113, 6065639.94008844345808 ], [ 431428.925760016543791, 6065650.454424435272813 ] ], [ [ 431463.943198117311113, 6065639.94008844345808 ], [ 431533.388532323937397, 6065619.076986248604953 ] ], [ [ 431533.388532323937397, 6065619.076986248604953 ], [ 431463.943198117311113, 6065639.94008844345808 ] ], [ [ 431533.388532323937397, 6065619.076986248604953 ], [ 431572.913424778962508, 6065607.204201898537576 ] ], [ [ 431572.913424778962508, 6065607.204201898537576 ], [ 431533.388532323937397, 6065619.076986248604953 ] ], [ [ 431572.913424778962508, 6065607.204201898537576 ], [ 431596.218187053164002, 6065600.207106149755418 ] ], [ [ 431596.218187053164002, 6065600.207106149755418 ], [ 431572.913424778962508, 6065607.204201898537576 ] ], [ [ 431596.218187053164002, 6065600.207106149755418 ], [ 431605.251675067760516, 6065597.499476665630937 ] ], [ [ 431605.251675067760516, 6065597.499476665630937 ], [ 431596.218187053164002, 6065600.207106149755418 ] ], [ [ 431605.251675067760516, 6065597.499476665630937 ], [ 431608.452782910782844, 6065609.003255764953792 ] ], [ [ 431605.251675067760516, 6065597.499476665630937 ], [ 431601.170746897172648, 6065582.759256982244551 ] ], [ [ 432012.588893070816994, 6065567.368019265122712 ], [ 432011.332838070811704, 6065565.819752440787852 ] ], [ [ 432012.588893070816994, 6065567.368019265122712 ], [ 432017.390049651497975, 6065576.132439215667546 ] ], [ [ 432006.407379245385528, 6065559.74843580275774 ], [ 432011.332838070811704, 6065565.819752440787852 ] ], [ [ 432006.407379245385528, 6065559.74843580275774 ], [ 431989.650161318713799, 6065544.820278899744153 ] ], [ [ 431989.650161318713799, 6065544.820278899744153 ], [ 432006.407379245385528, 6065559.74843580275774 ] ], [ [ 431989.650161318713799, 6065544.820278899744153 ], [ 431970.581331801309716, 6065530.361029101535678 ] ], [ [ 431970.581331801309716, 6065530.361029101535678 ], [ 431989.650161318713799, 6065544.820278899744153 ] ], [ [ 431970.581331801309716, 6065530.361029101535678 ], [ 431964.674179602181539, 6065523.861428814008832 ] ], [ [ 432843.921394060482271, 6065568.891134449280798 ], [ 432834.677486262051389, 6065535.395938716828823 ] ], [ [ 432843.921394060482271, 6065568.891134449280798 ], [ 432858.981111295986921, 6065623.645825579762459 ] ], [ [ 432858.981111295986921, 6065623.645825579762459 ], [ 432843.921394060482271, 6065568.891134449280798 ] ], [ [ 432858.981111295986921, 6065623.645825579762459 ], [ 432896.788760352181271, 6065752.216853967867792 ] ], [ [ 432896.788760352181271, 6065752.216853967867792 ], [ 432889.167558940243907, 6065726.299146043136716 ] ], [ [ 432896.788760352181271, 6065752.216853967867792 ], [ 432904.127524837327655, 6065777.170936545357108 ] ], [ [ 432904.127524837327655, 6065777.170936545357108 ], [ 432902.227219788823277, 6065770.709282113239169 ] ], [ [ 432904.127524837327655, 6065777.170936545357108 ], [ 432897.661722991440911, 6065779.057094465009868 ] ], [ [ 432904.127524837327655, 6065777.170936545357108 ], [ 432910.577453868812881, 6065775.231220564804971 ] ], [ [ 432904.127524837327655, 6065777.170936545357108 ], [ 432905.561089069407899, 6065781.768286569975317 ] ], [ [ 432689.345330102427397, 6064978.614087614230812 ], [ 432729.950391118705738, 6064967.093371535651386 ] ], [ [ 432689.345330102427397, 6064978.614087614230812 ], [ 432674.541698986315168, 6064982.818881155923009 ] ], [ [ 432325.904550623206887, 6065959.734881417825818 ], [ 432336.477759443805553, 6065956.660632755607367 ] ], [ [ 432325.904550623206887, 6065959.734881417825818 ], [ 432264.958093814610038, 6065977.34221404325217 ] ], [ [ 432264.958093814610038, 6065977.34221404325217 ], [ 432325.904550623206887, 6065959.734881417825818 ] ], [ [ 432264.958093814610038, 6065977.34221404325217 ], [ 432178.191051851550583, 6066002.405053141526878 ] ], [ [ 432178.191051851550583, 6066002.405053141526878 ], [ 432264.958093814610038, 6065977.34221404325217 ] ], [ [ 432178.191051851550583, 6066002.405053141526878 ], [ 432160.942841968615539, 6066007.382855922915041 ] ], [ [ 431674.648421738122124, 6065850.999300303868949 ], [ 431613.649841740319971, 6065626.853926948271692 ] ], [ [ 431674.648421738122124, 6065850.999300303868949 ], [ 431676.687463923823088, 6065858.50301390979439 ] ], [ [ 431613.649841740319971, 6065626.853926948271692 ], [ 431674.648421738122124, 6065850.999300303868949 ] ], [ [ 431613.649841740319971, 6065626.853926948271692 ], [ 431608.452782910782844, 6065609.003255764953792 ] ], [ [ 431608.452782910782844, 6065609.003255764953792 ], [ 431613.649841740319971, 6065626.853926948271692 ] ], [ [ 431608.452782910782844, 6065609.003255764953792 ], [ 431605.251675067760516, 6065597.499476665630937 ] ], [ [ 431601.170746897172648, 6065582.759256982244551 ], [ 431605.251675067760516, 6065597.499476665630937 ] ], [ [ 431601.170746897172648, 6065582.759256982244551 ], [ 431579.746504139853641, 6065505.122740520164371 ] ], [ [ 431579.746504139853641, 6065505.122740520164371 ], [ 431601.170746897172648, 6065582.759256982244551 ] ], [ [ 431579.746504139853641, 6065505.122740520164371 ], [ 431566.474244435608853, 6065459.303996309638023 ] ], [ [ 431566.474244435608853, 6065459.303996309638023 ], [ 431579.746504139853641, 6065505.122740520164371 ] ], [ [ 431566.474244435608853, 6065459.303996309638023 ], [ 431562.052116481529083, 6065442.888449631631374 ] ], [ [ 431562.052116481529083, 6065442.888449631631374 ], [ 431566.474244435608853, 6065459.303996309638023 ] ], [ [ 431562.052116481529083, 6065442.888449631631374 ], [ 431530.43293135217391, 6065337.327301776967943 ] ], [ [ 431530.43293135217391, 6065337.327301776967943 ], [ 431562.052116481529083, 6065442.888449631631374 ] ], [ [ 431530.43293135217391, 6065337.327301776967943 ], [ 431525.697710006381385, 6065321.51751577667892 ] ], [ [ 431521.803762546682265, 6065308.521832535043359 ], [ 431525.697710006381385, 6065321.51751577667892 ] ], [ [ 431521.803762546682265, 6065308.521832535043359 ], [ 431502.434854638762772, 6065243.8424262246117 ] ], [ [ 431502.434854638762772, 6065243.8424262246117 ], [ 431521.803762546682265, 6065308.521832535043359 ] ], [ [ 431502.434854638762772, 6065243.8424262246117 ], [ 431450.369490749319084, 6065063.569026221521199 ] ], [ [ 431450.369490749319084, 6065063.569026221521199 ], [ 431502.364674357871991, 6065243.599421454593539 ] ], [ [ 431450.369490749319084, 6065063.569026221521199 ], [ 431446.990244525368325, 6065054.382952149957418 ] ], [ [ 431443.906155291304458, 6065042.999926460906863 ], [ 431446.990244525368325, 6065054.382952149957418 ] ], [ [ 431443.906155291304458, 6065042.999926460906863 ], [ 431398.982721160980873, 6064883.394497707486153 ] ], [ [ 432031.257575190160424, 6065616.467835218645632 ], [ 432032.606453584041446, 6065621.366693217307329 ] ], [ [ 432031.257575190160424, 6065616.467835218645632 ], [ 432025.353941832436249, 6065596.490526071749628 ] ], [ [ 432025.353941832436249, 6065596.490526071749628 ], [ 432031.257575190160424, 6065616.467835218645632 ] ], [ [ 432025.353941832436249, 6065596.490526071749628 ], [ 432021.065963343135081, 6065584.591044249944389 ] ], [ [ 432021.065963343135081, 6065584.591044249944389 ], [ 432025.353941832436249, 6065596.490526071749628 ] ], [ [ 432021.065963343135081, 6065584.591044249944389 ], [ 432017.390049651497975, 6065576.132439215667546 ] ], [ [ 432017.390049651497975, 6065576.132439215667546 ], [ 432021.065963343135081, 6065584.591044249944389 ] ], [ [ 432017.390049651497975, 6065576.132439215667546 ], [ 432012.588893070816994, 6065567.368019265122712 ] ], [ [ 432075.979925917286891, 6066026.44415657967329 ], [ 432098.703350692579988, 6066013.860318230465055 ] ], [ [ 432075.979925917286891, 6066026.44415657967329 ], [ 431949.401974506559782, 6066062.026418207213283 ] ], [ [ 432075.979925917286891, 6066026.44415657967329 ], [ 432132.141867224185262, 6066010.65341916307807 ] ], [ [ 432098.703350692579988, 6066013.860318230465055 ], [ 432075.979925917286891, 6066026.44415657967329 ] ], [ [ 432098.703350692579988, 6066013.860318230465055 ], [ 432126.15316184272524, 6065993.526366329751909 ] ], [ [ 432126.15316184272524, 6065993.526366329751909 ], [ 432098.703350692579988, 6066013.860318230465055 ] ], [ [ 432126.15316184272524, 6065993.526366329751909 ], [ 432129.808669957448728, 6065985.658677605912089 ] ], [ [ 432129.808669957448728, 6065985.658677605912089 ], [ 432126.15316184272524, 6065993.526366329751909 ] ], [ [ 432129.808669957448728, 6065985.658677605912089 ], [ 432133.61287844076287, 6065974.828364841639996 ] ], [ [ 431708.391793988179415, 6065265.387618840672076 ], [ 431721.79732750414405, 6065261.267520076595247 ] ], [ [ 431708.391793988179415, 6065265.387618840672076 ], [ 431640.357882119249552, 6065286.29330263659358 ] ], [ [ 431640.357882119249552, 6065286.29330263659358 ], [ 431708.391793988179415, 6065265.387618840672076 ] ], [ [ 431640.357882119249552, 6065286.29330263659358 ], [ 431637.678022815904114, 6065287.112897571176291 ] ], [ [ 431637.678022815904114, 6065287.112897571176291 ], [ 431640.357882119249552, 6065286.29330263659358 ] ], [ [ 431637.678022815904114, 6065287.112897571176291 ], [ 431592.711291302228346, 6065300.926019497215748 ] ], [ [ 431592.711291302228346, 6065300.926019497215748 ], [ 431637.678022815904114, 6065287.112897571176291 ] ], [ [ 431592.711291302228346, 6065300.926019497215748 ], [ 431590.685395251086447, 6065301.546543953940272 ] ], [ [ 431590.685395251086447, 6065301.546543953940272 ], [ 431592.711291302228346, 6065300.926019497215748 ] ], [ [ 431590.685395251086447, 6065301.546543953940272 ], [ 431546.719089586113114, 6065315.055621939711273 ] ], [ [ 431546.719089586113114, 6065315.055621939711273 ], [ 431590.685395251086447, 6065301.546543953940272 ] ], [ [ 431546.719089586113114, 6065315.055621939711273 ], [ 431538.160559351847041, 6065317.68938307557255 ] ], [ [ 431538.160559351847041, 6065317.68938307557255 ], [ 431546.719089586113114, 6065315.055621939711273 ] ], [ [ 431538.160559351847041, 6065317.68938307557255 ], [ 431531.544544977950864, 6065319.726130493916571 ] ], [ [ 431538.160559351847041, 6065317.68938307557255 ], [ 431534.324261705041863, 6065304.670557760633528 ] ], [ [ 431538.160559351847041, 6065317.68938307557255 ], [ 431542.865566846448928, 6065333.633190730586648 ] ], [ [ 431531.544544977950864, 6065319.726130493916571 ], [ 431538.160559351847041, 6065317.68938307557255 ] ], [ [ 431531.544544977950864, 6065319.726130493916571 ], [ 431529.005713925347663, 6065320.499136548489332 ] ], [ [ 431529.005713925347663, 6065320.499136548489332 ], [ 431531.544544977950864, 6065319.726130493916571 ] ], [ [ 431529.005713925347663, 6065320.499136548489332 ], [ 431525.697710006381385, 6065321.51751577667892 ] ], [ [ 432530.152053340163548, 6065886.598799995146692 ], [ 432523.616318160202354, 6065866.385484956204891 ] ], [ [ 432530.152053340163548, 6065886.598799995146692 ], [ 432508.223527655296493, 6065892.591147332452238 ] ], [ [ 432530.152053340163548, 6065886.598799995146692 ], [ 432556.601119945233222, 6065878.858552233316004 ] ], [ [ 432530.152053340163548, 6065886.598799995146692 ], [ 432531.417820873204619, 6065890.28594521805644 ] ], [ [ 432678.99208347662352, 6064997.487710193730891 ], [ 432674.541698986315168, 6064982.818881155923009 ] ], [ [ 432678.99208347662352, 6064997.487710193730891 ], [ 432691.27119306178065, 6065037.932821108959615 ] ], [ [ 431949.401974506559782, 6066062.026418207213283 ], [ 431808.949490757018793, 6066101.516623602248728 ] ], [ [ 431949.401974506559782, 6066062.026418207213283 ], [ 432075.979925917286891, 6066026.44415657967329 ] ], [ [ 432132.141867224185262, 6066010.65341916307807 ], [ 432075.979925917286891, 6066026.44415657967329 ] ], [ [ 432132.141867224185262, 6066010.65341916307807 ], [ 432141.909486038028263, 6066004.552513480186462 ] ], [ [ 432321.252064866304863, 6065943.633723037317395 ], [ 432330.301303722895682, 6065941.138756049796939 ] ], [ [ 432321.252064866304863, 6065943.633723037317395 ], [ 432243.647657098365016, 6065967.389449090696871 ] ], [ [ 432330.301303722895682, 6065941.138756049796939 ], [ 432321.252064866304863, 6065943.633723037317395 ] ], [ [ 432330.301303722895682, 6065941.138756049796939 ], [ 432343.436815735360142, 6065937.580973265692592 ] ], [ [ 432343.436815735360142, 6065937.580973265692592 ], [ 432330.301303722895682, 6065941.138756049796939 ] ], [ [ 432343.436815735360142, 6065937.580973265692592 ], [ 432411.055862599459942, 6065919.118093744851649 ] ], [ [ 432411.055862599459942, 6065919.118093744851649 ], [ 432343.436815735360142, 6065937.580973265692592 ] ], [ [ 432411.055862599459942, 6065919.118093744851649 ], [ 432480.195368528889958, 6065900.23286025878042 ] ], [ [ 432480.195368528889958, 6065900.23286025878042 ], [ 432411.055862599459942, 6065919.118093744851649 ] ], [ [ 432480.195368528889958, 6065900.23286025878042 ], [ 432508.223527655296493, 6065892.591147332452238 ] ], [ [ 432508.223527655296493, 6065892.591147332452238 ], [ 432480.195368528889958, 6065900.23286025878042 ] ], [ [ 432508.223527655296493, 6065892.591147332452238 ], [ 432530.152053340163548, 6065886.598799995146692 ] ], [ [ 431519.733937205863185, 6065255.243754220195115 ], [ 431534.324261705041863, 6065304.670557760633528 ] ], [ [ 431519.733937205863185, 6065255.243754220195115 ], [ 431504.944851099164225, 6065199.097897781990469 ] ], [ [ 431534.324261705041863, 6065304.670557760633528 ], [ 431519.733937205863185, 6065255.243754220195115 ] ], [ [ 431534.324261705041863, 6065304.670557760633528 ], [ 431538.160559351847041, 6065317.68938307557255 ] ], [ [ 431542.865566846448928, 6065333.633190730586648 ], [ 431538.160559351847041, 6065317.68938307557255 ] ], [ [ 431542.865566846448928, 6065333.633190730586648 ], [ 431574.05289272184018, 6065439.189829640090466 ] ], [ [ 431574.05289272184018, 6065439.189829640090466 ], [ 431542.865566846448928, 6065333.633190730586648 ] ], [ [ 431574.05289272184018, 6065439.189829640090466 ], [ 431613.482305476907641, 6065578.766666045412421 ] ], [ [ 431613.482305476907641, 6065578.766666045412421 ], [ 431574.05289272184018, 6065439.189829640090466 ] ], [ [ 431613.482305476907641, 6065578.766666045412421 ], [ 431617.815531833039131, 6065593.15806844457984 ] ], [ [ 431617.815531833039131, 6065593.15806844457984 ], [ 431613.482305476907641, 6065578.766666045412421 ] ], [ [ 431617.815531833039131, 6065593.15806844457984 ], [ 431620.531118864426389, 6065603.222392068244517 ] ], [ [ 431620.531118864426389, 6065603.222392068244517 ], [ 431617.815531833039131, 6065593.15806844457984 ] ], [ [ 431620.531118864426389, 6065603.222392068244517 ], [ 431685.335604093270376, 6065835.879875232465565 ] ], [ [ 431685.335604093270376, 6065835.879875232465565 ], [ 431620.531118864426389, 6065603.222392068244517 ] ], [ [ 431685.335604093270376, 6065835.879875232465565 ], [ 431688.474712868046481, 6065847.139799318276346 ] ], [ [ 431688.474712868046481, 6065847.139799318276346 ], [ 431685.335604093270376, 6065835.879875232465565 ] ], [ [ 431688.474712868046481, 6065847.139799318276346 ], [ 431690.934379312151577, 6065855.204754110425711 ] ], [ [ 431691.181821316946298, 6065865.606928208842874 ], [ 431690.934379312151577, 6065855.204754110425711 ] ], [ [ 431691.181821316946298, 6065865.606928208842874 ], [ 431740.888040914665908, 6066045.629186030477285 ] ], [ [ 431740.888040914665908, 6066045.629186030477285 ], [ 431691.181821316946298, 6065865.606928208842874 ] ], [ [ 431740.888040914665908, 6066045.629186030477285 ], [ 431750.663689763634466, 6066081.017410078085959 ] ], [ [ 431750.663689763634466, 6066081.017410078085959 ], [ 431740.888040914665908, 6066045.629186030477285 ] ], [ [ 431750.663689763634466, 6066081.017410078085959 ], [ 431751.7400975713972, 6066084.918669085018337 ] ], [ [ 431751.7400975713972, 6066084.918669085018337 ], [ 431750.663689763634466, 6066081.017410078085959 ] ], [ [ 431751.7400975713972, 6066084.918669085018337 ], [ 431753.664713795064017, 6066092.535436848178506 ] ], [ [ 432556.601119945233222, 6065878.858552233316004 ], [ 432530.152053340163548, 6065886.598799995146692 ] ], [ [ 432556.601119945233222, 6065878.858552233316004 ], [ 432630.6076303460286, 6065857.198581132106483 ] ], [ [ 432630.6076303460286, 6065857.198581132106483 ], [ 432556.601119945233222, 6065878.858552233316004 ] ], [ [ 432630.6076303460286, 6065857.198581132106483 ], [ 432678.665817300963681, 6065843.160453665070236 ] ], [ [ 432678.665817300963681, 6065843.160453665070236 ], [ 432630.6076303460286, 6065857.198581132106483 ] ], [ [ 432678.665817300963681, 6065843.160453665070236 ], [ 432732.872688234667294, 6065827.272866303101182 ] ], [ [ 432732.872688234667294, 6065827.272866303101182 ], [ 432678.665817300963681, 6065843.160453665070236 ] ], [ [ 432732.872688234667294, 6065827.272866303101182 ], [ 432878.273618517559953, 6065784.733341700397432 ] ], [ [ 432878.273618517559953, 6065784.733341700397432 ], [ 432845.95557164697675, 6065794.188064739108086 ] ], [ [ 432878.273618517559953, 6065784.733341700397432 ], [ 432883.948154125013389, 6065783.057555459439754 ] ], [ [ 432883.948154125013389, 6065783.057555459439754 ], [ 432878.273618517559953, 6065784.733341700397432 ] ], [ [ 432883.948154125013389, 6065783.057555459439754 ], [ 432904.127524837327655, 6065777.170936545357108 ] ], [ [ 432531.417820873204619, 6065890.28594521805644 ], [ 432530.152053340163548, 6065886.598799995146692 ] ], [ [ 432531.417820873204619, 6065890.28594521805644 ], [ 432532.494668783037923, 6065893.397189781069756 ] ], [ [ 432532.494668783037923, 6065893.397189781069756 ], [ 432531.417820873204619, 6065890.28594521805644 ] ], [ [ 432532.494668783037923, 6065893.397189781069756 ], [ 432534.581815721758176, 6065899.475992859341204 ] ], [ [ 431761.233902490290347, 6066122.548166162334383 ], [ 431790.599057866726071, 6066121.303363312035799 ] ], [ [ 431761.233902490290347, 6066122.548166162334383 ], [ 431762.578297931933776, 6066161.669684486463666 ] ], [ [ 431761.233902490290347, 6066122.548166162334383 ], [ 431750.409483211755287, 6066123.012183497659862 ] ], [ [ 431761.233902490290347, 6066122.548166162334383 ], [ 431757.569467626453843, 6066108.035239647142589 ] ], [ [ 431424.729179263056722, 6064929.983278889209032 ], [ 431405.859229588590097, 6064867.623794594779611 ] ], [ [ 431424.729179263056722, 6064929.983278889209032 ], [ 431442.927780057303607, 6064992.542002555914223 ] ], [ [ 431456.546457994787488, 6065039.358092617243528 ], [ 431424.729179263056722, 6064929.983278889209032 ] ], [ [ 431456.546457994787488, 6065039.358092617243528 ], [ 431459.464968876098283, 6065050.443145929835737 ] ], [ [ 431462.319177506491542, 6065059.837519587948918 ], [ 431459.464968876098283, 6065050.443145929835737 ] ], [ [ 431462.319177506491542, 6065059.837519587948918 ], [ 431494.211949030694086, 6065165.382948156446218 ] ], [ [ 431494.211949030694086, 6065165.382948156446218 ], [ 431462.319177506491542, 6065059.837519587948918 ] ], [ [ 431494.211949030694086, 6065165.382948156446218 ], [ 431504.944851099164225, 6065199.097897781990469 ] ], [ [ 431504.944851099164225, 6065199.097897781990469 ], [ 431494.211949030694086, 6065165.382948156446218 ] ], [ [ 431504.944851099164225, 6065199.097897781990469 ], [ 431519.733937205863185, 6065255.243754220195115 ] ], [ [ 431964.674179602181539, 6065523.861428814008832 ], [ 431970.581331801309716, 6065530.361029101535678 ] ], [ [ 431964.674179602181539, 6065523.861428814008832 ], [ 431960.474208325671498, 6065518.248730188235641 ] ], [ [ 431960.474208325671498, 6065518.248730188235641 ], [ 431964.674179602181539, 6065523.861428814008832 ] ], [ [ 431960.474208325671498, 6065518.248730188235641 ], [ 431956.995156903285533, 6065513.036962630227208 ] ], [ [ 431956.995156903285533, 6065513.036962630227208 ], [ 431960.474208325671498, 6065518.248730188235641 ] ], [ [ 431956.995156903285533, 6065513.036962630227208 ], [ 431952.384166527946945, 6065504.937497587874532 ] ], [ [ 431952.384166527946945, 6065504.937497587874532 ], [ 431956.995156903285533, 6065513.036962630227208 ] ], [ [ 431952.384166527946945, 6065504.937497587874532 ], [ 431949.768255064031109, 6065496.741212771274149 ] ], [ [ 431949.768255064031109, 6065496.741212771274149 ], [ 431952.384166527946945, 6065504.937497587874532 ] ], [ [ 431949.768255064031109, 6065496.741212771274149 ], [ 431947.321760865394026, 6065488.675929277203977 ] ], [ [ 431947.321760865394026, 6065488.675929277203977 ], [ 431949.768255064031109, 6065496.741212771274149 ] ], [ [ 431947.321760865394026, 6065488.675929277203977 ], [ 431946.306360489048529, 6065481.980254611931741 ] ], [ [ 431946.306360489048529, 6065481.980254611931741 ], [ 431947.321760865394026, 6065488.675929277203977 ] ], [ [ 431946.306360489048529, 6065481.980254611931741 ], [ 431945.102257731487043, 6065473.874001237563789 ] ], [ [ 431945.102257731487043, 6065473.874001237563789 ], [ 431946.306360489048529, 6065481.980254611931741 ] ], [ [ 431945.102257731487043, 6065473.874001237563789 ], [ 431944.982571434811689, 6065465.072527319192886 ] ], [ [ 431944.982571434811689, 6065465.072527319192886 ], [ 431945.102257731487043, 6065473.874001237563789 ] ], [ [ 431944.982571434811689, 6065465.072527319192886 ], [ 431946.431219507823698, 6065454.778364039957523 ] ], [ [ 431946.431219507823698, 6065454.778364039957523 ], [ 431944.982571434811689, 6065465.072527319192886 ] ], [ [ 431946.431219507823698, 6065454.778364039957523 ], [ 431950.082309642108157, 6065441.902421038597822 ] ], [ [ 431950.082309642108157, 6065441.902421038597822 ], [ 431946.431219507823698, 6065454.778364039957523 ] ], [ [ 431950.082309642108157, 6065441.902421038597822 ], [ 431953.426521135086659, 6065430.379925727844238 ] ], [ [ 431954.319334149709903, 6065427.303745606914163 ], [ 431953.426521135086659, 6065430.379925727844238 ] ], [ [ 431954.319334149709903, 6065427.303745606914163 ], [ 431959.260124186694156, 6065410.680074323900044 ] ], [ [ 431959.260124186694156, 6065410.680074323900044 ], [ 431954.319334149709903, 6065427.303745606914163 ] ], [ [ 431959.260124186694156, 6065410.680074323900044 ], [ 431960.751311784842983, 6065403.635032180696726 ] ], [ [ 431960.751311784842983, 6065403.635032180696726 ], [ 431959.260124186694156, 6065410.680074323900044 ] ], [ [ 431960.751311784842983, 6065403.635032180696726 ], [ 431961.227822169836145, 6065394.646513121202588 ] ], [ [ 431961.227822169836145, 6065394.646513121202588 ], [ 431960.751311784842983, 6065403.635032180696726 ] ], [ [ 431961.227822169836145, 6065394.646513121202588 ], [ 431959.904042137204669, 6065385.863171902485192 ] ], [ [ 431959.904042137204669, 6065385.863171902485192 ], [ 431961.227822169836145, 6065394.646513121202588 ] ], [ [ 431959.904042137204669, 6065385.863171902485192 ], [ 431958.091429675812833, 6065375.840710800141096 ] ], [ [ 431958.091429675812833, 6065375.840710800141096 ], [ 431959.904042137204669, 6065385.863171902485192 ] ], [ [ 431958.091429675812833, 6065375.840710800141096 ], [ 431936.90934498840943, 6065303.663481755182147 ] ], [ [ 431936.90934498840943, 6065303.663481755182147 ], [ 431958.091429675812833, 6065375.840710800141096 ] ], [ [ 431936.90934498840943, 6065303.663481755182147 ], [ 431917.574275169405155, 6065237.412690191529691 ] ], [ [ 431917.574275169405155, 6065237.412690191529691 ], [ 431936.90934498840943, 6065303.663481755182147 ] ], [ [ 431917.574275169405155, 6065237.412690191529691 ], [ 431911.903566617285833, 6065218.422516722232103 ] ], [ [ 431911.903566617285833, 6065218.422516722232103 ], [ 431917.574275169405155, 6065237.412690191529691 ] ], [ [ 431911.903566617285833, 6065218.422516722232103 ], [ 431908.57672297465615, 6065207.087375104427338 ] ], [ [ 432154.467054093664046, 6065994.692543024197221 ], [ 432243.647657098365016, 6065967.389449090696871 ] ], [ [ 432154.467054093664046, 6065994.692543024197221 ], [ 432141.909486038028263, 6066004.552513480186462 ] ], [ [ 432243.647657098365016, 6065967.389449090696871 ], [ 432154.467054093664046, 6065994.692543024197221 ] ], [ [ 432243.647657098365016, 6065967.389449090696871 ], [ 432321.252064866304863, 6065943.633723037317395 ] ], [ [ 431616.867500364256557, 6066418.823873937129974 ], [ 431623.349799763527699, 6066416.566649824380875 ] ], [ [ 431616.867500364256557, 6066418.823873937129974 ], [ 431575.9238842317136, 6066433.066228586249053 ] ], [ [ 431575.9238842317136, 6066433.066228586249053 ], [ 431603.93255543441046, 6066423.323281950317323 ] ], [ [ 431575.9238842317136, 6066433.066228586249053 ], [ 431562.049782870337367, 6066437.895097042433918 ] ], [ [ 431562.049782870337367, 6066437.895097042433918 ], [ 431575.9238842317136, 6066433.066228586249053 ] ], [ [ 431562.049782870337367, 6066437.895097042433918 ], [ 431549.173393072676845, 6066445.519634738564491 ] ], [ [ 432905.561089069407899, 6065781.768286569975317 ], [ 432906.129821153823286, 6065783.601717104203999 ] ], [ [ 432905.561089069407899, 6065781.768286569975317 ], [ 432904.989644763525575, 6065779.935699627734721 ] ], [ [ 431790.57068640133366, 6066112.600663246586919 ], [ 431790.599057866726071, 6066121.303363312035799 ] ], [ [ 431790.57068640133366, 6066112.600663246586919 ], [ 431790.567427666101139, 6066110.252425892278552 ] ], [ [ 431790.567427666101139, 6066110.252425892278552 ], [ 431790.57068640133366, 6066112.600663246586919 ] ], [ [ 431790.567427666101139, 6066110.252425892278552 ], [ 431790.558342623640783, 6066107.091836151666939 ] ], [ [ 431756.665168590145186, 6066104.44300034083426 ], [ 431753.664713795064017, 6066092.535436848178506 ] ], [ [ 431756.665168590145186, 6066104.44300034083426 ], [ 431757.569467626453843, 6066108.035239647142589 ] ], [ [ 431757.569467626453843, 6066108.035239647142589 ], [ 431756.665168590145186, 6066104.44300034083426 ] ], [ [ 431757.569467626453843, 6066108.035239647142589 ], [ 431761.233902490290347, 6066122.548166162334383 ] ], [ [ 432207.851760732301045, 6065117.432151434011757 ], [ 432225.763035759329796, 6065112.027078618295491 ] ], [ [ 432207.851760732301045, 6065117.432151434011757 ], [ 432181.481838422478177, 6065125.389936887659132 ] ], [ [ 431873.474859489768278, 6064920.531933007761836 ], [ 431929.616644969792105, 6064904.176003720611334 ] ], [ [ 431873.474859489768278, 6064920.531933007761836 ], [ 431844.212542363035027, 6064929.057321537286043 ] ], [ [ 432424.214285434107296, 6065644.554982436820865 ], [ 432382.07383251702413, 6065657.757691984064877 ] ], [ [ 432424.214285434107296, 6065644.554982436820865 ], [ 432435.381117875804193, 6065641.056464594788849 ] ], [ [ 432011.332838070811704, 6065565.819752440787852 ], [ 432012.588893070816994, 6065567.368019265122712 ] ], [ [ 432011.332838070811704, 6065565.819752440787852 ], [ 432006.407379245385528, 6065559.74843580275774 ] ], [ [ 431953.426521135086659, 6065430.379925727844238 ], [ 431950.082309642108157, 6065441.902421038597822 ] ], [ [ 431953.426521135086659, 6065430.379925727844238 ], [ 431954.319334149709903, 6065427.303745606914163 ] ], [ [ 432434.12077350274194, 6065352.898411002010107 ], [ 432419.176737033878453, 6065357.680380965583026 ] ], [ [ 432434.12077350274194, 6065352.898411002010107 ], [ 432479.450117203814443, 6065338.39375420846045 ] ] ] } },
{ "type": "Feature", "properties": { "full_id": "n12070982685", "osm_id": "12070982685", "osm_type": "node", "amenity": null, "entrance": "yes", "full_name": null, "community_centre": null, "check_date": null, "operator": null, "contact:phone": null, "opening_hours": null, "name": null, "type": "lines", "start": "55.9437214, 54.7317767" }, "geometry": { "type": "MultiLineString", "coordinates": [ [ [ 431676.687463923823088, 6065858.50301390979439 ], [ 431680.388019974343479, 6065857.489929149858654 ] ], [ [ 431676.687463923823088, 6065858.50301390979439 ], [ 431738.857592582469806, 6066088.118231107480824 ] ], [ [ 431676.687463923823088, 6065858.50301390979439 ], [ 431674.648421738122124, 6065850.999300303868949 ] ], [ [ 431680.388019974343479, 6065857.489929149858654 ], [ 431676.687463923823088, 6065858.50301390979439 ] ], [ [ 431680.388019974343479, 6065857.489929149858654 ], [ 431683.08753302070545, 6065856.714571421965957 ] ], [ [ 431683.08753302070545, 6065856.714571421965957 ], [ 431680.388019974343479, 6065857.489929149858654 ] ], [ [ 431683.08753302070545, 6065856.714571421965957 ], [ 431690.934379312151577, 6065855.204754110425711 ] ], [ [ 431690.934379312151577, 6065855.204754110425711 ], [ 431683.08753302070545, 6065856.714571421965957 ] ], [ [ 431690.934379312151577, 6065855.204754110425711 ], [ 431697.173188696266152, 6065854.676383339799941 ] ], [ [ 431690.934379312151577, 6065855.204754110425711 ], [ 431688.474712868046481, 6065847.139799318276346 ] ], [ [ 431690.934379312151577, 6065855.204754110425711 ], [ 431691.181821316946298, 6065865.606928208842874 ] ], [ [ 431697.173188696266152, 6065854.676383339799941 ], [ 431690.934379312151577, 6065855.204754110425711 ] ], [ [ 431697.173188696266152, 6065854.676383339799941 ], [ 431718.672510295291431, 6065852.292467724531889 ] ], [ [ 431718.672510295291431, 6065852.292467724531889 ], [ 431697.173188696266152, 6065854.676383339799941 ] ], [ [ 431718.672510295291431, 6065852.292467724531889 ], [ 431809.363947874109726, 6065825.636868412606418 ] ], [ [ 431809.363947874109726, 6065825.636868412606418 ], [ 431718.672510295291431, 6065852.292467724531889 ] ], [ [ 431809.363947874109726, 6065825.636868412606418 ], [ 431835.65143900946714, 6065817.905950746499002 ] ], [ [ 431835.65143900946714, 6065817.905950746499002 ], [ 431809.363947874109726, 6065825.636868412606418 ] ], [ [ 431835.65143900946714, 6065817.905950746499002 ], [ 431881.039378716726787, 6065804.567344475537539 ] ], [ [ 431881.039378716726787, 6065804.567344475537539 ], [ 431835.65143900946714, 6065817.905950746499002 ] ], [ [ 431881.039378716726787, 6065804.567344475537539 ], [ 431924.869532835611608, 6065791.68671578168869 ] ], [ [ 431924.869532835611608, 6065791.68671578168869 ], [ 431881.039378716726787, 6065804.567344475537539 ] ], [ [ 431924.869532835611608, 6065791.68671578168869 ], [ 432055.418976469722111, 6065753.328670262359083 ] ], [ [ 432055.418976469722111, 6065753.328670262359083 ], [ 431924.869532835611608, 6065791.68671578168869 ] ], [ [ 432055.418976469722111, 6065753.328670262359083 ], [ 432070.428992309374735, 6065748.918344254605472 ] ], [ [ 432070.428992309374735, 6065748.918344254605472 ], [ 432055.418976469722111, 6065753.328670262359083 ] ], [ [ 432070.428992309374735, 6065748.918344254605472 ], [ 432082.380498823185917, 6065745.399872727692127 ] ], [ [ 432070.428992309374735, 6065748.918344254605472 ], [ 432066.504749546526, 6065735.92268221732229 ] ], [ [ 432070.428992309374735, 6065748.918344254605472 ], [ 432073.069978968822397, 6065757.949014308862388 ] ], [ [ 432082.380498823185917, 6065745.399872727692127 ], [ 432070.428992309374735, 6065748.918344254605472 ] ], [ [ 432082.380498823185917, 6065745.399872727692127 ], [ 432120.332220166223124, 6065734.256675763987005 ] ], [ [ 432120.332220166223124, 6065734.256675763987005 ], [ 432082.380498823185917, 6065745.399872727692127 ] ], [ [ 432120.332220166223124, 6065734.256675763987005 ], [ 432154.946353247854859, 6065723.853936587460339 ] ], [ [ 432154.946353247854859, 6065723.853936587460339 ], [ 432120.332220166223124, 6065734.256675763987005 ] ], [ [ 432154.946353247854859, 6065723.853936587460339 ], [ 432165.877740442287177, 6065720.584723086096346 ] ], [ [ 432165.877740442287177, 6065720.584723086096346 ], [ 432154.946353247854859, 6065723.853936587460339 ] ], [ [ 432165.877740442287177, 6065720.584723086096346 ], [ 432219.635056856262963, 6065704.786759932525456 ] ], [ [ 432219.635056856262963, 6065704.786759932525456 ], [ 432165.877740442287177, 6065720.584723086096346 ] ], [ [ 432219.635056856262963, 6065704.786759932525456 ], [ 432246.760609433811624, 6065697.023435011506081 ] ], [ [ 432246.760609433811624, 6065697.023435011506081 ], [ 432219.635056856262963, 6065704.786759932525456 ] ], [ [ 432246.760609433811624, 6065697.023435011506081 ], [ 432259.833558081183583, 6065693.544268255122006 ] ], [ [ 432259.833558081183583, 6065693.544268255122006 ], [ 432246.760609433811624, 6065697.023435011506081 ] ], [ [ 432259.833558081183583, 6065693.544268255122006 ], [ 432273.099021566682495, 6065690.017736749723554 ] ], [ [ 432273.099021566682495, 6065690.017736749723554 ], [ 432259.833558081183583, 6065693.544268255122006 ] ], [ [ 432273.099021566682495, 6065690.017736749723554 ], [ 432301.774196476384532, 6065681.218752126209438 ] ], [ [ 432301.774196476384532, 6065681.218752126209438 ], [ 432273.099021566682495, 6065690.017736749723554 ] ], [ [ 432301.774196476384532, 6065681.218752126209438 ], [ 432382.07383251702413, 6065657.757691984064877 ] ], [ [ 432382.07383251702413, 6065657.757691984064877 ], [ 432301.774196476384532, 6065681.218752126209438 ] ], [ [ 432382.07383251702413, 6065657.757691984064877 ], [ 432424.214285434107296, 6065644.554982436820865 ] ], [ [ 432435.381117875804193, 6065641.056464594788849 ], [ 432424.214285434107296, 6065644.554982436820865 ] ], [ [ 432435.381117875804193, 6065641.056464594788849 ], [ 432452.213992674020119, 6065636.186123014427722 ] ], [ [ 432452.213992674020119, 6065636.186123014427722 ], [ 432435.381117875804193, 6065641.056464594788849 ] ], [ [ 432452.213992674020119, 6065636.186123014427722 ], [ 432448.543744749156758, 6065625.033816346898675 ] ], [ [ 432452.213992674020119, 6065636.186123014427722 ], [ 432462.487250243313611, 6065633.239096000790596 ] ], [ [ 432452.213992674020119, 6065636.186123014427722 ], [ 432455.231428552127909, 6065645.890256830491126 ] ], [ [ 431753.664713795064017, 6066092.535436848178506 ], [ 431763.110201469331514, 6066102.242199174128473 ] ], [ [ 431753.664713795064017, 6066092.535436848178506 ], [ 431751.7400975713972, 6066084.918669085018337 ] ], [ [ 431753.664713795064017, 6066092.535436848178506 ], [ 431756.665168590145186, 6066104.44300034083426 ] ], [ [ 431763.110201469331514, 6066102.242199174128473 ], [ 431753.664713795064017, 6066092.535436848178506 ] ], [ [ 431763.110201469331514, 6066102.242199174128473 ], [ 431772.490329044754617, 6066107.197747499682009 ] ], [ [ 431772.490329044754617, 6066107.197747499682009 ], [ 431763.110201469331514, 6066102.242199174128473 ] ], [ [ 431772.490329044754617, 6066107.197747499682009 ], [ 431781.542231054627337, 6066108.329785199835896 ] ], [ [ 431781.542231054627337, 6066108.329785199835896 ], [ 431772.490329044754617, 6066107.197747499682009 ] ], [ [ 431781.542231054627337, 6066108.329785199835896 ], [ 431790.558342623640783, 6066107.091836151666939 ] ], [ [ 431790.558342623640783, 6066107.091836151666939 ], [ 431781.542231054627337, 6066108.329785199835896 ] ], [ [ 431790.558342623640783, 6066107.091836151666939 ], [ 431808.949490757018793, 6066101.516623602248728 ] ], [ [ 431790.558342623640783, 6066107.091836151666939 ], [ 431790.567427666101139, 6066110.252425892278552 ] ], [ [ 431808.949490757018793, 6066101.516623602248728 ], [ 431790.558342623640783, 6066107.091836151666939 ] ], [ [ 431808.949490757018793, 6066101.516623602248728 ], [ 431949.401974506559782, 6066062.026418207213283 ] ], [ [ 431790.599057866726071, 6066121.303363312035799 ], [ 431762.578297931933776, 6066161.669684486463666 ] ], [ [ 431790.599057866726071, 6066121.303363312035799 ], [ 431812.984601745556574, 6066115.000095522962511 ] ], [ [ 431790.599057866726071, 6066121.303363312035799 ], [ 431761.233902490290347, 6066122.548166162334383 ] ], [ [ 431790.599057866726071, 6066121.303363312035799 ], [ 431790.57068640133366, 6066112.600663246586919 ] ], [ [ 431762.578297931933776, 6066161.669684486463666 ], [ 431790.599057866726071, 6066121.303363312035799 ] ], [ [ 431762.578297931933776, 6066161.669684486463666 ], [ 431760.270600526302587, 6066165.77787683904171 ] ], [ [ 431762.578297931933776, 6066161.669684486463666 ], [ 431750.409483211755287, 6066123.012183497659862 ] ], [ [ 431762.578297931933776, 6066161.669684486463666 ], [ 431761.233902490290347, 6066122.548166162334383 ] ], [ [ 432831.587152878753841, 6065525.069415330886841 ], [ 432834.677486262051389, 6065535.395938716828823 ] ], [ [ 432831.587152878753841, 6065525.069415330886841 ], [ 432815.671443882398307, 6065529.735489646904171 ] ], [ [ 432831.587152878753841, 6065525.069415330886841 ], [ 432848.51909658923978, 6065520.310389403253794 ] ], [ [ 432831.587152878753841, 6065525.069415330886841 ], [ 432827.7436998935882, 6065512.172103753313422 ] ], [ [ 432834.677486262051389, 6065535.395938716828823 ], [ 432831.587152878753841, 6065525.069415330886841 ] ], [ [ 432834.677486262051389, 6065535.395938716828823 ], [ 432843.921394060482271, 6065568.891134449280798 ] ], [ [ 432728.580967503192369, 6065842.661765339784324 ], [ 432746.315230972191785, 6065837.491966006346047 ] ], [ [ 432728.580967503192369, 6065842.661765339784324 ], [ 432710.827710677462164, 6065847.766113288700581 ] ], [ [ 432670.490274420706555, 6065859.364079393446445 ], [ 432728.580967503192369, 6065842.661765339784324 ] ], [ [ 432670.490274420706555, 6065859.364079393446445 ], [ 432602.899527533503715, 6065879.414095631800592 ] ], [ [ 432602.899527533503715, 6065879.414095631800592 ], [ 432670.490274420706555, 6065859.364079393446445 ] ], [ [ 432602.899527533503715, 6065879.414095631800592 ], [ 432560.595117470249534, 6065891.452913231216371 ] ], [ [ 432560.595117470249534, 6065891.452913231216371 ], [ 432602.899527533503715, 6065879.414095631800592 ] ], [ [ 432560.595117470249534, 6065891.452913231216371 ], [ 432534.581815721758176, 6065899.475992859341204 ] ], [ [ 432534.581815721758176, 6065899.475992859341204 ], [ 432560.595117470249534, 6065891.452913231216371 ] ], [ [ 432534.581815721758176, 6065899.475992859341204 ], [ 432512.138981096097268, 6065905.954562019556761 ] ], [ [ 432534.581815721758176, 6065899.475992859341204 ], [ 432538.82978257117793, 6065912.255740984342992 ] ], [ [ 432534.581815721758176, 6065899.475992859341204 ], [ 432532.494668783037923, 6065893.397189781069756 ] ], [ [ 432284.53721034724731, 6064589.695106595754623 ], [ 432290.859878523857333, 6064587.571320249699056 ] ], [ [ 432284.53721034724731, 6064589.695106595754623 ], [ 432278.213575350353494, 6064591.816065364517272 ] ], [ [ 432261.161585272871889, 6064597.535388085059822 ], [ 432284.53721034724731, 6064589.695106595754623 ] ], [ [ 432261.161585272871889, 6064597.535388085059822 ], [ 432253.457522940181661, 6064600.13268724642694 ] ], [ [ 432253.457522940181661, 6064600.13268724642694 ], [ 432261.161585272871889, 6064597.535388085059822 ] ], [ [ 432253.457522940181661, 6064600.13268724642694 ], [ 432216.05372163944412, 6064612.689911016263068 ] ], [ [ 432193.426389790023677, 6064620.286554773338139 ], [ 432253.457522940181661, 6064600.13268724642694 ] ], [ [ 432193.426389790023677, 6064620.286554773338139 ], [ 432165.340353470586706, 6064629.722721357829869 ] ], [ [ 432165.340353470586706, 6064629.722721357829869 ], [ 432193.426389790023677, 6064620.286554773338139 ] ], [ [ 432165.340353470586706, 6064629.722721357829869 ], [ 432157.57216241734568, 6064632.332278275862336 ] ], [ [ 432157.57216241734568, 6064632.332278275862336 ], [ 432165.340353470586706, 6064629.722721357829869 ] ], [ [ 432157.57216241734568, 6064632.332278275862336 ], [ 432163.066823991306592, 6064651.636997849680483 ] ], [ [ 432157.57216241734568, 6064632.332278275862336 ], [ 432151.46807957382407, 6064611.912656819447875 ] ], [ [ 432372.722046228183899, 6065371.574737990275025 ], [ 432377.444136902573518, 6065387.140697102062404 ] ], [ [ 432372.722046228183899, 6065371.574737990275025 ], [ 432383.301615897275042, 6065368.400374521501362 ] ], [ [ 432372.722046228183899, 6065371.574737990275025 ], [ 432368.625307057169266, 6065355.621028029359877 ] ], [ [ 432377.444136902573518, 6065387.140697102062404 ], [ 432372.722046228183899, 6065371.574737990275025 ] ], [ [ 432377.444136902573518, 6065387.140697102062404 ], [ 432408.328583204478491, 6065494.454483228735626 ] ], [ [ 432408.328583204478491, 6065494.454483228735626 ], [ 432377.444136902573518, 6065387.140697102062404 ] ], [ [ 432408.328583204478491, 6065494.454483228735626 ], [ 432430.913009770447388, 6065570.096245061606169 ] ], [ [ 432430.913009770447388, 6065570.096245061606169 ], [ 432408.328583204478491, 6065494.454483228735626 ] ], [ [ 432430.913009770447388, 6065570.096245061606169 ], [ 432448.543744749156758, 6065625.033816346898675 ] ], [ [ 432448.543744749156758, 6065625.033816346898675 ], [ 432430.913009770447388, 6065570.096245061606169 ] ], [ [ 432448.543744749156758, 6065625.033816346898675 ], [ 432452.213992674020119, 6065636.186123014427722 ] ], [ [ 432462.487250243313611, 6065633.239096000790596 ], [ 432452.213992674020119, 6065636.186123014427722 ] ], [ [ 432462.487250243313611, 6065633.239096000790596 ], [ 432557.599517398222815, 6065605.352933144196868 ] ], [ [ 432557.599517398222815, 6065605.352933144196868 ], [ 432462.487250243313611, 6065633.239096000790596 ] ], [ [ 432557.599517398222815, 6065605.352933144196868 ], [ 432639.189491768949665, 6065581.443201469257474 ] ], [ [ 432639.189491768949665, 6065581.443201469257474 ], [ 432557.599517398222815, 6065605.352933144196868 ] ], [ [ 432639.189491768949665, 6065581.443201469257474 ], [ 432648.827194008801598, 6065578.61737182084471 ] ], [ [ 432648.827194008801598, 6065578.61737182084471 ], [ 432639.189491768949665, 6065581.443201469257474 ] ], [ [ 432648.827194008801598, 6065578.61737182084471 ], [ 432653.283826593367849, 6065577.315591933205724 ] ], [ [ 432653.283826593367849, 6065577.315591933205724 ], [ 432648.827194008801598, 6065578.61737182084471 ] ], [ [ 432653.283826593367849, 6065577.315591933205724 ], [ 432704.672473842801992, 6065562.259927828796208 ] ], [ [ 432704.672473842801992, 6065562.259927828796208 ], [ 432653.283826593367849, 6065577.315591933205724 ] ], [ [ 432704.672473842801992, 6065562.259927828796208 ], [ 432716.887937461200636, 6065558.672450166195631 ] ], [ [ 432716.887937461200636, 6065558.672450166195631 ], [ 432704.672473842801992, 6065562.259927828796208 ] ], [ [ 432716.887937461200636, 6065558.672450166195631 ], [ 432759.530519662308507, 6065546.184977375902236 ] ], [ [ 432759.530519662308507, 6065546.184977375902236 ], [ 432716.887937461200636, 6065558.672450166195631 ] ], [ [ 432759.530519662308507, 6065546.184977375902236 ], [ 432815.671443882398307, 6065529.735489646904171 ] ], [ [ 432815.671443882398307, 6065529.735489646904171 ], [ 432759.530519662308507, 6065546.184977375902236 ] ], [ [ 432815.671443882398307, 6065529.735489646904171 ], [ 432831.587152878753841, 6065525.069415330886841 ] ], [ [ 431898.88039411540376, 6064403.687528566457331 ], [ 431931.749137078411877, 6064393.422290315851569 ] ], [ [ 431898.88039411540376, 6064403.687528566457331 ], [ 431888.166118813154753, 6064407.031946953386068 ] ], [ [ 431888.166118813154753, 6064407.031946953386068 ], [ 431898.88039411540376, 6064403.687528566457331 ] ], [ [ 431888.166118813154753, 6064407.031946953386068 ], [ 431866.295227121619973, 6064413.861080316826701 ] ], [ [ 431866.295227121619973, 6064413.861080316826701 ], [ 431888.166118813154753, 6064407.031946953386068 ] ], [ [ 431866.295227121619973, 6064413.861080316826701 ], [ 431855.939993150474038, 6064417.08887111954391 ] ], [ [ 431855.939993150474038, 6064417.08887111954391 ], [ 431866.295227121619973, 6064413.861080316826701 ] ], [ [ 431855.939993150474038, 6064417.08887111954391 ], [ 431780.13318192330189, 6064440.763059894554317 ] ], [ [ 431771.163000844535418, 6064443.564514973200858 ], [ 431855.939993150474038, 6064417.08887111954391 ] ], [ [ 431771.163000844535418, 6064443.564514973200858 ], [ 431707.430376901640557, 6064463.480217448435724 ] ], [ [ 431707.430376901640557, 6064463.480217448435724 ], [ 431771.163000844535418, 6064443.564514973200858 ] ], [ [ 431707.430376901640557, 6064463.480217448435724 ], [ 431695.164668349549174, 6064467.304842674173415 ] ], [ [ 431695.164668349549174, 6064467.304842674173415 ], [ 431707.430376901640557, 6064463.480217448435724 ] ], [ [ 431695.164668349549174, 6064467.304842674173415 ], [ 431690.230281526164617, 6064454.102163605391979 ] ], [ [ 431695.164668349549174, 6064467.304842674173415 ], [ 431698.921719737001695, 6064476.774744818918407 ] ], [ [ 431695.164668349549174, 6064467.304842674173415 ], [ 431681.778887288761325, 6064470.756906223483384 ] ], [ [ 432129.761577456083614, 6064538.273407747969031 ], [ 432117.480786889151204, 6064497.566984036006033 ] ], [ [ 432129.761577456083614, 6064538.273407747969031 ], [ 432134.988333481829613, 6064556.024020243436098 ] ], [ [ 432134.988333481829613, 6064556.024020243436098 ], [ 432129.761577456083614, 6064538.273407747969031 ] ], [ [ 432134.988333481829613, 6064556.024020243436098 ], [ 432140.587980733893346, 6064575.015518360771239 ] ], [ [ 432848.51909658923978, 6065520.310389403253794 ], [ 432831.587152878753841, 6065525.069415330886841 ] ], [ [ 432848.51909658923978, 6065520.310389403253794 ], [ 432897.884688054327853, 6065506.422202981077135 ] ], [ [ 432897.884688054327853, 6065506.422202981077135 ], [ 432866.767618154699448, 6065515.176399267278612 ] ], [ [ 432897.884688054327853, 6065506.422202981077135 ], [ 432929.000922374951188, 6065497.665294512175024 ] ], [ [ 431760.270600526302587, 6066165.77787683904171 ], [ 431762.578297931933776, 6066161.669684486463666 ] ], [ [ 431760.270600526302587, 6066165.77787683904171 ], [ 431757.92421212582849, 6066169.029697117395699 ] ], [ [ 431757.92421212582849, 6066169.029697117395699 ], [ 431760.270600526302587, 6066165.77787683904171 ] ], [ [ 431757.92421212582849, 6066169.029697117395699 ], [ 431740.96345253684558, 6066192.535111128352582 ] ], [ [ 431740.96345253684558, 6066192.535111128352582 ], [ 431757.92421212582849, 6066169.029697117395699 ] ], [ [ 431740.96345253684558, 6066192.535111128352582 ], [ 431723.077837710618041, 6066214.485337642021477 ] ], [ [ 431723.077837710618041, 6066214.485337642021477 ], [ 431740.96345253684558, 6066192.535111128352582 ] ], [ [ 431723.077837710618041, 6066214.485337642021477 ], [ 431705.406825682846829, 6066236.988861428573728 ] ], [ [ 431149.152739648183342, 6065438.74426510091871 ], [ 431152.628939017886296, 6065449.620312318205833 ] ], [ [ 431149.152739648183342, 6065438.74426510091871 ], [ 431145.398442423087545, 6065426.525807544589043 ] ], [ [ 431149.152739648183342, 6065438.74426510091871 ], [ 431158.621621613798197, 6065435.439255273900926 ] ], [ [ 431152.628939017886296, 6065449.620312318205833 ], [ 431149.152739648183342, 6065438.74426510091871 ] ], [ [ 431152.628939017886296, 6065449.620312318205833 ], [ 431213.444848484708928, 6065653.199093537405133 ] ], [ [ 431100.396608239738271, 6065263.833011133596301 ], [ 431089.111615756410174, 6065223.06367629673332 ] ], [ [ 431100.396608239738271, 6065263.833011133596301 ], [ 431111.685419568733778, 6065304.601289097219706 ] ], [ [ 431112.849706581328064, 6065308.806021986529231 ], [ 431100.396608239738271, 6065263.833011133596301 ] ], [ [ 431112.849706581328064, 6065308.806021986529231 ], [ 431131.552983710716944, 6065376.365401896648109 ] ], [ [ 431131.552983710716944, 6065376.365401896648109 ], [ 431112.849706581328064, 6065308.806021986529231 ] ], [ [ 431131.552983710716944, 6065376.365401896648109 ], [ 431135.438362906570546, 6065390.418192795477808 ] ], [ [ 431135.438362906570546, 6065390.418192795477808 ], [ 431131.552983710716944, 6065376.365401896648109 ] ], [ [ 431135.438362906570546, 6065390.418192795477808 ], [ 431145.398442423087545, 6065426.525807544589043 ] ], [ [ 431145.398442423087545, 6065426.525807544589043 ], [ 431135.438362906570546, 6065390.418192795477808 ] ], [ [ 431145.398442423087545, 6065426.525807544589043 ], [ 431149.152739648183342, 6065438.74426510091871 ] ], [ [ 432383.301615897275042, 6065368.400374521501362 ], [ 432372.722046228183899, 6065371.574737990275025 ] ], [ [ 432383.301615897275042, 6065368.400374521501362 ], [ 432419.176737033878453, 6065357.680380965583026 ] ], [ [ 432419.176737033878453, 6065357.680380965583026 ], [ 432383.301615897275042, 6065368.400374521501362 ] ], [ [ 432419.176737033878453, 6065357.680380965583026 ], [ 432434.12077350274194, 6065352.898411002010107 ] ], [ [ 432479.450117203814443, 6065338.39375420846045 ], [ 432434.12077350274194, 6065352.898411002010107 ] ], [ [ 432479.450117203814443, 6065338.39375420846045 ], [ 432505.761513711302541, 6065330.710988809354603 ] ], [ [ 432505.761513711302541, 6065330.710988809354603 ], [ 432479.450117203814443, 6065338.39375420846045 ] ], [ [ 432505.761513711302541, 6065330.710988809354603 ], [ 432551.651052863977384, 6065317.305012723430991 ] ], [ [ 432551.651052863977384, 6065317.305012723430991 ], [ 432505.761513711302541, 6065330.710988809354603 ] ], [ [ 432551.651052863977384, 6065317.305012723430991 ], [ 432566.066321075428277, 6065313.483978361822665 ] ], [ [ 432566.066321075428277, 6065313.483978361822665 ], [ 432551.651052863977384, 6065317.305012723430991 ] ], [ [ 432566.066321075428277, 6065313.483978361822665 ], [ 432574.346698109933641, 6065310.733905684202909 ] ], [ [ 432574.346698109933641, 6065310.733905684202909 ], [ 432566.066321075428277, 6065313.483978361822665 ] ], [ [ 432574.346698109933641, 6065310.733905684202909 ], [ 432632.144030482042581, 6065294.201832123100758 ] ], [ [ 432632.144030482042581, 6065294.201832123100758 ], [ 432576.540324507805053, 6065310.106435548514128 ] ], [ [ 432632.144030482042581, 6065294.201832123100758 ], [ 432649.735261159949005, 6065289.120629382319748 ] ], [ [ 432649.735261159949005, 6065289.120629382319748 ], [ 432632.144030482042581, 6065294.201832123100758 ] ], [ [ 432649.735261159949005, 6065289.120629382319748 ], [ 432674.015561750507914, 6065282.114627741277218 ] ], [ [ 432674.015561750507914, 6065282.114627741277218 ], [ 432660.321854207082652, 6065286.065883747301996 ] ], [ [ 432674.015561750507914, 6065282.114627741277218 ], [ 432687.752530924219172, 6065278.316593308001757 ] ], [ [ 432455.231428552127909, 6065645.890256830491126 ], [ 432452.213992674020119, 6065636.186123014427722 ] ], [ [ 432455.231428552127909, 6065645.890256830491126 ], [ 432472.780204580631107, 6065702.27594705298543 ] ], [ [ 432472.780204580631107, 6065702.27594705298543 ], [ 432455.231428552127909, 6065645.890256830491126 ] ], [ [ 432472.780204580631107, 6065702.27594705298543 ], [ 432491.525736095150933, 6065762.494547254405916 ] ], [ [ 432491.525736095150933, 6065762.494547254405916 ], [ 432472.780204580631107, 6065702.27594705298543 ] ], [ [ 432491.525736095150933, 6065762.494547254405916 ], [ 432516.913739866926335, 6065844.060108553618193 ] ], [ [ 432516.913739866926335, 6065844.060108553618193 ], [ 432491.525736095150933, 6065762.494547254405916 ] ], [ [ 432516.913739866926335, 6065844.060108553618193 ], [ 432517.887757405347656, 6065847.18401516135782 ] ], [ [ 432517.887757405347656, 6065847.18401516135782 ], [ 432516.913739866926335, 6065844.060108553618193 ] ], [ [ 432517.887757405347656, 6065847.18401516135782 ], [ 432523.616318160202354, 6065866.385484956204891 ] ], [ [ 432523.616318160202354, 6065866.385484956204891 ], [ 432517.887757405347656, 6065847.18401516135782 ] ], [ [ 432523.616318160202354, 6065866.385484956204891 ], [ 432530.152053340163548, 6065886.598799995146692 ] ], [ [ 432163.066823991306592, 6064651.636997849680483 ], [ 432157.57216241734568, 6064632.332278275862336 ] ], [ [ 432163.066823991306592, 6064651.636997849680483 ], [ 432178.410181683429983, 6064704.816110423766077 ] ], [ [ 432178.410181683429983, 6064704.816110423766077 ], [ 432163.066823991306592, 6064651.636997849680483 ] ], [ [ 432178.410181683429983, 6064704.816110423766077 ], [ 432208.401279991900083, 6064808.669699246063828 ] ], [ [ 432208.401279991900083, 6064808.669699246063828 ], [ 432178.410181683429983, 6064704.816110423766077 ] ], [ [ 432208.401279991900083, 6064808.669699246063828 ], [ 432212.050163038133178, 6064821.32459728512913 ] ], [ [ 432212.050163038133178, 6064821.32459728512913 ], [ 432208.401279991900083, 6064808.669699246063828 ] ], [ [ 432212.050163038133178, 6064821.32459728512913 ], [ 432198.883776248898357, 6064825.183638916350901 ] ], [ [ 432212.050163038133178, 6064821.32459728512913 ], [ 432225.346038999326993, 6064817.508169710636139 ] ], [ [ 432212.050163038133178, 6064821.32459728512913 ], [ 432215.047244247922208, 6064831.752290258184075 ] ], [ [ 432827.7436998935882, 6065512.172103753313422 ], [ 432805.149237144854851, 6065427.394076338037848 ] ], [ [ 432827.7436998935882, 6065512.172103753313422 ], [ 432831.587152878753841, 6065525.069415330886841 ] ], [ [ 432290.082035447587259, 6065092.610539412125945 ], [ 432293.738284952181857, 6065103.206472538411617 ] ], [ [ 432290.082035447587259, 6065092.610539412125945 ], [ 432301.363629088271409, 6065089.392092197202146 ] ], [ [ 432290.082035447587259, 6065092.610539412125945 ], [ 432287.296244358818512, 6065082.93642483651638 ] ], [ [ 432290.082035447587259, 6065092.610539412125945 ], [ 432276.123044740990736, 6065096.826257732696831 ] ], [ [ 432293.738284952181857, 6065103.206472538411617 ], [ 432290.082035447587259, 6065092.610539412125945 ] ], [ [ 432293.738284952181857, 6065103.206472538411617 ], [ 432318.764588930178434, 6065184.676255348138511 ] ], [ [ 432318.764588930178434, 6065184.676255348138511 ], [ 432293.738284952181857, 6065103.206472538411617 ] ], [ [ 432318.764588930178434, 6065184.676255348138511 ], [ 432364.032491128600668, 6065336.647584278136492 ] ], [ [ 432364.032491128600668, 6065336.647584278136492 ], [ 432318.764588930178434, 6065184.676255348138511 ] ], [ [ 432364.032491128600668, 6065336.647584278136492 ], [ 432368.625307057169266, 6065355.621028029359877 ] ], [ [ 432368.625307057169266, 6065355.621028029359877 ], [ 432364.032491128600668, 6065336.647584278136492 ] ], [ [ 432368.625307057169266, 6065355.621028029359877 ], [ 432372.722046228183899, 6065371.574737990275025 ] ], [ [ 432363.383994943927974, 6066560.077403489500284 ], [ 432373.776241903949995, 6066585.308306684717536 ] ], [ [ 432363.383994943927974, 6066560.077403489500284 ], [ 432349.499955861771014, 6066536.586362425237894 ] ], [ [ 432338.920498196093831, 6066518.686682166531682 ], [ 432363.383994943927974, 6066560.077403489500284 ] ], [ [ 432338.920498196093831, 6066518.686682166531682 ], [ 432298.249877796159126, 6066457.99593445751816 ] ], [ [ 432298.249877796159126, 6066457.99593445751816 ], [ 432338.920498196093831, 6066518.686682166531682 ] ], [ [ 432298.249877796159126, 6066457.99593445751816 ], [ 432286.707370958523825, 6066436.277626179158688 ] ], [ [ 432286.707370958523825, 6066436.277626179158688 ], [ 432298.249877796159126, 6066457.99593445751816 ] ], [ [ 432286.707370958523825, 6066436.277626179158688 ], [ 432268.055823759292252, 6066394.800142895430326 ] ], [ [ 432268.055823759292252, 6066394.800142895430326 ], [ 432286.707370958523825, 6066436.277626179158688 ] ], [ [ 432268.055823759292252, 6066394.800142895430326 ], [ 432261.839684400823899, 6066380.046873929910362 ] ], [ [ 432261.839684400823899, 6066380.046873929910362 ], [ 432268.055823759292252, 6066394.800142895430326 ] ], [ [ 432261.839684400823899, 6066380.046873929910362 ], [ 432249.00714297965169, 6066350.479587700217962 ] ], [ [ 432249.00714297965169, 6066350.479587700217962 ], [ 432261.839684400823899, 6066380.046873929910362 ] ], [ [ 432249.00714297965169, 6066350.479587700217962 ], [ 432245.630514113116078, 6066343.01795838214457 ] ], [ [ 432245.630514113116078, 6066343.01795838214457 ], [ 432249.00714297965169, 6066350.479587700217962 ] ], [ [ 432245.630514113116078, 6066343.01795838214457 ], [ 432234.542648157163057, 6066314.726669048890471 ] ], [ [ 432234.542648157163057, 6066314.726669048890471 ], [ 432245.630514113116078, 6066343.01795838214457 ] ], [ [ 432234.542648157163057, 6066314.726669048890471 ], [ 432232.596898596966639, 6066308.645874532870948 ] ], [ [ 432232.596898596966639, 6066308.645874532870948 ], [ 432234.542648157163057, 6066314.726669048890471 ] ], [ [ 432232.596898596966639, 6066308.645874532870948 ], [ 432222.727403125027195, 6066280.024713351391256 ] ], [ [ 432222.727403125027195, 6066280.024713351391256 ], [ 432232.596898596966639, 6066308.645874532870948 ] ], [ [ 432222.727403125027195, 6066280.024713351391256 ], [ 432193.540267444390338, 6066180.666314673610032 ] ], [ [ 432193.540267444390338, 6066180.666314673610032 ], [ 432222.727403125027195, 6066280.024713351391256 ] ], [ [ 432193.540267444390338, 6066180.666314673610032 ], [ 432191.38172766554635, 6066173.28660274669528 ] ], [ [ 432191.38172766554635, 6066173.28660274669528 ], [ 432193.540267444390338, 6066180.666314673610032 ] ], [ [ 432191.38172766554635, 6066173.28660274669528 ], [ 432170.522232263116166, 6066098.966688795946538 ] ], [ [ 432170.522232263116166, 6066098.966688795946538 ], [ 432191.38172766554635, 6066173.28660274669528 ] ], [ [ 432170.522232263116166, 6066098.966688795946538 ], [ 432166.803319879749324, 6066085.455915029160678 ] ], [ [ 432166.803319879749324, 6066085.455915029160678 ], [ 432170.522232263116166, 6066098.966688795946538 ] ], [ [ 432166.803319879749324, 6066085.455915029160678 ], [ 432155.719186300877482, 6066046.335941381752491 ] ], [ [ 432155.719186300877482, 6066046.335941381752491 ], [ 432166.803319879749324, 6066085.455915029160678 ] ], [ [ 432155.719186300877482, 6066046.335941381752491 ], [ 432150.110479768365622, 6066028.34619605075568 ] ], [ [ 432150.110479768365622, 6066028.34619605075568 ], [ 432155.719186300877482, 6066046.335941381752491 ] ], [ [ 432150.110479768365622, 6066028.34619605075568 ], [ 432147.20006218389608, 6066017.650136172771454 ] ], [ [ 432147.20006218389608, 6066017.650136172771454 ], [ 432150.110479768365622, 6066028.34619605075568 ] ], [ [ 432147.20006218389608, 6066017.650136172771454 ], [ 432152.017794770246837, 6066012.558463042601943 ] ], [ [ 432147.20006218389608, 6066017.650136172771454 ], [ 432144.764094614249188, 6066012.389178673736751 ] ], [ [ 432147.20006218389608, 6066017.650136172771454 ], [ 432134.90884359262418, 6066021.229202701710165 ] ], [ [ 432674.541698986315168, 6064982.818881155923009 ], [ 432659.411325131542981, 6064987.139885272830725 ] ], [ [ 432674.541698986315168, 6064982.818881155923009 ], [ 432671.38771008013282, 6064971.725489652715623 ] ], [ [ 432674.541698986315168, 6064982.818881155923009 ], [ 432689.345330102427397, 6064978.614087614230812 ] ], [ [ 432674.541698986315168, 6064982.818881155923009 ], [ 432678.99208347662352, 6064997.487710193730891 ] ], [ [ 432659.411325131542981, 6064987.139885272830725 ], [ 432674.541698986315168, 6064982.818881155923009 ] ], [ [ 432659.411325131542981, 6064987.139885272830725 ], [ 432595.926903849525843, 6065005.269914173521101 ] ], [ [ 432595.926903849525843, 6065005.269914173521101 ], [ 432659.411325131542981, 6064987.139885272830725 ] ], [ [ 432595.926903849525843, 6065005.269914173521101 ], [ 432587.697930272785015, 6065007.61851317808032 ] ], [ [ 432587.697930272785015, 6065007.61851317808032 ], [ 432595.926903849525843, 6065005.269914173521101 ] ], [ [ 432587.697930272785015, 6065007.61851317808032 ], [ 432551.030000303988345, 6065018.081823385320604 ] ], [ [ 432551.030000303988345, 6065018.081823385320604 ], [ 432587.697930272785015, 6065007.61851317808032 ] ], [ [ 432551.030000303988345, 6065018.081823385320604 ], [ 432527.376044018659741, 6065024.845388935878873 ] ], [ [ 432527.376044018659741, 6065024.845388935878873 ], [ 432551.030000303988345, 6065018.081823385320604 ] ], [ [ 432527.376044018659741, 6065024.845388935878873 ], [ 432503.972140716330614, 6065031.527440246194601 ] ], [ [ 432503.972140716330614, 6065031.527440246194601 ], [ 432527.376044018659741, 6065024.845388935878873 ] ], [ [ 432503.972140716330614, 6065031.527440246194601 ], [ 432487.30270802648738, 6065036.283798513934016 ] ], [ [ 432487.30270802648738, 6065036.283798513934016 ], [ 432503.972140716330614, 6065031.527440246194601 ] ], [ [ 432487.30270802648738, 6065036.283798513934016 ], [ 432478.181886656326242, 6065038.857379625551403 ] ], [ [ 432478.181886656326242, 6065038.857379625551403 ], [ 432487.30270802648738, 6065036.283798513934016 ] ], [ [ 432478.181886656326242, 6065038.857379625551403 ], [ 432465.155441708979197, 6065042.568884785287082 ] ], [ [ 432465.155441708979197, 6065042.568884785287082 ], [ 432478.181886656326242, 6065038.857379625551403 ] ], [ [ 432465.155441708979197, 6065042.568884785287082 ], [ 432458.242075669346377, 6065044.586441967636347 ] ], [ [ 432458.242075669346377, 6065044.586441967636347 ], [ 432465.155441708979197, 6065042.568884785287082 ] ], [ [ 432458.242075669346377, 6065044.586441967636347 ], [ 432369.258419457939453, 6065070.001031664200127 ] ], [ [ 432369.258419457939453, 6065070.001031664200127 ], [ 432458.242075669346377, 6065044.586441967636347 ] ], [ [ 432369.258419457939453, 6065070.001031664200127 ], [ 432301.363629088271409, 6065089.392092197202146 ] ], [ [ 432301.363629088271409, 6065089.392092197202146 ], [ 432369.258419457939453, 6065070.001031664200127 ] ], [ [ 432301.363629088271409, 6065089.392092197202146 ], [ 432290.082035447587259, 6065092.610539412125945 ] ], [ [ 431525.697710006381385, 6065321.51751577667892 ], [ 431516.280555322009604, 6065324.442563655786216 ] ], [ [ 431525.697710006381385, 6065321.51751577667892 ], [ 431530.43293135217391, 6065337.327301776967943 ] ], [ [ 431525.697710006381385, 6065321.51751577667892 ], [ 431521.803762546682265, 6065308.521832535043359 ] ], [ [ 431525.697710006381385, 6065321.51751577667892 ], [ 431529.005713925347663, 6065320.499136548489332 ] ], [ [ 431516.280555322009604, 6065324.442563655786216 ], [ 431525.697710006381385, 6065321.51751577667892 ] ], [ [ 431516.280555322009604, 6065324.442563655786216 ], [ 431387.550124783592764, 6065364.390980153344572 ] ], [ [ 431387.550124783592764, 6065364.390980153344572 ], [ 431516.280555322009604, 6065324.442563655786216 ] ], [ [ 431387.550124783592764, 6065364.390980153344572 ], [ 431350.657695295638405, 6065375.83582126814872 ] ], [ [ 431350.657695295638405, 6065375.83582126814872 ], [ 431387.550124783592764, 6065364.390980153344572 ] ], [ [ 431350.657695295638405, 6065375.83582126814872 ], [ 431339.067674841673579, 6065379.439757941290736 ] ], [ [ 431339.067674841673579, 6065379.439757941290736 ], [ 431350.657695295638405, 6065375.83582126814872 ] ], [ [ 431339.067674841673579, 6065379.439757941290736 ], [ 431329.522477367485408, 6065382.400534317828715 ] ], [ [ 431329.522477367485408, 6065382.400534317828715 ], [ 431339.067674841673579, 6065379.439757941290736 ] ], [ [ 431329.522477367485408, 6065382.400534317828715 ], [ 431323.509393968153745, 6065384.261487550102174 ] ], [ [ 431323.509393968153745, 6065384.261487550102174 ], [ 431329.522477367485408, 6065382.400534317828715 ] ], [ [ 431323.509393968153745, 6065384.261487550102174 ], [ 431244.750898469181266, 6065408.697287916205823 ] ], [ [ 431244.750898469181266, 6065408.697287916205823 ], [ 431323.509393968153745, 6065384.261487550102174 ] ], [ [ 431244.750898469181266, 6065408.697287916205823 ], [ 431233.609750757168513, 6065412.161116619594395 ] ], [ [ 431233.609750757168513, 6065412.161116619594395 ], [ 431244.750898469181266, 6065408.697287916205823 ] ], [ [ 431233.609750757168513, 6065412.161116619594395 ], [ 431221.949249632423744, 6065415.777560018934309 ] ], [ [ 431221.949249632423744, 6065415.777560018934309 ], [ 431233.609750757168513, 6065412.161116619594395 ] ], [ [ 431221.949249632423744, 6065415.777560018934309 ], [ 431158.621621613798197, 6065435.439255273900926 ] ], [ [ 431158.621621613798197, 6065435.439255273900926 ], [ 431221.949249632423744, 6065415.777560018934309 ] ], [ [ 431158.621621613798197, 6065435.439255273900926 ], [ 431149.152739648183342, 6065438.74426510091871 ] ], [ [ 432512.138981096097268, 6065905.954562019556761 ], [ 432534.581815721758176, 6065899.475992859341204 ] ], [ [ 432512.138981096097268, 6065905.954562019556761 ], [ 432347.962232659803703, 6065953.372435555793345 ] ], [ [ 432347.962232659803703, 6065953.372435555793345 ], [ 432512.138981096097268, 6065905.954562019556761 ] ], [ [ 432347.962232659803703, 6065953.372435555793345 ], [ 432336.477759443805553, 6065956.660632755607367 ] ], [ [ 432336.477759443805553, 6065956.660632755607367 ], [ 432347.962232659803703, 6065953.372435555793345 ] ], [ [ 432336.477759443805553, 6065956.660632755607367 ], [ 432325.904550623206887, 6065959.734881417825818 ] ], [ [ 432160.942841968615539, 6066007.382855922915041 ], [ 432152.017794770246837, 6066012.558463042601943 ] ], [ [ 432160.942841968615539, 6066007.382855922915041 ], [ 432178.191051851550583, 6066002.405053141526878 ] ], [ [ 432152.017794770246837, 6066012.558463042601943 ], [ 432160.942841968615539, 6066007.382855922915041 ] ], [ [ 432152.017794770246837, 6066012.558463042601943 ], [ 432147.20006218389608, 6066017.650136172771454 ] ], [ [ 432066.504749546526, 6065735.92268221732229 ], [ 432070.428992309374735, 6065748.918344254605472 ] ], [ [ 432066.504749546526, 6065735.92268221732229 ], [ 432032.606453584041446, 6065621.366693217307329 ] ], [ [ 432032.606453584041446, 6065621.366693217307329 ], [ 432066.504749546526, 6065735.92268221732229 ] ], [ [ 432032.606453584041446, 6065621.366693217307329 ], [ 432031.257575190160424, 6065616.467835218645632 ] ], [ [ 432144.764094614249188, 6066012.389178673736751 ], [ 432147.20006218389608, 6066017.650136172771454 ] ], [ [ 432144.764094614249188, 6066012.389178673736751 ], [ 432143.479640316392761, 6066009.192104578018188 ] ], [ [ 432143.479640316392761, 6066009.192104578018188 ], [ 432144.764094614249188, 6066012.389178673736751 ] ], [ [ 432143.479640316392761, 6066009.192104578018188 ], [ 432141.909486038028263, 6066004.552513480186462 ] ], [ [ 432141.909486038028263, 6066004.552513480186462 ], [ 432143.479640316392761, 6066009.192104578018188 ] ], [ [ 432141.909486038028263, 6066004.552513480186462 ], [ 432136.454301118210424, 6065983.499920664355159 ] ], [ [ 432141.909486038028263, 6066004.552513480186462 ], [ 432132.141867224185262, 6066010.65341916307807 ] ], [ [ 432141.909486038028263, 6066004.552513480186462 ], [ 432154.467054093664046, 6065994.692543024197221 ] ], [ [ 432136.454301118210424, 6065983.499920664355159 ], [ 432141.909486038028263, 6066004.552513480186462 ] ], [ [ 432136.454301118210424, 6065983.499920664355159 ], [ 432133.61287844076287, 6065974.828364841639996 ] ], [ [ 432133.61287844076287, 6065974.828364841639996 ], [ 432136.454301118210424, 6065983.499920664355159 ] ], [ [ 432133.61287844076287, 6065974.828364841639996 ], [ 432121.433375892404001, 6065931.417886273935437 ] ], [ [ 432133.61287844076287, 6065974.828364841639996 ], [ 432129.808669957448728, 6065985.658677605912089 ] ], [ [ 432121.433375892404001, 6065931.417886273935437 ], [ 432133.61287844076287, 6065974.828364841639996 ] ], [ [ 432121.433375892404001, 6065931.417886273935437 ], [ 432073.069978968822397, 6065757.949014308862388 ] ], [ [ 432073.069978968822397, 6065757.949014308862388 ], [ 432121.433375892404001, 6065931.417886273935437 ] ], [ [ 432073.069978968822397, 6065757.949014308862388 ], [ 432070.428992309374735, 6065748.918344254605472 ] ], [ [ 431690.230281526164617, 6064454.102163605391979 ], [ 431695.164668349549174, 6064467.304842674173415 ] ], [ [ 431690.230281526164617, 6064454.102163605391979 ], [ 431678.085975679627154, 6064415.244145209901035 ] ], [ [ 431678.085975679627154, 6064415.244145209901035 ], [ 431690.230281526164617, 6064454.102163605391979 ] ], [ [ 431678.085975679627154, 6064415.244145209901035 ], [ 431672.541759382351302, 6064395.373124009929597 ] ], [ [ 431672.541759382351302, 6064395.373124009929597 ], [ 431678.085975679627154, 6064415.244145209901035 ] ], [ [ 431672.541759382351302, 6064395.373124009929597 ], [ 431655.847630076634232, 6064338.955136059783399 ] ], [ [ 431655.847630076634232, 6064338.955136059783399 ], [ 431672.541759382351302, 6064395.373124009929597 ] ], [ [ 431655.847630076634232, 6064338.955136059783399 ], [ 431635.862414092873223, 6064269.843935047276318 ] ], [ [ 431635.862414092873223, 6064269.843935047276318 ], [ 431647.429095801606309, 6064309.842613030225039 ] ], [ [ 431635.862414092873223, 6064269.843935047276318 ], [ 431624.434983882238157, 6064229.805271297693253 ] ], [ [ 431908.57672297465615, 6065207.087375104427338 ], [ 431904.56785507168388, 6065193.236162883229554 ] ], [ [ 431908.57672297465615, 6065207.087375104427338 ], [ 431922.414043679600582, 6065202.961373205296695 ] ], [ [ 431908.57672297465615, 6065207.087375104427338 ], [ 431896.55256536003435, 6065210.57398128323257 ] ], [ [ 431908.57672297465615, 6065207.087375104427338 ], [ 431911.903566617285833, 6065218.422516722232103 ] ], [ [ 431904.56785507168388, 6065193.236162883229554 ], [ 431908.57672297465615, 6065207.087375104427338 ] ], [ [ 431904.56785507168388, 6065193.236162883229554 ], [ 431879.521987396932673, 6065106.693840497173369 ] ], [ [ 431879.521987396932673, 6065106.693840497173369 ], [ 431904.56785507168388, 6065193.236162883229554 ] ], [ [ 431879.521987396932673, 6065106.693840497173369 ], [ 431876.165206228732131, 6065095.092069185338914 ] ], [ [ 431876.165206228732131, 6065095.092069185338914 ], [ 431879.521987396932673, 6065106.693840497173369 ] ], [ [ 431876.165206228732131, 6065095.092069185338914 ], [ 431875.241110052797012, 6065091.90076257660985 ] ], [ [ 431875.241110052797012, 6065091.90076257660985 ], [ 431876.165206228732131, 6065095.092069185338914 ] ], [ [ 431875.241110052797012, 6065091.90076257660985 ], [ 431871.870590277190786, 6065080.243554854765534 ] ], [ [ 431871.870590277190786, 6065080.243554854765534 ], [ 431875.241110052797012, 6065091.90076257660985 ] ], [ [ 431871.870590277190786, 6065080.243554854765534 ], [ 431871.238825692795217, 6065078.071737154386938 ] ], [ [ 431871.238825692795217, 6065078.071737154386938 ], [ 431871.870590277190786, 6065080.243554854765534 ] ], [ [ 431871.238825692795217, 6065078.071737154386938 ], [ 431857.49894366634544, 6065030.589862871915102 ] ], [ [ 431857.49894366634544, 6065030.589862871915102 ], [ 431871.238825692795217, 6065078.071737154386938 ] ], [ [ 431857.49894366634544, 6065030.589862871915102 ], [ 431838.750708466628566, 6064965.810732095502317 ] ], [ [ 431838.750708466628566, 6064965.810732095502317 ], [ 431857.49894366634544, 6065030.589862871915102 ] ], [ [ 431838.750708466628566, 6064965.810732095502317 ], [ 431833.029149381502066, 6064946.053495950996876 ] ], [ [ 431833.029149381502066, 6064946.053495950996876 ], [ 431838.750708466628566, 6064965.810732095502317 ] ], [ [ 431833.029149381502066, 6064946.053495950996876 ], [ 431829.420610704168212, 6064933.576339918188751 ] ], [ [ 431829.420610704168212, 6064933.576339918188751 ], [ 431833.029149381502066, 6064946.053495950996876 ] ], [ [ 431829.420610704168212, 6064933.576339918188751 ], [ 431825.168620009848382, 6064917.302673725411296 ] ], [ [ 431829.420610704168212, 6064933.576339918188751 ], [ 431844.212542363035027, 6064929.057321537286043 ] ], [ [ 431829.420610704168212, 6064933.576339918188751 ], [ 431813.701479619659949, 6064938.543439852073789 ] ], [ [ 431825.168620009848382, 6064917.302673725411296 ], [ 431829.420610704168212, 6064933.576339918188751 ] ], [ [ 431825.168620009848382, 6064917.302673725411296 ], [ 431816.642365423380397, 6064885.846359693445265 ] ], [ [ 431816.642365423380397, 6064885.846359693445265 ], [ 431825.168620009848382, 6064917.302673725411296 ] ], [ [ 431816.642365423380397, 6064885.846359693445265 ], [ 431807.30963880935451, 6064850.896501030772924 ] ], [ [ 431807.30963880935451, 6064850.896501030772924 ], [ 431816.642365423380397, 6064885.846359693445265 ] ], [ [ 431807.30963880935451, 6064850.896501030772924 ], [ 431779.833287497633137, 6064751.225408025085926 ] ], [ [ 431779.833287497633137, 6064751.225408025085926 ], [ 431807.30963880935451, 6064850.896501030772924 ] ], [ [ 431779.833287497633137, 6064751.225408025085926 ], [ 431777.053269274067134, 6064742.018927087076008 ] ], [ [ 431777.053269274067134, 6064742.018927087076008 ], [ 431779.833287497633137, 6064751.225408025085926 ] ], [ [ 431777.053269274067134, 6064742.018927087076008 ], [ 431775.698732112417929, 6064737.632173030637205 ] ], [ [ 431775.698732112417929, 6064737.632173030637205 ], [ 431777.053269274067134, 6064742.018927087076008 ] ], [ [ 431775.698732112417929, 6064737.632173030637205 ], [ 431772.683886997867376, 6064727.80599884595722 ] ], [ [ 431772.683886997867376, 6064727.80599884595722 ], [ 431775.698732112417929, 6064737.632173030637205 ] ], [ [ 431772.683886997867376, 6064727.80599884595722 ], [ 431744.821557839226443, 6064629.543221822939813 ] ], [ [ 431744.821557839226443, 6064629.543221822939813 ], [ 431772.683886997867376, 6064727.80599884595722 ] ], [ [ 431744.821557839226443, 6064629.543221822939813 ], [ 431698.921719737001695, 6064476.774744818918407 ] ], [ [ 431698.921719737001695, 6064476.774744818918407 ], [ 431744.821557839226443, 6064629.543221822939813 ] ], [ [ 431698.921719737001695, 6064476.774744818918407 ], [ 431695.164668349549174, 6064467.304842674173415 ] ], [ [ 431681.778887288761325, 6064470.756906223483384 ], [ 431695.164668349549174, 6064467.304842674173415 ] ], [ [ 431681.778887288761325, 6064470.756906223483384 ], [ 431627.758335163933225, 6064487.911573890596628 ] ], [ [ 431627.758335163933225, 6064487.911573890596628 ], [ 431681.778887288761325, 6064470.756906223483384 ] ], [ [ 431627.758335163933225, 6064487.911573890596628 ], [ 431541.766923504881561, 6064513.575254941359162 ] ], [ [ 431541.766923504881561, 6064513.575254941359162 ], [ 431625.718443152145483, 6064488.520346546545625 ] ], [ [ 431541.766923504881561, 6064513.575254941359162 ], [ 431513.060404489398934, 6064521.989859863184392 ] ], [ [ 431513.060404489398934, 6064521.989859863184392 ], [ 431541.766923504881561, 6064513.575254941359162 ] ], [ [ 431513.060404489398934, 6064521.989859863184392 ], [ 431502.627559214364737, 6064524.741087391972542 ] ], [ [ 431502.627559214364737, 6064524.741087391972542 ], [ 431513.060404489398934, 6064521.989859863184392 ] ], [ [ 431502.627559214364737, 6064524.741087391972542 ], [ 431491.983204206859227, 6064527.562321092933416 ] ], [ [ 431491.983204206859227, 6064527.562321092933416 ], [ 431502.627559214364737, 6064524.741087391972542 ] ], [ [ 431491.983204206859227, 6064527.562321092933416 ], [ 431468.401122209033929, 6064534.897905056364834 ] ], [ [ 431468.401122209033929, 6064534.897905056364834 ], [ 431479.09384602017235, 6064531.571744027547538 ] ], [ [ 431468.401122209033929, 6064534.897905056364834 ], [ 431457.700069000304211, 6064538.197199550457299 ] ], [ [ 432023.952455321152229, 6064876.502066615968943 ], [ 432012.139676562335808, 6064879.974033023230731 ] ], [ [ 432023.952455321152229, 6064876.502066615968943 ], [ 432032.129211535793729, 6064874.108708954416215 ] ], [ [ 432012.139676562335808, 6064879.974033023230731 ], [ 432023.952455321152229, 6064876.502066615968943 ] ], [ [ 432012.139676562335808, 6064879.974033023230731 ], [ 431929.616644969792105, 6064904.176003720611334 ] ], [ [ 431929.616644969792105, 6064904.176003720611334 ], [ 432012.139676562335808, 6064879.974033023230731 ] ], [ [ 431929.616644969792105, 6064904.176003720611334 ], [ 431873.474859489768278, 6064920.531933007761836 ] ], [ [ 431844.212542363035027, 6064929.057321537286043 ], [ 431873.474859489768278, 6064920.531933007761836 ] ], [ [ 431844.212542363035027, 6064929.057321537286043 ], [ 431829.420610704168212, 6064933.576339918188751 ] ], [ [ 431813.701479619659949, 6064938.543439852073789 ], [ 431829.420610704168212, 6064933.576339918188751 ] ], [ [ 431813.701479619659949, 6064938.543439852073789 ], [ 431779.985077422228642, 6064949.035273175686598 ] ], [ [ 431779.985077422228642, 6064949.035273175686598 ], [ 431813.701479619659949, 6064938.543439852073789 ] ], [ [ 431779.985077422228642, 6064949.035273175686598 ], [ 431744.331179595261347, 6064960.458098316565156 ] ], [ [ 431744.331179595261347, 6064960.458098316565156 ], [ 431779.985077422228642, 6064949.035273175686598 ] ], [ [ 431744.331179595261347, 6064960.458098316565156 ], [ 431739.523178231553175, 6064961.97752941865474 ] ], [ [ 431739.523178231553175, 6064961.97752941865474 ], [ 431744.331179595261347, 6064960.458098316565156 ] ], [ [ 431739.523178231553175, 6064961.97752941865474 ], [ 431726.509391243453138, 6064966.080505535937846 ] ], [ [ 431726.509391243453138, 6064966.080505535937846 ], [ 431739.523178231553175, 6064961.97752941865474 ] ], [ [ 431726.509391243453138, 6064966.080505535937846 ], [ 431650.34472855378408, 6064990.147072582505643 ] ], [ [ 431650.34472855378408, 6064990.147072582505643 ], [ 431726.509391243453138, 6064966.080505535937846 ] ], [ [ 431650.34472855378408, 6064990.147072582505643 ], [ 431643.50464235781692, 6064992.30945455096662 ] ], [ [ 431643.50464235781692, 6064992.30945455096662 ], [ 431650.34472855378408, 6064990.147072582505643 ] ], [ [ 431643.50464235781692, 6064992.30945455096662 ], [ 431629.356744035321753, 6064996.797136739827693 ] ], [ [ 431629.356744035321753, 6064996.797136739827693 ], [ 431643.50464235781692, 6064992.30945455096662 ] ], [ [ 431629.356744035321753, 6064996.797136739827693 ], [ 431569.065034679020755, 6065015.817111290059984 ] ], [ [ 431569.065034679020755, 6065015.817111290059984 ], [ 431629.356744035321753, 6064996.797136739827693 ] ], [ [ 431569.065034679020755, 6065015.817111290059984 ], [ 431464.0099421775667, 6065049.00530690792948 ] ], [ [ 431464.0099421775667, 6065049.00530690792948 ], [ 431569.065034679020755, 6065015.817111290059984 ] ], [ [ 431464.0099421775667, 6065049.00530690792948 ], [ 431459.464968876098283, 6065050.443145929835737 ] ], [ [ 431459.464968876098283, 6065050.443145929835737 ], [ 431464.0099421775667, 6065049.00530690792948 ] ], [ [ 431459.464968876098283, 6065050.443145929835737 ], [ 431452.721148463548161, 6065052.57097283564508 ] ], [ [ 431459.464968876098283, 6065050.443145929835737 ], [ 431456.546457994787488, 6065039.358092617243528 ] ], [ [ 431459.464968876098283, 6065050.443145929835737 ], [ 431462.319177506491542, 6065059.837519587948918 ] ], [ [ 431452.721148463548161, 6065052.57097283564508 ], [ 431459.464968876098283, 6065050.443145929835737 ] ], [ [ 431452.721148463548161, 6065052.57097283564508 ], [ 431450.522467983828392, 6065053.272083958610892 ] ], [ [ 431450.522467983828392, 6065053.272083958610892 ], [ 431452.721148463548161, 6065052.57097283564508 ] ], [ [ 431450.522467983828392, 6065053.272083958610892 ], [ 431446.990244525368325, 6065054.382952149957418 ] ], [ [ 431446.990244525368325, 6065054.382952149957418 ], [ 431450.522467983828392, 6065053.272083958610892 ] ], [ [ 431446.990244525368325, 6065054.382952149957418 ], [ 431437.534948939399328, 6065057.375505913048983 ] ], [ [ 431446.990244525368325, 6065054.382952149957418 ], [ 431450.369490749319084, 6065063.569026221521199 ] ], [ [ 431446.990244525368325, 6065054.382952149957418 ], [ 431443.906155291304458, 6065042.999926460906863 ] ], [ [ 431437.534948939399328, 6065057.375505913048983 ], [ 431446.990244525368325, 6065054.382952149957418 ] ], [ [ 431437.534948939399328, 6065057.375505913048983 ], [ 431271.410875604022294, 6065109.869722811505198 ] ], [ [ 431271.410875604022294, 6065109.869722811505198 ], [ 431419.790586938732304, 6065062.982269263826311 ] ], [ [ 431271.410875604022294, 6065109.869722811505198 ], [ 431260.340307053062133, 6065113.365781344473362 ] ], [ [ 431260.340307053062133, 6065113.365781344473362 ], [ 431271.410875604022294, 6065109.869722811505198 ] ], [ [ 431260.340307053062133, 6065113.365781344473362 ], [ 431201.564740939706098, 6065131.933623902499676 ] ], [ [ 431201.564740939706098, 6065131.933623902499676 ], [ 431260.340307053062133, 6065113.365781344473362 ] ], [ [ 431201.564740939706098, 6065131.933623902499676 ], [ 431188.430228162091225, 6065136.084527565166354 ] ], [ [ 431188.430228162091225, 6065136.084527565166354 ], [ 431201.564740939706098, 6065131.933623902499676 ] ], [ [ 431188.430228162091225, 6065136.084527565166354 ], [ 431131.73858602612745, 6065153.998315901495516 ] ], [ [ 431131.73858602612745, 6065153.998315901495516 ], [ 431140.448231813672464, 6065151.246130779385567 ] ], [ [ 431131.73858602612745, 6065153.998315901495516 ], [ 431123.028608489374164, 6065156.749507699161768 ] ], [ [ 431750.409483211755287, 6066123.012183497659862 ], [ 431762.578297931933776, 6066161.669684486463666 ] ], [ [ 431750.409483211755287, 6066123.012183497659862 ], [ 431738.857592582469806, 6066088.118231107480824 ] ], [ [ 431750.409483211755287, 6066123.012183497659862 ], [ 431761.233902490290347, 6066122.548166162334383 ] ], [ [ 431738.857592582469806, 6066088.118231107480824 ], [ 431750.409483211755287, 6066123.012183497659862 ] ], [ [ 431738.857592582469806, 6066088.118231107480824 ], [ 431676.687463923823088, 6065858.50301390979439 ] ], [ [ 431374.051307870890014, 6064782.955178656615317 ], [ 431354.951532087347005, 6064715.679101200774312 ] ], [ [ 431374.051307870890014, 6064782.955178656615317 ], [ 431390.258532534004189, 6064841.104644547216594 ] ], [ [ 431390.258532534004189, 6064841.104644547216594 ], [ 431374.051307870890014, 6064782.955178656615317 ] ], [ [ 431390.258532534004189, 6064841.104644547216594 ], [ 431393.760374847566709, 6064854.106175134889781 ] ], [ [ 431705.406825682846829, 6066236.988861428573728 ], [ 431723.077837710618041, 6066214.485337642021477 ] ], [ [ 431705.406825682846829, 6066236.988861428573728 ], [ 431694.550513991387561, 6066256.618203761056066 ] ], [ [ 431694.550513991387561, 6066256.618203761056066 ], [ 431705.406825682846829, 6066236.988861428573728 ] ], [ [ 431694.550513991387561, 6066256.618203761056066 ], [ 431689.952731753874104, 6066283.442636545747519 ] ], [ [ 431689.952731753874104, 6066283.442636545747519 ], [ 431694.550513991387561, 6066256.618203761056066 ] ], [ [ 431689.952731753874104, 6066283.442636545747519 ], [ 431685.864693512558006, 6066311.183101561851799 ] ], [ [ 431685.864693512558006, 6066311.183101561851799 ], [ 431689.952731753874104, 6066283.442636545747519 ] ], [ [ 431685.864693512558006, 6066311.183101561851799 ], [ 431678.234159684798215, 6066354.613862166181207 ] ], [ [ 431678.234159684798215, 6066354.613862166181207 ], [ 431678.817446446744725, 6066351.293931812047958 ] ], [ [ 431678.234159684798215, 6066354.613862166181207 ], [ 431677.134110763901845, 6066357.800091839395463 ] ], [ [ 432134.90884359262418, 6066021.229202701710165 ], [ 432147.20006218389608, 6066017.650136172771454 ] ], [ [ 432134.90884359262418, 6066021.229202701710165 ], [ 432089.738636878319085, 6066034.383954117074609 ] ], [ [ 432089.738636878319085, 6066034.383954117074609 ], [ 432134.90884359262418, 6066021.229202701710165 ] ], [ [ 432089.738636878319085, 6066034.383954117074609 ], [ 431952.742078264942393, 6066074.285121613182127 ] ], [ [ 431952.742078264942393, 6066074.285121613182127 ], [ 432089.738636878319085, 6066034.383954117074609 ] ], [ [ 431952.742078264942393, 6066074.285121613182127 ], [ 431819.421638817293569, 6066113.122245838865638 ] ], [ [ 431819.421638817293569, 6066113.122245838865638 ], [ 431952.742078264942393, 6066074.285121613182127 ] ], [ [ 431819.421638817293569, 6066113.122245838865638 ], [ 431812.984601745556574, 6066115.000095522962511 ] ], [ [ 431812.984601745556574, 6066115.000095522962511 ], [ 431819.421638817293569, 6066113.122245838865638 ] ], [ [ 431812.984601745556574, 6066115.000095522962511 ], [ 431790.599057866726071, 6066121.303363312035799 ] ], [ [ 432198.883776248898357, 6064825.183638916350901 ], [ 432212.050163038133178, 6064821.32459728512913 ] ], [ [ 432198.883776248898357, 6064825.183638916350901 ], [ 432116.455243240226991, 6064849.369605254381895 ] ], [ [ 432116.455243240226991, 6064849.369605254381895 ], [ 432198.883776248898357, 6064825.183638916350901 ] ], [ [ 432116.455243240226991, 6064849.369605254381895 ], [ 432095.997219658398535, 6064855.364012678153813 ] ], [ [ 432095.997219658398535, 6064855.364012678153813 ], [ 432116.455243240226991, 6064849.369605254381895 ] ], [ [ 432095.997219658398535, 6064855.364012678153813 ], [ 432078.656181870668661, 6064860.454711876809597 ] ], [ [ 432078.656181870668661, 6064860.454711876809597 ], [ 432095.997219658398535, 6064855.364012678153813 ] ], [ [ 432078.656181870668661, 6064860.454711876809597 ], [ 432067.984779904771131, 6064863.586627173237503 ] ], [ [ 432067.984779904771131, 6064863.586627173237503 ], [ 432078.656181870668661, 6064860.454711876809597 ] ], [ [ 432067.984779904771131, 6064863.586627173237503 ], [ 432032.129211535793729, 6064874.108708954416215 ] ], [ [ 432032.129211535793729, 6064874.108708954416215 ], [ 432067.984779904771131, 6064863.586627173237503 ] ], [ [ 432032.129211535793729, 6064874.108708954416215 ], [ 432023.952455321152229, 6064876.502066615968943 ] ], [ [ 432493.47287118784152, 6064740.442666165530682 ], [ 432536.2050871096435, 6064728.11352243181318 ] ], [ [ 432493.47287118784152, 6064740.442666165530682 ], [ 432450.727748348610476, 6064752.727382224053144 ] ], [ [ 432403.606684226891957, 6064766.270265481434762 ], [ 432493.47287118784152, 6064740.442666165530682 ] ], [ [ 432403.606684226891957, 6064766.270265481434762 ], [ 432347.555437320377678, 6064782.378323222510517 ] ], [ [ 432347.555437320377678, 6064782.378323222510517 ], [ 432403.606684226891957, 6064766.270265481434762 ] ], [ [ 432347.555437320377678, 6064782.378323222510517 ], [ 432341.814915307390038, 6064784.022356670349836 ] ], [ [ 432341.814915307390038, 6064784.022356670349836 ], [ 432347.555437320377678, 6064782.378323222510517 ] ], [ [ 432341.814915307390038, 6064784.022356670349836 ], [ 432276.457636617007665, 6064802.808108290657401 ] ], [ [ 432276.457636617007665, 6064802.808108290657401 ], [ 432341.814915307390038, 6064784.022356670349836 ] ], [ [ 432276.457636617007665, 6064802.808108290657401 ], [ 432225.346038999326993, 6064817.508169710636139 ] ], [ [ 432225.346038999326993, 6064817.508169710636139 ], [ 432276.457636617007665, 6064802.808108290657401 ] ], [ [ 432225.346038999326993, 6064817.508169710636139 ], [ 432212.050163038133178, 6064821.32459728512913 ] ], [ [ 432215.047244247922208, 6064831.752290258184075 ], [ 432212.050163038133178, 6064821.32459728512913 ] ], [ [ 432215.047244247922208, 6064831.752290258184075 ], [ 432232.634588791290298, 6064892.899865079671144 ] ], [ [ 432232.634588791290298, 6064892.899865079671144 ], [ 432215.047244247922208, 6064831.752290258184075 ] ], [ [ 432232.634588791290298, 6064892.899865079671144 ], [ 432287.296244358818512, 6065082.93642483651638 ] ], [ [ 432287.296244358818512, 6065082.93642483651638 ], [ 432232.634588791290298, 6064892.899865079671144 ] ], [ [ 432287.296244358818512, 6065082.93642483651638 ], [ 432290.082035447587259, 6065092.610539412125945 ] ], [ [ 432617.400202481541783, 6064787.005509762093425 ], [ 432612.650673693104181, 6064771.977565214037895 ] ], [ [ 432617.400202481541783, 6064787.005509762093425 ], [ 432621.926199950044975, 6064802.102290431968868 ] ], [ [ 432631.391066760756075, 6064833.673336344771087 ], [ 432617.400202481541783, 6064787.005509762093425 ] ], [ [ 432631.391066760756075, 6064833.673336344771087 ], [ 432645.144322524196468, 6064879.543438416905701 ] ], [ [ 432645.144322524196468, 6064879.543438416905701 ], [ 432631.391066760756075, 6064833.673336344771087 ] ], [ [ 432645.144322524196468, 6064879.543438416905701 ], [ 432671.38771008013282, 6064971.725489652715623 ] ], [ [ 432671.38771008013282, 6064971.725489652715623 ], [ 432645.144322524196468, 6064879.543438416905701 ] ], [ [ 432671.38771008013282, 6064971.725489652715623 ], [ 432674.541698986315168, 6064982.818881155923009 ] ], [ [ 432709.546842789219227, 6065098.130748949944973 ], [ 432717.044753419002518, 6065122.826206188648939 ] ], [ [ 432709.546842789219227, 6065098.130748949944973 ], [ 432680.717985544470139, 6065003.172468468546867 ] ], [ [ 432717.044753419002518, 6065122.826206188648939 ], [ 432709.546842789219227, 6065098.130748949944973 ] ], [ [ 432717.044753419002518, 6065122.826206188648939 ], [ 432733.422074219794013, 6065176.770712644793093 ] ], [ [ 432733.422074219794013, 6065176.770712644793093 ], [ 432728.467988083022647, 6065160.452541037462652 ] ], [ [ 432733.422074219794013, 6065176.770712644793093 ], [ 432738.376002083008643, 6065193.08894008025527 ] ], [ [ 432101.622525093436707, 6065149.582268909551203 ], [ 432087.444931188831106, 6065153.801862768828869 ] ], [ [ 432101.622525093436707, 6065149.582268909551203 ], [ 432111.373750439845026, 6065146.55327545851469 ] ], [ [ 432087.444931188831106, 6065153.801862768828869 ], [ 432101.622525093436707, 6065149.582268909551203 ] ], [ [ 432087.444931188831106, 6065153.801862768828869 ], [ 432010.260885905008763, 6065176.798180266283453 ] ], [ [ 432010.260885905008763, 6065176.798180266283453 ], [ 432087.444931188831106, 6065153.801862768828869 ] ], [ [ 432010.260885905008763, 6065176.798180266283453 ], [ 432000.16799435246503, 6065179.799148559570312 ] ], [ [ 432000.16799435246503, 6065179.799148559570312 ], [ 432010.260885905008763, 6065176.798180266283453 ] ], [ [ 432000.16799435246503, 6065179.799148559570312 ], [ 431993.242822830448858, 6065181.862121461890638 ] ], [ [ 431993.242822830448858, 6065181.862121461890638 ], [ 432000.16799435246503, 6065179.799148559570312 ] ], [ [ 431993.242822830448858, 6065181.862121461890638 ], [ 431922.414043679600582, 6065202.961373205296695 ] ], [ [ 431922.414043679600582, 6065202.961373205296695 ], [ 431993.242822830448858, 6065181.862121461890638 ] ], [ [ 431922.414043679600582, 6065202.961373205296695 ], [ 431908.57672297465615, 6065207.087375104427338 ] ], [ [ 432276.123044740990736, 6065096.826257732696831 ], [ 432290.082035447587259, 6065092.610539412125945 ] ], [ [ 432276.123044740990736, 6065096.826257732696831 ], [ 432251.346858434379101, 6065104.298120808787644 ] ], [ [ 432251.346858434379101, 6065104.298120808787644 ], [ 432276.123044740990736, 6065096.826257732696831 ] ], [ [ 432251.346858434379101, 6065104.298120808787644 ], [ 432225.763035759329796, 6065112.027078618295491 ] ], [ [ 432225.763035759329796, 6065112.027078618295491 ], [ 432251.346858434379101, 6065104.298120808787644 ] ], [ [ 432225.763035759329796, 6065112.027078618295491 ], [ 432207.851760732301045, 6065117.432151434011757 ] ], [ [ 432181.481838422478177, 6065125.389936887659132 ], [ 432207.851760732301045, 6065117.432151434011757 ] ], [ [ 432181.481838422478177, 6065125.389936887659132 ], [ 432111.373750439845026, 6065146.55327545851469 ] ], [ [ 432111.373750439845026, 6065146.55327545851469 ], [ 432181.481838422478177, 6065125.389936887659132 ] ], [ [ 432111.373750439845026, 6065146.55327545851469 ], [ 432101.622525093436707, 6065149.582268909551203 ] ], [ [ 431896.55256536003435, 6065210.57398128323257 ], [ 431908.57672297465615, 6065207.087375104427338 ] ], [ [ 431896.55256536003435, 6065210.57398128323257 ], [ 431871.888634725299198, 6065217.723511919379234 ] ], [ [ 431871.888634725299198, 6065217.723511919379234 ], [ 431896.55256536003435, 6065210.57398128323257 ] ], [ [ 431871.888634725299198, 6065217.723511919379234 ], [ 431804.239836046181154, 6065237.352147469297051 ] ], [ [ 431804.239836046181154, 6065237.352147469297051 ], [ 431871.888634725299198, 6065217.723511919379234 ] ], [ [ 431804.239836046181154, 6065237.352147469297051 ], [ 431789.528810699586757, 6065241.614127160981297 ] ], [ [ 431789.528810699586757, 6065241.614127160981297 ], [ 431804.239836046181154, 6065237.352147469297051 ] ], [ [ 431789.528810699586757, 6065241.614127160981297 ], [ 431731.820376116782427, 6065258.35601129103452 ] ], [ [ 431731.820376116782427, 6065258.35601129103452 ], [ 431789.528810699586757, 6065241.614127160981297 ] ], [ [ 431731.820376116782427, 6065258.35601129103452 ], [ 431721.79732750414405, 6065261.267520076595247 ] ], [ [ 431721.79732750414405, 6065261.267520076595247 ], [ 431731.820376116782427, 6065258.35601129103452 ] ], [ [ 431721.79732750414405, 6065261.267520076595247 ], [ 431708.391793988179415, 6065265.387618840672076 ] ], [ [ 432603.835111946798861, 6066077.234094070270658 ], [ 432614.800277694652323, 6066104.962021552957594 ] ], [ [ 432603.835111946798861, 6066077.234094070270658 ], [ 432592.792837328859605, 6066049.536805283278227 ] ], [ [ 432583.470578111475334, 6066026.154097677208483 ], [ 432603.835111946798861, 6066077.234094070270658 ] ], [ [ 432583.470578111475334, 6066026.154097677208483 ], [ 432567.637748073728289, 6065988.350542027503252 ] ], [ [ 432567.637748073728289, 6065988.350542027503252 ], [ 432583.470578111475334, 6066026.154097677208483 ] ], [ [ 432567.637748073728289, 6065988.350542027503252 ], [ 432563.010436043550726, 6065976.032731734216213 ] ], [ [ 432563.010436043550726, 6065976.032731734216213 ], [ 432567.637748073728289, 6065988.350542027503252 ] ], [ [ 432563.010436043550726, 6065976.032731734216213 ], [ 432538.82978257117793, 6065912.255740984342992 ] ], [ [ 432538.82978257117793, 6065912.255740984342992 ], [ 432563.010436043550726, 6065976.032731734216213 ] ], [ [ 432538.82978257117793, 6065912.255740984342992 ], [ 432534.581815721758176, 6065899.475992859341204 ] ], [ [ 431308.687075379304588, 6065686.581520969048142 ], [ 431288.218649733695202, 6065692.734707030467689 ] ], [ [ 431308.687075379304588, 6065686.581520969048142 ], [ 431329.1566726033343, 6065680.43252279702574 ] ], [ [ 431412.763592297909781, 6065655.318421179428697 ], [ 431308.687075379304588, 6065686.581520969048142 ] ], [ [ 431412.763592297909781, 6065655.318421179428697 ], [ 431421.456961180083454, 6065652.704617060720921 ] ], [ [ 431421.456961180083454, 6065652.704617060720921 ], [ 431412.763592297909781, 6065655.318421179428697 ] ], [ [ 431421.456961180083454, 6065652.704617060720921 ], [ 431428.925760016543791, 6065650.454424435272813 ] ], [ [ 431428.925760016543791, 6065650.454424435272813 ], [ 431421.456961180083454, 6065652.704617060720921 ] ], [ [ 431428.925760016543791, 6065650.454424435272813 ], [ 431463.943198117311113, 6065639.94008844345808 ] ], [ [ 431463.943198117311113, 6065639.94008844345808 ], [ 431428.925760016543791, 6065650.454424435272813 ] ], [ [ 431463.943198117311113, 6065639.94008844345808 ], [ 431533.388532323937397, 6065619.076986248604953 ] ], [ [ 431533.388532323937397, 6065619.076986248604953 ], [ 431463.943198117311113, 6065639.94008844345808 ] ], [ [ 431533.388532323937397, 6065619.076986248604953 ], [ 431572.913424778962508, 6065607.204201898537576 ] ], [ [ 431572.913424778962508, 6065607.204201898537576 ], [ 431533.388532323937397, 6065619.076986248604953 ] ], [ [ 431572.913424778962508, 6065607.204201898537576 ], [ 431596.218187053164002, 6065600.207106149755418 ] ], [ [ 431596.218187053164002, 6065600.207106149755418 ], [ 431572.913424778962508, 6065607.204201898537576 ] ], [ [ 431596.218187053164002, 6065600.207106149755418 ], [ 431605.251675067760516, 6065597.499476665630937 ] ], [ [ 431605.251675067760516, 6065597.499476665630937 ], [ 431596.218187053164002, 6065600.207106149755418 ] ], [ [ 431605.251675067760516, 6065597.499476665630937 ], [ 431608.452782910782844, 6065609.003255764953792 ] ], [ [ 431605.251675067760516, 6065597.499476665630937 ], [ 431601.170746897172648, 6065582.759256982244551 ] ], [ [ 432012.588893070816994, 6065567.368019265122712 ], [ 432011.332838070811704, 6065565.819752440787852 ] ], [ [ 432012.588893070816994, 6065567.368019265122712 ], [ 432017.390049651497975, 6065576.132439215667546 ] ], [ [ 432006.407379245385528, 6065559.74843580275774 ], [ 432011.332838070811704, 6065565.819752440787852 ] ], [ [ 432006.407379245385528, 6065559.74843580275774 ], [ 431989.650161318713799, 6065544.820278899744153 ] ], [ [ 431989.650161318713799, 6065544.820278899744153 ], [ 432006.407379245385528, 6065559.74843580275774 ] ], [ [ 431989.650161318713799, 6065544.820278899744153 ], [ 431970.581331801309716, 6065530.361029101535678 ] ], [ [ 431970.581331801309716, 6065530.361029101535678 ], [ 431989.650161318713799, 6065544.820278899744153 ] ], [ [ 431970.581331801309716, 6065530.361029101535678 ], [ 431964.674179602181539, 6065523.861428814008832 ] ], [ [ 432843.921394060482271, 6065568.891134449280798 ], [ 432834.677486262051389, 6065535.395938716828823 ] ], [ [ 432843.921394060482271, 6065568.891134449280798 ], [ 432858.684297264378984, 6065622.566645380109549 ] ], [ [ 432879.229925928753801, 6064924.728831259533763 ], [ 432885.937522052729037, 6064922.818151418119669 ] ], [ [ 432879.229925928753801, 6064924.728831259533763 ], [ 432873.893300124211237, 6064926.243768704123795 ] ], [ [ 432873.893300124211237, 6064926.243768704123795 ], [ 432879.229925928753801, 6064924.728831259533763 ] ], [ [ 432873.893300124211237, 6064926.243768704123795 ], [ 432864.31680725683691, 6064928.956879835575819 ] ], [ [ 432864.31680725683691, 6064928.956879835575819 ], [ 432873.893300124211237, 6064926.243768704123795 ] ], [ [ 432864.31680725683691, 6064928.956879835575819 ], [ 432856.472632094286382, 6064931.210232723504305 ] ], [ [ 432856.472632094286382, 6064931.210232723504305 ], [ 432864.31680725683691, 6064928.956879835575819 ] ], [ [ 432856.472632094286382, 6064931.210232723504305 ], [ 432826.997925331525039, 6064939.568082599900663 ] ], [ [ 432767.09083728591213, 6064956.556027768179774 ], [ 432856.472632094286382, 6064931.210232723504305 ] ], [ [ 432767.09083728591213, 6064956.556027768179774 ], [ 432689.345330102427397, 6064978.614087614230812 ] ], [ [ 432689.345330102427397, 6064978.614087614230812 ], [ 432767.09083728591213, 6064956.556027768179774 ] ], [ [ 432689.345330102427397, 6064978.614087614230812 ], [ 432674.541698986315168, 6064982.818881155923009 ] ], [ [ 432325.904550623206887, 6065959.734881417825818 ], [ 432336.477759443805553, 6065956.660632755607367 ] ], [ [ 432325.904550623206887, 6065959.734881417825818 ], [ 432264.958093814610038, 6065977.34221404325217 ] ], [ [ 432264.958093814610038, 6065977.34221404325217 ], [ 432325.904550623206887, 6065959.734881417825818 ] ], [ [ 432264.958093814610038, 6065977.34221404325217 ], [ 432178.191051851550583, 6066002.405053141526878 ] ], [ [ 432178.191051851550583, 6066002.405053141526878 ], [ 432264.958093814610038, 6065977.34221404325217 ] ], [ [ 432178.191051851550583, 6066002.405053141526878 ], [ 432160.942841968615539, 6066007.382855922915041 ] ], [ [ 431674.648421738122124, 6065850.999300303868949 ], [ 431613.649841740319971, 6065626.853926948271692 ] ], [ [ 431674.648421738122124, 6065850.999300303868949 ], [ 431676.687463923823088, 6065858.50301390979439 ] ], [ [ 431613.649841740319971, 6065626.853926948271692 ], [ 431674.648421738122124, 6065850.999300303868949 ] ], [ [ 431613.649841740319971, 6065626.853926948271692 ], [ 431608.452782910782844, 6065609.003255764953792 ] ], [ [ 431608.452782910782844, 6065609.003255764953792 ], [ 431613.649841740319971, 6065626.853926948271692 ] ], [ [ 431608.452782910782844, 6065609.003255764953792 ], [ 431605.251675067760516, 6065597.499476665630937 ] ], [ [ 431601.170746897172648, 6065582.759256982244551 ], [ 431605.251675067760516, 6065597.499476665630937 ] ], [ [ 431601.170746897172648, 6065582.759256982244551 ], [ 431579.746504139853641, 6065505.122740520164371 ] ], [ [ 431579.746504139853641, 6065505.122740520164371 ], [ 431601.170746897172648, 6065582.759256982244551 ] ], [ [ 431579.746504139853641, 6065505.122740520164371 ], [ 431566.474244435608853, 6065459.303996309638023 ] ], [ [ 431566.474244435608853, 6065459.303996309638023 ], [ 431579.746504139853641, 6065505.122740520164371 ] ], [ [ 431566.474244435608853, 6065459.303996309638023 ], [ 431562.052116481529083, 6065442.888449631631374 ] ], [ [ 431562.052116481529083, 6065442.888449631631374 ], [ 431566.474244435608853, 6065459.303996309638023 ] ], [ [ 431562.052116481529083, 6065442.888449631631374 ], [ 431530.43293135217391, 6065337.327301776967943 ] ], [ [ 431530.43293135217391, 6065337.327301776967943 ], [ 431562.052116481529083, 6065442.888449631631374 ] ], [ [ 431530.43293135217391, 6065337.327301776967943 ], [ 431525.697710006381385, 6065321.51751577667892 ] ], [ [ 431521.803762546682265, 6065308.521832535043359 ], [ 431525.697710006381385, 6065321.51751577667892 ] ], [ [ 431521.803762546682265, 6065308.521832535043359 ], [ 431502.434854638762772, 6065243.8424262246117 ] ], [ [ 431502.434854638762772, 6065243.8424262246117 ], [ 431521.803762546682265, 6065308.521832535043359 ] ], [ [ 431502.434854638762772, 6065243.8424262246117 ], [ 431450.369490749319084, 6065063.569026221521199 ] ], [ [ 431450.369490749319084, 6065063.569026221521199 ], [ 431502.434854638762772, 6065243.8424262246117 ] ], [ [ 431450.369490749319084, 6065063.569026221521199 ], [ 431446.990244525368325, 6065054.382952149957418 ] ], [ [ 431443.906155291304458, 6065042.999926460906863 ], [ 431446.990244525368325, 6065054.382952149957418 ] ], [ [ 431443.906155291304458, 6065042.999926460906863 ], [ 431394.872220876975916, 6064868.791128787212074 ] ], [ [ 431394.872220876975916, 6064868.791128787212074 ], [ 431434.694647653726861, 6065010.272087746299803 ] ], [ [ 431394.872220876975916, 6064868.791128787212074 ], [ 431394.403100164316129, 6064862.499054962769151 ] ], [ [ 431394.872220876975916, 6064868.791128787212074 ], [ 431390.704144786286633, 6064863.668141454458237 ] ], [ [ 432031.257575190160424, 6065616.467835218645632 ], [ 432032.606453584041446, 6065621.366693217307329 ] ], [ [ 432031.257575190160424, 6065616.467835218645632 ], [ 432025.353941832436249, 6065596.490526071749628 ] ], [ [ 432025.353941832436249, 6065596.490526071749628 ], [ 432031.257575190160424, 6065616.467835218645632 ] ], [ [ 432025.353941832436249, 6065596.490526071749628 ], [ 432021.065963343135081, 6065584.591044249944389 ] ], [ [ 432021.065963343135081, 6065584.591044249944389 ], [ 432025.353941832436249, 6065596.490526071749628 ] ], [ [ 432021.065963343135081, 6065584.591044249944389 ], [ 432017.390049651497975, 6065576.132439215667546 ] ], [ [ 432017.390049651497975, 6065576.132439215667546 ], [ 432021.065963343135081, 6065584.591044249944389 ] ], [ [ 432017.390049651497975, 6065576.132439215667546 ], [ 432012.588893070816994, 6065567.368019265122712 ] ], [ [ 432075.979925917286891, 6066026.44415657967329 ], [ 432098.703350692579988, 6066013.860318230465055 ] ], [ [ 432075.979925917286891, 6066026.44415657967329 ], [ 431949.401974506559782, 6066062.026418207213283 ] ], [ [ 432075.979925917286891, 6066026.44415657967329 ], [ 432132.141867224185262, 6066010.65341916307807 ] ], [ [ 432098.703350692579988, 6066013.860318230465055 ], [ 432075.979925917286891, 6066026.44415657967329 ] ], [ [ 432098.703350692579988, 6066013.860318230465055 ], [ 432126.15316184272524, 6065993.526366329751909 ] ], [ [ 432126.15316184272524, 6065993.526366329751909 ], [ 432098.703350692579988, 6066013.860318230465055 ] ], [ [ 432126.15316184272524, 6065993.526366329751909 ], [ 432129.808669957448728, 6065985.658677605912089 ] ], [ [ 432129.808669957448728, 6065985.658677605912089 ], [ 432126.15316184272524, 6065993.526366329751909 ] ], [ [ 432129.808669957448728, 6065985.658677605912089 ], [ 432133.61287844076287, 6065974.828364841639996 ] ], [ [ 431708.391793988179415, 6065265.387618840672076 ], [ 431721.79732750414405, 6065261.267520076595247 ] ], [ [ 431708.391793988179415, 6065265.387618840672076 ], [ 431640.357882119249552, 6065286.29330263659358 ] ], [ [ 431640.357882119249552, 6065286.29330263659358 ], [ 431708.391793988179415, 6065265.387618840672076 ] ], [ [ 431640.357882119249552, 6065286.29330263659358 ], [ 431637.678022815904114, 6065287.112897571176291 ] ], [ [ 431637.678022815904114, 6065287.112897571176291 ], [ 431640.357882119249552, 6065286.29330263659358 ] ], [ [ 431637.678022815904114, 6065287.112897571176291 ], [ 431592.711291302228346, 6065300.926019497215748 ] ], [ [ 431592.711291302228346, 6065300.926019497215748 ], [ 431637.678022815904114, 6065287.112897571176291 ] ], [ [ 431592.711291302228346, 6065300.926019497215748 ], [ 431590.685395251086447, 6065301.546543953940272 ] ], [ [ 431590.685395251086447, 6065301.546543953940272 ], [ 431592.711291302228346, 6065300.926019497215748 ] ], [ [ 431590.685395251086447, 6065301.546543953940272 ], [ 431546.719089586113114, 6065315.055621939711273 ] ], [ [ 431546.719089586113114, 6065315.055621939711273 ], [ 431590.685395251086447, 6065301.546543953940272 ] ], [ [ 431546.719089586113114, 6065315.055621939711273 ], [ 431538.160559351847041, 6065317.68938307557255 ] ], [ [ 431538.160559351847041, 6065317.68938307557255 ], [ 431546.719089586113114, 6065315.055621939711273 ] ], [ [ 431538.160559351847041, 6065317.68938307557255 ], [ 431531.544544977950864, 6065319.726130493916571 ] ], [ [ 431538.160559351847041, 6065317.68938307557255 ], [ 431534.324261705041863, 6065304.670557760633528 ] ], [ [ 431538.160559351847041, 6065317.68938307557255 ], [ 431542.865566846448928, 6065333.633190730586648 ] ], [ [ 431531.544544977950864, 6065319.726130493916571 ], [ 431538.160559351847041, 6065317.68938307557255 ] ], [ [ 431531.544544977950864, 6065319.726130493916571 ], [ 431529.005713925347663, 6065320.499136548489332 ] ], [ [ 431529.005713925347663, 6065320.499136548489332 ], [ 431531.544544977950864, 6065319.726130493916571 ] ], [ [ 431529.005713925347663, 6065320.499136548489332 ], [ 431525.697710006381385, 6065321.51751577667892 ] ], [ [ 432530.152053340163548, 6065886.598799995146692 ], [ 432523.616318160202354, 6065866.385484956204891 ] ], [ [ 432530.152053340163548, 6065886.598799995146692 ], [ 432508.223527655296493, 6065892.591147332452238 ] ], [ [ 432530.152053340163548, 6065886.598799995146692 ], [ 432556.601119945233222, 6065878.858552233316004 ] ], [ [ 432530.152053340163548, 6065886.598799995146692 ], [ 432531.417820873204619, 6065890.28594521805644 ] ], [ [ 432140.587980733893346, 6064575.015518360771239 ], [ 432134.988333481829613, 6064556.024020243436098 ] ], [ [ 432140.587980733893346, 6064575.015518360771239 ], [ 432151.46807957382407, 6064611.912656819447875 ] ], [ [ 432151.46807957382407, 6064611.912656819447875 ], [ 432140.587980733893346, 6064575.015518360771239 ] ], [ [ 432151.46807957382407, 6064611.912656819447875 ], [ 432157.57216241734568, 6064632.332278275862336 ] ], [ [ 432678.99208347662352, 6064997.487710193730891 ], [ 432674.541698986315168, 6064982.818881155923009 ] ], [ [ 432678.99208347662352, 6064997.487710193730891 ], [ 432709.546842789219227, 6065098.130748949944973 ] ], [ [ 431949.401974506559782, 6066062.026418207213283 ], [ 431808.949490757018793, 6066101.516623602248728 ] ], [ [ 431949.401974506559782, 6066062.026418207213283 ], [ 432075.979925917286891, 6066026.44415657967329 ] ], [ [ 432132.141867224185262, 6066010.65341916307807 ], [ 432075.979925917286891, 6066026.44415657967329 ] ], [ [ 432132.141867224185262, 6066010.65341916307807 ], [ 432141.909486038028263, 6066004.552513480186462 ] ], [ [ 432321.252064866304863, 6065943.633723037317395 ], [ 432330.301303722895682, 6065941.138756049796939 ] ], [ [ 432321.252064866304863, 6065943.633723037317395 ], [ 432243.647657098365016, 6065967.389449090696871 ] ], [ [ 432330.301303722895682, 6065941.138756049796939 ], [ 432321.252064866304863, 6065943.633723037317395 ] ], [ [ 432330.301303722895682, 6065941.138756049796939 ], [ 432343.436815735360142, 6065937.580973265692592 ] ], [ [ 432343.436815735360142, 6065937.580973265692592 ], [ 432330.301303722895682, 6065941.138756049796939 ] ], [ [ 432343.436815735360142, 6065937.580973265692592 ], [ 432411.055862599459942, 6065919.118093744851649 ] ], [ [ 432411.055862599459942, 6065919.118093744851649 ], [ 432343.436815735360142, 6065937.580973265692592 ] ], [ [ 432411.055862599459942, 6065919.118093744851649 ], [ 432480.195368528889958, 6065900.23286025878042 ] ], [ [ 432480.195368528889958, 6065900.23286025878042 ], [ 432411.055862599459942, 6065919.118093744851649 ] ], [ [ 432480.195368528889958, 6065900.23286025878042 ], [ 432508.223527655296493, 6065892.591147332452238 ] ], [ [ 432508.223527655296493, 6065892.591147332452238 ], [ 432480.195368528889958, 6065900.23286025878042 ] ], [ [ 432508.223527655296493, 6065892.591147332452238 ], [ 432530.152053340163548, 6065886.598799995146692 ] ], [ [ 431519.733937205863185, 6065255.243754220195115 ], [ 431534.324261705041863, 6065304.670557760633528 ] ], [ [ 431519.733937205863185, 6065255.243754220195115 ], [ 431504.944851099164225, 6065199.097897781990469 ] ], [ [ 431534.324261705041863, 6065304.670557760633528 ], [ 431519.733937205863185, 6065255.243754220195115 ] ], [ [ 431534.324261705041863, 6065304.670557760633528 ], [ 431538.160559351847041, 6065317.68938307557255 ] ], [ [ 431542.865566846448928, 6065333.633190730586648 ], [ 431538.160559351847041, 6065317.68938307557255 ] ], [ [ 431542.865566846448928, 6065333.633190730586648 ], [ 431574.05289272184018, 6065439.189829640090466 ] ], [ [ 431574.05289272184018, 6065439.189829640090466 ], [ 431542.865566846448928, 6065333.633190730586648 ] ], [ [ 431574.05289272184018, 6065439.189829640090466 ], [ 431613.482305476907641, 6065578.766666045412421 ] ], [ [ 431613.482305476907641, 6065578.766666045412421 ], [ 431574.05289272184018, 6065439.189829640090466 ] ], [ [ 431613.482305476907641, 6065578.766666045412421 ], [ 431617.815531833039131, 6065593.15806844457984 ] ], [ [ 431617.815531833039131, 6065593.15806844457984 ], [ 431613.482305476907641, 6065578.766666045412421 ] ], [ [ 431617.815531833039131, 6065593.15806844457984 ], [ 431620.531118864426389, 6065603.222392068244517 ] ], [ [ 431620.531118864426389, 6065603.222392068244517 ], [ 431617.815531833039131, 6065593.15806844457984 ] ], [ [ 431620.531118864426389, 6065603.222392068244517 ], [ 431685.335604093270376, 6065835.879875232465565 ] ], [ [ 431685.335604093270376, 6065835.879875232465565 ], [ 431620.531118864426389, 6065603.222392068244517 ] ], [ [ 431685.335604093270376, 6065835.879875232465565 ], [ 431688.474712868046481, 6065847.139799318276346 ] ], [ [ 431688.474712868046481, 6065847.139799318276346 ], [ 431685.335604093270376, 6065835.879875232465565 ] ], [ [ 431688.474712868046481, 6065847.139799318276346 ], [ 431690.934379312151577, 6065855.204754110425711 ] ], [ [ 431691.181821316946298, 6065865.606928208842874 ], [ 431690.934379312151577, 6065855.204754110425711 ] ], [ [ 431691.181821316946298, 6065865.606928208842874 ], [ 431740.888040914665908, 6066045.629186030477285 ] ], [ [ 431740.888040914665908, 6066045.629186030477285 ], [ 431691.181821316946298, 6065865.606928208842874 ] ], [ [ 431740.888040914665908, 6066045.629186030477285 ], [ 431750.663689763634466, 6066081.017410078085959 ] ], [ [ 431750.663689763634466, 6066081.017410078085959 ], [ 431740.888040914665908, 6066045.629186030477285 ] ], [ [ 431750.663689763634466, 6066081.017410078085959 ], [ 431751.7400975713972, 6066084.918669085018337 ] ], [ [ 431751.7400975713972, 6066084.918669085018337 ], [ 431750.663689763634466, 6066081.017410078085959 ] ], [ [ 431751.7400975713972, 6066084.918669085018337 ], [ 431753.664713795064017, 6066092.535436848178506 ] ], [ [ 432556.601119945233222, 6065878.858552233316004 ], [ 432530.152053340163548, 6065886.598799995146692 ] ], [ [ 432556.601119945233222, 6065878.858552233316004 ], [ 432630.6076303460286, 6065857.198581132106483 ] ], [ [ 432630.6076303460286, 6065857.198581132106483 ], [ 432556.601119945233222, 6065878.858552233316004 ] ], [ [ 432630.6076303460286, 6065857.198581132106483 ], [ 432678.665817300963681, 6065843.160453665070236 ] ], [ [ 432678.665817300963681, 6065843.160453665070236 ], [ 432630.6076303460286, 6065857.198581132106483 ] ], [ [ 432678.665817300963681, 6065843.160453665070236 ], [ 432732.872688234667294, 6065827.272866303101182 ] ], [ [ 432732.872688234667294, 6065827.272866303101182 ], [ 432710.782290569448378, 6065833.74728795979172 ] ], [ [ 432732.872688234667294, 6065827.272866303101182 ], [ 432754.965993429126684, 6065820.808739816769958 ] ], [ [ 432531.417820873204619, 6065890.28594521805644 ], [ 432530.152053340163548, 6065886.598799995146692 ] ], [ [ 432531.417820873204619, 6065890.28594521805644 ], [ 432532.494668783037923, 6065893.397189781069756 ] ], [ [ 432532.494668783037923, 6065893.397189781069756 ], [ 432531.417820873204619, 6065890.28594521805644 ] ], [ [ 432532.494668783037923, 6065893.397189781069756 ], [ 432534.581815721758176, 6065899.475992859341204 ] ], [ [ 431761.233902490290347, 6066122.548166162334383 ], [ 431790.599057866726071, 6066121.303363312035799 ] ], [ [ 431761.233902490290347, 6066122.548166162334383 ], [ 431762.578297931933776, 6066161.669684486463666 ] ], [ [ 431761.233902490290347, 6066122.548166162334383 ], [ 431750.409483211755287, 6066123.012183497659862 ] ], [ [ 431761.233902490290347, 6066122.548166162334383 ], [ 431757.569467626453843, 6066108.035239647142589 ] ], [ [ 431405.198485611646902, 6064865.440266091376543 ], [ 431424.729179263056722, 6064929.983278889209032 ] ], [ [ 431405.198485611646902, 6064865.440266091376543 ], [ 431393.760374847566709, 6064854.106175134889781 ] ], [ [ 431424.729179263056722, 6064929.983278889209032 ], [ 431405.198485611646902, 6064865.440266091376543 ] ], [ [ 431424.729179263056722, 6064929.983278889209032 ], [ 431456.546457994787488, 6065039.358092617243528 ] ], [ [ 431456.546457994787488, 6065039.358092617243528 ], [ 431424.729179263056722, 6064929.983278889209032 ] ], [ [ 431456.546457994787488, 6065039.358092617243528 ], [ 431459.464968876098283, 6065050.443145929835737 ] ], [ [ 431462.319177506491542, 6065059.837519587948918 ], [ 431459.464968876098283, 6065050.443145929835737 ] ], [ [ 431462.319177506491542, 6065059.837519587948918 ], [ 431494.211949030694086, 6065165.382948156446218 ] ], [ [ 431494.211949030694086, 6065165.382948156446218 ], [ 431462.319177506491542, 6065059.837519587948918 ] ], [ [ 431494.211949030694086, 6065165.382948156446218 ], [ 431504.944851099164225, 6065199.097897781990469 ] ], [ [ 431504.944851099164225, 6065199.097897781990469 ], [ 431494.211949030694086, 6065165.382948156446218 ] ], [ [ 431504.944851099164225, 6065199.097897781990469 ], [ 431519.733937205863185, 6065255.243754220195115 ] ], [ [ 431393.760374847566709, 6064854.106175134889781 ], [ 431405.198485611646902, 6064865.440266091376543 ] ], [ [ 431393.760374847566709, 6064854.106175134889781 ], [ 431394.234416613879148, 6064860.298010258004069 ] ], [ [ 431393.760374847566709, 6064854.106175134889781 ], [ 431390.258532534004189, 6064841.104644547216594 ] ], [ [ 431394.403100164316129, 6064862.499054962769151 ], [ 431394.872220876975916, 6064868.791128787212074 ] ], [ [ 431394.403100164316129, 6064862.499054962769151 ], [ 431394.234416613879148, 6064860.298010258004069 ] ], [ [ 431394.234416613879148, 6064860.298010258004069 ], [ 431394.403100164316129, 6064862.499054962769151 ] ], [ [ 431394.234416613879148, 6064860.298010258004069 ], [ 431393.760374847566709, 6064854.106175134889781 ] ], [ [ 431390.704144786286633, 6064863.668141454458237 ], [ 431394.872220876975916, 6064868.791128787212074 ] ], [ [ 431390.704144786286633, 6064863.668141454458237 ], [ 431385.918377053516451, 6064861.136538363993168 ] ], [ [ 431385.918377053516451, 6064861.136538363993168 ], [ 431390.704144786286633, 6064863.668141454458237 ] ], [ [ 431385.918377053516451, 6064861.136538363993168 ], [ 431378.700171954580583, 6064862.158739727921784 ] ], [ [ 431378.700171954580583, 6064862.158739727921784 ], [ 431385.918377053516451, 6064861.136538363993168 ] ], [ [ 431378.700171954580583, 6064862.158739727921784 ], [ 431274.151584310340695, 6064892.38319768756628 ] ], [ [ 431274.151584310340695, 6064892.38319768756628 ], [ 431292.250348706264049, 6064887.150736281648278 ] ], [ [ 431274.151584310340695, 6064892.38319768756628 ], [ 431256.017167112848256, 6064897.490973530337214 ] ], [ [ 431964.674179602181539, 6065523.861428814008832 ], [ 431970.581331801309716, 6065530.361029101535678 ] ], [ [ 431964.674179602181539, 6065523.861428814008832 ], [ 431960.474208325671498, 6065518.248730188235641 ] ], [ [ 431960.474208325671498, 6065518.248730188235641 ], [ 431964.674179602181539, 6065523.861428814008832 ] ], [ [ 431960.474208325671498, 6065518.248730188235641 ], [ 431956.995156903285533, 6065513.036962630227208 ] ], [ [ 431956.995156903285533, 6065513.036962630227208 ], [ 431960.474208325671498, 6065518.248730188235641 ] ], [ [ 431956.995156903285533, 6065513.036962630227208 ], [ 431952.384166527946945, 6065504.937497587874532 ] ], [ [ 431952.384166527946945, 6065504.937497587874532 ], [ 431956.995156903285533, 6065513.036962630227208 ] ], [ [ 431952.384166527946945, 6065504.937497587874532 ], [ 431949.768255064031109, 6065496.741212771274149 ] ], [ [ 431949.768255064031109, 6065496.741212771274149 ], [ 431952.384166527946945, 6065504.937497587874532 ] ], [ [ 431949.768255064031109, 6065496.741212771274149 ], [ 431947.321760865394026, 6065488.675929277203977 ] ], [ [ 431947.321760865394026, 6065488.675929277203977 ], [ 431949.768255064031109, 6065496.741212771274149 ] ], [ [ 431947.321760865394026, 6065488.675929277203977 ], [ 431946.306360489048529, 6065481.980254611931741 ] ], [ [ 431946.306360489048529, 6065481.980254611931741 ], [ 431947.321760865394026, 6065488.675929277203977 ] ], [ [ 431946.306360489048529, 6065481.980254611931741 ], [ 431945.102257731487043, 6065473.874001237563789 ] ], [ [ 431945.102257731487043, 6065473.874001237563789 ], [ 431946.306360489048529, 6065481.980254611931741 ] ], [ [ 431945.102257731487043, 6065473.874001237563789 ], [ 431944.982571434811689, 6065465.072527319192886 ] ], [ [ 431944.982571434811689, 6065465.072527319192886 ], [ 431945.102257731487043, 6065473.874001237563789 ] ], [ [ 431944.982571434811689, 6065465.072527319192886 ], [ 431946.431219507823698, 6065454.778364039957523 ] ], [ [ 431946.431219507823698, 6065454.778364039957523 ], [ 431944.982571434811689, 6065465.072527319192886 ] ], [ [ 431946.431219507823698, 6065454.778364039957523 ], [ 431950.082309642108157, 6065441.902421038597822 ] ], [ [ 431950.082309642108157, 6065441.902421038597822 ], [ 431946.431219507823698, 6065454.778364039957523 ] ], [ [ 431950.082309642108157, 6065441.902421038597822 ], [ 431953.426521135086659, 6065430.379925727844238 ] ], [ [ 431954.319334149709903, 6065427.303745606914163 ], [ 431953.426521135086659, 6065430.379925727844238 ] ], [ [ 431954.319334149709903, 6065427.303745606914163 ], [ 431959.260124186694156, 6065410.680074323900044 ] ], [ [ 431959.260124186694156, 6065410.680074323900044 ], [ 431954.319334149709903, 6065427.303745606914163 ] ], [ [ 431959.260124186694156, 6065410.680074323900044 ], [ 431960.751311784842983, 6065403.635032180696726 ] ], [ [ 431960.751311784842983, 6065403.635032180696726 ], [ 431959.260124186694156, 6065410.680074323900044 ] ], [ [ 431960.751311784842983, 6065403.635032180696726 ], [ 431961.227822169836145, 6065394.646513121202588 ] ], [ [ 431961.227822169836145, 6065394.646513121202588 ], [ 431960.751311784842983, 6065403.635032180696726 ] ], [ [ 431961.227822169836145, 6065394.646513121202588 ], [ 431959.904042137204669, 6065385.863171902485192 ] ], [ [ 431959.904042137204669, 6065385.863171902485192 ], [ 431961.227822169836145, 6065394.646513121202588 ] ], [ [ 431959.904042137204669, 6065385.863171902485192 ], [ 431958.091429675812833, 6065375.840710800141096 ] ], [ [ 431958.091429675812833, 6065375.840710800141096 ], [ 431959.904042137204669, 6065385.863171902485192 ] ], [ [ 431958.091429675812833, 6065375.840710800141096 ], [ 431936.90934498840943, 6065303.663481755182147 ] ], [ [ 431936.90934498840943, 6065303.663481755182147 ], [ 431958.091429675812833, 6065375.840710800141096 ] ], [ [ 431936.90934498840943, 6065303.663481755182147 ], [ 431917.574275169405155, 6065237.412690191529691 ] ], [ [ 431917.574275169405155, 6065237.412690191529691 ], [ 431936.90934498840943, 6065303.663481755182147 ] ], [ [ 431917.574275169405155, 6065237.412690191529691 ], [ 431911.903566617285833, 6065218.422516722232103 ] ], [ [ 431911.903566617285833, 6065218.422516722232103 ], [ 431917.574275169405155, 6065237.412690191529691 ] ], [ [ 431911.903566617285833, 6065218.422516722232103 ], [ 431908.57672297465615, 6065207.087375104427338 ] ], [ [ 432154.467054093664046, 6065994.692543024197221 ], [ 432243.647657098365016, 6065967.389449090696871 ] ], [ [ 432154.467054093664046, 6065994.692543024197221 ], [ 432141.909486038028263, 6066004.552513480186462 ] ], [ [ 432243.647657098365016, 6065967.389449090696871 ], [ 432154.467054093664046, 6065994.692543024197221 ] ], [ [ 432243.647657098365016, 6065967.389449090696871 ], [ 432321.252064866304863, 6065943.633723037317395 ] ], [ [ 431790.57068640133366, 6066112.600663246586919 ], [ 431790.599057866726071, 6066121.303363312035799 ] ], [ [ 431790.57068640133366, 6066112.600663246586919 ], [ 431790.567427666101139, 6066110.252425892278552 ] ], [ [ 431790.567427666101139, 6066110.252425892278552 ], [ 431790.57068640133366, 6066112.600663246586919 ] ], [ [ 431790.567427666101139, 6066110.252425892278552 ], [ 431790.558342623640783, 6066107.091836151666939 ] ], [ [ 431756.665168590145186, 6066104.44300034083426 ], [ 431753.664713795064017, 6066092.535436848178506 ] ], [ [ 431756.665168590145186, 6066104.44300034083426 ], [ 431757.569467626453843, 6066108.035239647142589 ] ], [ [ 431757.569467626453843, 6066108.035239647142589 ], [ 431756.665168590145186, 6066104.44300034083426 ] ], [ [ 431757.569467626453843, 6066108.035239647142589 ], [ 431761.233902490290347, 6066122.548166162334383 ] ], [ [ 432207.851760732301045, 6065117.432151434011757 ], [ 432225.763035759329796, 6065112.027078618295491 ] ], [ [ 432207.851760732301045, 6065117.432151434011757 ], [ 432181.481838422478177, 6065125.389936887659132 ] ], [ [ 431873.474859489768278, 6064920.531933007761836 ], [ 431929.616644969792105, 6064904.176003720611334 ] ], [ [ 431873.474859489768278, 6064920.531933007761836 ], [ 431844.212542363035027, 6064929.057321537286043 ] ], [ [ 432424.214285434107296, 6065644.554982436820865 ], [ 432382.07383251702413, 6065657.757691984064877 ] ], [ [ 432424.214285434107296, 6065644.554982436820865 ], [ 432435.381117875804193, 6065641.056464594788849 ] ], [ [ 432011.332838070811704, 6065565.819752440787852 ], [ 432012.588893070816994, 6065567.368019265122712 ] ], [ [ 432011.332838070811704, 6065565.819752440787852 ], [ 432006.407379245385528, 6065559.74843580275774 ] ], [ [ 431953.426521135086659, 6065430.379925727844238 ], [ 431950.082309642108157, 6065441.902421038597822 ] ], [ [ 431953.426521135086659, 6065430.379925727844238 ], [ 431954.319334149709903, 6065427.303745606914163 ] ], [ [ 432434.12077350274194, 6065352.898411002010107 ], [ 432419.176737033878453, 6065357.680380965583026 ] ], [ [ 432434.12077350274194, 6065352.898411002010107 ], [ 432479.450117203814443, 6065338.39375420846045 ] ] ] } },
{ "type": "Feature", "properties": { "full_id": "n12168223570", "osm_id": "12168223570", "osm_type": "node", "amenity": "community_centre", "entrance": null, "full_name": null, "community_centre": null, "check_date": "2024-09-10", "operator": null, "contact:phone": null, "opening_hours": null, "name": "Урал", "type": "lines", "start": "55.9508153, 54.7312536" }, "geometry": { "type": "MultiLineString", "coordinates": [ [ [ 431676.687463923823088, 6065858.50301390979439 ], [ 431680.388019974343479, 6065857.489929149858654 ] ], [ [ 431676.687463923823088, 6065858.50301390979439 ], [ 431703.297092412947677, 6065956.778558418154716 ] ], [ [ 431676.687463923823088, 6065858.50301390979439 ], [ 431674.648421738122124, 6065850.999300303868949 ] ], [ [ 431680.388019974343479, 6065857.489929149858654 ], [ 431676.687463923823088, 6065858.50301390979439 ] ], [ [ 431680.388019974343479, 6065857.489929149858654 ], [ 431683.08753302070545, 6065856.714571421965957 ] ], [ [ 431683.08753302070545, 6065856.714571421965957 ], [ 431680.388019974343479, 6065857.489929149858654 ] ], [ [ 431683.08753302070545, 6065856.714571421965957 ], [ 431690.934379312151577, 6065855.204754110425711 ] ], [ [ 431690.934379312151577, 6065855.204754110425711 ], [ 431683.08753302070545, 6065856.714571421965957 ] ], [ [ 431690.934379312151577, 6065855.204754110425711 ], [ 431697.173188696266152, 6065854.676383339799941 ] ], [ [ 431690.934379312151577, 6065855.204754110425711 ], [ 431688.474712868046481, 6065847.139799318276346 ] ], [ [ 431690.934379312151577, 6065855.204754110425711 ], [ 431691.181821316946298, 6065865.606928208842874 ] ], [ [ 431697.173188696266152, 6065854.676383339799941 ], [ 431690.934379312151577, 6065855.204754110425711 ] ], [ [ 431697.173188696266152, 6065854.676383339799941 ], [ 431718.672510295291431, 6065852.292467724531889 ] ], [ [ 431718.672510295291431, 6065852.292467724531889 ], [ 431697.173188696266152, 6065854.676383339799941 ] ], [ [ 431718.672510295291431, 6065852.292467724531889 ], [ 431809.363947874109726, 6065825.636868412606418 ] ], [ [ 431809.363947874109726, 6065825.636868412606418 ], [ 431718.672510295291431, 6065852.292467724531889 ] ], [ [ 431809.363947874109726, 6065825.636868412606418 ], [ 431835.65143900946714, 6065817.905950746499002 ] ], [ [ 431835.65143900946714, 6065817.905950746499002 ], [ 431809.363947874109726, 6065825.636868412606418 ] ], [ [ 431835.65143900946714, 6065817.905950746499002 ], [ 431881.039378716726787, 6065804.567344475537539 ] ], [ [ 431881.039378716726787, 6065804.567344475537539 ], [ 431835.65143900946714, 6065817.905950746499002 ] ], [ [ 431881.039378716726787, 6065804.567344475537539 ], [ 431924.869532835611608, 6065791.68671578168869 ] ], [ [ 431924.869532835611608, 6065791.68671578168869 ], [ 431881.039378716726787, 6065804.567344475537539 ] ], [ [ 431924.869532835611608, 6065791.68671578168869 ], [ 432055.418976469722111, 6065753.328670262359083 ] ], [ [ 432055.418976469722111, 6065753.328670262359083 ], [ 431924.869532835611608, 6065791.68671578168869 ] ], [ [ 432055.418976469722111, 6065753.328670262359083 ], [ 432070.428992309374735, 6065748.918344254605472 ] ], [ [ 432070.428992309374735, 6065748.918344254605472 ], [ 432055.418976469722111, 6065753.328670262359083 ] ], [ [ 432070.428992309374735, 6065748.918344254605472 ], [ 432082.380498823185917, 6065745.399872727692127 ] ], [ [ 432070.428992309374735, 6065748.918344254605472 ], [ 432066.504749546526, 6065735.92268221732229 ] ], [ [ 432070.428992309374735, 6065748.918344254605472 ], [ 432073.069978968822397, 6065757.949014308862388 ] ], [ [ 432082.380498823185917, 6065745.399872727692127 ], [ 432070.428992309374735, 6065748.918344254605472 ] ], [ [ 432082.380498823185917, 6065745.399872727692127 ], [ 432120.332220166223124, 6065734.256675763987005 ] ], [ [ 432120.332220166223124, 6065734.256675763987005 ], [ 432082.380498823185917, 6065745.399872727692127 ] ], [ [ 432120.332220166223124, 6065734.256675763987005 ], [ 432154.946353247854859, 6065723.853936587460339 ] ], [ [ 432154.946353247854859, 6065723.853936587460339 ], [ 432120.332220166223124, 6065734.256675763987005 ] ], [ [ 432154.946353247854859, 6065723.853936587460339 ], [ 432165.877740442287177, 6065720.584723086096346 ] ], [ [ 432165.877740442287177, 6065720.584723086096346 ], [ 432154.946353247854859, 6065723.853936587460339 ] ], [ [ 432165.877740442287177, 6065720.584723086096346 ], [ 432219.635056856262963, 6065704.786759932525456 ] ], [ [ 432219.635056856262963, 6065704.786759932525456 ], [ 432165.877740442287177, 6065720.584723086096346 ] ], [ [ 432219.635056856262963, 6065704.786759932525456 ], [ 432246.760609433811624, 6065697.023435011506081 ] ], [ [ 432246.760609433811624, 6065697.023435011506081 ], [ 432219.635056856262963, 6065704.786759932525456 ] ], [ [ 432246.760609433811624, 6065697.023435011506081 ], [ 432259.833558081183583, 6065693.544268255122006 ] ], [ [ 432259.833558081183583, 6065693.544268255122006 ], [ 432246.760609433811624, 6065697.023435011506081 ] ], [ [ 432259.833558081183583, 6065693.544268255122006 ], [ 432273.099021566682495, 6065690.017736749723554 ] ], [ [ 432273.099021566682495, 6065690.017736749723554 ], [ 432259.833558081183583, 6065693.544268255122006 ] ], [ [ 432273.099021566682495, 6065690.017736749723554 ], [ 432301.774196476384532, 6065681.218752126209438 ] ], [ [ 432301.774196476384532, 6065681.218752126209438 ], [ 432273.099021566682495, 6065690.017736749723554 ] ], [ [ 432301.774196476384532, 6065681.218752126209438 ], [ 432382.07383251702413, 6065657.757691984064877 ] ], [ [ 432382.07383251702413, 6065657.757691984064877 ], [ 432301.774196476384532, 6065681.218752126209438 ] ], [ [ 432382.07383251702413, 6065657.757691984064877 ], [ 432424.214285434107296, 6065644.554982436820865 ] ], [ [ 432435.381117875804193, 6065641.056464594788849 ], [ 432424.214285434107296, 6065644.554982436820865 ] ], [ [ 432435.381117875804193, 6065641.056464594788849 ], [ 432452.213992674020119, 6065636.186123014427722 ] ], [ [ 432452.213992674020119, 6065636.186123014427722 ], [ 432435.381117875804193, 6065641.056464594788849 ] ], [ [ 432452.213992674020119, 6065636.186123014427722 ], [ 432448.543744749156758, 6065625.033816346898675 ] ], [ [ 432452.213992674020119, 6065636.186123014427722 ], [ 432462.487250243313611, 6065633.239096000790596 ] ], [ [ 432452.213992674020119, 6065636.186123014427722 ], [ 432455.231428552127909, 6065645.890256830491126 ] ], [ [ 433040.478579459595494, 6065838.606976268813014 ], [ 433017.787051880615763, 6065837.496549975126982 ] ], [ [ 433040.478579459595494, 6065838.606976268813014 ], [ 433024.122822410427034, 6065830.469096858985722 ] ], [ [ 433040.478579459595494, 6065838.606976268813014 ], [ 433047.996606788598001, 6065840.521078070625663 ] ], [ [ 433017.787051880615763, 6065837.496549975126982 ], [ 433040.478579459595494, 6065838.606976268813014 ] ], [ [ 433017.787051880615763, 6065837.496549975126982 ], [ 432998.934185343794525, 6065838.588543883524835 ] ], [ [ 432998.934185343794525, 6065838.588543883524835 ], [ 433017.787051880615763, 6065837.496549975126982 ] ], [ [ 432998.934185343794525, 6065838.588543883524835 ], [ 432968.468192265543621, 6065844.760908522643149 ] ], [ [ 432968.468192265543621, 6065844.760908522643149 ], [ 432998.934185343794525, 6065838.588543883524835 ] ], [ [ 432968.468192265543621, 6065844.760908522643149 ], [ 432974.523555584717542, 6065835.767667079344392 ] ], [ [ 432968.468192265543621, 6065844.760908522643149 ], [ 432954.197952491929755, 6065848.712091559544206 ] ], [ [ 433047.996606788598001, 6065840.521078070625663 ], [ 433076.881304201495368, 6065848.88521153666079 ] ], [ [ 433047.996606788598001, 6065840.521078070625663 ], [ 433040.478579459595494, 6065838.606976268813014 ] ], [ [ 433076.881304201495368, 6065848.88521153666079 ], [ 433047.996606788598001, 6065840.521078070625663 ] ], [ [ 433076.881304201495368, 6065848.88521153666079 ], [ 433088.241245577577502, 6065851.922169516794384 ] ], [ [ 432073.07410780916689, 6064349.292955107986927 ], [ 432086.249908936675638, 6064345.5447299759835 ] ], [ [ 432073.07410780916689, 6064349.292955107986927 ], [ 432055.979054540512152, 6064354.591453775763512 ] ], [ [ 432073.07410780916689, 6064349.292955107986927 ], [ 432078.347386396315414, 6064364.538721030578017 ] ], [ [ 432086.249908936675638, 6064345.5447299759835 ], [ 432073.07410780916689, 6064349.292955107986927 ] ], [ [ 432086.249908936675638, 6064345.5447299759835 ], [ 432175.895685983763542, 6064320.025913667865098 ] ], [ [ 432175.895685983763542, 6064320.025913667865098 ], [ 432163.284492972423322, 6064323.615726177580655 ] ], [ [ 432175.895685983763542, 6064320.025913667865098 ], [ 432185.727725384000223, 6064317.107205837033689 ] ], [ [ 432185.727725384000223, 6064317.107205837033689 ], [ 432182.989789796876721, 6064317.919978129677474 ] ], [ [ 432185.727725384000223, 6064317.107205837033689 ], [ 432188.487037709564902, 6064316.370266109704971 ] ], [ [ 433263.59336030553095, 6064814.889196446165442 ], [ 433280.460527156363241, 6064809.992441418580711 ] ], [ [ 433263.59336030553095, 6064814.889196446165442 ], [ 433246.725865064247046, 6064819.784970997832716 ] ], [ [ 433228.971172460413072, 6064824.938333152793348 ], [ 433263.59336030553095, 6064814.889196446165442 ] ], [ [ 433228.971172460413072, 6064824.938333152793348 ], [ 433177.483034405158833, 6064839.88871714938432 ] ], [ [ 433146.668835583142936, 6064848.836428065784276 ], [ 433228.971172460413072, 6064824.938333152793348 ] ], [ [ 433146.668835583142936, 6064848.836428065784276 ], [ 433152.694194850861095, 6064864.695476232096553 ] ], [ [ 433146.668835583142936, 6064848.836428065784276 ], [ 433029.073960348730907, 6064882.206808998249471 ] ], [ [ 433003.812167675350793, 6066134.498638694174588 ], [ 433004.551813070953358, 6066136.970581100322306 ] ], [ [ 433003.812167675350793, 6066134.498638694174588 ], [ 433003.068612526869401, 6066132.027869661338627 ] ], [ [ 433002.08496586792171, 6066128.759301539510489 ], [ 433003.812167675350793, 6066134.498638694174588 ] ], [ [ 433002.08496586792171, 6066128.759301539510489 ], [ 432999.811773812572937, 6066120.492315211333334 ] ], [ [ 432993.828420817735605, 6066098.732615200802684 ], [ 433002.08496586792171, 6066128.759301539510489 ] ], [ [ 432993.828420817735605, 6066098.732615200802684 ], [ 432983.277781107346527, 6066060.444698260165751 ] ], [ [ 432979.222721572208684, 6066045.729191699065268 ], [ 432993.828420817735605, 6066098.732615200802684 ] ], [ [ 432979.222721572208684, 6066045.729191699065268 ], [ 432953.175722037791274, 6065954.687999166548252 ] ], [ [ 432937.750377918186132, 6065900.774012838490307 ], [ 432979.222721572208684, 6066045.729191699065268 ] ], [ [ 432937.750377918186132, 6065900.774012838490307 ], [ 432936.072538941691164, 6065894.900415369309485 ] ], [ [ 432936.072538941691164, 6065894.900415369309485 ], [ 432937.750377918186132, 6065900.774012838490307 ] ], [ [ 432936.072538941691164, 6065894.900415369309485 ], [ 432934.409059407247696, 6065889.126768593676388 ] ], [ [ 432934.409059407247696, 6065889.126768593676388 ], [ 432936.072538941691164, 6065894.900415369309485 ] ], [ [ 432934.409059407247696, 6065889.126768593676388 ], [ 432930.375112121691927, 6065870.300311707891524 ] ], [ [ 432831.587152878753841, 6065525.069415330886841 ], [ 432834.677486262051389, 6065535.395938716828823 ] ], [ [ 432831.587152878753841, 6065525.069415330886841 ], [ 432815.671443882398307, 6065529.735489646904171 ] ], [ [ 432831.587152878753841, 6065525.069415330886841 ], [ 432848.51909658923978, 6065520.310389403253794 ] ], [ [ 432831.587152878753841, 6065525.069415330886841 ], [ 432827.7436998935882, 6065512.172103753313422 ] ], [ [ 432834.677486262051389, 6065535.395938716828823 ], [ 432831.587152878753841, 6065525.069415330886841 ] ], [ [ 432834.677486262051389, 6065535.395938716828823 ], [ 432843.921394060482271, 6065568.891134449280798 ] ], [ [ 432908.549887429981027, 6065791.350704903714359 ], [ 432887.656875361863058, 6065796.880641150288284 ] ], [ [ 432908.549887429981027, 6065791.350704903714359 ], [ 432912.850674896384589, 6065802.115601945668459 ] ], [ [ 432908.549887429981027, 6065791.350704903714359 ], [ 432906.413334709824994, 6065784.515684748999774 ] ], [ [ 432887.656875361863058, 6065796.880641150288284 ], [ 432908.549887429981027, 6065791.350704903714359 ] ], [ [ 432887.656875361863058, 6065796.880641150288284 ], [ 432869.639977574057411, 6065802.234387069009244 ] ], [ [ 432869.639977574057411, 6065802.234387069009244 ], [ 432887.656875361863058, 6065796.880641150288284 ] ], [ [ 432869.639977574057411, 6065802.234387069009244 ], [ 432786.354434254579246, 6065825.820247069001198 ] ], [ [ 432786.354434254579246, 6065825.820247069001198 ], [ 432869.639977574057411, 6065802.234387069009244 ] ], [ [ 432786.354434254579246, 6065825.820247069001198 ], [ 432728.580967503192369, 6065842.661765339784324 ] ], [ [ 432728.580967503192369, 6065842.661765339784324 ], [ 432786.354434254579246, 6065825.820247069001198 ] ], [ [ 432728.580967503192369, 6065842.661765339784324 ], [ 432670.490274420706555, 6065859.364079393446445 ] ], [ [ 432670.490274420706555, 6065859.364079393446445 ], [ 432728.580967503192369, 6065842.661765339784324 ] ], [ [ 432670.490274420706555, 6065859.364079393446445 ], [ 432602.899527533503715, 6065879.414095631800592 ] ], [ [ 432602.899527533503715, 6065879.414095631800592 ], [ 432670.490274420706555, 6065859.364079393446445 ] ], [ [ 432602.899527533503715, 6065879.414095631800592 ], [ 432560.595117470249534, 6065891.452913231216371 ] ], [ [ 432560.595117470249534, 6065891.452913231216371 ], [ 432602.899527533503715, 6065879.414095631800592 ] ], [ [ 432560.595117470249534, 6065891.452913231216371 ], [ 432534.581815721758176, 6065899.475992859341204 ] ], [ [ 432534.581815721758176, 6065899.475992859341204 ], [ 432560.595117470249534, 6065891.452913231216371 ] ], [ [ 432534.581815721758176, 6065899.475992859341204 ], [ 432512.138981096097268, 6065905.954562019556761 ] ], [ [ 432534.581815721758176, 6065899.475992859341204 ], [ 432538.82978257117793, 6065912.255740984342992 ] ], [ [ 432534.581815721758176, 6065899.475992859341204 ], [ 432532.494668783037923, 6065893.397189781069756 ] ], [ [ 432477.286899663740769, 6064524.966086612083018 ], [ 432461.71467508864589, 6064530.418375111185014 ] ], [ [ 432477.286899663740769, 6064524.966086612083018 ], [ 432471.920150632446166, 6064507.673499596305192 ] ], [ [ 432477.286899663740769, 6064524.966086612083018 ], [ 432478.744971910084132, 6064527.270318208262324 ] ], [ [ 432477.286899663740769, 6064524.966086612083018 ], [ 432490.008718697179575, 6064512.834357944317162 ] ], [ [ 432461.71467508864589, 6064530.418375111185014 ], [ 432477.286899663740769, 6064524.966086612083018 ] ], [ [ 432461.71467508864589, 6064530.418375111185014 ], [ 432363.081568886351306, 6064563.336632752791047 ] ], [ [ 432351.850232574914116, 6064567.085196411237121 ], [ 432461.71467508864589, 6064530.418375111185014 ] ], [ [ 432351.850232574914116, 6064567.085196411237121 ], [ 432284.53721034724731, 6064589.695106595754623 ] ], [ [ 432284.53721034724731, 6064589.695106595754623 ], [ 432351.850232574914116, 6064567.085196411237121 ] ], [ [ 432284.53721034724731, 6064589.695106595754623 ], [ 432261.161585272871889, 6064597.535388085059822 ] ], [ [ 432261.161585272871889, 6064597.535388085059822 ], [ 432284.53721034724731, 6064589.695106595754623 ] ], [ [ 432261.161585272871889, 6064597.535388085059822 ], [ 432253.457522940181661, 6064600.13268724642694 ] ], [ [ 432253.457522940181661, 6064600.13268724642694 ], [ 432261.161585272871889, 6064597.535388085059822 ] ], [ [ 432253.457522940181661, 6064600.13268724642694 ], [ 432193.426389790023677, 6064620.286554773338139 ] ], [ [ 432193.426389790023677, 6064620.286554773338139 ], [ 432253.457522940181661, 6064600.13268724642694 ] ], [ [ 432193.426389790023677, 6064620.286554773338139 ], [ 432165.340353470586706, 6064629.722721357829869 ] ], [ [ 432165.340353470586706, 6064629.722721357829869 ], [ 432193.426389790023677, 6064620.286554773338139 ] ], [ [ 432165.340353470586706, 6064629.722721357829869 ], [ 432157.57216241734568, 6064632.332278275862336 ] ], [ [ 432157.57216241734568, 6064632.332278275862336 ], [ 432165.340353470586706, 6064629.722721357829869 ] ], [ [ 432157.57216241734568, 6064632.332278275862336 ], [ 432163.066823991306592, 6064651.636997849680483 ] ], [ [ 432157.57216241734568, 6064632.332278275862336 ], [ 432151.46807957382407, 6064611.912656819447875 ] ], [ [ 432372.722046228183899, 6065371.574737990275025 ], [ 432377.444136902573518, 6065387.140697102062404 ] ], [ [ 432372.722046228183899, 6065371.574737990275025 ], [ 432383.301615897275042, 6065368.400374521501362 ] ], [ [ 432372.722046228183899, 6065371.574737990275025 ], [ 432368.625307057169266, 6065355.621028029359877 ] ], [ [ 432377.444136902573518, 6065387.140697102062404 ], [ 432372.722046228183899, 6065371.574737990275025 ] ], [ [ 432377.444136902573518, 6065387.140697102062404 ], [ 432408.328583204478491, 6065494.454483228735626 ] ], [ [ 432408.328583204478491, 6065494.454483228735626 ], [ 432377.444136902573518, 6065387.140697102062404 ] ], [ [ 432408.328583204478491, 6065494.454483228735626 ], [ 432430.913009770447388, 6065570.096245061606169 ] ], [ [ 432430.913009770447388, 6065570.096245061606169 ], [ 432408.328583204478491, 6065494.454483228735626 ] ], [ [ 432430.913009770447388, 6065570.096245061606169 ], [ 432448.543744749156758, 6065625.033816346898675 ] ], [ [ 432448.543744749156758, 6065625.033816346898675 ], [ 432430.913009770447388, 6065570.096245061606169 ] ], [ [ 432448.543744749156758, 6065625.033816346898675 ], [ 432452.213992674020119, 6065636.186123014427722 ] ], [ [ 432462.487250243313611, 6065633.239096000790596 ], [ 432452.213992674020119, 6065636.186123014427722 ] ], [ [ 432462.487250243313611, 6065633.239096000790596 ], [ 432557.599517398222815, 6065605.352933144196868 ] ], [ [ 432557.599517398222815, 6065605.352933144196868 ], [ 432462.487250243313611, 6065633.239096000790596 ] ], [ [ 432557.599517398222815, 6065605.352933144196868 ], [ 432639.189491768949665, 6065581.443201469257474 ] ], [ [ 432639.189491768949665, 6065581.443201469257474 ], [ 432557.599517398222815, 6065605.352933144196868 ] ], [ [ 432639.189491768949665, 6065581.443201469257474 ], [ 432648.827194008801598, 6065578.61737182084471 ] ], [ [ 432648.827194008801598, 6065578.61737182084471 ], [ 432639.189491768949665, 6065581.443201469257474 ] ], [ [ 432648.827194008801598, 6065578.61737182084471 ], [ 432653.283826593367849, 6065577.315591933205724 ] ], [ [ 432653.283826593367849, 6065577.315591933205724 ], [ 432648.827194008801598, 6065578.61737182084471 ] ], [ [ 432653.283826593367849, 6065577.315591933205724 ], [ 432704.672473842801992, 6065562.259927828796208 ] ], [ [ 432704.672473842801992, 6065562.259927828796208 ], [ 432653.283826593367849, 6065577.315591933205724 ] ], [ [ 432704.672473842801992, 6065562.259927828796208 ], [ 432716.887937461200636, 6065558.672450166195631 ] ], [ [ 432716.887937461200636, 6065558.672450166195631 ], [ 432704.672473842801992, 6065562.259927828796208 ] ], [ [ 432716.887937461200636, 6065558.672450166195631 ], [ 432759.530519662308507, 6065546.184977375902236 ] ], [ [ 432759.530519662308507, 6065546.184977375902236 ], [ 432716.887937461200636, 6065558.672450166195631 ] ], [ [ 432759.530519662308507, 6065546.184977375902236 ], [ 432815.671443882398307, 6065529.735489646904171 ] ], [ [ 432815.671443882398307, 6065529.735489646904171 ], [ 432759.530519662308507, 6065546.184977375902236 ] ], [ [ 432815.671443882398307, 6065529.735489646904171 ], [ 432831.587152878753841, 6065525.069415330886841 ] ], [ [ 432455.163503969321027, 6064445.51102286670357 ], [ 432444.937246261979453, 6064408.920458428561687 ] ], [ [ 432455.163503969321027, 6064445.51102286670357 ], [ 432461.783698926330544, 6064469.940972064621747 ] ], [ [ 432461.783698926330544, 6064469.940972064621747 ], [ 432455.163503969321027, 6064445.51102286670357 ] ], [ [ 432461.783698926330544, 6064469.940972064621747 ], [ 432471.920150632446166, 6064507.673499596305192 ] ], [ [ 432471.920150632446166, 6064507.673499596305192 ], [ 432461.783698926330544, 6064469.940972064621747 ] ], [ [ 432471.920150632446166, 6064507.673499596305192 ], [ 432477.286899663740769, 6064524.966086612083018 ] ], [ [ 432055.979054540512152, 6064354.591453775763512 ], [ 432073.07410780916689, 6064349.292955107986927 ] ], [ [ 432055.979054540512152, 6064354.591453775763512 ], [ 432012.173117029364221, 6064368.327050489373505 ] ], [ [ 432012.173117029364221, 6064368.327050489373505 ], [ 432055.979054540512152, 6064354.591453775763512 ] ], [ [ 432012.173117029364221, 6064368.327050489373505 ], [ 431958.51264135458041, 6064385.0694396244362 ] ], [ [ 432078.347386396315414, 6064364.538721030578017 ], [ 432073.07410780916689, 6064349.292955107986927 ] ], [ [ 432078.347386396315414, 6064364.538721030578017 ], [ 432099.999901919160038, 6064439.625357392244041 ] ], [ [ 432099.999901919160038, 6064439.625357392244041 ], [ 432078.347386396315414, 6064364.538721030578017 ] ], [ [ 432099.999901919160038, 6064439.625357392244041 ], [ 432129.761577456083614, 6064538.273407747969031 ] ], [ [ 432129.761577456083614, 6064538.273407747969031 ], [ 432099.999901919160038, 6064439.625357392244041 ] ], [ [ 432129.761577456083614, 6064538.273407747969031 ], [ 432134.988333481829613, 6064556.024020243436098 ] ], [ [ 432134.988333481829613, 6064556.024020243436098 ], [ 432129.761577456083614, 6064538.273407747969031 ] ], [ [ 432134.988333481829613, 6064556.024020243436098 ], [ 432140.587980733893346, 6064575.015518360771239 ] ], [ [ 432478.744971910084132, 6064527.270318208262324 ], [ 432477.286899663740769, 6064524.966086612083018 ] ], [ [ 432478.744971910084132, 6064527.270318208262324 ], [ 432481.223621153389104, 6064531.484665135852993 ] ], [ [ 432478.744971910084132, 6064527.270318208262324 ], [ 432491.313713539449964, 6064515.241043235175312 ] ], [ [ 432481.223621153389104, 6064531.484665135852993 ], [ 432478.744971910084132, 6064527.270318208262324 ] ], [ [ 432481.223621153389104, 6064531.484665135852993 ], [ 432549.381317840015981, 6064639.943223708309233 ] ], [ [ 432584.344428572221659, 6064695.581988700665534 ], [ 432481.223621153389104, 6064531.484665135852993 ] ], [ [ 432584.344428572221659, 6064695.581988700665534 ], [ 432592.172113010659814, 6064712.070075826719403 ] ], [ [ 432592.172113010659814, 6064712.070075826719403 ], [ 432584.344428572221659, 6064695.581988700665534 ] ], [ [ 432592.172113010659814, 6064712.070075826719403 ], [ 432573.935654680652078, 6064717.227851001545787 ] ], [ [ 432592.172113010659814, 6064712.070075826719403 ], [ 432598.862962092389353, 6064728.35254477430135 ] ], [ [ 432592.172113010659814, 6064712.070075826719403 ], [ 432609.966563761350699, 6064707.074775446206331 ] ], [ [ 432848.51909658923978, 6065520.310389403253794 ], [ 432831.587152878753841, 6065525.069415330886841 ] ], [ [ 432848.51909658923978, 6065520.310389403253794 ], [ 432897.884688054327853, 6065506.422202981077135 ] ], [ [ 432897.884688054327853, 6065506.422202981077135 ], [ 432848.51909658923978, 6065520.310389403253794 ] ], [ [ 432897.884688054327853, 6065506.422202981077135 ], [ 432987.226948411785997, 6065481.279659849591553 ] ], [ [ 432987.226948411785997, 6065481.279659849591553 ], [ 432897.884688054327853, 6065506.422202981077135 ] ], [ [ 432987.226948411785997, 6065481.279659849591553 ], [ 432992.774775667232461, 6065479.717192065902054 ] ], [ [ 432992.774775667232461, 6065479.717192065902054 ], [ 432987.226948411785997, 6065481.279659849591553 ] ], [ [ 432992.774775667232461, 6065479.717192065902054 ], [ 433045.720207254926208, 6065464.831567533314228 ] ], [ [ 433045.720207254926208, 6065464.831567533314228 ], [ 432992.774775667232461, 6065479.717192065902054 ] ], [ [ 433045.720207254926208, 6065464.831567533314228 ], [ 433103.296546679339372, 6065448.631531345658004 ] ], [ [ 433103.296546679339372, 6065448.631531345658004 ], [ 433045.720207254926208, 6065464.831567533314228 ] ], [ [ 433103.296546679339372, 6065448.631531345658004 ], [ 433130.394831783371046, 6065441.007534966804087 ] ], [ [ 433130.394831783371046, 6065441.007534966804087 ], [ 433103.296546679339372, 6065448.631531345658004 ] ], [ [ 433130.394831783371046, 6065441.007534966804087 ], [ 433173.380349626997486, 6065428.919595800340176 ] ], [ [ 433173.380349626997486, 6065428.919595800340176 ], [ 433130.394831783371046, 6065441.007534966804087 ] ], [ [ 433173.380349626997486, 6065428.919595800340176 ], [ 433187.740935994952451, 6065424.87877116817981 ] ], [ [ 433187.740935994952451, 6065424.87877116817981 ], [ 433173.380349626997486, 6065428.919595800340176 ] ], [ [ 433187.740935994952451, 6065424.87877116817981 ], [ 433218.078595727216452, 6065416.350457922555506 ] ], [ [ 433218.078595727216452, 6065416.350457922555506 ], [ 433187.740935994952451, 6065424.87877116817981 ] ], [ [ 433218.078595727216452, 6065416.350457922555506 ], [ 433230.046831981162541, 6065412.979495014064014 ] ], [ [ 433230.046831981162541, 6065412.979495014064014 ], [ 433218.078595727216452, 6065416.350457922555506 ] ], [ [ 433230.046831981162541, 6065412.979495014064014 ], [ 433232.259168991935439, 6065422.351001564413309 ] ], [ [ 433230.046831981162541, 6065412.979495014064014 ], [ 433228.080272414779756, 6065404.550341902300715 ] ], [ [ 433232.259168991935439, 6065422.351001564413309 ], [ 433230.046831981162541, 6065412.979495014064014 ] ], [ [ 433232.259168991935439, 6065422.351001564413309 ], [ 433244.168270218651742, 6065470.776379926130176 ] ], [ [ 433244.168270218651742, 6065470.776379926130176 ], [ 433232.259168991935439, 6065422.351001564413309 ] ], [ [ 433244.168270218651742, 6065470.776379926130176 ], [ 433250.666673931933474, 6065497.368265352211893 ] ], [ [ 433250.666673931933474, 6065497.368265352211893 ], [ 433244.168270218651742, 6065470.776379926130176 ] ], [ [ 433250.666673931933474, 6065497.368265352211893 ], [ 433258.993029959034175, 6065528.6853385893628 ] ], [ [ 433258.993029959034175, 6065528.6853385893628 ], [ 433250.666673931933474, 6065497.368265352211893 ] ], [ [ 433258.993029959034175, 6065528.6853385893628 ], [ 433272.074770683306269, 6065577.616538083180785 ] ], [ [ 433272.074770683306269, 6065577.616538083180785 ], [ 433258.993029959034175, 6065528.6853385893628 ] ], [ [ 433272.074770683306269, 6065577.616538083180785 ], [ 433283.538393558003008, 6065628.52348165307194 ] ], [ [ 432948.36924412229564, 6065764.060478501953185 ], [ 432953.640522638568655, 6065768.189105155877769 ] ], [ [ 432948.36924412229564, 6065764.060478501953185 ], [ 432990.038550841214601, 6065751.611850852146745 ] ], [ [ 432948.36924412229564, 6065764.060478501953185 ], [ 432935.543492334079929, 6065767.723174680024385 ] ], [ [ 432953.640522638568655, 6065768.189105155877769 ], [ 432948.36924412229564, 6065764.060478501953185 ] ], [ [ 432953.640522638568655, 6065768.189105155877769 ], [ 432956.305792607134208, 6065770.297498007304966 ] ], [ [ 432956.305792607134208, 6065770.297498007304966 ], [ 432953.640522638568655, 6065768.189105155877769 ] ], [ [ 432956.305792607134208, 6065770.297498007304966 ], [ 432967.796768307045568, 6065783.014661638066173 ] ], [ [ 432967.796768307045568, 6065783.014661638066173 ], [ 432956.305792607134208, 6065770.297498007304966 ] ], [ [ 432967.796768307045568, 6065783.014661638066173 ], [ 432982.081349568266887, 6065802.156505662016571 ] ], [ [ 432982.081349568266887, 6065802.156505662016571 ], [ 432967.796768307045568, 6065783.014661638066173 ] ], [ [ 432982.081349568266887, 6065802.156505662016571 ], [ 432982.606823444832116, 6065806.322179205715656 ] ], [ [ 432982.081349568266887, 6065802.156505662016571 ], [ 433000.121665302838665, 6065817.481006921269 ] ], [ [ 432982.081349568266887, 6065802.156505662016571 ], [ 432986.862173739995342, 6065781.474220390431583 ] ], [ [ 432982.081349568266887, 6065802.156505662016571 ], [ 432972.884083667886443, 6065795.14796984102577 ] ], [ [ 433175.454479537380394, 6065709.801929815672338 ], [ 433222.374873524880968, 6065697.098706374876201 ] ], [ [ 433175.454479537380394, 6065709.801929815672338 ], [ 433152.091232607781421, 6065716.869612158276141 ] ], [ [ 433152.091232607781421, 6065716.869612158276141 ], [ 433175.454479537380394, 6065709.801929815672338 ] ], [ [ 433152.091232607781421, 6065716.869612158276141 ], [ 433081.958912629401311, 6065737.196048363111913 ] ], [ [ 433079.090315640904009, 6065738.027480298653245 ], [ 433152.091232607781421, 6065716.869612158276141 ] ], [ [ 433079.090315640904009, 6065738.027480298653245 ], [ 433034.552304527780507, 6065751.174423607997596 ] ], [ [ 433034.552304527780507, 6065751.174423607997596 ], [ 433079.090315640904009, 6065738.027480298653245 ] ], [ [ 433034.552304527780507, 6065751.174423607997596 ], [ 433032.360673458082601, 6065751.908051456324756 ] ], [ [ 433032.360673458082601, 6065751.908051456324756 ], [ 433034.552304527780507, 6065751.174423607997596 ] ], [ [ 433032.360673458082601, 6065751.908051456324756 ], [ 433009.070823877700604, 6065759.120075587183237 ] ], [ [ 433009.070823877700604, 6065759.120075587183237 ], [ 433032.360673458082601, 6065751.908051456324756 ] ], [ [ 433009.070823877700604, 6065759.120075587183237 ], [ 433005.269369881716557, 6065760.300498742610216 ] ], [ [ 433005.269369881716557, 6065760.300498742610216 ], [ 433009.070823877700604, 6065759.120075587183237 ] ], [ [ 433005.269369881716557, 6065760.300498742610216 ], [ 433001.53577280632453, 6065761.279592398554087 ] ], [ [ 433001.53577280632453, 6065761.279592398554087 ], [ 433005.269369881716557, 6065760.300498742610216 ] ], [ [ 433001.53577280632453, 6065761.279592398554087 ], [ 432989.801519553991966, 6065774.708556251600385 ] ], [ [ 432874.923658853047527, 6064937.502384149469435 ], [ 432889.270932221319526, 6064986.257953389547765 ] ], [ [ 432889.270932221319526, 6064986.257953389547765 ], [ 432874.923658853047527, 6064937.502384149469435 ] ], [ [ 432889.270932221319526, 6064986.257953389547765 ], [ 432948.658631055732258, 6065188.11773880943656 ] ], [ [ 432948.658631055732258, 6065188.11773880943656 ], [ 432889.270932221319526, 6064986.257953389547765 ] ], [ [ 432948.658631055732258, 6065188.11773880943656 ], [ 432952.735117148433346, 6065201.968802119605243 ] ], [ [ 432952.735117148433346, 6065201.968802119605243 ], [ 432948.658631055732258, 6065188.11773880943656 ] ], [ [ 432952.735117148433346, 6065201.968802119605243 ], [ 432940.637553006235976, 6065205.331280367448926 ] ], [ [ 432952.735117148433346, 6065201.968802119605243 ], [ 432963.819889586011413, 6065198.498959835618734 ] ], [ [ 433228.080272414779756, 6065404.550341902300715 ], [ 433230.046831981162541, 6065412.979495014064014 ] ], [ [ 433228.080272414779756, 6065404.550341902300715 ], [ 433229.558973976701964, 6065372.120177035219967 ] ], [ [ 433229.558973976701964, 6065372.120177035219967 ], [ 433228.080272414779756, 6065404.550341902300715 ] ], [ [ 433229.558973976701964, 6065372.120177035219967 ], [ 433228.716205364384223, 6065298.089879693463445 ] ], [ [ 433228.716205364384223, 6065298.089879693463445 ], [ 433229.558973976701964, 6065372.120177035219967 ] ], [ [ 433228.716205364384223, 6065298.089879693463445 ], [ 433227.988183509325609, 6065221.798662062734365 ] ], [ [ 433227.988183509325609, 6065221.798662062734365 ], [ 433228.716205364384223, 6065298.089879693463445 ] ], [ [ 433227.988183509325609, 6065221.798662062734365 ], [ 433227.503025807556696, 6065209.452390779741108 ] ], [ [ 433227.503025807556696, 6065209.452390779741108 ], [ 433227.988183509325609, 6065221.798662062734365 ] ], [ [ 433227.503025807556696, 6065209.452390779741108 ], [ 433225.658358052372932, 6065140.845719124190509 ] ], [ [ 433225.658358052372932, 6065140.845719124190509 ], [ 433227.503025807556696, 6065209.452390779741108 ] ], [ [ 433225.658358052372932, 6065140.845719124190509 ], [ 433227.275937237311155, 6065120.855988491326571 ] ], [ [ 433227.275937237311155, 6065120.855988491326571 ], [ 433225.658358052372932, 6065140.845719124190509 ] ], [ [ 433227.275937237311155, 6065120.855988491326571 ], [ 433213.84048661054112, 6065124.805085800588131 ] ], [ [ 433227.275937237311155, 6065120.855988491326571 ], [ 433238.177975847036578, 6065117.634371528401971 ] ], [ [ 433227.275937237311155, 6065120.855988491326571 ], [ 433223.038338980986737, 6065105.638182635419071 ] ], [ [ 432383.301615897275042, 6065368.400374521501362 ], [ 432372.722046228183899, 6065371.574737990275025 ] ], [ [ 432383.301615897275042, 6065368.400374521501362 ], [ 432419.176737033878453, 6065357.680380965583026 ] ], [ [ 432419.176737033878453, 6065357.680380965583026 ], [ 432383.301615897275042, 6065368.400374521501362 ] ], [ [ 432419.176737033878453, 6065357.680380965583026 ], [ 432434.12077350274194, 6065352.898411002010107 ] ], [ [ 432479.450117203814443, 6065338.39375420846045 ], [ 432434.12077350274194, 6065352.898411002010107 ] ], [ [ 432479.450117203814443, 6065338.39375420846045 ], [ 432505.761513711302541, 6065330.710988809354603 ] ], [ [ 432505.761513711302541, 6065330.710988809354603 ], [ 432479.450117203814443, 6065338.39375420846045 ] ], [ [ 432505.761513711302541, 6065330.710988809354603 ], [ 432551.651052863977384, 6065317.305012723430991 ] ], [ [ 432551.651052863977384, 6065317.305012723430991 ], [ 432505.761513711302541, 6065330.710988809354603 ] ], [ [ 432551.651052863977384, 6065317.305012723430991 ], [ 432566.066321075428277, 6065313.483978361822665 ] ], [ [ 432566.066321075428277, 6065313.483978361822665 ], [ 432551.651052863977384, 6065317.305012723430991 ] ], [ [ 432566.066321075428277, 6065313.483978361822665 ], [ 432574.346698109933641, 6065310.733905684202909 ] ], [ [ 432574.346698109933641, 6065310.733905684202909 ], [ 432566.066321075428277, 6065313.483978361822665 ] ], [ [ 432574.346698109933641, 6065310.733905684202909 ], [ 432632.144030482042581, 6065294.201832123100758 ] ], [ [ 432632.144030482042581, 6065294.201832123100758 ], [ 432574.346698109933641, 6065310.733905684202909 ] ], [ [ 432632.144030482042581, 6065294.201832123100758 ], [ 432649.735261159949005, 6065289.120629382319748 ] ], [ [ 432649.735261159949005, 6065289.120629382319748 ], [ 432632.144030482042581, 6065294.201832123100758 ] ], [ [ 432649.735261159949005, 6065289.120629382319748 ], [ 432674.015561750507914, 6065282.114627741277218 ] ], [ [ 432674.015561750507914, 6065282.114627741277218 ], [ 432649.735261159949005, 6065289.120629382319748 ] ], [ [ 432674.015561750507914, 6065282.114627741277218 ], [ 432736.132233544834889, 6065264.940825174562633 ] ], [ [ 432736.132233544834889, 6065264.940825174562633 ], [ 432674.015561750507914, 6065282.114627741277218 ] ], [ [ 432736.132233544834889, 6065264.940825174562633 ], [ 432758.400615269492846, 6065259.055899139493704 ] ], [ [ 432758.400615269492846, 6065259.055899139493704 ], [ 432736.132233544834889, 6065264.940825174562633 ] ], [ [ 432758.400615269492846, 6065259.055899139493704 ], [ 432776.612595789250918, 6065253.687728086486459 ] ], [ [ 432758.400615269492846, 6065259.055899139493704 ], [ 432763.562380464980379, 6065276.118138095363975 ] ], [ [ 432758.400615269492846, 6065259.055899139493704 ], [ 432753.58527125173714, 6065243.201598709449172 ] ], [ [ 432845.000678845390212, 6064564.894875678233802 ], [ 432864.828153862734325, 6064538.246157954446971 ] ], [ [ 432845.000678845390212, 6064564.894875678233802 ], [ 432825.096756337559782, 6064591.486704154871404 ] ], [ [ 432819.728996838559397, 6064598.658151453360915 ], [ 432845.000678845390212, 6064564.894875678233802 ] ], [ [ 432819.728996838559397, 6064598.658151453360915 ], [ 432815.996048553846776, 6064603.643891965970397 ] ], [ [ 432815.996048553846776, 6064603.643891965970397 ], [ 432819.728996838559397, 6064598.658151453360915 ] ], [ [ 432815.996048553846776, 6064603.643891965970397 ], [ 432807.235393850191031, 6064615.34853443223983 ] ], [ [ 432807.235393850191031, 6064615.34853443223983 ], [ 432815.996048553846776, 6064603.643891965970397 ] ], [ [ 432807.235393850191031, 6064615.34853443223983 ], [ 432783.448118713102303, 6064647.097825673408806 ] ], [ [ 432783.448118713102303, 6064647.097825673408806 ], [ 432807.235393850191031, 6064615.34853443223983 ] ], [ [ 432783.448118713102303, 6064647.097825673408806 ], [ 432766.596870463050436, 6064662.695697951130569 ] ], [ [ 432766.596870463050436, 6064662.695697951130569 ], [ 432783.448118713102303, 6064647.097825673408806 ] ], [ [ 432766.596870463050436, 6064662.695697951130569 ], [ 432761.969383381889202, 6064664.266987095586956 ] ], [ [ 432761.969383381889202, 6064664.266987095586956 ], [ 432766.596870463050436, 6064662.695697951130569 ] ], [ [ 432761.969383381889202, 6064664.266987095586956 ], [ 432749.90963401546469, 6064667.662769220769405 ] ], [ [ 432982.606823444832116, 6065806.322179205715656 ], [ 432982.081349568266887, 6065802.156505662016571 ] ], [ [ 432982.606823444832116, 6065806.322179205715656 ], [ 432982.581547132576816, 6065811.564430553466082 ] ], [ [ 432982.581547132576816, 6065811.564430553466082 ], [ 432982.606823444832116, 6065806.322179205715656 ] ], [ [ 432982.581547132576816, 6065811.564430553466082 ], [ 432981.923475936986506, 6065816.693647159263492 ] ], [ [ 432981.923475936986506, 6065816.693647159263492 ], [ 432982.581547132576816, 6065811.564430553466082 ] ], [ [ 432981.923475936986506, 6065816.693647159263492 ], [ 432981.239818525558803, 6065821.400332009419799 ] ], [ [ 432981.239818525558803, 6065821.400332009419799 ], [ 432981.923475936986506, 6065816.693647159263492 ] ], [ [ 432981.239818525558803, 6065821.400332009419799 ], [ 432980.119166390388273, 6065826.169145914725959 ] ], [ [ 432980.119166390388273, 6065826.169145914725959 ], [ 432981.239818525558803, 6065821.400332009419799 ] ], [ [ 432980.119166390388273, 6065826.169145914725959 ], [ 432977.789389691955876, 6065831.478972352109849 ] ], [ [ 432977.789389691955876, 6065831.478972352109849 ], [ 432980.119166390388273, 6065826.169145914725959 ] ], [ [ 432977.789389691955876, 6065831.478972352109849 ], [ 432974.523555584717542, 6065835.767667079344392 ] ], [ [ 432974.523555584717542, 6065835.767667079344392 ], [ 432977.789389691955876, 6065831.478972352109849 ] ], [ [ 432974.523555584717542, 6065835.767667079344392 ], [ 432968.468192265543621, 6065844.760908522643149 ] ], [ [ 433000.121665302838665, 6065817.481006921269 ], [ 432982.081349568266887, 6065802.156505662016571 ] ], [ [ 433000.121665302838665, 6065817.481006921269 ], [ 432999.746743379742838, 6065817.386403857730329 ] ], [ [ 432999.746743379742838, 6065817.386403857730329 ], [ 433000.121665302838665, 6065817.481006921269 ] ], [ [ 432999.746743379742838, 6065817.386403857730329 ], [ 433009.547182668757159, 6065822.51633502356708 ] ], [ [ 433009.547182668757159, 6065822.51633502356708 ], [ 432999.746743379742838, 6065817.386403857730329 ] ], [ [ 433009.547182668757159, 6065822.51633502356708 ], [ 433024.122822410427034, 6065830.469096858985722 ] ], [ [ 433024.122822410427034, 6065830.469096858985722 ], [ 433009.547182668757159, 6065822.51633502356708 ] ], [ [ 433024.122822410427034, 6065830.469096858985722 ], [ 433040.478579459595494, 6065838.606976268813014 ] ], [ [ 432989.801519553991966, 6065774.708556251600385 ], [ 432986.862173739995342, 6065781.474220390431583 ] ], [ [ 432989.801519553991966, 6065774.708556251600385 ], [ 433001.53577280632453, 6065761.279592398554087 ] ], [ [ 432986.862173739995342, 6065781.474220390431583 ], [ 432989.801519553991966, 6065774.708556251600385 ] ], [ [ 432986.862173739995342, 6065781.474220390431583 ], [ 432982.081349568266887, 6065802.156505662016571 ] ], [ [ 432930.375112121691927, 6065870.300311707891524 ], [ 432921.662953888415359, 6065833.936837993562222 ] ], [ [ 432930.375112121691927, 6065870.300311707891524 ], [ 432934.412665854964871, 6065865.076399170793593 ] ], [ [ 432930.375112121691927, 6065870.300311707891524 ], [ 432934.409059407247696, 6065889.126768593676388 ] ], [ [ 432921.662953888415359, 6065833.936837993562222 ], [ 432930.375112121691927, 6065870.300311707891524 ] ], [ [ 432921.662953888415359, 6065833.936837993562222 ], [ 432917.900386369496118, 6065820.815669047646224 ] ], [ [ 432921.662953888415359, 6065833.936837993562222 ], [ 432924.999749374866951, 6065814.477879115380347 ] ], [ [ 432921.662953888415359, 6065833.936837993562222 ], [ 432932.08109669177793, 6065844.232533532194793 ] ], [ [ 432917.900386369496118, 6065820.815669047646224 ], [ 432921.662953888415359, 6065833.936837993562222 ] ], [ [ 432917.900386369496118, 6065820.815669047646224 ], [ 432912.850674896384589, 6065802.115601945668459 ] ], [ [ 432912.850674896384589, 6065802.115601945668459 ], [ 432917.900386369496118, 6065820.815669047646224 ] ], [ [ 432912.850674896384589, 6065802.115601945668459 ], [ 432908.549887429981027, 6065791.350704903714359 ] ], [ [ 432776.612595789250918, 6065253.687728086486459 ], [ 432758.400615269492846, 6065259.055899139493704 ] ], [ [ 432776.612595789250918, 6065253.687728086486459 ], [ 432791.406496278825216, 6065249.316455365158617 ] ], [ [ 432791.406496278825216, 6065249.316455365158617 ], [ 432776.612595789250918, 6065253.687728086486459 ] ], [ [ 432791.406496278825216, 6065249.316455365158617 ], [ 432804.777003382623661, 6065245.378180399537086 ] ], [ [ 432804.777003382623661, 6065245.378180399537086 ], [ 432791.406496278825216, 6065249.316455365158617 ] ], [ [ 432804.777003382623661, 6065245.378180399537086 ], [ 432829.812318613927346, 6065238.005663284100592 ] ], [ [ 432829.812318613927346, 6065238.005663284100592 ], [ 432804.777003382623661, 6065245.378180399537086 ] ], [ [ 432829.812318613927346, 6065238.005663284100592 ], [ 432848.171908028889447, 6065232.591073287650943 ] ], [ [ 432848.171908028889447, 6065232.591073287650943 ], [ 432829.812318613927346, 6065238.005663284100592 ] ], [ [ 432848.171908028889447, 6065232.591073287650943 ], [ 432931.976350639015436, 6065208.052936950698495 ] ], [ [ 432931.976350639015436, 6065208.052936950698495 ], [ 432848.171908028889447, 6065232.591073287650943 ] ], [ [ 432931.976350639015436, 6065208.052936950698495 ], [ 432940.637553006235976, 6065205.331280367448926 ] ], [ [ 432940.637553006235976, 6065205.331280367448926 ], [ 432931.976350639015436, 6065208.052936950698495 ] ], [ [ 432940.637553006235976, 6065205.331280367448926 ], [ 432952.735117148433346, 6065201.968802119605243 ] ], [ [ 432963.819889586011413, 6065198.498959835618734 ], [ 432952.735117148433346, 6065201.968802119605243 ] ], [ [ 432963.819889586011413, 6065198.498959835618734 ], [ 432973.746894573909231, 6065195.569392312318087 ] ], [ [ 432973.746894573909231, 6065195.569392312318087 ], [ 432963.819889586011413, 6065198.498959835618734 ] ], [ [ 432973.746894573909231, 6065195.569392312318087 ], [ 433061.891754530137405, 6065169.58929265383631 ] ], [ [ 433061.891754530137405, 6065169.58929265383631 ], [ 432973.746894573909231, 6065195.569392312318087 ] ], [ [ 433061.891754530137405, 6065169.58929265383631 ], [ 433077.108866529539227, 6065165.103956565260887 ] ], [ [ 433177.023391688067932, 6065135.655036942102015 ], [ 433077.108866529539227, 6065165.103956565260887 ] ], [ [ 433177.023391688067932, 6065135.655036942102015 ], [ 433185.23210616176948, 6065133.241036006249487 ] ], [ [ 433185.23210616176948, 6065133.241036006249487 ], [ 433177.023391688067932, 6065135.655036942102015 ] ], [ [ 433185.23210616176948, 6065133.241036006249487 ], [ 433194.851606562267989, 6065130.405541190877557 ] ], [ [ 433194.851606562267989, 6065130.405541190877557 ], [ 433185.23210616176948, 6065133.241036006249487 ] ], [ [ 433194.851606562267989, 6065130.405541190877557 ], [ 433213.84048661054112, 6065124.805085800588131 ] ], [ [ 433213.84048661054112, 6065124.805085800588131 ], [ 433194.851606562267989, 6065130.405541190877557 ] ], [ [ 433213.84048661054112, 6065124.805085800588131 ], [ 433227.275937237311155, 6065120.855988491326571 ] ], [ [ 433238.177975847036578, 6065117.634371528401971 ], [ 433227.275937237311155, 6065120.855988491326571 ] ], [ [ 433238.177975847036578, 6065117.634371528401971 ], [ 433288.34735868050484, 6065102.848369087092578 ] ], [ [ 433288.34735868050484, 6065102.848369087092578 ], [ 433238.177975847036578, 6065117.634371528401971 ] ], [ [ 433288.34735868050484, 6065102.848369087092578 ], [ 433335.836467582616024, 6065088.859257175587118 ] ], [ [ 433335.836467582616024, 6065088.859257175587118 ], [ 433288.34735868050484, 6065102.848369087092578 ] ], [ [ 433335.836467582616024, 6065088.859257175587118 ], [ 433445.129654856165871, 6065056.654051933437586 ] ], [ [ 433445.129654856165871, 6065056.654051933437586 ], [ 433335.836467582616024, 6065088.859257175587118 ] ], [ [ 433445.129654856165871, 6065056.654051933437586 ], [ 433508.421876836800948, 6065038.004632123745978 ] ], [ [ 433508.421876836800948, 6065038.004632123745978 ], [ 433445.129654856165871, 6065056.654051933437586 ] ], [ [ 433508.421876836800948, 6065038.004632123745978 ], [ 433521.165123708429746, 6065034.255801677703857 ] ], [ [ 433521.165123708429746, 6065034.255801677703857 ], [ 433508.421876836800948, 6065038.004632123745978 ] ], [ [ 433521.165123708429746, 6065034.255801677703857 ], [ 433525.641686125367414, 6065032.943477995693684 ] ], [ [ 433521.165123708429746, 6065034.255801677703857 ], [ 433524.754213766311295, 6065046.612069066613913 ] ], [ [ 432455.231428552127909, 6065645.890256830491126 ], [ 432452.213992674020119, 6065636.186123014427722 ] ], [ [ 432455.231428552127909, 6065645.890256830491126 ], [ 432472.780204580631107, 6065702.27594705298543 ] ], [ [ 432472.780204580631107, 6065702.27594705298543 ], [ 432455.231428552127909, 6065645.890256830491126 ] ], [ [ 432472.780204580631107, 6065702.27594705298543 ], [ 432491.525736095150933, 6065762.494547254405916 ] ], [ [ 432491.525736095150933, 6065762.494547254405916 ], [ 432472.780204580631107, 6065702.27594705298543 ] ], [ [ 432491.525736095150933, 6065762.494547254405916 ], [ 432516.913739866926335, 6065844.060108553618193 ] ], [ [ 432516.913739866926335, 6065844.060108553618193 ], [ 432491.525736095150933, 6065762.494547254405916 ] ], [ [ 432516.913739866926335, 6065844.060108553618193 ], [ 432517.887757405347656, 6065847.18401516135782 ] ], [ [ 432517.887757405347656, 6065847.18401516135782 ], [ 432516.913739866926335, 6065844.060108553618193 ] ], [ [ 432517.887757405347656, 6065847.18401516135782 ], [ 432523.616318160202354, 6065866.385484956204891 ] ], [ [ 432523.616318160202354, 6065866.385484956204891 ], [ 432517.887757405347656, 6065847.18401516135782 ] ], [ [ 432523.616318160202354, 6065866.385484956204891 ], [ 432530.152053340163548, 6065886.598799995146692 ] ], [ [ 432163.066823991306592, 6064651.636997849680483 ], [ 432157.57216241734568, 6064632.332278275862336 ] ], [ [ 432163.066823991306592, 6064651.636997849680483 ], [ 432178.410181683429983, 6064704.816110423766077 ] ], [ [ 432178.410181683429983, 6064704.816110423766077 ], [ 432163.066823991306592, 6064651.636997849680483 ] ], [ [ 432178.410181683429983, 6064704.816110423766077 ], [ 432208.401279991900083, 6064808.669699246063828 ] ], [ [ 432208.401279991900083, 6064808.669699246063828 ], [ 432178.410181683429983, 6064704.816110423766077 ] ], [ [ 432208.401279991900083, 6064808.669699246063828 ], [ 432212.050163038133178, 6064821.32459728512913 ] ], [ [ 432212.050163038133178, 6064821.32459728512913 ], [ 432208.401279991900083, 6064808.669699246063828 ] ], [ [ 432212.050163038133178, 6064821.32459728512913 ], [ 432198.883776248898357, 6064825.183638916350901 ] ], [ [ 432212.050163038133178, 6064821.32459728512913 ], [ 432225.346038999326993, 6064817.508169710636139 ] ], [ [ 432212.050163038133178, 6064821.32459728512913 ], [ 432215.047244247922208, 6064831.752290258184075 ] ], [ [ 432763.562380464980379, 6065276.118138095363975 ], [ 432758.400615269492846, 6065259.055899139493704 ] ], [ [ 432763.562380464980379, 6065276.118138095363975 ], [ 432782.113805502420291, 6065343.363302670419216 ] ], [ [ 432782.113805502420291, 6065343.363302670419216 ], [ 432763.562380464980379, 6065276.118138095363975 ] ], [ [ 432782.113805502420291, 6065343.363302670419216 ], [ 432801.346192887926009, 6065413.124751015566289 ] ], [ [ 432801.346192887926009, 6065413.124751015566289 ], [ 432782.113805502420291, 6065343.363302670419216 ] ], [ [ 432801.346192887926009, 6065413.124751015566289 ], [ 432827.7436998935882, 6065512.172103753313422 ] ], [ [ 432827.7436998935882, 6065512.172103753313422 ], [ 432801.346192887926009, 6065413.124751015566289 ] ], [ [ 432827.7436998935882, 6065512.172103753313422 ], [ 432831.587152878753841, 6065525.069415330886841 ] ], [ [ 432290.082035447587259, 6065092.610539412125945 ], [ 432293.738284952181857, 6065103.206472538411617 ] ], [ [ 432290.082035447587259, 6065092.610539412125945 ], [ 432301.363629088271409, 6065089.392092197202146 ] ], [ [ 432290.082035447587259, 6065092.610539412125945 ], [ 432287.296244358818512, 6065082.93642483651638 ] ], [ [ 432290.082035447587259, 6065092.610539412125945 ], [ 432276.123044740990736, 6065096.826257732696831 ] ], [ [ 432293.738284952181857, 6065103.206472538411617 ], [ 432290.082035447587259, 6065092.610539412125945 ] ], [ [ 432293.738284952181857, 6065103.206472538411617 ], [ 432318.764588930178434, 6065184.676255348138511 ] ], [ [ 432318.764588930178434, 6065184.676255348138511 ], [ 432293.738284952181857, 6065103.206472538411617 ] ], [ [ 432318.764588930178434, 6065184.676255348138511 ], [ 432364.032491128600668, 6065336.647584278136492 ] ], [ [ 432364.032491128600668, 6065336.647584278136492 ], [ 432318.764588930178434, 6065184.676255348138511 ] ], [ [ 432364.032491128600668, 6065336.647584278136492 ], [ 432368.625307057169266, 6065355.621028029359877 ] ], [ [ 432368.625307057169266, 6065355.621028029359877 ], [ 432364.032491128600668, 6065336.647584278136492 ] ], [ [ 432368.625307057169266, 6065355.621028029359877 ], [ 432372.722046228183899, 6065371.574737990275025 ] ], [ [ 432193.540267444390338, 6066180.666314673610032 ], [ 432210.985919438302517, 6066240.054018507711589 ] ], [ [ 432193.540267444390338, 6066180.666314673610032 ], [ 432191.38172766554635, 6066173.28660274669528 ] ], [ [ 432191.38172766554635, 6066173.28660274669528 ], [ 432193.540267444390338, 6066180.666314673610032 ] ], [ [ 432191.38172766554635, 6066173.28660274669528 ], [ 432172.577564030420035, 6066106.289486673660576 ] ], [ [ 432170.522232263116166, 6066098.966688795946538 ], [ 432191.38172766554635, 6066173.28660274669528 ] ], [ [ 432170.522232263116166, 6066098.966688795946538 ], [ 432166.803319879749324, 6066085.455915029160678 ] ], [ [ 432166.803319879749324, 6066085.455915029160678 ], [ 432170.522232263116166, 6066098.966688795946538 ] ], [ [ 432166.803319879749324, 6066085.455915029160678 ], [ 432155.719186300877482, 6066046.335941381752491 ] ], [ [ 432155.719186300877482, 6066046.335941381752491 ], [ 432166.803319879749324, 6066085.455915029160678 ] ], [ [ 432155.719186300877482, 6066046.335941381752491 ], [ 432150.110479768365622, 6066028.34619605075568 ] ], [ [ 432150.110479768365622, 6066028.34619605075568 ], [ 432155.719186300877482, 6066046.335941381752491 ] ], [ [ 432150.110479768365622, 6066028.34619605075568 ], [ 432147.20006218389608, 6066017.650136172771454 ] ], [ [ 432147.20006218389608, 6066017.650136172771454 ], [ 432150.110479768365622, 6066028.34619605075568 ] ], [ [ 432147.20006218389608, 6066017.650136172771454 ], [ 432152.017794770246837, 6066012.558463042601943 ] ], [ [ 432147.20006218389608, 6066017.650136172771454 ], [ 432144.764094614249188, 6066012.389178673736751 ] ], [ [ 432147.20006218389608, 6066017.650136172771454 ], [ 432134.90884359262418, 6066021.229202701710165 ] ], [ [ 432766.078590957913548, 6066486.732986054383218 ], [ 432766.810532815288752, 6066488.493107924237847 ] ], [ [ 432766.078590957913548, 6066486.732986054383218 ], [ 432765.362797642010264, 6066484.966237511485815 ] ], [ [ 432674.541698986315168, 6064982.818881155923009 ], [ 432659.411325131542981, 6064987.139885272830725 ] ], [ [ 432674.541698986315168, 6064982.818881155923009 ], [ 432671.38771008013282, 6064971.725489652715623 ] ], [ [ 432674.541698986315168, 6064982.818881155923009 ], [ 432689.345330102427397, 6064978.614087614230812 ] ], [ [ 432674.541698986315168, 6064982.818881155923009 ], [ 432678.99208347662352, 6064997.487710193730891 ] ], [ [ 432659.411325131542981, 6064987.139885272830725 ], [ 432674.541698986315168, 6064982.818881155923009 ] ], [ [ 432659.411325131542981, 6064987.139885272830725 ], [ 432595.926903849525843, 6065005.269914173521101 ] ], [ [ 432595.926903849525843, 6065005.269914173521101 ], [ 432659.411325131542981, 6064987.139885272830725 ] ], [ [ 432595.926903849525843, 6065005.269914173521101 ], [ 432587.697930272785015, 6065007.61851317808032 ] ], [ [ 432587.697930272785015, 6065007.61851317808032 ], [ 432595.926903849525843, 6065005.269914173521101 ] ], [ [ 432587.697930272785015, 6065007.61851317808032 ], [ 432551.030000303988345, 6065018.081823385320604 ] ], [ [ 432551.030000303988345, 6065018.081823385320604 ], [ 432587.697930272785015, 6065007.61851317808032 ] ], [ [ 432551.030000303988345, 6065018.081823385320604 ], [ 432527.376044018659741, 6065024.845388935878873 ] ], [ [ 432527.376044018659741, 6065024.845388935878873 ], [ 432551.030000303988345, 6065018.081823385320604 ] ], [ [ 432527.376044018659741, 6065024.845388935878873 ], [ 432503.972140716330614, 6065031.527440246194601 ] ], [ [ 432503.972140716330614, 6065031.527440246194601 ], [ 432527.376044018659741, 6065024.845388935878873 ] ], [ [ 432503.972140716330614, 6065031.527440246194601 ], [ 432487.30270802648738, 6065036.283798513934016 ] ], [ [ 432487.30270802648738, 6065036.283798513934016 ], [ 432503.972140716330614, 6065031.527440246194601 ] ], [ [ 432487.30270802648738, 6065036.283798513934016 ], [ 432478.181886656326242, 6065038.857379625551403 ] ], [ [ 432478.181886656326242, 6065038.857379625551403 ], [ 432487.30270802648738, 6065036.283798513934016 ] ], [ [ 432478.181886656326242, 6065038.857379625551403 ], [ 432465.155441708979197, 6065042.568884785287082 ] ], [ [ 432465.155441708979197, 6065042.568884785287082 ], [ 432478.181886656326242, 6065038.857379625551403 ] ], [ [ 432465.155441708979197, 6065042.568884785287082 ], [ 432458.242075669346377, 6065044.586441967636347 ] ], [ [ 432458.242075669346377, 6065044.586441967636347 ], [ 432465.155441708979197, 6065042.568884785287082 ] ], [ [ 432458.242075669346377, 6065044.586441967636347 ], [ 432369.258419457939453, 6065070.001031664200127 ] ], [ [ 432369.258419457939453, 6065070.001031664200127 ], [ 432458.242075669346377, 6065044.586441967636347 ] ], [ [ 432369.258419457939453, 6065070.001031664200127 ], [ 432301.363629088271409, 6065089.392092197202146 ] ], [ [ 432301.363629088271409, 6065089.392092197202146 ], [ 432369.258419457939453, 6065070.001031664200127 ] ], [ [ 432301.363629088271409, 6065089.392092197202146 ], [ 432290.082035447587259, 6065092.610539412125945 ] ], [ [ 431525.697710006381385, 6065321.51751577667892 ], [ 431516.280555322009604, 6065324.442563655786216 ] ], [ [ 431525.697710006381385, 6065321.51751577667892 ], [ 431530.43293135217391, 6065337.327301776967943 ] ], [ [ 431525.697710006381385, 6065321.51751577667892 ], [ 431521.803762546682265, 6065308.521832535043359 ] ], [ [ 431525.697710006381385, 6065321.51751577667892 ], [ 431529.005713925347663, 6065320.499136548489332 ] ], [ [ 431516.280555322009604, 6065324.442563655786216 ], [ 431525.697710006381385, 6065321.51751577667892 ] ], [ [ 431516.280555322009604, 6065324.442563655786216 ], [ 431433.575616311572958, 6065350.107565426267684 ] ], [ [ 432512.138981096097268, 6065905.954562019556761 ], [ 432534.581815721758176, 6065899.475992859341204 ] ], [ [ 432512.138981096097268, 6065905.954562019556761 ], [ 432347.962232659803703, 6065953.372435555793345 ] ], [ [ 432347.962232659803703, 6065953.372435555793345 ], [ 432512.138981096097268, 6065905.954562019556761 ] ], [ [ 432347.962232659803703, 6065953.372435555793345 ], [ 432336.477759443805553, 6065956.660632755607367 ] ], [ [ 432336.477759443805553, 6065956.660632755607367 ], [ 432347.962232659803703, 6065953.372435555793345 ] ], [ [ 432336.477759443805553, 6065956.660632755607367 ], [ 432325.904550623206887, 6065959.734881417825818 ] ], [ [ 432160.942841968615539, 6066007.382855922915041 ], [ 432152.017794770246837, 6066012.558463042601943 ] ], [ [ 432160.942841968615539, 6066007.382855922915041 ], [ 432178.191051851550583, 6066002.405053141526878 ] ], [ [ 432152.017794770246837, 6066012.558463042601943 ], [ 432160.942841968615539, 6066007.382855922915041 ] ], [ [ 432152.017794770246837, 6066012.558463042601943 ], [ 432147.20006218389608, 6066017.650136172771454 ] ], [ [ 432066.504749546526, 6065735.92268221732229 ], [ 432070.428992309374735, 6065748.918344254605472 ] ], [ [ 432066.504749546526, 6065735.92268221732229 ], [ 432032.606453584041446, 6065621.366693217307329 ] ], [ [ 432032.606453584041446, 6065621.366693217307329 ], [ 432066.504749546526, 6065735.92268221732229 ] ], [ [ 432032.606453584041446, 6065621.366693217307329 ], [ 432031.257575190160424, 6065616.467835218645632 ] ], [ [ 432144.764094614249188, 6066012.389178673736751 ], [ 432147.20006218389608, 6066017.650136172771454 ] ], [ [ 432144.764094614249188, 6066012.389178673736751 ], [ 432143.479640316392761, 6066009.192104578018188 ] ], [ [ 432143.479640316392761, 6066009.192104578018188 ], [ 432144.764094614249188, 6066012.389178673736751 ] ], [ [ 432143.479640316392761, 6066009.192104578018188 ], [ 432141.909486038028263, 6066004.552513480186462 ] ], [ [ 432141.909486038028263, 6066004.552513480186462 ], [ 432143.479640316392761, 6066009.192104578018188 ] ], [ [ 432141.909486038028263, 6066004.552513480186462 ], [ 432136.454301118210424, 6065983.499920664355159 ] ], [ [ 432141.909486038028263, 6066004.552513480186462 ], [ 432132.141867224185262, 6066010.65341916307807 ] ], [ [ 432141.909486038028263, 6066004.552513480186462 ], [ 432154.467054093664046, 6065994.692543024197221 ] ], [ [ 432136.454301118210424, 6065983.499920664355159 ], [ 432141.909486038028263, 6066004.552513480186462 ] ], [ [ 432136.454301118210424, 6065983.499920664355159 ], [ 432133.61287844076287, 6065974.828364841639996 ] ], [ [ 432133.61287844076287, 6065974.828364841639996 ], [ 432136.454301118210424, 6065983.499920664355159 ] ], [ [ 432133.61287844076287, 6065974.828364841639996 ], [ 432121.433375892404001, 6065931.417886273935437 ] ], [ [ 432133.61287844076287, 6065974.828364841639996 ], [ 432129.808669957448728, 6065985.658677605912089 ] ], [ [ 432121.433375892404001, 6065931.417886273935437 ], [ 432133.61287844076287, 6065974.828364841639996 ] ], [ [ 432121.433375892404001, 6065931.417886273935437 ], [ 432073.069978968822397, 6065757.949014308862388 ] ], [ [ 432073.069978968822397, 6065757.949014308862388 ], [ 432121.433375892404001, 6065931.417886273935437 ] ], [ [ 432073.069978968822397, 6065757.949014308862388 ], [ 432070.428992309374735, 6065748.918344254605472 ] ], [ [ 431908.57672297465615, 6065207.087375104427338 ], [ 431904.56785507168388, 6065193.236162883229554 ] ], [ [ 431908.57672297465615, 6065207.087375104427338 ], [ 431922.414043679600582, 6065202.961373205296695 ] ], [ [ 431908.57672297465615, 6065207.087375104427338 ], [ 431896.55256536003435, 6065210.57398128323257 ] ], [ [ 431908.57672297465615, 6065207.087375104427338 ], [ 431911.903566617285833, 6065218.422516722232103 ] ], [ [ 431904.56785507168388, 6065193.236162883229554 ], [ 431908.57672297465615, 6065207.087375104427338 ] ], [ [ 431904.56785507168388, 6065193.236162883229554 ], [ 431879.521987396932673, 6065106.693840497173369 ] ], [ [ 431879.521987396932673, 6065106.693840497173369 ], [ 431904.56785507168388, 6065193.236162883229554 ] ], [ [ 431879.521987396932673, 6065106.693840497173369 ], [ 431876.165206228732131, 6065095.092069185338914 ] ], [ [ 431876.165206228732131, 6065095.092069185338914 ], [ 431879.521987396932673, 6065106.693840497173369 ] ], [ [ 431876.165206228732131, 6065095.092069185338914 ], [ 431875.241110052797012, 6065091.90076257660985 ] ], [ [ 431875.241110052797012, 6065091.90076257660985 ], [ 431876.165206228732131, 6065095.092069185338914 ] ], [ [ 431875.241110052797012, 6065091.90076257660985 ], [ 431871.870590277190786, 6065080.243554854765534 ] ], [ [ 431871.870590277190786, 6065080.243554854765534 ], [ 431875.241110052797012, 6065091.90076257660985 ] ], [ [ 431871.870590277190786, 6065080.243554854765534 ], [ 431871.238825692795217, 6065078.071737154386938 ] ], [ [ 431871.238825692795217, 6065078.071737154386938 ], [ 431871.870590277190786, 6065080.243554854765534 ] ], [ [ 431871.238825692795217, 6065078.071737154386938 ], [ 431857.49894366634544, 6065030.589862871915102 ] ], [ [ 431857.49894366634544, 6065030.589862871915102 ], [ 431871.238825692795217, 6065078.071737154386938 ] ], [ [ 431857.49894366634544, 6065030.589862871915102 ], [ 431838.750708466628566, 6064965.810732095502317 ] ], [ [ 431838.750708466628566, 6064965.810732095502317 ], [ 431857.49894366634544, 6065030.589862871915102 ] ], [ [ 431838.750708466628566, 6064965.810732095502317 ], [ 431833.029149381502066, 6064946.053495950996876 ] ], [ [ 431833.029149381502066, 6064946.053495950996876 ], [ 431838.750708466628566, 6064965.810732095502317 ] ], [ [ 431833.029149381502066, 6064946.053495950996876 ], [ 431829.420610704168212, 6064933.576339918188751 ] ], [ [ 431829.420610704168212, 6064933.576339918188751 ], [ 431833.029149381502066, 6064946.053495950996876 ] ], [ [ 431829.420610704168212, 6064933.576339918188751 ], [ 431825.168620009848382, 6064917.302673725411296 ] ], [ [ 431829.420610704168212, 6064933.576339918188751 ], [ 431844.212542363035027, 6064929.057321537286043 ] ], [ [ 431829.420610704168212, 6064933.576339918188751 ], [ 431813.701479619659949, 6064938.543439852073789 ] ], [ [ 431825.168620009848382, 6064917.302673725411296 ], [ 431829.420610704168212, 6064933.576339918188751 ] ], [ [ 431825.168620009848382, 6064917.302673725411296 ], [ 431816.642365423380397, 6064885.846359693445265 ] ], [ [ 431816.642365423380397, 6064885.846359693445265 ], [ 431825.168620009848382, 6064917.302673725411296 ] ], [ [ 431816.642365423380397, 6064885.846359693445265 ], [ 431807.30963880935451, 6064850.896501030772924 ] ], [ [ 431807.30963880935451, 6064850.896501030772924 ], [ 431816.642365423380397, 6064885.846359693445265 ] ], [ [ 431807.30963880935451, 6064850.896501030772924 ], [ 431779.833287497633137, 6064751.225408025085926 ] ], [ [ 431779.833287497633137, 6064751.225408025085926 ], [ 431786.311663440894336, 6064774.72547953017056 ] ], [ [ 431779.833287497633137, 6064751.225408025085926 ], [ 431777.053269274067134, 6064742.018927087076008 ] ], [ [ 431777.053269274067134, 6064742.018927087076008 ], [ 431779.833287497633137, 6064751.225408025085926 ] ], [ [ 431777.053269274067134, 6064742.018927087076008 ], [ 431775.698732112417929, 6064737.632173030637205 ] ], [ [ 431775.698732112417929, 6064737.632173030637205 ], [ 431777.053269274067134, 6064742.018927087076008 ] ], [ [ 431775.698732112417929, 6064737.632173030637205 ], [ 431772.716088675137144, 6064727.910952367819846 ] ], [ [ 432023.952455321152229, 6064876.502066615968943 ], [ 432012.139676562335808, 6064879.974033023230731 ] ], [ [ 432023.952455321152229, 6064876.502066615968943 ], [ 432032.129211535793729, 6064874.108708954416215 ] ], [ [ 432012.139676562335808, 6064879.974033023230731 ], [ 432023.952455321152229, 6064876.502066615968943 ] ], [ [ 432012.139676562335808, 6064879.974033023230731 ], [ 431929.616644969792105, 6064904.176003720611334 ] ], [ [ 431929.616644969792105, 6064904.176003720611334 ], [ 432012.139676562335808, 6064879.974033023230731 ] ], [ [ 431929.616644969792105, 6064904.176003720611334 ], [ 431873.474859489768278, 6064920.531933007761836 ] ], [ [ 431844.212542363035027, 6064929.057321537286043 ], [ 431873.474859489768278, 6064920.531933007761836 ] ], [ [ 431844.212542363035027, 6064929.057321537286043 ], [ 431829.420610704168212, 6064933.576339918188751 ] ], [ [ 431813.701479619659949, 6064938.543439852073789 ], [ 431829.420610704168212, 6064933.576339918188751 ] ], [ [ 431813.701479619659949, 6064938.543439852073789 ], [ 431779.985077422228642, 6064949.035273175686598 ] ], [ [ 431779.985077422228642, 6064949.035273175686598 ], [ 431813.701479619659949, 6064938.543439852073789 ] ], [ [ 431779.985077422228642, 6064949.035273175686598 ], [ 431744.331179595261347, 6064960.458098316565156 ] ], [ [ 431744.331179595261347, 6064960.458098316565156 ], [ 431779.985077422228642, 6064949.035273175686598 ] ], [ [ 431744.331179595261347, 6064960.458098316565156 ], [ 431739.523178231553175, 6064961.97752941865474 ] ], [ [ 431739.523178231553175, 6064961.97752941865474 ], [ 431744.331179595261347, 6064960.458098316565156 ] ], [ [ 431739.523178231553175, 6064961.97752941865474 ], [ 431726.509391243453138, 6064966.080505535937846 ] ], [ [ 431726.509391243453138, 6064966.080505535937846 ], [ 431739.523178231553175, 6064961.97752941865474 ] ], [ [ 431726.509391243453138, 6064966.080505535937846 ], [ 431650.34472855378408, 6064990.147072582505643 ] ], [ [ 431650.34472855378408, 6064990.147072582505643 ], [ 431674.709195792209357, 6064982.448202597908676 ] ], [ [ 431650.34472855378408, 6064990.147072582505643 ], [ 431643.50464235781692, 6064992.30945455096662 ] ], [ [ 431643.50464235781692, 6064992.30945455096662 ], [ 431650.34472855378408, 6064990.147072582505643 ] ], [ [ 431643.50464235781692, 6064992.30945455096662 ], [ 431629.356744035321753, 6064996.797136739827693 ] ], [ [ 431629.356744035321753, 6064996.797136739827693 ], [ 431632.726875183056109, 6064995.728133738972247 ] ], [ [ 431629.356744035321753, 6064996.797136739827693 ], [ 431625.984918345115148, 6064997.860807108692825 ] ], [ [ 432134.90884359262418, 6066021.229202701710165 ], [ 432147.20006218389608, 6066017.650136172771454 ] ], [ [ 432134.90884359262418, 6066021.229202701710165 ], [ 432089.738636878319085, 6066034.383954117074609 ] ], [ [ 432089.738636878319085, 6066034.383954117074609 ], [ 432134.90884359262418, 6066021.229202701710165 ] ], [ [ 432089.738636878319085, 6066034.383954117074609 ], [ 431952.742078264942393, 6066074.285121613182127 ] ], [ [ 431952.742078264942393, 6066074.285121613182127 ], [ 431980.433516464196146, 6066066.219412772916257 ] ], [ [ 431952.742078264942393, 6066074.285121613182127 ], [ 431925.050633951788768, 6066082.351443773135543 ] ], [ [ 432198.883776248898357, 6064825.183638916350901 ], [ 432212.050163038133178, 6064821.32459728512913 ] ], [ [ 432198.883776248898357, 6064825.183638916350901 ], [ 432116.455243240226991, 6064849.369605254381895 ] ], [ [ 432116.455243240226991, 6064849.369605254381895 ], [ 432198.883776248898357, 6064825.183638916350901 ] ], [ [ 432116.455243240226991, 6064849.369605254381895 ], [ 432095.997219658398535, 6064855.364012678153813 ] ], [ [ 432095.997219658398535, 6064855.364012678153813 ], [ 432116.455243240226991, 6064849.369605254381895 ] ], [ [ 432095.997219658398535, 6064855.364012678153813 ], [ 432078.656181870668661, 6064860.454711876809597 ] ], [ [ 432078.656181870668661, 6064860.454711876809597 ], [ 432095.997219658398535, 6064855.364012678153813 ] ], [ [ 432078.656181870668661, 6064860.454711876809597 ], [ 432067.984779904771131, 6064863.586627173237503 ] ], [ [ 432067.984779904771131, 6064863.586627173237503 ], [ 432078.656181870668661, 6064860.454711876809597 ] ], [ [ 432067.984779904771131, 6064863.586627173237503 ], [ 432032.129211535793729, 6064874.108708954416215 ] ], [ [ 432032.129211535793729, 6064874.108708954416215 ], [ 432067.984779904771131, 6064863.586627173237503 ] ], [ [ 432032.129211535793729, 6064874.108708954416215 ], [ 432023.952455321152229, 6064876.502066615968943 ] ], [ [ 432573.935654680652078, 6064717.227851001545787 ], [ 432592.172113010659814, 6064712.070075826719403 ] ], [ [ 432573.935654680652078, 6064717.227851001545787 ], [ 432493.47287118784152, 6064740.442666165530682 ] ], [ [ 432493.47287118784152, 6064740.442666165530682 ], [ 432573.935654680652078, 6064717.227851001545787 ] ], [ [ 432493.47287118784152, 6064740.442666165530682 ], [ 432403.606684226891957, 6064766.270265481434762 ] ], [ [ 432403.606684226891957, 6064766.270265481434762 ], [ 432493.47287118784152, 6064740.442666165530682 ] ], [ [ 432403.606684226891957, 6064766.270265481434762 ], [ 432347.555437320377678, 6064782.378323222510517 ] ], [ [ 432347.555437320377678, 6064782.378323222510517 ], [ 432403.606684226891957, 6064766.270265481434762 ] ], [ [ 432347.555437320377678, 6064782.378323222510517 ], [ 432341.814915307390038, 6064784.022356670349836 ] ], [ [ 432341.814915307390038, 6064784.022356670349836 ], [ 432347.555437320377678, 6064782.378323222510517 ] ], [ [ 432341.814915307390038, 6064784.022356670349836 ], [ 432276.457636617007665, 6064802.808108290657401 ] ], [ [ 432276.457636617007665, 6064802.808108290657401 ], [ 432341.814915307390038, 6064784.022356670349836 ] ], [ [ 432276.457636617007665, 6064802.808108290657401 ], [ 432225.346038999326993, 6064817.508169710636139 ] ], [ [ 432225.346038999326993, 6064817.508169710636139 ], [ 432276.457636617007665, 6064802.808108290657401 ] ], [ [ 432225.346038999326993, 6064817.508169710636139 ], [ 432212.050163038133178, 6064821.32459728512913 ] ], [ [ 432215.047244247922208, 6064831.752290258184075 ], [ 432212.050163038133178, 6064821.32459728512913 ] ], [ [ 432215.047244247922208, 6064831.752290258184075 ], [ 432232.634588791290298, 6064892.899865079671144 ] ], [ [ 432232.634588791290298, 6064892.899865079671144 ], [ 432215.047244247922208, 6064831.752290258184075 ] ], [ [ 432232.634588791290298, 6064892.899865079671144 ], [ 432287.296244358818512, 6065082.93642483651638 ] ], [ [ 432287.296244358818512, 6065082.93642483651638 ], [ 432232.634588791290298, 6064892.899865079671144 ] ], [ [ 432287.296244358818512, 6065082.93642483651638 ], [ 432290.082035447587259, 6065092.610539412125945 ] ], [ [ 432598.862962092389353, 6064728.35254477430135 ], [ 432592.172113010659814, 6064712.070075826719403 ] ], [ [ 432598.862962092389353, 6064728.35254477430135 ], [ 432617.400202481541783, 6064787.005509762093425 ] ], [ [ 432617.400202481541783, 6064787.005509762093425 ], [ 432598.862962092389353, 6064728.35254477430135 ] ], [ [ 432617.400202481541783, 6064787.005509762093425 ], [ 432631.391066760756075, 6064833.673336344771087 ] ], [ [ 432631.391066760756075, 6064833.673336344771087 ], [ 432617.400202481541783, 6064787.005509762093425 ] ], [ [ 432631.391066760756075, 6064833.673336344771087 ], [ 432645.144322524196468, 6064879.543438416905701 ] ], [ [ 432645.144322524196468, 6064879.543438416905701 ], [ 432631.391066760756075, 6064833.673336344771087 ] ], [ [ 432645.144322524196468, 6064879.543438416905701 ], [ 432671.38771008013282, 6064971.725489652715623 ] ], [ [ 432671.38771008013282, 6064971.725489652715623 ], [ 432645.144322524196468, 6064879.543438416905701 ] ], [ [ 432671.38771008013282, 6064971.725489652715623 ], [ 432674.541698986315168, 6064982.818881155923009 ] ], [ [ 432749.90963401546469, 6064667.662769220769405 ], [ 432761.969383381889202, 6064664.266987095586956 ] ], [ [ 432749.90963401546469, 6064667.662769220769405 ], [ 432738.388726404460613, 6064670.905884470790625 ] ], [ [ 432738.388726404460613, 6064670.905884470790625 ], [ 432749.90963401546469, 6064667.662769220769405 ] ], [ [ 432738.388726404460613, 6064670.905884470790625 ], [ 432719.208550853014458, 6064676.299695760942996 ] ], [ [ 432719.208550853014458, 6064676.299695760942996 ], [ 432738.388726404460613, 6064670.905884470790625 ] ], [ [ 432719.208550853014458, 6064676.299695760942996 ], [ 432672.939249828050379, 6064689.331064386293292 ] ], [ [ 432672.939249828050379, 6064689.331064386293292 ], [ 432719.208550853014458, 6064676.299695760942996 ] ], [ [ 432672.939249828050379, 6064689.331064386293292 ], [ 432638.165198509173933, 6064699.119891488924623 ] ], [ [ 432638.165198509173933, 6064699.119891488924623 ], [ 432672.939249828050379, 6064689.331064386293292 ] ], [ [ 432638.165198509173933, 6064699.119891488924623 ], [ 432609.966563761350699, 6064707.074775446206331 ] ], [ [ 432609.966563761350699, 6064707.074775446206331 ], [ 432638.165198509173933, 6064699.119891488924623 ] ], [ [ 432609.966563761350699, 6064707.074775446206331 ], [ 432592.172113010659814, 6064712.070075826719403 ] ], [ [ 432709.546842789219227, 6065098.130748949944973 ], [ 432717.044753419002518, 6065122.826206188648939 ] ], [ [ 432709.546842789219227, 6065098.130748949944973 ], [ 432678.99208347662352, 6064997.487710193730891 ] ], [ [ 432717.044753419002518, 6065122.826206188648939 ], [ 432709.546842789219227, 6065098.130748949944973 ] ], [ [ 432717.044753419002518, 6065122.826206188648939 ], [ 432733.422074219794013, 6065176.770712644793093 ] ], [ [ 432733.422074219794013, 6065176.770712644793093 ], [ 432717.044753419002518, 6065122.826206188648939 ] ], [ [ 432733.422074219794013, 6065176.770712644793093 ], [ 432744.292689047986642, 6065212.578646537847817 ] ], [ [ 432744.292689047986642, 6065212.578646537847817 ], [ 432733.422074219794013, 6065176.770712644793093 ] ], [ [ 432744.292689047986642, 6065212.578646537847817 ], [ 432753.58527125173714, 6065243.201598709449172 ] ], [ [ 432753.58527125173714, 6065243.201598709449172 ], [ 432744.292689047986642, 6065212.578646537847817 ] ], [ [ 432753.58527125173714, 6065243.201598709449172 ], [ 432758.400615269492846, 6065259.055899139493704 ] ], [ [ 432101.622525093436707, 6065149.582268909551203 ], [ 432087.444931188831106, 6065153.801862768828869 ] ], [ [ 432101.622525093436707, 6065149.582268909551203 ], [ 432111.373750439845026, 6065146.55327545851469 ] ], [ [ 432087.444931188831106, 6065153.801862768828869 ], [ 432101.622525093436707, 6065149.582268909551203 ] ], [ [ 432087.444931188831106, 6065153.801862768828869 ], [ 432010.260885905008763, 6065176.798180266283453 ] ], [ [ 432010.260885905008763, 6065176.798180266283453 ], [ 432087.444931188831106, 6065153.801862768828869 ] ], [ [ 432010.260885905008763, 6065176.798180266283453 ], [ 432000.16799435246503, 6065179.799148559570312 ] ], [ [ 432000.16799435246503, 6065179.799148559570312 ], [ 432010.260885905008763, 6065176.798180266283453 ] ], [ [ 432000.16799435246503, 6065179.799148559570312 ], [ 431993.242822830448858, 6065181.862121461890638 ] ], [ [ 431993.242822830448858, 6065181.862121461890638 ], [ 432000.16799435246503, 6065179.799148559570312 ] ], [ [ 431993.242822830448858, 6065181.862121461890638 ], [ 431922.414043679600582, 6065202.961373205296695 ] ], [ [ 431922.414043679600582, 6065202.961373205296695 ], [ 431993.242822830448858, 6065181.862121461890638 ] ], [ [ 431922.414043679600582, 6065202.961373205296695 ], [ 431908.57672297465615, 6065207.087375104427338 ] ], [ [ 432276.123044740990736, 6065096.826257732696831 ], [ 432290.082035447587259, 6065092.610539412125945 ] ], [ [ 432276.123044740990736, 6065096.826257732696831 ], [ 432251.346858434379101, 6065104.298120808787644 ] ], [ [ 432251.346858434379101, 6065104.298120808787644 ], [ 432276.123044740990736, 6065096.826257732696831 ] ], [ [ 432251.346858434379101, 6065104.298120808787644 ], [ 432225.763035759329796, 6065112.027078618295491 ] ], [ [ 432225.763035759329796, 6065112.027078618295491 ], [ 432251.346858434379101, 6065104.298120808787644 ] ], [ [ 432225.763035759329796, 6065112.027078618295491 ], [ 432207.851760732301045, 6065117.432151434011757 ] ], [ [ 432181.481838422478177, 6065125.389936887659132 ], [ 432207.851760732301045, 6065117.432151434011757 ] ], [ [ 432181.481838422478177, 6065125.389936887659132 ], [ 432111.373750439845026, 6065146.55327545851469 ] ], [ [ 432111.373750439845026, 6065146.55327545851469 ], [ 432181.481838422478177, 6065125.389936887659132 ] ], [ [ 432111.373750439845026, 6065146.55327545851469 ], [ 432101.622525093436707, 6065149.582268909551203 ] ], [ [ 431896.55256536003435, 6065210.57398128323257 ], [ 431908.57672297465615, 6065207.087375104427338 ] ], [ [ 431896.55256536003435, 6065210.57398128323257 ], [ 431871.888634725299198, 6065217.723511919379234 ] ], [ [ 431871.888634725299198, 6065217.723511919379234 ], [ 431896.55256536003435, 6065210.57398128323257 ] ], [ [ 431871.888634725299198, 6065217.723511919379234 ], [ 431804.239836046181154, 6065237.352147469297051 ] ], [ [ 431804.239836046181154, 6065237.352147469297051 ], [ 431871.888634725299198, 6065217.723511919379234 ] ], [ [ 431804.239836046181154, 6065237.352147469297051 ], [ 431789.528810699586757, 6065241.614127160981297 ] ], [ [ 431789.528810699586757, 6065241.614127160981297 ], [ 431804.239836046181154, 6065237.352147469297051 ] ], [ [ 431789.528810699586757, 6065241.614127160981297 ], [ 431731.820376116782427, 6065258.35601129103452 ] ], [ [ 431731.820376116782427, 6065258.35601129103452 ], [ 431789.528810699586757, 6065241.614127160981297 ] ], [ [ 431731.820376116782427, 6065258.35601129103452 ], [ 431721.79732750414405, 6065261.267520076595247 ] ], [ [ 431721.79732750414405, 6065261.267520076595247 ], [ 431731.820376116782427, 6065258.35601129103452 ] ], [ [ 431721.79732750414405, 6065261.267520076595247 ], [ 431708.391793988179415, 6065265.387618840672076 ] ], [ [ 432764.514384593872819, 6066482.87215371709317 ], [ 432766.078590957913548, 6066486.732986054383218 ] ], [ [ 432764.514384593872819, 6066482.87215371709317 ], [ 432762.23162615991896, 6066477.245696920901537 ] ], [ [ 432737.054928474943154, 6066415.192090631462634 ], [ 432764.514384593872819, 6066482.87215371709317 ] ], [ [ 432737.054928474943154, 6066415.192090631462634 ], [ 432723.516214758856222, 6066381.226850471459329 ] ], [ [ 432723.516214758856222, 6066381.226850471459329 ], [ 432737.054928474943154, 6066415.192090631462634 ] ], [ [ 432723.516214758856222, 6066381.226850471459329 ], [ 432692.640541791217402, 6066303.459154095500708 ] ], [ [ 432692.640541791217402, 6066303.459154095500708 ], [ 432723.516214758856222, 6066381.226850471459329 ] ], [ [ 432692.640541791217402, 6066303.459154095500708 ], [ 432684.061297203996219, 6066280.849891624413431 ] ], [ [ 432684.061297203996219, 6066280.849891624413431 ], [ 432692.640541791217402, 6066303.459154095500708 ] ], [ [ 432684.061297203996219, 6066280.849891624413431 ], [ 432648.494155964115635, 6066189.975332813337445 ] ], [ [ 432648.494155964115635, 6066189.975332813337445 ], [ 432684.061297203996219, 6066280.849891624413431 ] ], [ [ 432648.494155964115635, 6066189.975332813337445 ], [ 432635.369316372205503, 6066155.781582665629685 ] ], [ [ 432635.369316372205503, 6066155.781582665629685 ], [ 432648.494155964115635, 6066189.975332813337445 ] ], [ [ 432635.369316372205503, 6066155.781582665629685 ], [ 432630.896827567485161, 6066145.186436295509338 ] ], [ [ 432630.896827567485161, 6066145.186436295509338 ], [ 432635.369316372205503, 6066155.781582665629685 ] ], [ [ 432630.896827567485161, 6066145.186436295509338 ], [ 432625.838479910744354, 6066132.874994322657585 ] ], [ [ 432625.838479910744354, 6066132.874994322657585 ], [ 432630.896827567485161, 6066145.186436295509338 ] ], [ [ 432625.838479910744354, 6066132.874994322657585 ], [ 432603.835111946798861, 6066077.234094070270658 ] ], [ [ 432603.835111946798861, 6066077.234094070270658 ], [ 432625.838479910744354, 6066132.874994322657585 ] ], [ [ 432603.835111946798861, 6066077.234094070270658 ], [ 432583.470578111475334, 6066026.154097677208483 ] ], [ [ 432583.470578111475334, 6066026.154097677208483 ], [ 432603.835111946798861, 6066077.234094070270658 ] ], [ [ 432583.470578111475334, 6066026.154097677208483 ], [ 432567.637748073728289, 6065988.350542027503252 ] ], [ [ 432567.637748073728289, 6065988.350542027503252 ], [ 432583.470578111475334, 6066026.154097677208483 ] ], [ [ 432567.637748073728289, 6065988.350542027503252 ], [ 432563.010436043550726, 6065976.032731734216213 ] ], [ [ 432563.010436043550726, 6065976.032731734216213 ], [ 432567.637748073728289, 6065988.350542027503252 ] ], [ [ 432563.010436043550726, 6065976.032731734216213 ], [ 432538.82978257117793, 6065912.255740984342992 ] ], [ [ 432538.82978257117793, 6065912.255740984342992 ], [ 432563.010436043550726, 6065976.032731734216213 ] ], [ [ 432538.82978257117793, 6065912.255740984342992 ], [ 432534.581815721758176, 6065899.475992859341204 ] ], [ [ 433525.641686125367414, 6065032.943477995693684 ], [ 433521.165123708429746, 6065034.255801677703857 ] ], [ [ 433525.641686125367414, 6065032.943477995693684 ], [ 433526.660193739517126, 6065032.561232035979629 ] ], [ [ 433526.660193739517126, 6065032.561232035979629 ], [ 433525.641686125367414, 6065032.943477995693684 ] ], [ [ 433526.660193739517126, 6065032.561232035979629 ], [ 433532.063639295578469, 6065030.767853980883956 ] ], [ [ 433532.063639295578469, 6065030.767853980883956 ], [ 433526.660193739517126, 6065032.561232035979629 ] ], [ [ 433532.063639295578469, 6065030.767853980883956 ], [ 433589.379909983836114, 6065015.234628495760262 ] ], [ [ 433589.379909983836114, 6065015.234628495760262 ], [ 433545.070942980179098, 6065027.242684478871524 ] ], [ [ 433589.379909983836114, 6065015.234628495760262 ], [ 433633.608135996502824, 6065002.93298019003123 ] ], [ [ 433223.038338980986737, 6065105.638182635419071 ], [ 433227.275937237311155, 6065120.855988491326571 ] ], [ [ 433223.038338980986737, 6065105.638182635419071 ], [ 433189.223951160325669, 6064983.70539499912411 ] ], [ [ 433189.223951160325669, 6064983.70539499912411 ], [ 433223.038338980986737, 6065105.638182635419071 ] ], [ [ 433189.223951160325669, 6064983.70539499912411 ], [ 433165.298310562910046, 6064902.481966765597463 ] ], [ [ 433165.298310562910046, 6064902.481966765597463 ], [ 433189.223951160325669, 6064983.70539499912411 ] ], [ [ 433165.298310562910046, 6064902.481966765597463 ], [ 433152.694194850861095, 6064864.695476232096553 ] ], [ [ 433152.694194850861095, 6064864.695476232096553 ], [ 433165.298310562910046, 6064902.481966765597463 ] ], [ [ 433152.694194850861095, 6064864.695476232096553 ], [ 433146.668835583142936, 6064848.836428065784276 ] ], [ [ 432924.999749374866951, 6065814.477879115380347 ], [ 432921.662953888415359, 6065833.936837993562222 ] ], [ [ 432924.999749374866951, 6065814.477879115380347 ], [ 432926.471322188852355, 6065808.624302993528545 ] ], [ [ 432926.471322188852355, 6065808.624302993528545 ], [ 432924.999749374866951, 6065814.477879115380347 ] ], [ [ 432926.471322188852355, 6065808.624302993528545 ], [ 432928.387345580908004, 6065804.945462581701577 ] ], [ [ 432928.387345580908004, 6065804.945462581701577 ], [ 432926.471322188852355, 6065808.624302993528545 ] ], [ [ 432928.387345580908004, 6065804.945462581701577 ], [ 432931.502260926237796, 6065800.035736570134759 ] ], [ [ 432931.502260926237796, 6065800.035736570134759 ], [ 432928.387345580908004, 6065804.945462581701577 ] ], [ [ 432931.502260926237796, 6065800.035736570134759 ], [ 432934.541574873379432, 6065795.672468493692577 ] ], [ [ 432934.541574873379432, 6065795.672468493692577 ], [ 432931.502260926237796, 6065800.035736570134759 ] ], [ [ 432934.541574873379432, 6065795.672468493692577 ], [ 432938.41593680618098, 6065792.031337932683527 ] ], [ [ 432938.41593680618098, 6065792.031337932683527 ], [ 432934.541574873379432, 6065795.672468493692577 ] ], [ [ 432938.41593680618098, 6065792.031337932683527 ], [ 432942.959924818424042, 6065789.248353340663016 ] ], [ [ 432942.959924818424042, 6065789.248353340663016 ], [ 432938.41593680618098, 6065792.031337932683527 ] ], [ [ 432942.959924818424042, 6065789.248353340663016 ], [ 432947.976087382761762, 6065787.471127440221608 ] ], [ [ 432947.976087382761762, 6065787.471127440221608 ], [ 432942.959924818424042, 6065789.248353340663016 ] ], [ [ 432947.976087382761762, 6065787.471127440221608 ], [ 432953.252608004026115, 6065786.747322170995176 ] ], [ [ 432953.252608004026115, 6065786.747322170995176 ], [ 432947.976087382761762, 6065787.471127440221608 ] ], [ [ 432953.252608004026115, 6065786.747322170995176 ], [ 432958.564792203367688, 6065787.124789646826684 ] ], [ [ 432958.564792203367688, 6065787.124789646826684 ], [ 432953.252608004026115, 6065786.747322170995176 ] ], [ [ 432958.564792203367688, 6065787.124789646826684 ], [ 432963.68695464724442, 6065788.584620145149529 ] ], [ [ 432963.68695464724442, 6065788.584620145149529 ], [ 432958.564792203367688, 6065787.124789646826684 ] ], [ [ 432963.68695464724442, 6065788.584620145149529 ], [ 432972.884083667886443, 6065795.14796984102577 ] ], [ [ 432972.884083667886443, 6065795.14796984102577 ], [ 432963.68695464724442, 6065788.584620145149529 ] ], [ [ 432972.884083667886443, 6065795.14796984102577 ], [ 432982.081349568266887, 6065802.156505662016571 ] ], [ [ 432954.197952491929755, 6065848.712091559544206 ], [ 432938.860644735745154, 6065860.169146468862891 ] ], [ [ 432954.197952491929755, 6065848.712091559544206 ], [ 432968.468192265543621, 6065844.760908522643149 ] ], [ [ 432954.197952491929755, 6065848.712091559544206 ], [ 432944.328682777355425, 6065847.623220165260136 ] ], [ [ 432938.860644735745154, 6065860.169146468862891 ], [ 432954.197952491929755, 6065848.712091559544206 ] ], [ [ 432938.860644735745154, 6065860.169146468862891 ], [ 432934.412665854964871, 6065865.076399170793593 ] ], [ [ 432934.412665854964871, 6065865.076399170793593 ], [ 432938.860644735745154, 6065860.169146468862891 ] ], [ [ 432934.412665854964871, 6065865.076399170793593 ], [ 432930.375112121691927, 6065870.300311707891524 ] ], [ [ 432012.588893070816994, 6065567.368019265122712 ], [ 432011.332838070811704, 6065565.819752440787852 ] ], [ [ 432012.588893070816994, 6065567.368019265122712 ], [ 432017.390049651497975, 6065576.132439215667546 ] ], [ [ 432006.407379245385528, 6065559.74843580275774 ], [ 432011.332838070811704, 6065565.819752440787852 ] ], [ [ 432006.407379245385528, 6065559.74843580275774 ], [ 431989.650161318713799, 6065544.820278899744153 ] ], [ [ 431989.650161318713799, 6065544.820278899744153 ], [ 432006.407379245385528, 6065559.74843580275774 ] ], [ [ 431989.650161318713799, 6065544.820278899744153 ], [ 431970.581331801309716, 6065530.361029101535678 ] ], [ [ 431970.581331801309716, 6065530.361029101535678 ], [ 431989.650161318713799, 6065544.820278899744153 ] ], [ [ 431970.581331801309716, 6065530.361029101535678 ], [ 431964.674179602181539, 6065523.861428814008832 ] ], [ [ 432490.008718697179575, 6064512.834357944317162 ], [ 432564.601894116844051, 6064441.950698862783611 ] ], [ [ 432490.008718697179575, 6064512.834357944317162 ], [ 432477.286899663740769, 6064524.966086612083018 ] ], [ [ 432843.921394060482271, 6065568.891134449280798 ], [ 432834.677486262051389, 6065535.395938716828823 ] ], [ [ 432843.921394060482271, 6065568.891134449280798 ], [ 432858.981111295986921, 6065623.645825579762459 ] ], [ [ 432858.981111295986921, 6065623.645825579762459 ], [ 432843.921394060482271, 6065568.891134449280798 ] ], [ [ 432858.981111295986921, 6065623.645825579762459 ], [ 432896.788760352181271, 6065752.216853967867792 ] ], [ [ 432896.788760352181271, 6065752.216853967867792 ], [ 432858.981111295986921, 6065623.645825579762459 ] ], [ [ 432896.788760352181271, 6065752.216853967867792 ], [ 432904.127524837327655, 6065777.170936545357108 ] ], [ [ 432904.127524837327655, 6065777.170936545357108 ], [ 432896.788760352181271, 6065752.216853967867792 ] ], [ [ 432904.127524837327655, 6065777.170936545357108 ], [ 432883.948154125013389, 6065783.057555459439754 ] ], [ [ 432904.127524837327655, 6065777.170936545357108 ], [ 432935.543492334079929, 6065767.723174680024385 ] ], [ [ 432904.127524837327655, 6065777.170936545357108 ], [ 432905.561089069407899, 6065781.768286569975317 ] ], [ [ 433029.073960348730907, 6064882.206808998249471 ], [ 433146.668835583142936, 6064848.836428065784276 ] ], [ [ 433029.073960348730907, 6064882.206808998249471 ], [ 432981.062734267208725, 6064895.828460709191859 ] ], [ [ 432981.062734267208725, 6064895.828460709191859 ], [ 433029.073960348730907, 6064882.206808998249471 ] ], [ [ 432981.062734267208725, 6064895.828460709191859 ], [ 432926.907007714733481, 6064911.20007711648941 ] ], [ [ 432926.907007714733481, 6064911.20007711648941 ], [ 432981.062734267208725, 6064895.828460709191859 ] ], [ [ 432926.907007714733481, 6064911.20007711648941 ], [ 432887.061573715414852, 6064922.497962899506092 ] ], [ [ 432887.061573715414852, 6064922.497962899506092 ], [ 432926.907007714733481, 6064911.20007711648941 ] ], [ [ 432887.061573715414852, 6064922.497962899506092 ], [ 432879.229925928753801, 6064924.728831259533763 ] ], [ [ 432879.229925928753801, 6064924.728831259533763 ], [ 432887.061573715414852, 6064922.497962899506092 ] ], [ [ 432879.229925928753801, 6064924.728831259533763 ], [ 432873.893300124211237, 6064926.243768704123795 ] ], [ [ 432873.893300124211237, 6064926.243768704123795 ], [ 432879.229925928753801, 6064924.728831259533763 ] ], [ [ 432873.893300124211237, 6064926.243768704123795 ], [ 432864.31680725683691, 6064928.956879835575819 ] ], [ [ 432864.31680725683691, 6064928.956879835575819 ], [ 432873.893300124211237, 6064926.243768704123795 ] ], [ [ 432864.31680725683691, 6064928.956879835575819 ], [ 432856.472632094286382, 6064931.210232723504305 ] ], [ [ 432856.472632094286382, 6064931.210232723504305 ], [ 432864.31680725683691, 6064928.956879835575819 ] ], [ [ 432856.472632094286382, 6064931.210232723504305 ], [ 432767.09083728591213, 6064956.556027768179774 ] ], [ [ 432767.09083728591213, 6064956.556027768179774 ], [ 432856.472632094286382, 6064931.210232723504305 ] ], [ [ 432767.09083728591213, 6064956.556027768179774 ], [ 432689.345330102427397, 6064978.614087614230812 ] ], [ [ 432689.345330102427397, 6064978.614087614230812 ], [ 432767.09083728591213, 6064956.556027768179774 ] ], [ [ 432689.345330102427397, 6064978.614087614230812 ], [ 432674.541698986315168, 6064982.818881155923009 ] ], [ [ 432325.904550623206887, 6065959.734881417825818 ], [ 432336.477759443805553, 6065956.660632755607367 ] ], [ [ 432325.904550623206887, 6065959.734881417825818 ], [ 432264.958093814610038, 6065977.34221404325217 ] ], [ [ 432264.958093814610038, 6065977.34221404325217 ], [ 432325.904550623206887, 6065959.734881417825818 ] ], [ [ 432264.958093814610038, 6065977.34221404325217 ], [ 432178.191051851550583, 6066002.405053141526878 ] ], [ [ 432178.191051851550583, 6066002.405053141526878 ], [ 432264.958093814610038, 6065977.34221404325217 ] ], [ [ 432178.191051851550583, 6066002.405053141526878 ], [ 432160.942841968615539, 6066007.382855922915041 ] ], [ [ 431674.648421738122124, 6065850.999300303868949 ], [ 431649.955688294721767, 6065760.26078356616199 ] ], [ [ 431674.648421738122124, 6065850.999300303868949 ], [ 431676.687463923823088, 6065858.50301390979439 ] ], [ [ 431530.43293135217391, 6065337.327301776967943 ], [ 431553.374601290386636, 6065413.917944545857608 ] ], [ [ 431530.43293135217391, 6065337.327301776967943 ], [ 431525.697710006381385, 6065321.51751577667892 ] ], [ [ 431521.803762546682265, 6065308.521832535043359 ], [ 431525.697710006381385, 6065321.51751577667892 ] ], [ [ 431521.803762546682265, 6065308.521832535043359 ], [ 431502.434854638762772, 6065243.8424262246117 ] ], [ [ 431502.434854638762772, 6065243.8424262246117 ], [ 431506.844910344225354, 6065258.568949753418565 ] ], [ [ 431502.434854638762772, 6065243.8424262246117 ], [ 431498.169505751691759, 6065229.073365160264075 ] ], [ [ 433537.222591468540486, 6065089.865964704193175 ], [ 433553.527760513185058, 6065146.417455876246095 ] ], [ [ 433537.222591468540486, 6065089.865964704193175 ], [ 433535.206765075912699, 6065082.873084015212953 ] ], [ [ 433535.206765075912699, 6065082.873084015212953 ], [ 433537.222591468540486, 6065089.865964704193175 ] ], [ [ 433535.206765075912699, 6065082.873084015212953 ], [ 433524.754213766311295, 6065046.612069066613913 ] ], [ [ 433524.754213766311295, 6065046.612069066613913 ], [ 433535.206765075912699, 6065082.873084015212953 ] ], [ [ 433524.754213766311295, 6065046.612069066613913 ], [ 433521.165123708429746, 6065034.255801677703857 ] ], [ [ 432031.257575190160424, 6065616.467835218645632 ], [ 432032.606453584041446, 6065621.366693217307329 ] ], [ [ 432031.257575190160424, 6065616.467835218645632 ], [ 432025.353941832436249, 6065596.490526071749628 ] ], [ [ 432025.353941832436249, 6065596.490526071749628 ], [ 432031.257575190160424, 6065616.467835218645632 ] ], [ [ 432025.353941832436249, 6065596.490526071749628 ], [ 432021.065963343135081, 6065584.591044249944389 ] ], [ [ 432021.065963343135081, 6065584.591044249944389 ], [ 432025.353941832436249, 6065596.490526071749628 ] ], [ [ 432021.065963343135081, 6065584.591044249944389 ], [ 432017.390049651497975, 6065576.132439215667546 ] ], [ [ 432017.390049651497975, 6065576.132439215667546 ], [ 432021.065963343135081, 6065584.591044249944389 ] ], [ [ 432017.390049651497975, 6065576.132439215667546 ], [ 432012.588893070816994, 6065567.368019265122712 ] ], [ [ 432075.979925917286891, 6066026.44415657967329 ], [ 432098.703350692579988, 6066013.860318230465055 ] ], [ [ 432075.979925917286891, 6066026.44415657967329 ], [ 431949.401974506559782, 6066062.026418207213283 ] ], [ [ 432075.979925917286891, 6066026.44415657967329 ], [ 432132.141867224185262, 6066010.65341916307807 ] ], [ [ 432098.703350692579988, 6066013.860318230465055 ], [ 432075.979925917286891, 6066026.44415657967329 ] ], [ [ 432098.703350692579988, 6066013.860318230465055 ], [ 432126.15316184272524, 6065993.526366329751909 ] ], [ [ 432126.15316184272524, 6065993.526366329751909 ], [ 432098.703350692579988, 6066013.860318230465055 ] ], [ [ 432126.15316184272524, 6065993.526366329751909 ], [ 432129.808669957448728, 6065985.658677605912089 ] ], [ [ 432129.808669957448728, 6065985.658677605912089 ], [ 432126.15316184272524, 6065993.526366329751909 ] ], [ [ 432129.808669957448728, 6065985.658677605912089 ], [ 432133.61287844076287, 6065974.828364841639996 ] ], [ [ 432990.038550841214601, 6065751.611850852146745 ], [ 432948.36924412229564, 6065764.060478501953185 ] ], [ [ 432990.038550841214601, 6065751.611850852146745 ], [ 432994.337105632701423, 6065750.513076366856694 ] ], [ [ 431708.391793988179415, 6065265.387618840672076 ], [ 431721.79732750414405, 6065261.267520076595247 ] ], [ [ 431708.391793988179415, 6065265.387618840672076 ], [ 431640.357882119249552, 6065286.29330263659358 ] ], [ [ 431640.357882119249552, 6065286.29330263659358 ], [ 431708.391793988179415, 6065265.387618840672076 ] ], [ [ 431640.357882119249552, 6065286.29330263659358 ], [ 431637.678022815904114, 6065287.112897571176291 ] ], [ [ 431637.678022815904114, 6065287.112897571176291 ], [ 431640.357882119249552, 6065286.29330263659358 ] ], [ [ 431637.678022815904114, 6065287.112897571176291 ], [ 431592.711291302228346, 6065300.926019497215748 ] ], [ [ 431592.711291302228346, 6065300.926019497215748 ], [ 431637.678022815904114, 6065287.112897571176291 ] ], [ [ 431592.711291302228346, 6065300.926019497215748 ], [ 431590.685395251086447, 6065301.546543953940272 ] ], [ [ 431590.685395251086447, 6065301.546543953940272 ], [ 431592.711291302228346, 6065300.926019497215748 ] ], [ [ 431590.685395251086447, 6065301.546543953940272 ], [ 431546.719089586113114, 6065315.055621939711273 ] ], [ [ 431546.719089586113114, 6065315.055621939711273 ], [ 431590.685395251086447, 6065301.546543953940272 ] ], [ [ 431546.719089586113114, 6065315.055621939711273 ], [ 431538.160559351847041, 6065317.68938307557255 ] ], [ [ 431538.160559351847041, 6065317.68938307557255 ], [ 431546.719089586113114, 6065315.055621939711273 ] ], [ [ 431538.160559351847041, 6065317.68938307557255 ], [ 431531.544544977950864, 6065319.726130493916571 ] ], [ [ 431538.160559351847041, 6065317.68938307557255 ], [ 431534.324261705041863, 6065304.670557760633528 ] ], [ [ 431538.160559351847041, 6065317.68938307557255 ], [ 431542.865566846448928, 6065333.633190730586648 ] ], [ [ 431531.544544977950864, 6065319.726130493916571 ], [ 431538.160559351847041, 6065317.68938307557255 ] ], [ [ 431531.544544977950864, 6065319.726130493916571 ], [ 431529.005713925347663, 6065320.499136548489332 ] ], [ [ 431529.005713925347663, 6065320.499136548489332 ], [ 431531.544544977950864, 6065319.726130493916571 ] ], [ [ 431529.005713925347663, 6065320.499136548489332 ], [ 431525.697710006381385, 6065321.51751577667892 ] ], [ [ 433088.241245577577502, 6065851.922169516794384 ], [ 433151.429788560024463, 6065868.459644541144371 ] ], [ [ 433088.241245577577502, 6065851.922169516794384 ], [ 433076.881304201495368, 6065848.88521153666079 ] ], [ [ 433151.429788560024463, 6065868.459644541144371 ], [ 433088.241245577577502, 6065851.922169516794384 ] ], [ [ 433151.429788560024463, 6065868.459644541144371 ], [ 433165.556473938282579, 6065872.646684950217605 ] ], [ [ 433165.556473938282579, 6065872.646684950217605 ], [ 433230.395275381801184, 6065889.772946462035179 ] ], [ [ 433165.556473938282579, 6065872.646684950217605 ], [ 433151.429788560024463, 6065868.459644541144371 ] ], [ [ 433230.395275381801184, 6065889.772946462035179 ], [ 433220.979617367847823, 6065887.285866330377758 ] ], [ [ 433230.395275381801184, 6065889.772946462035179 ], [ 433239.8021331661148, 6065892.293242290616035 ] ], [ [ 432530.152053340163548, 6065886.598799995146692 ], [ 432523.616318160202354, 6065866.385484956204891 ] ], [ [ 432530.152053340163548, 6065886.598799995146692 ], [ 432508.223527655296493, 6065892.591147332452238 ] ], [ [ 432530.152053340163548, 6065886.598799995146692 ], [ 432556.601119945233222, 6065878.858552233316004 ] ], [ [ 432530.152053340163548, 6065886.598799995146692 ], [ 432531.417820873204619, 6065890.28594521805644 ] ], [ [ 432140.587980733893346, 6064575.015518360771239 ], [ 432134.988333481829613, 6064556.024020243436098 ] ], [ [ 432140.587980733893346, 6064575.015518360771239 ], [ 432151.46807957382407, 6064611.912656819447875 ] ], [ [ 432151.46807957382407, 6064611.912656819447875 ], [ 432140.587980733893346, 6064575.015518360771239 ] ], [ [ 432151.46807957382407, 6064611.912656819447875 ], [ 432157.57216241734568, 6064632.332278275862336 ] ], [ [ 432678.99208347662352, 6064997.487710193730891 ], [ 432674.541698986315168, 6064982.818881155923009 ] ], [ [ 432678.99208347662352, 6064997.487710193730891 ], [ 432709.546842789219227, 6065098.130748949944973 ] ], [ [ 431949.401974506559782, 6066062.026418207213283 ], [ 431887.194333320774604, 6066079.516354338265955 ] ], [ [ 431949.401974506559782, 6066062.026418207213283 ], [ 432011.609955646330491, 6066044.538652388378978 ] ], [ [ 432132.141867224185262, 6066010.65341916307807 ], [ 432075.979925917286891, 6066026.44415657967329 ] ], [ [ 432132.141867224185262, 6066010.65341916307807 ], [ 432141.909486038028263, 6066004.552513480186462 ] ], [ [ 432321.252064866304863, 6065943.633723037317395 ], [ 432330.301303722895682, 6065941.138756049796939 ] ], [ [ 432321.252064866304863, 6065943.633723037317395 ], [ 432243.647657098365016, 6065967.389449090696871 ] ], [ [ 432330.301303722895682, 6065941.138756049796939 ], [ 432321.252064866304863, 6065943.633723037317395 ] ], [ [ 432330.301303722895682, 6065941.138756049796939 ], [ 432343.436815735360142, 6065937.580973265692592 ] ], [ [ 432343.436815735360142, 6065937.580973265692592 ], [ 432330.301303722895682, 6065941.138756049796939 ] ], [ [ 432343.436815735360142, 6065937.580973265692592 ], [ 432411.055862599459942, 6065919.118093744851649 ] ], [ [ 432411.055862599459942, 6065919.118093744851649 ], [ 432343.436815735360142, 6065937.580973265692592 ] ], [ [ 432411.055862599459942, 6065919.118093744851649 ], [ 432480.195368528889958, 6065900.23286025878042 ] ], [ [ 432480.195368528889958, 6065900.23286025878042 ], [ 432411.055862599459942, 6065919.118093744851649 ] ], [ [ 432480.195368528889958, 6065900.23286025878042 ], [ 432508.223527655296493, 6065892.591147332452238 ] ], [ [ 432508.223527655296493, 6065892.591147332452238 ], [ 432480.195368528889958, 6065900.23286025878042 ] ], [ [ 432508.223527655296493, 6065892.591147332452238 ], [ 432530.152053340163548, 6065886.598799995146692 ] ], [ [ 431519.733937205863185, 6065255.243754220195115 ], [ 431532.300335619656835, 6065297.814156210981309 ] ], [ [ 431519.733937205863185, 6065255.243754220195115 ], [ 431508.428014420322143, 6065212.321391873061657 ] ], [ [ 431534.324261705041863, 6065304.670557760633528 ], [ 431519.733937205863185, 6065255.243754220195115 ] ], [ [ 431534.324261705041863, 6065304.670557760633528 ], [ 431538.160559351847041, 6065317.68938307557255 ] ], [ [ 431542.865566846448928, 6065333.633190730586648 ], [ 431538.160559351847041, 6065317.68938307557255 ] ], [ [ 431542.865566846448928, 6065333.633190730586648 ], [ 431569.180245442141313, 6065422.697545561008155 ] ], [ [ 431685.335604093270376, 6065835.879875232465565 ], [ 431659.48869448446203, 6065743.082928653806448 ] ], [ [ 431685.335604093270376, 6065835.879875232465565 ], [ 431688.474712868046481, 6065847.139799318276346 ] ], [ [ 431688.474712868046481, 6065847.139799318276346 ], [ 431685.335604093270376, 6065835.879875232465565 ] ], [ [ 431688.474712868046481, 6065847.139799318276346 ], [ 431690.934379312151577, 6065855.204754110425711 ] ], [ [ 431691.181821316946298, 6065865.606928208842874 ], [ 431690.934379312151577, 6065855.204754110425711 ] ], [ [ 431691.181821316946298, 6065865.606928208842874 ], [ 431719.406483744969591, 6065967.827180136926472 ] ], [ [ 432556.601119945233222, 6065878.858552233316004 ], [ 432530.152053340163548, 6065886.598799995146692 ] ], [ [ 432556.601119945233222, 6065878.858552233316004 ], [ 432630.6076303460286, 6065857.198581132106483 ] ], [ [ 432630.6076303460286, 6065857.198581132106483 ], [ 432556.601119945233222, 6065878.858552233316004 ] ], [ [ 432630.6076303460286, 6065857.198581132106483 ], [ 432678.665817300963681, 6065843.160453665070236 ] ], [ [ 432678.665817300963681, 6065843.160453665070236 ], [ 432630.6076303460286, 6065857.198581132106483 ] ], [ [ 432678.665817300963681, 6065843.160453665070236 ], [ 432732.872688234667294, 6065827.272866303101182 ] ], [ [ 432732.872688234667294, 6065827.272866303101182 ], [ 432678.665817300963681, 6065843.160453665070236 ] ], [ [ 432732.872688234667294, 6065827.272866303101182 ], [ 432878.273618517559953, 6065784.733341700397432 ] ], [ [ 432878.273618517559953, 6065784.733341700397432 ], [ 432732.872688234667294, 6065827.272866303101182 ] ], [ [ 432878.273618517559953, 6065784.733341700397432 ], [ 432883.948154125013389, 6065783.057555459439754 ] ], [ [ 432883.948154125013389, 6065783.057555459439754 ], [ 432878.273618517559953, 6065784.733341700397432 ] ], [ [ 432883.948154125013389, 6065783.057555459439754 ], [ 432904.127524837327655, 6065777.170936545357108 ] ], [ [ 432531.417820873204619, 6065890.28594521805644 ], [ 432530.152053340163548, 6065886.598799995146692 ] ], [ [ 432531.417820873204619, 6065890.28594521805644 ], [ 432532.494668783037923, 6065893.397189781069756 ] ], [ [ 432532.494668783037923, 6065893.397189781069756 ], [ 432531.417820873204619, 6065890.28594521805644 ] ], [ [ 432532.494668783037923, 6065893.397189781069756 ], [ 432534.581815721758176, 6065899.475992859341204 ] ], [ [ 432994.337105632701423, 6065750.513076366856694 ], [ 432990.038550841214601, 6065751.611850852146745 ] ], [ [ 432994.337105632701423, 6065750.513076366856694 ], [ 433001.445896341756452, 6065748.704875797964633 ] ], [ [ 433001.445896341756452, 6065748.704875797964633 ], [ 432994.337105632701423, 6065750.513076366856694 ] ], [ [ 433001.445896341756452, 6065748.704875797964633 ], [ 433031.126442083797883, 6065739.895631887950003 ] ], [ [ 433031.126442083797883, 6065739.895631887950003 ], [ 433001.445896341756452, 6065748.704875797964633 ] ], [ [ 433031.126442083797883, 6065739.895631887950003 ], [ 433149.144195087079424, 6065707.030453836545348 ] ], [ [ 433149.144195087079424, 6065707.030453836545348 ], [ 433034.679590252228081, 6065738.906111455522478 ] ], [ [ 433149.144195087079424, 6065707.030453836545348 ], [ 433172.611990102101117, 6065700.061374110169709 ] ], [ [ 433172.611990102101117, 6065700.061374110169709 ], [ 433149.144195087079424, 6065707.030453836545348 ] ], [ [ 433172.611990102101117, 6065700.061374110169709 ], [ 433251.020079349633306, 6065677.790133782662451 ] ], [ [ 433251.020079349633306, 6065677.790133782662451 ], [ 433238.678662525839172, 6065681.295517634600401 ] ], [ [ 433251.020079349633306, 6065677.790133782662451 ], [ 433263.338904771837406, 6065674.206270000897348 ] ], [ [ 432935.543492334079929, 6065767.723174680024385 ], [ 432904.127524837327655, 6065777.170936545357108 ] ], [ [ 432935.543492334079929, 6065767.723174680024385 ], [ 432948.36924412229564, 6065764.060478501953185 ] ], [ [ 432491.313713539449964, 6064515.241043235175312 ], [ 432568.806416916253511, 6064443.195910298265517 ] ], [ [ 432491.313713539449964, 6064515.241043235175312 ], [ 432478.744971910084132, 6064527.270318208262324 ] ], [ [ 431964.674179602181539, 6065523.861428814008832 ], [ 431970.581331801309716, 6065530.361029101535678 ] ], [ [ 431964.674179602181539, 6065523.861428814008832 ], [ 431960.474208325671498, 6065518.248730188235641 ] ], [ [ 431960.474208325671498, 6065518.248730188235641 ], [ 431964.674179602181539, 6065523.861428814008832 ] ], [ [ 431960.474208325671498, 6065518.248730188235641 ], [ 431956.995156903285533, 6065513.036962630227208 ] ], [ [ 431956.995156903285533, 6065513.036962630227208 ], [ 431960.474208325671498, 6065518.248730188235641 ] ], [ [ 431956.995156903285533, 6065513.036962630227208 ], [ 431952.384166527946945, 6065504.937497587874532 ] ], [ [ 431952.384166527946945, 6065504.937497587874532 ], [ 431956.995156903285533, 6065513.036962630227208 ] ], [ [ 431952.384166527946945, 6065504.937497587874532 ], [ 431949.768255064031109, 6065496.741212771274149 ] ], [ [ 431949.768255064031109, 6065496.741212771274149 ], [ 431952.384166527946945, 6065504.937497587874532 ] ], [ [ 431949.768255064031109, 6065496.741212771274149 ], [ 431947.321760865394026, 6065488.675929277203977 ] ], [ [ 431947.321760865394026, 6065488.675929277203977 ], [ 431949.768255064031109, 6065496.741212771274149 ] ], [ [ 431947.321760865394026, 6065488.675929277203977 ], [ 431946.306360489048529, 6065481.980254611931741 ] ], [ [ 431946.306360489048529, 6065481.980254611931741 ], [ 431947.321760865394026, 6065488.675929277203977 ] ], [ [ 431946.306360489048529, 6065481.980254611931741 ], [ 431945.102257731487043, 6065473.874001237563789 ] ], [ [ 431945.102257731487043, 6065473.874001237563789 ], [ 431946.306360489048529, 6065481.980254611931741 ] ], [ [ 431945.102257731487043, 6065473.874001237563789 ], [ 431944.982571434811689, 6065465.072527319192886 ] ], [ [ 431944.982571434811689, 6065465.072527319192886 ], [ 431945.102257731487043, 6065473.874001237563789 ] ], [ [ 431944.982571434811689, 6065465.072527319192886 ], [ 431946.431219507823698, 6065454.778364039957523 ] ], [ [ 431946.431219507823698, 6065454.778364039957523 ], [ 431944.982571434811689, 6065465.072527319192886 ] ], [ [ 431946.431219507823698, 6065454.778364039957523 ], [ 431950.082309642108157, 6065441.902421038597822 ] ], [ [ 431950.082309642108157, 6065441.902421038597822 ], [ 431946.431219507823698, 6065454.778364039957523 ] ], [ [ 431950.082309642108157, 6065441.902421038597822 ], [ 431953.426521135086659, 6065430.379925727844238 ] ], [ [ 431954.319334149709903, 6065427.303745606914163 ], [ 431953.426521135086659, 6065430.379925727844238 ] ], [ [ 431954.319334149709903, 6065427.303745606914163 ], [ 431959.260124186694156, 6065410.680074323900044 ] ], [ [ 431959.260124186694156, 6065410.680074323900044 ], [ 431954.319334149709903, 6065427.303745606914163 ] ], [ [ 431959.260124186694156, 6065410.680074323900044 ], [ 431960.751311784842983, 6065403.635032180696726 ] ], [ [ 431960.751311784842983, 6065403.635032180696726 ], [ 431959.260124186694156, 6065410.680074323900044 ] ], [ [ 431960.751311784842983, 6065403.635032180696726 ], [ 431961.227822169836145, 6065394.646513121202588 ] ], [ [ 431961.227822169836145, 6065394.646513121202588 ], [ 431960.751311784842983, 6065403.635032180696726 ] ], [ [ 431961.227822169836145, 6065394.646513121202588 ], [ 431959.904042137204669, 6065385.863171902485192 ] ], [ [ 431959.904042137204669, 6065385.863171902485192 ], [ 431961.227822169836145, 6065394.646513121202588 ] ], [ [ 431959.904042137204669, 6065385.863171902485192 ], [ 431958.091429675812833, 6065375.840710800141096 ] ], [ [ 431958.091429675812833, 6065375.840710800141096 ], [ 431959.904042137204669, 6065385.863171902485192 ] ], [ [ 431958.091429675812833, 6065375.840710800141096 ], [ 431936.90934498840943, 6065303.663481755182147 ] ], [ [ 431936.90934498840943, 6065303.663481755182147 ], [ 431958.091429675812833, 6065375.840710800141096 ] ], [ [ 431936.90934498840943, 6065303.663481755182147 ], [ 431917.574275169405155, 6065237.412690191529691 ] ], [ [ 431917.574275169405155, 6065237.412690191529691 ], [ 431936.90934498840943, 6065303.663481755182147 ] ], [ [ 431917.574275169405155, 6065237.412690191529691 ], [ 431911.903566617285833, 6065218.422516722232103 ] ], [ [ 431911.903566617285833, 6065218.422516722232103 ], [ 431917.574275169405155, 6065237.412690191529691 ] ], [ [ 431911.903566617285833, 6065218.422516722232103 ], [ 431908.57672297465615, 6065207.087375104427338 ] ], [ [ 432154.467054093664046, 6065994.692543024197221 ], [ 432243.647657098365016, 6065967.389449090696871 ] ], [ [ 432154.467054093664046, 6065994.692543024197221 ], [ 432141.909486038028263, 6066004.552513480186462 ] ], [ [ 432243.647657098365016, 6065967.389449090696871 ], [ 432154.467054093664046, 6065994.692543024197221 ] ], [ [ 432243.647657098365016, 6065967.389449090696871 ], [ 432321.252064866304863, 6065943.633723037317395 ] ], [ [ 432906.413334709824994, 6065784.515684748999774 ], [ 432908.549887429981027, 6065791.350704903714359 ] ], [ [ 432906.413334709824994, 6065784.515684748999774 ], [ 432905.561089069407899, 6065781.768286569975317 ] ], [ [ 432905.561089069407899, 6065781.768286569975317 ], [ 432906.413334709824994, 6065784.515684748999774 ] ], [ [ 432905.561089069407899, 6065781.768286569975317 ], [ 432904.127524837327655, 6065777.170936545357108 ] ], [ [ 432944.328682777355425, 6065847.623220165260136 ], [ 432954.197952491929755, 6065848.712091559544206 ] ], [ [ 432944.328682777355425, 6065847.623220165260136 ], [ 432937.717631766630802, 6065846.508262136951089 ] ], [ [ 432937.717631766630802, 6065846.508262136951089 ], [ 432944.328682777355425, 6065847.623220165260136 ] ], [ [ 432937.717631766630802, 6065846.508262136951089 ], [ 432932.08109669177793, 6065844.232533532194793 ] ], [ [ 432932.08109669177793, 6065844.232533532194793 ], [ 432937.717631766630802, 6065846.508262136951089 ] ], [ [ 432932.08109669177793, 6065844.232533532194793 ], [ 432921.662953888415359, 6065833.936837993562222 ] ], [ [ 432207.851760732301045, 6065117.432151434011757 ], [ 432225.763035759329796, 6065112.027078618295491 ] ], [ [ 432207.851760732301045, 6065117.432151434011757 ], [ 432181.481838422478177, 6065125.389936887659132 ] ], [ [ 431873.474859489768278, 6064920.531933007761836 ], [ 431929.616644969792105, 6064904.176003720611334 ] ], [ [ 431873.474859489768278, 6064920.531933007761836 ], [ 431844.212542363035027, 6064929.057321537286043 ] ], [ [ 432424.214285434107296, 6065644.554982436820865 ], [ 432382.07383251702413, 6065657.757691984064877 ] ], [ [ 432424.214285434107296, 6065644.554982436820865 ], [ 432435.381117875804193, 6065641.056464594788849 ] ], [ [ 433077.108866529539227, 6065165.103956565260887 ], [ 433061.891754530137405, 6065169.58929265383631 ] ], [ [ 433077.108866529539227, 6065165.103956565260887 ], [ 433177.023391688067932, 6065135.655036942102015 ] ], [ [ 432011.332838070811704, 6065565.819752440787852 ], [ 432012.588893070816994, 6065567.368019265122712 ] ], [ [ 432011.332838070811704, 6065565.819752440787852 ], [ 432006.407379245385528, 6065559.74843580275774 ] ], [ [ 431953.426521135086659, 6065430.379925727844238 ], [ 431950.082309642108157, 6065441.902421038597822 ] ], [ [ 431953.426521135086659, 6065430.379925727844238 ], [ 431954.319334149709903, 6065427.303745606914163 ] ], [ [ 432434.12077350274194, 6065352.898411002010107 ], [ 432419.176737033878453, 6065357.680380965583026 ] ], [ [ 432434.12077350274194, 6065352.898411002010107 ], [ 432479.450117203814443, 6065338.39375420846045 ] ] ] } },
{ "type": "Feature", "properties": { "full_id": "n12246170750", "osm_id": "12246170750", "osm_type": "node", "amenity": "community_centre", "entrance": null, "full_name": null, "community_centre": null, "check_date": "2024-10-12", "operator": null, "contact:phone": null, "opening_hours": null, "name": "Любящие сердца", "type": "lines", "start": "55.9972314, 54.6882826" }, "geometry": { "type": "MultiLineString", "coordinates": [ [ [ 435679.307739195122849, 6061086.473900128155947 ], [ 435685.942527870356571, 6061094.726359697058797 ] ], [ [ 435679.307739195122849, 6061086.473900128155947 ], [ 435673.681793792347889, 6061079.353397404775023 ] ], [ [ 435679.307739195122849, 6061086.473900128155947 ], [ 435672.440838848764542, 6061093.638447069562972 ] ], [ [ 435685.942527870356571, 6061094.726359697058797 ], [ 435679.307739195122849, 6061086.473900128155947 ] ], [ [ 435685.942527870356571, 6061094.726359697058797 ], [ 435763.320220334047917, 6061190.961627001874149 ] ], [ [ 435763.320220334047917, 6061190.961627001874149 ], [ 435685.942527870356571, 6061094.726359697058797 ] ], [ [ 435763.320220334047917, 6061190.961627001874149 ], [ 435767.276291096233763, 6061195.813363321125507 ] ], [ [ 435767.276291096233763, 6061195.813363321125507 ], [ 435763.320220334047917, 6061190.961627001874149 ] ], [ [ 435767.276291096233763, 6061195.813363321125507 ], [ 435797.201112656446639, 6061233.104898184537888 ] ], [ [ 435797.201112656446639, 6061233.104898184537888 ], [ 435767.276291096233763, 6061195.813363321125507 ] ], [ [ 435797.201112656446639, 6061233.104898184537888 ], [ 435804.773696286778431, 6061242.512764953076839 ] ], [ [ 435804.773696286778431, 6061242.512764953076839 ], [ 435797.201112656446639, 6061233.104898184537888 ] ], [ [ 435804.773696286778431, 6061242.512764953076839 ], [ 435848.571402111614589, 6061293.519093787297606 ] ], [ [ 435848.571402111614589, 6061293.519093787297606 ], [ 435804.773696286778431, 6061242.512764953076839 ] ], [ [ 435848.571402111614589, 6061293.519093787297606 ], [ 435878.920092376996763, 6061329.881428446620703 ] ], [ [ 435878.920092376996763, 6061329.881428446620703 ], [ 435848.571402111614589, 6061293.519093787297606 ] ], [ [ 435878.920092376996763, 6061329.881428446620703 ], [ 435915.325992341036908, 6061378.411206305958331 ] ], [ [ 435915.325992341036908, 6061378.411206305958331 ], [ 435878.920092376996763, 6061329.881428446620703 ] ], [ [ 435915.325992341036908, 6061378.411206305958331 ], [ 435937.007064734993037, 6061405.459285216405988 ] ], [ [ 435937.007064734993037, 6061405.459285216405988 ], [ 435915.325992341036908, 6061378.411206305958331 ] ], [ [ 435937.007064734993037, 6061405.459285216405988 ], [ 435947.616135944554117, 6061419.487444522790611 ] ], [ [ 435947.616135944554117, 6061419.487444522790611 ], [ 435937.007064734993037, 6061405.459285216405988 ] ], [ [ 435947.616135944554117, 6061419.487444522790611 ], [ 435963.283606269513257, 6061448.879972662776709 ] ], [ [ 435963.283606269513257, 6061448.879972662776709 ], [ 435947.616135944554117, 6061419.487444522790611 ] ], [ [ 435963.283606269513257, 6061448.879972662776709 ], [ 435969.113854576600716, 6061465.03468834515661 ] ], [ [ 435969.113854576600716, 6061465.03468834515661 ], [ 435963.283606269513257, 6061448.879972662776709 ] ], [ [ 435969.113854576600716, 6061465.03468834515661 ], [ 435971.682743596611544, 6061475.748960683122277 ] ], [ [ 435673.681793792347889, 6061079.353397404775023 ], [ 435679.307739195122849, 6061086.473900128155947 ] ], [ [ 435673.681793792347889, 6061079.353397404775023 ], [ 435630.046010159829166, 6061024.150746229104698 ] ], [ [ 435630.046010159829166, 6061024.150746229104698 ], [ 435673.681793792347889, 6061079.353397404775023 ] ], [ [ 435630.046010159829166, 6061024.150746229104698 ], [ 435591.05537512851879, 6060980.590112483128905 ] ], [ [ 435591.05537512851879, 6060980.590112483128905 ], [ 435630.046010159829166, 6061024.150746229104698 ] ], [ [ 435591.05537512851879, 6060980.590112483128905 ], [ 435555.680982877034694, 6060951.991357118822634 ] ], [ [ 435555.680982877034694, 6060951.991357118822634 ], [ 435591.05537512851879, 6060980.590112483128905 ] ], [ [ 435555.680982877034694, 6060951.991357118822634 ], [ 435553.39828685001703, 6060950.143061124719679 ] ], [ [ 435553.39828685001703, 6060950.143061124719679 ], [ 435555.680982877034694, 6060951.991357118822634 ] ], [ [ 435553.39828685001703, 6060950.143061124719679 ], [ 435510.393655317544471, 6060919.060262463055551 ] ], [ [ 435510.393655317544471, 6060919.060262463055551 ], [ 435553.39828685001703, 6060950.143061124719679 ] ], [ [ 435510.393655317544471, 6060919.060262463055551 ], [ 435476.918683333497029, 6060888.554229425266385 ] ], [ [ 435476.918683333497029, 6060888.554229425266385 ], [ 435510.393655317544471, 6060919.060262463055551 ] ], [ [ 435476.918683333497029, 6060888.554229425266385 ], [ 435447.899482960579917, 6060851.819389223121107 ] ], [ [ 435447.899482960579917, 6060851.819389223121107 ], [ 435476.918683333497029, 6060888.554229425266385 ] ], [ [ 435447.899482960579917, 6060851.819389223121107 ], [ 435446.484228785149753, 6060845.707481686025858 ] ], [ [ 435446.484228785149753, 6060845.707481686025858 ], [ 435447.899482960579917, 6060851.819389223121107 ] ], [ [ 435446.484228785149753, 6060845.707481686025858 ], [ 435433.972666780115105, 6060791.620821689255536 ] ], [ [ 435433.972666780115105, 6060791.620821689255536 ], [ 435446.484228785149753, 6060845.707481686025858 ] ], [ [ 435433.972666780115105, 6060791.620821689255536 ], [ 435432.51949842000613, 6060783.305911145173013 ] ], [ [ 435432.51949842000613, 6060783.305911145173013 ], [ 435433.972666780115105, 6060791.620821689255536 ] ], [ [ 435432.51949842000613, 6060783.305911145173013 ], [ 435430.322590607684106, 6060770.761452270671725 ] ], [ [ 435430.322590607684106, 6060770.761452270671725 ], [ 435432.51949842000613, 6060783.305911145173013 ] ], [ [ 435430.322590607684106, 6060770.761452270671725 ], [ 435418.172558412945364, 6060707.699677010066807 ] ], [ [ 435418.172558412945364, 6060707.699677010066807 ], [ 435430.322590607684106, 6060770.761452270671725 ] ], [ [ 435418.172558412945364, 6060707.699677010066807 ], [ 435401.572343231586274, 6060625.125490166246891 ] ], [ [ 435401.572343231586274, 6060625.125490166246891 ], [ 435418.172558412945364, 6060707.699677010066807 ] ], [ [ 435401.572343231586274, 6060625.125490166246891 ], [ 435397.349828231381252, 6060601.670124786905944 ] ], [ [ 435971.682743596611544, 6061475.748960683122277 ], [ 435969.113854576600716, 6061465.03468834515661 ] ], [ [ 435971.682743596611544, 6061475.748960683122277 ], [ 435976.978792760404758, 6061497.887526738457382 ] ], [ [ 435976.978792760404758, 6061497.887526738457382 ], [ 435971.682743596611544, 6061475.748960683122277 ] ], [ [ 435976.978792760404758, 6061497.887526738457382 ], [ 435982.863587192958221, 6061532.482264644466341 ] ], [ [ 435982.863587192958221, 6061532.482264644466341 ], [ 435976.978792760404758, 6061497.887526738457382 ] ], [ [ 435982.863587192958221, 6061532.482264644466341 ], [ 435984.539394687802996, 6061575.750421873293817 ] ], [ [ 435984.539394687802996, 6061575.750421873293817 ], [ 435983.712351682712324, 6061554.396703466773033 ] ], [ [ 435984.539394687802996, 6061575.750421873293817 ], [ 435985.485889135510661, 6061597.099178616888821 ] ], [ [ 435285.884130566497333, 6060259.976521515287459 ], [ 435318.525392808951437, 6060339.115879070945084 ] ], [ [ 435285.884130566497333, 6060259.976521515287459 ], [ 435221.696310955449007, 6060292.401016726158559 ] ], [ [ 435318.525392808951437, 6060339.115879070945084 ], [ 435285.884130566497333, 6060259.976521515287459 ] ], [ [ 435318.525392808951437, 6060339.115879070945084 ], [ 435334.822485308221076, 6060374.584929803386331 ] ], [ [ 435334.822485308221076, 6060374.584929803386331 ], [ 435318.525392808951437, 6060339.115879070945084 ] ], [ [ 435334.822485308221076, 6060374.584929803386331 ], [ 435340.62822569324635, 6060386.52133441157639 ] ], [ [ 435340.62822569324635, 6060386.52133441157639 ], [ 435334.822485308221076, 6060374.584929803386331 ] ], [ [ 435340.62822569324635, 6060386.52133441157639 ], [ 435346.111358307651244, 6060399.797837969847023 ] ], [ [ 434905.122459523961879, 6060510.988008285872638 ], [ 434984.336383276910055, 6060455.383788571693003 ] ], [ [ 434984.336383276910055, 6060455.383788571693003 ], [ 434905.122459523961879, 6060510.988008285872638 ] ], [ [ 434984.336383276910055, 6060455.383788571693003 ], [ 434993.681383335380815, 6060448.828092850744724 ] ], [ [ 434993.681383335380815, 6060448.828092850744724 ], [ 434984.336383276910055, 6060455.383788571693003 ] ], [ [ 434993.681383335380815, 6060448.828092850744724 ], [ 435005.451200516545214, 6060440.512592094950378 ] ], [ [ 435005.451200516545214, 6060440.512592094950378 ], [ 434993.681383335380815, 6060448.828092850744724 ] ], [ [ 435005.451200516545214, 6060440.512592094950378 ], [ 435060.598659770563245, 6060401.537224257364869 ] ], [ [ 435060.598659770563245, 6060401.537224257364869 ], [ 435005.451200516545214, 6060440.512592094950378 ] ], [ [ 435060.598659770563245, 6060401.537224257364869 ], [ 435070.881745369290002, 6060394.289361767470837 ] ], [ [ 435070.881745369290002, 6060394.289361767470837 ], [ 435060.598659770563245, 6060401.537224257364869 ] ], [ [ 435070.881745369290002, 6060394.289361767470837 ], [ 435079.274959392554592, 6060388.337342362850904 ] ], [ [ 435079.274959392554592, 6060388.337342362850904 ], [ 435070.881745369290002, 6060394.289361767470837 ] ], [ [ 435079.274959392554592, 6060388.337342362850904 ], [ 435112.159809880016837, 6060365.095741335302591 ] ], [ [ 435112.159809880016837, 6060365.095741335302591 ], [ 435079.274959392554592, 6060388.337342362850904 ] ], [ [ 435112.159809880016837, 6060365.095741335302591 ], [ 435118.17258044553455, 6060360.847280941903591 ] ], [ [ 435118.17258044553455, 6060360.847280941903591 ], [ 435112.159809880016837, 6060365.095741335302591 ] ], [ [ 435118.17258044553455, 6060360.847280941903591 ], [ 435149.972790615749545, 6060338.378287423402071 ] ], [ [ 435149.972790615749545, 6060338.378287423402071 ], [ 435118.17258044553455, 6060360.847280941903591 ] ], [ [ 435149.972790615749545, 6060338.378287423402071 ], [ 435221.696310955449007, 6060292.401016726158559 ] ], [ [ 435221.696310955449007, 6060292.401016726158559 ], [ 435149.972790615749545, 6060338.378287423402071 ] ], [ [ 435221.696310955449007, 6060292.401016726158559 ], [ 435285.884130566497333, 6060259.976521515287459 ] ], [ [ 435346.111358307651244, 6060399.797837969847023 ], [ 435340.62822569324635, 6060386.52133441157639 ] ], [ [ 435346.111358307651244, 6060399.797837969847023 ], [ 435367.461314302810933, 6060454.570459270849824 ] ], [ [ 435367.461314302810933, 6060454.570459270849824 ], [ 435346.111358307651244, 6060399.797837969847023 ] ], [ [ 435367.461314302810933, 6060454.570459270849824 ], [ 435375.544632945908234, 6060480.630505096167326 ] ], [ [ 435375.544632945908234, 6060480.630505096167326 ], [ 435367.461314302810933, 6060454.570459270849824 ] ], [ [ 435375.544632945908234, 6060480.630505096167326 ], [ 435375.894902912026737, 6060482.584212585352361 ] ], [ [ 435375.894902912026737, 6060482.584212585352361 ], [ 435375.544632945908234, 6060480.630505096167326 ] ], [ [ 435375.894902912026737, 6060482.584212585352361 ], [ 435379.542964862368535, 6060502.820342218503356 ] ], [ [ 435379.542964862368535, 6060502.820342218503356 ], [ 435375.894902912026737, 6060482.584212585352361 ] ], [ [ 435379.542964862368535, 6060502.820342218503356 ], [ 435387.38579542649677, 6060546.36754591576755 ] ], [ [ 435387.38579542649677, 6060546.36754591576755 ], [ 435379.542964862368535, 6060502.820342218503356 ] ], [ [ 435387.38579542649677, 6060546.36754591576755 ], [ 435388.296024929441046, 6060551.419468718580902 ] ], [ [ 435397.349828231381252, 6060601.670124786905944 ], [ 435388.296024929441046, 6060551.419468718580902 ] ], [ [ 435397.349828231381252, 6060601.670124786905944 ], [ 435401.572343231586274, 6060625.125490166246891 ] ], [ [ 435264.362564850132912, 6061517.832576036453247 ], [ 435255.244745035248343, 6061527.408112477511168 ] ], [ [ 435264.362564850132912, 6061517.832576036453247 ], [ 435266.470224014134146, 6061515.64680007006973 ] ], [ [ 435354.266889756545424, 6061424.598882337100804 ], [ 435266.470224014134146, 6061515.64680007006973 ] ], [ [ 435354.266889756545424, 6061424.598882337100804 ], [ 435388.930471609754022, 6061389.136277066543698 ] ], [ [ 435388.930471609754022, 6061389.136277066543698 ], [ 435354.266889756545424, 6061424.598882337100804 ] ], [ [ 435388.930471609754022, 6061389.136277066543698 ], [ 435393.453427251020912, 6061384.464265653863549 ] ], [ [ 435393.453427251020912, 6061384.464265653863549 ], [ 435388.930471609754022, 6061389.136277066543698 ] ], [ [ 435393.453427251020912, 6061384.464265653863549 ], [ 435426.240293696871959, 6061350.252954427152872 ] ], [ [ 435426.240293696871959, 6061350.252954427152872 ], [ 435393.453427251020912, 6061384.464265653863549 ] ], [ [ 435426.240293696871959, 6061350.252954427152872 ], [ 435493.633415399875958, 6061280.024496903643012 ] ], [ [ 435493.633415399875958, 6061280.024496903643012 ], [ 435426.240293696871959, 6061350.252954427152872 ] ], [ [ 435493.633415399875958, 6061280.024496903643012 ], [ 435566.942683701985516, 6061203.647521966136992 ] ], [ [ 435566.942683701985516, 6061203.647521966136992 ], [ 435493.633415399875958, 6061280.024496903643012 ] ], [ [ 435566.942683701985516, 6061203.647521966136992 ], [ 435580.091593604534864, 6061189.938526129350066 ] ], [ [ 435580.091593604534864, 6061189.938526129350066 ], [ 435566.942683701985516, 6061203.647521966136992 ] ], [ [ 435580.091593604534864, 6061189.938526129350066 ], [ 435592.757721127476543, 6061176.726119843311608 ] ], [ [ 435592.757721127476543, 6061176.726119843311608 ], [ 435580.091593604534864, 6061189.938526129350066 ] ], [ [ 435592.757721127476543, 6061176.726119843311608 ], [ 435597.547206720744725, 6061171.727787224575877 ] ], [ [ 435597.547206720744725, 6061171.727787224575877 ], [ 435592.757721127476543, 6061176.726119843311608 ] ], [ [ 435597.547206720744725, 6061171.727787224575877 ], [ 435672.440838848764542, 6061093.638447069562972 ] ], [ [ 435672.440838848764542, 6061093.638447069562972 ], [ 435597.547206720744725, 6061171.727787224575877 ] ], [ [ 435672.440838848764542, 6061093.638447069562972 ], [ 435679.307739195122849, 6061086.473900128155947 ] ], [ [ 435266.470224014134146, 6061515.64680007006973 ], [ 435264.362564850132912, 6061517.832576036453247 ] ], [ [ 435266.470224014134146, 6061515.64680007006973 ], [ 435277.755708979151677, 6061503.943091075867414 ] ], [ [ 435388.296024929441046, 6060551.419468718580902 ], [ 435387.38579542649677, 6060546.36754591576755 ] ], [ [ 435388.296024929441046, 6060551.419468718580902 ], [ 435397.349828231381252, 6060601.670124786905944 ] ] ] } },
{ "type": "Feature", "properties": { "full_id": "n13128332939", "osm_id": "13128332939", "osm_type": "node", "amenity": "community_centre", "entrance": null, "full_name": null, "community_centre": "cultural_centre", "check_date": null, "operator": null, "contact:phone": null, "opening_hours": null, "name": "Уфимский Дом культуры глухих", "type": "lines", "start": "56.0139821, 54.7529881" }, "geometry": { "type": "MultiLineString", "coordinates": [ [ [ 435549.209738613921218, 6068381.197592330165207 ], [ 435516.801680450094864, 6068405.433551948517561 ] ], [ [ 435549.209738613921218, 6068381.197592330165207 ], [ 435581.619787633302622, 6068356.964606340974569 ] ], [ [ 435635.111749832751229, 6068316.96976328920573 ], [ 435549.209738613921218, 6068381.197592330165207 ] ], [ [ 435635.111749832751229, 6068316.96976328920573 ], [ 435687.358486998942681, 6068277.907434087246656 ] ], [ [ 435687.358486998942681, 6068277.907434087246656 ], [ 435635.111749832751229, 6068316.96976328920573 ] ], [ [ 435687.358486998942681, 6068277.907434087246656 ], [ 435719.920778667379636, 6068253.560488907620311 ] ], [ [ 435719.920778667379636, 6068253.560488907620311 ], [ 435687.358486998942681, 6068277.907434087246656 ] ], [ [ 435719.920778667379636, 6068253.560488907620311 ], [ 435766.921223365410697, 6068218.424506278708577 ] ], [ [ 435766.921223365410697, 6068218.424506278708577 ], [ 435719.920778667379636, 6068253.560488907620311 ] ], [ [ 435766.921223365410697, 6068218.424506278708577 ], [ 435799.407941446057521, 6068194.134875792078674 ] ], [ [ 436707.535399640561081, 6067506.25398937612772 ], [ 436775.958332360023633, 6067454.301961007528007 ] ], [ [ 436707.535399640561081, 6067506.25398937612772 ], [ 436693.581481394532602, 6067516.521428538486362 ] ], [ [ 436775.958332360023633, 6067454.301961007528007 ], [ 436707.535399640561081, 6067506.25398937612772 ] ], [ [ 436775.958332360023633, 6067454.301961007528007 ], [ 436790.692133768985514, 6067443.155799902044237 ] ], [ [ 435707.020369194040541, 6067711.955351449549198 ], [ 435627.595548435288947, 6067608.602330712601542 ] ], [ [ 435707.020369194040541, 6067711.955351449549198 ], [ 435760.487795009103138, 6067783.021724443882704 ] ], [ [ 435760.487795009103138, 6067783.021724443882704 ], [ 435707.020369194040541, 6067711.955351449549198 ] ], [ [ 435760.487795009103138, 6067783.021724443882704 ], [ 435892.653703092597425, 6067957.996625339612365 ] ], [ [ 435932.531399216328282, 6068010.794220003299415 ], [ 435760.487795009103138, 6067783.021724443882704 ] ], [ [ 435932.531399216328282, 6068010.794220003299415 ], [ 435973.750117628835142, 6068062.850230198353529 ] ], [ [ 435973.750117628835142, 6068062.850230198353529 ], [ 435932.531399216328282, 6068010.794220003299415 ] ], [ [ 435973.750117628835142, 6068062.850230198353529 ], [ 435987.503731416654773, 6068080.450665095821023 ] ], [ [ 435973.750117628835142, 6068062.850230198353529 ], [ 435960.165522169263568, 6068073.960591454058886 ] ], [ [ 435973.750117628835142, 6068062.850230198353529 ], [ 435990.014211234229151, 6068049.142218829132617 ] ], [ [ 436790.692133768985514, 6067443.155799902044237 ], [ 436816.483712071669288, 6067425.433467922732234 ] ], [ [ 436790.692133768985514, 6067443.155799902044237 ], [ 436775.958332360023633, 6067454.301961007528007 ] ], [ [ 436816.483712071669288, 6067425.433467922732234 ], [ 436790.692133768985514, 6067443.155799902044237 ] ], [ [ 436816.483712071669288, 6067425.433467922732234 ], [ 436840.386610379442573, 6067407.058832200244069 ] ], [ [ 436840.386610379442573, 6067407.058832200244069 ], [ 436816.483712071669288, 6067425.433467922732234 ] ], [ [ 436840.386610379442573, 6067407.058832200244069 ], [ 436856.885523752775043, 6067394.597232881002128 ] ], [ [ 436856.885523752775043, 6067394.597232881002128 ], [ 436840.386610379442573, 6067407.058832200244069 ] ], [ [ 436856.885523752775043, 6067394.597232881002128 ], [ 436876.697181364987046, 6067379.640989065170288 ] ], [ [ 436876.697181364987046, 6067379.640989065170288 ], [ 436856.885523752775043, 6067394.597232881002128 ] ], [ [ 436876.697181364987046, 6067379.640989065170288 ], [ 436885.373215860512573, 6067373.064851162023842 ] ], [ [ 436885.373215860512573, 6067373.064851162023842 ], [ 436876.697181364987046, 6067379.640989065170288 ] ], [ [ 436885.373215860512573, 6067373.064851162023842 ], [ 436952.879583570640534, 6067321.573572181165218 ] ], [ [ 436952.879583570640534, 6067321.573572181165218 ], [ 436885.373215860512573, 6067373.064851162023842 ] ], [ [ 436952.879583570640534, 6067321.573572181165218 ], [ 436967.48854518274311, 6067310.18491184618324 ] ], [ [ 436967.48854518274311, 6067310.18491184618324 ], [ 436952.879583570640534, 6067321.573572181165218 ] ], [ [ 436967.48854518274311, 6067310.18491184618324 ], [ 436970.431874704605434, 6067307.973659419454634 ] ], [ [ 436970.431874704605434, 6067307.973659419454634 ], [ 436967.48854518274311, 6067310.18491184618324 ] ], [ [ 436970.431874704605434, 6067307.973659419454634 ], [ 437008.424862235260662, 6067279.676491566933692 ] ], [ [ 437008.424862235260662, 6067279.676491566933692 ], [ 436970.431874704605434, 6067307.973659419454634 ] ], [ [ 437008.424862235260662, 6067279.676491566933692 ], [ 437035.388641288504004, 6067259.557480806484818 ] ], [ [ 437035.388641288504004, 6067259.557480806484818 ], [ 437008.424862235260662, 6067279.676491566933692 ] ], [ [ 437035.388641288504004, 6067259.557480806484818 ], [ 437052.601528574130498, 6067246.05166385229677 ] ], [ [ 437052.601528574130498, 6067246.05166385229677 ], [ 437035.388641288504004, 6067259.557480806484818 ] ], [ [ 437052.601528574130498, 6067246.05166385229677 ], [ 437058.725964899465907, 6067241.125153938308358 ] ], [ [ 437058.725964899465907, 6067241.125153938308358 ], [ 437052.601528574130498, 6067246.05166385229677 ] ], [ [ 437058.725964899465907, 6067241.125153938308358 ], [ 437081.570347502361983, 6067222.877885320223868 ] ], [ [ 437081.570347502361983, 6067222.877885320223868 ], [ 437058.725964899465907, 6067241.125153938308358 ] ], [ [ 437081.570347502361983, 6067222.877885320223868 ], [ 437095.086597962072119, 6067211.104231964796782 ] ], [ [ 437095.086597962072119, 6067211.104231964796782 ], [ 437081.570347502361983, 6067222.877885320223868 ] ], [ [ 437095.086597962072119, 6067211.104231964796782 ], [ 437123.407863925327547, 6067182.542161567136645 ] ], [ [ 437123.407863925327547, 6067182.542161567136645 ], [ 437095.086597962072119, 6067211.104231964796782 ] ], [ [ 437123.407863925327547, 6067182.542161567136645 ], [ 437159.392578748287633, 6067146.26135687995702 ] ], [ [ 437159.392578748287633, 6067146.26135687995702 ], [ 437123.407863925327547, 6067182.542161567136645 ] ], [ [ 437159.392578748287633, 6067146.26135687995702 ], [ 437194.241470696229953, 6067099.557601674459875 ] ], [ [ 437194.241470696229953, 6067099.557601674459875 ], [ 437159.392578748287633, 6067146.26135687995702 ] ], [ [ 437194.241470696229953, 6067099.557601674459875 ], [ 437235.879068146401551, 6067043.756378524005413 ] ], [ [ 437235.879068146401551, 6067043.756378524005413 ], [ 437194.241470696229953, 6067099.557601674459875 ] ], [ [ 437235.879068146401551, 6067043.756378524005413 ], [ 437300.809046940645203, 6066936.360628884285688 ] ], [ [ 437300.809046940645203, 6066936.360628884285688 ], [ 437235.879068146401551, 6067043.756378524005413 ] ], [ [ 437300.809046940645203, 6066936.360628884285688 ], [ 437302.709745852334891, 6066933.218109682202339 ] ], [ [ 437302.709745852334891, 6066933.218109682202339 ], [ 437300.809046940645203, 6066936.360628884285688 ] ], [ [ 437302.709745852334891, 6066933.218109682202339 ], [ 437343.816064252867363, 6066861.188065705820918 ] ], [ [ 437343.816064252867363, 6066861.188065705820918 ], [ 437302.709745852334891, 6066933.218109682202339 ] ], [ [ 437343.816064252867363, 6066861.188065705820918 ], [ 437350.310303104342893, 6066848.978451056405902 ] ], [ [ 437350.310303104342893, 6066848.978451056405902 ], [ 437343.816064252867363, 6066861.188065705820918 ] ], [ [ 437350.310303104342893, 6066848.978451056405902 ], [ 437389.360474168963265, 6066785.510686742141843 ] ], [ [ 437350.310303104342893, 6066848.978451056405902 ], [ 437341.974252052954398, 6066806.859403172507882 ] ], [ [ 436228.249198659905232, 6068430.626635420136154 ], [ 436293.614709203597158, 6068515.833739241585135 ] ], [ [ 436228.249198659905232, 6068430.626635420136154 ], [ 436163.907356542884372, 6068344.644491232931614 ] ], [ [ 436106.833457445027307, 6068268.378200141713023 ], [ 436228.249198659905232, 6068430.626635420136154 ] ], [ [ 436106.833457445027307, 6068268.378200141713023 ], [ 436007.978861420822795, 6068137.230548555962741 ] ], [ [ 436007.978861420822795, 6068137.230548555962741 ], [ 436106.833457445027307, 6068268.378200141713023 ] ], [ [ 436007.978861420822795, 6068137.230548555962741 ], [ 435960.165522169263568, 6068073.960591454058886 ] ], [ [ 435960.165522169263568, 6068073.960591454058886 ], [ 436007.978861420822795, 6068137.230548555962741 ] ], [ [ 435960.165522169263568, 6068073.960591454058886 ], [ 435922.814253543678205, 6068020.024630745872855 ] ], [ [ 435960.165522169263568, 6068073.960591454058886 ], [ 435973.750117628835142, 6068062.850230198353529 ] ], [ [ 435960.165522169263568, 6068073.960591454058886 ], [ 435943.236486774752848, 6068086.609753238037229 ] ], [ [ 436114.730043301009573, 6067954.035673865117133 ], [ 436131.490389495156705, 6067941.678921762853861 ] ], [ [ 436114.730043301009573, 6067954.035673865117133 ], [ 436100.381471923552454, 6067965.334474144503474 ] ], [ [ 436131.490389495156705, 6067941.678921762853861 ], [ 436114.730043301009573, 6067954.035673865117133 ] ], [ [ 436131.490389495156705, 6067941.678921762853861 ], [ 436137.301333016250283, 6067937.478943931870162 ] ], [ [ 436276.239612718694843, 6067832.137391267344356 ], [ 436352.873022808867972, 6067774.720872100442648 ] ], [ [ 436276.239612718694843, 6067832.137391267344356 ], [ 436265.066289340611547, 6067840.430490183643997 ] ], [ [ 436352.873022808867972, 6067774.720872100442648 ], [ 436276.239612718694843, 6067832.137391267344356 ] ], [ [ 436352.873022808867972, 6067774.720872100442648 ], [ 436358.974627595511265, 6067770.105315102264285 ] ], [ [ 436358.974627595511265, 6067770.105315102264285 ], [ 436352.873022808867972, 6067774.720872100442648 ] ], [ [ 436358.974627595511265, 6067770.105315102264285 ], [ 436363.828162011399399, 6067766.909624778665602 ] ], [ [ 436363.828162011399399, 6067766.909624778665602 ], [ 436358.974627595511265, 6067770.105315102264285 ] ], [ [ 436363.828162011399399, 6067766.909624778665602 ], [ 436406.371067955973558, 6067734.503221329301596 ] ], [ [ 436406.371067955973558, 6067734.503221329301596 ], [ 436363.828162011399399, 6067766.909624778665602 ] ], [ [ 436406.371067955973558, 6067734.503221329301596 ], [ 436471.969636015361175, 6067685.435254885815084 ] ], [ [ 436471.969636015361175, 6067685.435254885815084 ], [ 436406.371067955973558, 6067734.503221329301596 ] ], [ [ 436471.969636015361175, 6067685.435254885815084 ], [ 436514.36513180314796, 6067653.081483714282513 ] ], [ [ 436517.863235569035169, 6067650.411973547190428 ], [ 436514.36513180314796, 6067653.081483714282513 ] ], [ [ 436517.863235569035169, 6067650.411973547190428 ], [ 436570.769765488104895, 6067610.037720027379692 ] ], [ [ 436570.769765488104895, 6067610.037720027379692 ], [ 436517.863235569035169, 6067650.411973547190428 ] ], [ [ 436570.769765488104895, 6067610.037720027379692 ], [ 436580.670803431421518, 6067602.286341692321002 ] ], [ [ 436580.670803431421518, 6067602.286341692321002 ], [ 436570.769765488104895, 6067610.037720027379692 ] ], [ [ 436580.670803431421518, 6067602.286341692321002 ], [ 436621.147972171020228, 6067570.623311894014478 ] ], [ [ 436621.147972171020228, 6067570.623311894014478 ], [ 436580.670803431421518, 6067602.286341692321002 ] ], [ [ 436621.147972171020228, 6067570.623311894014478 ], [ 436693.581481394532602, 6067516.521428538486362 ] ], [ [ 436693.581481394532602, 6067516.521428538486362 ], [ 436621.147972171020228, 6067570.623311894014478 ] ], [ [ 436693.581481394532602, 6067516.521428538486362 ], [ 436707.535399640561081, 6067506.25398937612772 ] ], [ [ 436137.301333016250283, 6067937.478943931870162 ], [ 436131.490389495156705, 6067941.678921762853861 ] ], [ [ 436137.301333016250283, 6067937.478943931870162 ], [ 436200.338166088506114, 6067888.37635612860322 ] ], [ [ 436200.338166088506114, 6067888.37635612860322 ], [ 436137.301333016250283, 6067937.478943931870162 ] ], [ [ 436200.338166088506114, 6067888.37635612860322 ], [ 436234.650048156501725, 6067862.18335694540292 ] ], [ [ 435987.503731416654773, 6068080.450665095821023 ], [ 435973.750117628835142, 6068062.850230198353529 ] ], [ [ 435987.503731416654773, 6068080.450665095821023 ], [ 436021.15773708949564, 6068125.202360928058624 ] ], [ [ 436021.15773708949564, 6068125.202360928058624 ], [ 435987.503731416654773, 6068080.450665095821023 ] ], [ [ 436021.15773708949564, 6068125.202360928058624 ], [ 436070.43535612168489, 6068188.797205131500959 ] ], [ [ 436070.43535612168489, 6068188.797205131500959 ], [ 436021.15773708949564, 6068125.202360928058624 ] ], [ [ 436070.43535612168489, 6068188.797205131500959 ], [ 436111.507552896684501, 6068243.00441515725106 ] ], [ [ 436111.507552896684501, 6068243.00441515725106 ], [ 436070.43535612168489, 6068188.797205131500959 ] ], [ [ 436111.507552896684501, 6068243.00441515725106 ], [ 436205.061611209181137, 6068368.809268197976053 ] ], [ [ 436205.061611209181137, 6068368.809268197976053 ], [ 436111.507552896684501, 6068243.00441515725106 ] ], [ [ 436205.061611209181137, 6068368.809268197976053 ], [ 436235.345728322456125, 6068409.948636416345835 ] ], [ [ 436235.345728322456125, 6068409.948636416345835 ], [ 436205.061611209181137, 6068368.809268197976053 ] ], [ [ 436235.345728322456125, 6068409.948636416345835 ], [ 436243.168187569011934, 6068420.611129833385348 ] ], [ [ 436243.168187569011934, 6068420.611129833385348 ], [ 436235.345728322456125, 6068409.948636416345835 ] ], [ [ 436243.168187569011934, 6068420.611129833385348 ], [ 436299.065370803466067, 6068495.377536854706705 ] ], [ [ 436299.065370803466067, 6068495.377536854706705 ], [ 436281.165391507558525, 6068471.434717794880271 ] ], [ [ 436299.065370803466067, 6068495.377536854706705 ], [ 436316.680759354028851, 6068519.53060975857079 ] ], [ [ 435922.814253543678205, 6068020.024630745872855 ], [ 435960.165522169263568, 6068073.960591454058886 ] ], [ [ 435922.814253543678205, 6068020.024630745872855 ], [ 435880.992598746903241, 6067964.560987981036305 ] ], [ [ 435880.992598746903241, 6067964.560987981036305 ], [ 435922.814253543678205, 6068020.024630745872855 ] ], [ [ 435880.992598746903241, 6067964.560987981036305 ], [ 435747.157318883575499, 6067788.041461800225079 ] ], [ [ 435747.157318883575499, 6067788.041461800225079 ], [ 435866.170072424574755, 6067945.01023265440017 ] ], [ [ 435747.157318883575499, 6067788.041461800225079 ], [ 435627.828245231532492, 6067631.313642711378634 ] ], [ [ 435990.014211234229151, 6068049.142218829132617 ], [ 435973.750117628835142, 6068062.850230198353529 ] ], [ [ 435990.014211234229151, 6068049.142218829132617 ], [ 436063.111111209203955, 6067993.406734272837639 ] ], [ [ 436063.111111209203955, 6067993.406734272837639 ], [ 435990.014211234229151, 6068049.142218829132617 ] ], [ [ 436063.111111209203955, 6067993.406734272837639 ], [ 436092.435531251889188, 6067971.49006128590554 ] ], [ [ 437341.974252052954398, 6066806.859403172507882 ], [ 437335.907040639256593, 6066775.864694156683981 ] ], [ [ 437341.974252052954398, 6066806.859403172507882 ], [ 437348.106110032938886, 6066837.841390043497086 ] ], [ [ 436092.435531251889188, 6067971.49006128590554 ], [ 436063.111111209203955, 6067993.406734272837639 ] ], [ [ 436092.435531251889188, 6067971.49006128590554 ], [ 436100.381471923552454, 6067965.334474144503474 ] ], [ [ 436100.381471923552454, 6067965.334474144503474 ], [ 436092.435531251889188, 6067971.49006128590554 ] ], [ [ 436100.381471923552454, 6067965.334474144503474 ], [ 436114.730043301009573, 6067954.035673865117133 ] ], [ [ 436234.650048156501725, 6067862.18335694540292 ], [ 436200.338166088506114, 6067888.37635612860322 ] ], [ [ 436234.650048156501725, 6067862.18335694540292 ], [ 436265.066289340611547, 6067840.430490183643997 ] ], [ [ 436265.066289340611547, 6067840.430490183643997 ], [ 436234.650048156501725, 6067862.18335694540292 ] ], [ [ 436265.066289340611547, 6067840.430490183643997 ], [ 436276.239612718694843, 6067832.137391267344356 ] ], [ [ 435926.449280264263507, 6068099.268096862360835 ], [ 435943.236486774752848, 6068086.609753238037229 ] ], [ [ 435926.449280264263507, 6068099.268096862360835 ], [ 435892.634991050290409, 6068124.443705746904016 ] ], [ [ 435943.236486774752848, 6068086.609753238037229 ], [ 435926.449280264263507, 6068099.268096862360835 ] ], [ [ 435943.236486774752848, 6068086.609753238037229 ], [ 435960.165522169263568, 6068073.960591454058886 ] ], [ [ 435892.634991050290409, 6068124.443705746904016 ], [ 435926.449280264263507, 6068099.268096862360835 ] ], [ [ 435892.634991050290409, 6068124.443705746904016 ], [ 435878.152016106876545, 6068135.266594178974628 ] ], [ [ 435878.152016106876545, 6068135.266594178974628 ], [ 435892.634991050290409, 6068124.443705746904016 ] ], [ [ 435878.152016106876545, 6068135.266594178974628 ], [ 435821.552156234218273, 6068177.582585410214961 ] ], [ [ 435821.552156234218273, 6068177.582585410214961 ], [ 435878.152016106876545, 6068135.266594178974628 ] ], [ [ 435821.552156234218273, 6068177.582585410214961 ], [ 435799.407941446057521, 6068194.134875792078674 ] ], [ [ 435799.407941446057521, 6068194.134875792078674 ], [ 435821.552156234218273, 6068177.582585410214961 ] ], [ [ 435799.407941446057521, 6068194.134875792078674 ], [ 435766.921223365410697, 6068218.424506278708577 ] ], [ [ 436514.36513180314796, 6067653.081483714282513 ], [ 436471.969636015361175, 6067685.435254885815084 ] ], [ [ 436514.36513180314796, 6067653.081483714282513 ], [ 436517.863235569035169, 6067650.411973547190428 ] ] ] } }
]
}
