{
"type": "FeatureCollection",
"name": "обсл",
"crs": { "type": "name", "properties": { "name": "urn:ogc:def:crs:OGC:1.3:CRS84" } },
"features": [
{ "type": "Feature", "properties": { "full_id": "n7796147287", "osm_id": "7796147287", "osm_type": "node", "amenity": "community_centre", "entrance": null, "full_name": null, "community_centre": null, "check_date": null, "operator": null, "contact:phone": null, "opening_hours": "24/7", "name": "Арт-Квадрат", "type": "lines", "start": "55.9471595, 54.7279338" }, "geometry": { "type": "MultiLineString", "coordinates": [ [ [ 55.9409436, 54.7350711 ], [ 55.939770350284221, 54.735259549865972 ] ], [ [ 55.9409436, 54.7350711 ], [ 55.9413536, 54.7350052 ] ], [ [ 55.9413536, 54.7350052 ], [ 55.9409436, 54.7350711 ] ], [ [ 55.9413536, 54.7350052 ], [ 55.9420615, 54.7348915 ] ], [ [ 55.9420615, 54.7348915 ], [ 55.9413536, 54.7350052 ] ], [ [ 55.9420615, 54.7348915 ], [ 55.9427451, 54.7347817 ] ], [ [ 55.9427451, 54.7347817 ], [ 55.9420615, 54.7348915 ] ], [ [ 55.9427451, 54.7347817 ], [ 55.9447812, 54.7344547 ] ], [ [ 55.9447812, 54.7344547 ], [ 55.9427451, 54.7347817 ] ], [ [ 55.9447812, 54.7344547 ], [ 55.9450153, 54.7344171 ] ], [ [ 55.9450153, 54.7344171 ], [ 55.9447812, 54.7344547 ] ], [ [ 55.9450153, 54.7344171 ], [ 55.9452017, 54.7343871 ] ], [ [ 55.9450153, 54.7344171 ], [ 55.9449574, 54.7342998 ] ], [ [ 55.9450153, 54.7344171 ], [ 55.9450542, 54.7344986 ] ], [ [ 55.9452017, 54.7343871 ], [ 55.9450153, 54.7344171 ] ], [ [ 55.9452017, 54.7343871 ], [ 55.9457936, 54.7342921 ] ], [ [ 55.9457936, 54.7342921 ], [ 55.9452017, 54.7343871 ] ], [ [ 55.9457936, 54.7342921 ], [ 55.9463335, 54.7342033 ] ], [ [ 55.9463335, 54.7342033 ], [ 55.9457936, 54.7342921 ] ], [ [ 55.9463335, 54.7342033 ], [ 55.946504, 54.7341754 ] ], [ [ 55.946504, 54.7341754 ], [ 55.9463335, 54.7342033 ] ], [ [ 55.946504, 54.7341754 ], [ 55.9473424, 54.7340407 ] ], [ [ 55.9473424, 54.7340407 ], [ 55.946504, 54.7341754 ] ], [ [ 55.9473424, 54.7340407 ], [ 55.9477654, 54.7339746 ] ], [ [ 55.9477654, 54.7339746 ], [ 55.9473424, 54.7340407 ] ], [ [ 55.9477654, 54.7339746 ], [ 55.9479692, 54.7339451 ] ], [ [ 55.9479692, 54.7339451 ], [ 55.9477654, 54.7339746 ] ], [ [ 55.9479692, 54.7339451 ], [ 55.948176, 54.7339152 ] ], [ [ 55.948176, 54.7339152 ], [ 55.9479692, 54.7339451 ] ], [ [ 55.948176, 54.7339152 ], [ 55.9486233, 54.73384 ] ], [ [ 55.9486233, 54.73384 ], [ 55.948176, 54.7339152 ] ], [ [ 55.9486233, 54.73384 ], [ 55.9498756, 54.73364 ] ], [ [ 55.9498756, 54.73364 ], [ 55.9486233, 54.73384 ] ], [ [ 55.9498756, 54.73364 ], [ 55.950532996577586, 54.733527034666984 ] ], [ [ 55.9507072, 54.7334971 ], [ 55.950532996577586, 54.733527034666984 ] ], [ [ 55.9507072, 54.7334971 ], [ 55.9509697, 54.7334556 ] ], [ [ 55.9509697, 54.7334556 ], [ 55.9507072, 54.7334971 ] ], [ [ 55.9509697, 54.7334556 ], [ 55.9509153, 54.7333549 ] ], [ [ 55.9509697, 54.7334556 ], [ 55.9511299, 54.7334305 ] ], [ [ 55.9509697, 54.7334556 ], [ 55.9510143, 54.7335432 ] ], [ [ 55.945383, 54.7218414 ], [ 55.9455884, 54.7218095 ] ], [ [ 55.945383, 54.7218414 ], [ 55.9451164, 54.7218867 ] ], [ [ 55.945383, 54.7218414 ], [ 55.9454613, 54.7219791 ] ], [ [ 55.9455884, 54.7218095 ], [ 55.945383, 54.7218414 ] ], [ [ 55.9455884, 54.7218095 ], [ 55.9469859, 54.7215923 ] ], [ [ 55.9469859, 54.7215923 ], [ 55.9455884, 54.7218095 ] ], [ [ 55.9469859, 54.7215923 ], [ 55.9471392, 54.7215674 ] ], [ [ 55.9471392, 54.7215674 ], [ 55.9469859, 54.7215923 ] ], [ [ 55.9471392, 54.7215674 ], [ 55.9472548, 54.7215506 ] ], [ [ 55.9472548, 54.7215506 ], [ 55.9471392, 54.7215674 ] ], [ [ 55.9472548, 54.7215506 ], [ 55.9486244, 54.7212994 ] ], [ [ 55.9486244, 54.7212994 ], [ 55.9472548, 54.7215506 ] ], [ [ 55.9486244, 54.7212994 ], [ 55.9497461, 54.7210884 ] ], [ [ 55.9497461, 54.7210884 ], [ 55.9486244, 54.7212994 ] ], [ [ 55.9497461, 54.7210884 ], [ 55.9502754, 54.7209888 ] ], [ [ 55.9502754, 54.7209888 ], [ 55.9497461, 54.7210884 ] ], [ [ 55.9502754, 54.7209888 ], [ 55.9504733, 54.7209516 ] ], [ [ 55.9504733, 54.7209516 ], [ 55.9502754, 54.7209888 ] ], [ [ 55.9504733, 54.7209516 ], [ 55.9505097, 54.7210255 ] ], [ [ 55.9504733, 54.7209516 ], [ 55.9506449, 54.7208761 ] ], [ [ 55.9504733, 54.7209516 ], [ 55.9504084, 54.7208016 ] ], [ [ 55.9657315, 54.7258707 ], [ 55.966022267843776, 54.725824387280319 ] ], [ [ 55.9657315, 54.7258707 ], [ 55.965440667052839, 54.725916877408949 ] ], [ [ 55.965045, 54.7259797 ], [ 55.9657315, 54.7258707 ] ], [ [ 55.965045, 54.7259797 ], [ 55.964067674408376, 54.726134900881753 ] ], [ [ 55.9637566, 54.7261843 ], [ 55.965045, 54.7259797 ] ], [ [ 55.9637566, 54.7261843 ], [ 55.9632168, 54.72627 ] ], [ [ 55.9632168, 54.72627 ], [ 55.9637566, 54.7261843 ] ], [ [ 55.9632168, 54.72627 ], [ 55.9619336, 54.7264738 ] ], [ [ 55.9619336, 54.7264738 ], [ 55.9632168, 54.72627 ] ], [ [ 55.9619336, 54.7264738 ], [ 55.9620235, 54.7266171 ] ], [ [ 55.9619336, 54.7264738 ], [ 55.9601003, 54.726758 ] ], [ [ 55.956886, 54.732508 ], [ 55.9569316, 54.7326012 ] ], [ [ 55.956886, 54.732508 ], [ 55.9566378, 54.7325478 ] ], [ [ 55.956886, 54.732508 ], [ 55.95715, 54.7324675 ] ], [ [ 55.956886, 54.732508 ], [ 55.9568293, 54.7323916 ] ], [ [ 55.9569316, 54.7326012 ], [ 55.956886, 54.732508 ] ], [ [ 55.9569316, 54.7326012 ], [ 55.9570674, 54.7329034 ] ], [ [ 55.9561142, 54.7352043 ], [ 55.956986623023774, 54.735069409306867 ] ], [ [ 55.9561142, 54.7352043 ], [ 55.955243586111614, 54.735343057108075 ] ], [ [ 55.9552132, 54.7353479 ], [ 55.9561142, 54.7352043 ] ], [ [ 55.9552132, 54.7353479 ], [ 55.9543073, 54.7354902 ] ], [ [ 55.9543073, 54.7354902 ], [ 55.9552132, 54.7353479 ] ], [ [ 55.9543073, 54.7354902 ], [ 55.9532531, 54.7356613 ] ], [ [ 55.9532531, 54.7356613 ], [ 55.9543073, 54.7354902 ] ], [ [ 55.9532531, 54.7356613 ], [ 55.9525934, 54.7357638 ] ], [ [ 55.9525934, 54.7357638 ], [ 55.9532531, 54.7356613 ] ], [ [ 55.9525934, 54.7357638 ], [ 55.9521876, 54.7358324 ] ], [ [ 55.9521876, 54.7358324 ], [ 55.9525934, 54.7357638 ] ], [ [ 55.9521876, 54.7358324 ], [ 55.9518376, 54.7358876 ] ], [ [ 55.9521876, 54.7358324 ], [ 55.9522506, 54.7359478 ] ], [ [ 55.9521876, 54.7358324 ], [ 55.9521566, 54.7357775 ] ], [ [ 55.9516168, 54.7234743 ], [ 55.9513738, 54.7235212 ] ], [ [ 55.9516168, 54.7234743 ], [ 55.9515375, 54.7233182 ] ], [ [ 55.9516168, 54.7234743 ], [ 55.9516389, 54.7234952 ] ], [ [ 55.9516168, 54.7234743 ], [ 55.9518171, 54.723367 ] ], [ [ 55.9513738, 54.7235212 ], [ 55.9516168, 54.7234743 ] ], [ [ 55.9513738, 54.7235212 ], [ 55.9496598, 54.7238359 ] ], [ [ 55.9496598, 54.7238359 ], [ 55.9513738, 54.7235212 ] ], [ [ 55.9496598, 54.7238359 ], [ 55.9486096, 54.72403 ] ], [ [ 55.9486096, 54.72403 ], [ 55.9496598, 54.7238359 ] ], [ [ 55.9486096, 54.72403 ], [ 55.9482449, 54.7240973 ] ], [ [ 55.9482449, 54.7240973 ], [ 55.9486096, 54.72403 ] ], [ [ 55.9482449, 54.7240973 ], [ 55.9481247, 54.7241196 ] ], [ [ 55.9481247, 54.7241196 ], [ 55.9482449, 54.7240973 ] ], [ [ 55.9481247, 54.7241196 ], [ 55.9471881, 54.7242926 ] ], [ [ 55.9471881, 54.7242926 ], [ 55.9481247, 54.7241196 ] ], [ [ 55.9471881, 54.7242926 ], [ 55.9467499, 54.7243736 ] ], [ [ 55.9467499, 54.7243736 ], [ 55.9471881, 54.7242926 ] ], [ [ 55.9467499, 54.7243736 ], [ 55.9466287, 54.724396 ] ], [ [ 55.9466287, 54.724396 ], [ 55.9467499, 54.7243736 ] ], [ [ 55.9466287, 54.724396 ], [ 55.9467095, 54.7245702 ] ], [ [ 55.9466287, 54.724396 ], [ 55.9465387, 54.7242117 ] ], [ [ 55.9497969, 54.7310673 ], [ 55.9498666, 54.7312078 ] ], [ [ 55.9497969, 54.7310673 ], [ 55.9499619, 54.7310402 ] ], [ [ 55.9497969, 54.7310673 ], [ 55.949737, 54.7309234 ] ], [ [ 55.9498666, 54.7312078 ], [ 55.9497969, 54.7310673 ] ], [ [ 55.9498666, 54.7312078 ], [ 55.9503212, 54.7321762 ] ], [ [ 55.9503212, 54.7321762 ], [ 55.9498666, 54.7312078 ] ], [ [ 55.9503212, 54.7321762 ], [ 55.9506543, 54.7328589 ] ], [ [ 55.9506543, 54.7328589 ], [ 55.9503212, 54.7321762 ] ], [ [ 55.9506543, 54.7328589 ], [ 55.9509153, 54.7333549 ] ], [ [ 55.9509153, 54.7333549 ], [ 55.9506543, 54.7328589 ] ], [ [ 55.9509153, 54.7333549 ], [ 55.9509697, 54.7334556 ] ], [ [ 55.9511299, 54.7334305 ], [ 55.9509697, 54.7334556 ] ], [ [ 55.9511299, 54.7334305 ], [ 55.9526132, 54.7331927 ] ], [ [ 55.9526132, 54.7331927 ], [ 55.9511299, 54.7334305 ] ], [ [ 55.9526132, 54.7331927 ], [ 55.9538856, 54.7329888 ] ], [ [ 55.9538856, 54.7329888 ], [ 55.9526132, 54.7331927 ] ], [ [ 55.9538856, 54.7329888 ], [ 55.9540359, 54.7329647 ] ], [ [ 55.9540359, 54.7329647 ], [ 55.9538856, 54.7329888 ] ], [ [ 55.9540359, 54.7329647 ], [ 55.9541054, 54.7329536 ] ], [ [ 55.9541054, 54.7329536 ], [ 55.9540359, 54.7329647 ] ], [ [ 55.9541054, 54.7329536 ], [ 55.9549068, 54.7328252 ] ], [ [ 55.9549068, 54.7328252 ], [ 55.9541054, 54.7329536 ] ], [ [ 55.9549068, 54.7328252 ], [ 55.9550973, 54.7327946 ] ], [ [ 55.9550973, 54.7327946 ], [ 55.9549068, 54.7328252 ] ], [ [ 55.9550973, 54.7327946 ], [ 55.9557623, 54.7326881 ] ], [ [ 55.9557623, 54.7326881 ], [ 55.9550973, 54.7327946 ] ], [ [ 55.9557623, 54.7326881 ], [ 55.9566378, 54.7325478 ] ], [ [ 55.9566378, 54.7325478 ], [ 55.9557623, 54.7326881 ] ], [ [ 55.9566378, 54.7325478 ], [ 55.956886, 54.732508 ] ], [ [ 55.9505097, 54.7210255 ], [ 55.9504733, 54.7209516 ] ], [ [ 55.9505097, 54.7210255 ], [ 55.950764161149898, 54.721597696355843 ] ], [ [ 55.9507707, 54.7216124 ], [ 55.9505097, 54.7210255 ] ], [ [ 55.9507707, 54.7216124 ], [ 55.9512918, 54.7227574 ] ], [ [ 55.9512918, 54.7227574 ], [ 55.9507707, 54.7216124 ] ], [ [ 55.9512918, 54.7227574 ], [ 55.9513889, 54.7229778 ] ], [ [ 55.9513889, 54.7229778 ], [ 55.9512918, 54.7227574 ] ], [ [ 55.9513889, 54.7229778 ], [ 55.9515375, 54.7233182 ] ], [ [ 55.9515375, 54.7233182 ], [ 55.9513889, 54.7229778 ] ], [ [ 55.9515375, 54.7233182 ], [ 55.9516168, 54.7234743 ] ], [ [ 55.9451164, 54.7218867 ], [ 55.945383, 54.7218414 ] ], [ [ 55.9451164, 54.7218867 ], [ 55.9444332, 54.7220042 ] ], [ [ 55.9444332, 54.7220042 ], [ 55.9451164, 54.7218867 ] ], [ [ 55.9444332, 54.7220042 ], [ 55.9432987, 54.7221983 ] ], [ [ 55.9432987, 54.7221983 ], [ 55.9444332, 54.7220042 ] ], [ [ 55.9432987, 54.7221983 ], [ 55.9426663, 54.7223066 ] ], [ [ 55.9426663, 54.7223066 ], [ 55.9432987, 54.7221983 ] ], [ [ 55.9426663, 54.7223066 ], [ 55.9424992, 54.7223352 ] ], [ [ 55.9424992, 54.7223352 ], [ 55.9426663, 54.7223066 ] ], [ [ 55.9424992, 54.7223352 ], [ 55.9421581, 54.7223936 ] ], [ [ 55.9421581, 54.7223936 ], [ 55.9424992, 54.7223352 ] ], [ [ 55.9421581, 54.7223936 ], [ 55.9419966, 54.7224212 ] ], [ [ 55.9419966, 54.7224212 ], [ 55.9421581, 54.7223936 ] ], [ [ 55.9419966, 54.7224212 ], [ 55.9406744, 54.7226476 ] ], [ [ 55.9406744, 54.7226476 ], [ 55.941977006444318, 54.722424555 ] ], [ [ 55.9406744, 54.7226476 ], [ 55.9396804, 54.7228179 ] ], [ [ 55.9396804, 54.7228179 ], [ 55.9406744, 54.7226476 ] ], [ [ 55.9396804, 54.7228179 ], [ 55.9394891, 54.7228506 ] ], [ [ 55.9394891, 54.7228506 ], [ 55.9396804, 54.7228179 ] ], [ [ 55.9394891, 54.7228506 ], [ 55.9394156, 54.7227313 ] ], [ [ 55.9394891, 54.7228506 ], [ 55.9395452, 54.7229362 ] ], [ [ 55.9394891, 54.7228506 ], [ 55.9392805, 54.7228798 ] ], [ [ 55.9454613, 54.7219791 ], [ 55.945383, 54.7218414 ] ], [ [ 55.9454613, 54.7219791 ], [ 55.9457799, 54.7226567 ] ], [ [ 55.9457799, 54.7226567 ], [ 55.9454613, 54.7219791 ] ], [ [ 55.9457799, 54.7226567 ], [ 55.9462189, 54.7235471 ] ], [ [ 55.9462189, 54.7235471 ], [ 55.9457799, 54.7226567 ] ], [ [ 55.9462189, 54.7235471 ], [ 55.9462959, 54.7237073 ] ], [ [ 55.9462959, 54.7237073 ], [ 55.9462189, 54.7235471 ] ], [ [ 55.9462959, 54.7237073 ], [ 55.9463784, 54.7238787 ] ], [ [ 55.9516389, 54.7234952 ], [ 55.9516168, 54.7234743 ] ], [ [ 55.9516389, 54.7234952 ], [ 55.9516764, 54.7235334 ] ], [ [ 55.9516389, 54.7234952 ], [ 55.9518368, 54.7233888 ] ], [ [ 55.9516764, 54.7235334 ], [ 55.9516389, 54.7234952 ] ], [ [ 55.9516764, 54.7235334 ], [ 55.9532392, 54.7250217 ] ], [ [ 55.9532392, 54.7250217 ], [ 55.9516764, 54.7235334 ] ], [ [ 55.9532392, 54.7250217 ], [ 55.9533569, 54.7251709 ] ], [ [ 55.9533569, 54.7251709 ], [ 55.9532392, 54.7250217 ] ], [ [ 55.9533569, 54.7251709 ], [ 55.9530726, 54.7252148 ] ], [ [ 55.9533569, 54.7251709 ], [ 55.953457, 54.7253181 ] ], [ [ 55.9533569, 54.7251709 ], [ 55.9536343, 54.7251284 ] ], [ [ 55.95715, 54.7324675 ], [ 55.956886, 54.732508 ] ], [ [ 55.95715, 54.7324675 ], [ 55.9579197, 54.7323493 ] ], [ [ 55.9579197, 54.7323493 ], [ 55.95715, 54.7324675 ] ], [ [ 55.9579197, 54.7323493 ], [ 55.9593127, 54.7321353 ] ], [ [ 55.9593127, 54.7321353 ], [ 55.958721855915726, 54.732226068581504 ] ], [ [ 55.9593127, 54.7321353 ], [ 55.9593992, 54.732122 ] ], [ [ 55.9593992, 54.732122 ], [ 55.9593127, 54.7321353 ] ], [ [ 55.9593992, 54.732122 ], [ 55.959903567628338, 54.732044588275578 ] ], [ [ 55.9579059, 54.7276743 ], [ 55.957707154043618, 54.727260833234944 ] ], [ [ 55.9579059, 54.7276743 ], [ 55.958104613019287, 54.728087772880905 ] ], [ [ 55.9587814, 54.729496 ], [ 55.9579059, 54.7276743 ] ], [ [ 55.9587814, 54.729496 ], [ 55.9588415, 54.729621 ] ], [ [ 55.9588415, 54.729621 ], [ 55.9587814, 54.729496 ] ], [ [ 55.9588415, 54.729621 ], [ 55.9586529, 54.7296496 ] ], [ [ 55.9588415, 54.729621 ], [ 55.9590144, 54.7295913 ] ], [ [ 55.9307835, 54.7315048 ], [ 55.9308349, 54.731603 ] ], [ [ 55.9307835, 54.7315048 ], [ 55.9307281, 54.7313945 ] ], [ [ 55.9307835, 54.7315048 ], [ 55.9309313, 54.7314764 ] ], [ [ 55.9308349, 54.731603 ], [ 55.9307835, 54.7315048 ] ], [ [ 55.9308349, 54.731603 ], [ 55.931390521949609, 54.732742306120919 ] ], [ [ 55.9506449, 54.7208761 ], [ 55.9504733, 54.7209516 ] ], [ [ 55.9506449, 54.7208761 ], [ 55.951190335902972, 54.720648460880142 ] ], [ [ 55.9302506, 54.7303323 ], [ 55.930218363137953, 54.730260697818174 ] ], [ [ 55.9302506, 54.7303323 ], [ 55.93028283081356, 54.730403903148499 ] ], [ [ 55.930525, 54.7309419 ], [ 55.9302506, 54.7303323 ] ], [ [ 55.930525, 54.7309419 ], [ 55.930582, 54.7310687 ] ], [ [ 55.930582, 54.7310687 ], [ 55.930525, 54.7309419 ] ], [ [ 55.930582, 54.7310687 ], [ 55.9307281, 54.7313945 ] ], [ [ 55.9307281, 54.7313945 ], [ 55.930582, 54.7310687 ] ], [ [ 55.9307281, 54.7313945 ], [ 55.9307835, 54.7315048 ] ], [ [ 55.9499619, 54.7310402 ], [ 55.9497969, 54.7310673 ] ], [ [ 55.9499619, 54.7310402 ], [ 55.9505214, 54.7309487 ] ], [ [ 55.9505214, 54.7309487 ], [ 55.9499619, 54.7310402 ] ], [ [ 55.9505214, 54.7309487 ], [ 55.95075453643976, 54.730907740582957 ] ], [ [ 55.9514617, 54.7307835 ], [ 55.95075453643976, 54.730907740582957 ] ], [ [ 55.9514617, 54.7307835 ], [ 55.951872, 54.730718 ] ], [ [ 55.951872, 54.730718 ], [ 55.9514617, 54.7307835 ] ], [ [ 55.951872, 54.730718 ], [ 55.9525876, 54.7306037 ] ], [ [ 55.9525876, 54.7306037 ], [ 55.951872, 54.730718 ] ], [ [ 55.9525876, 54.7306037 ], [ 55.9528123, 54.7305713 ] ], [ [ 55.9528123, 54.7305713 ], [ 55.9525876, 54.7306037 ] ], [ [ 55.9528123, 54.7305713 ], [ 55.9529415, 54.7305477 ] ], [ [ 55.9529415, 54.7305477 ], [ 55.9528123, 54.7305713 ] ], [ [ 55.9529415, 54.7305477 ], [ 55.9538427, 54.7304069 ] ], [ [ 55.9538427, 54.7304069 ], [ 55.9529415, 54.7305477 ] ], [ [ 55.9538427, 54.7304069 ], [ 55.954117, 54.7303636 ] ], [ [ 55.954117, 54.7303636 ], [ 55.9538427, 54.7304069 ] ], [ [ 55.954117, 54.7303636 ], [ 55.9544956, 54.7303039 ] ], [ [ 55.9544956, 54.7303039 ], [ 55.954117, 54.7303636 ] ], [ [ 55.9544956, 54.7303039 ], [ 55.955464, 54.7301579 ] ], [ [ 55.955464, 54.7301579 ], [ 55.9544956, 54.7303039 ] ], [ [ 55.955464, 54.7301579 ], [ 55.9558111, 54.730108 ] ], [ [ 55.9558111, 54.730108 ], [ 55.955464, 54.7301579 ] ], [ [ 55.9558111, 54.730108 ], [ 55.9560951, 54.7300622 ] ], [ [ 55.9558111, 54.730108 ], [ 55.9558873, 54.730262 ] ], [ [ 55.9558111, 54.730108 ], [ 55.95574, 54.7299649 ] ], [ [ 55.9586743, 54.7228576 ], [ 55.959007049877073, 54.722606640765775 ] ], [ [ 55.9586743, 54.7228576 ], [ 55.958341572768191, 54.72310857209748 ] ], [ [ 55.9573158, 54.7238823 ], [ 55.9586743, 54.7228576 ] ], [ [ 55.9573158, 54.7238823 ], [ 55.9569157, 54.7241823 ] ], [ [ 55.9569157, 54.7241823 ], [ 55.9573158, 54.7238823 ] ], [ [ 55.9569157, 54.7241823 ], [ 55.9568566, 54.7242266 ] ], [ [ 55.9568566, 54.7242266 ], [ 55.9569157, 54.7241823 ] ], [ [ 55.9568566, 54.7242266 ], [ 55.9567179, 54.7243306 ] ], [ [ 55.9567179, 54.7243306 ], [ 55.9568566, 54.7242266 ] ], [ [ 55.9567179, 54.7243306 ], [ 55.9563413, 54.7246127 ] ], [ [ 55.9563413, 54.7246127 ], [ 55.9567179, 54.7243306 ] ], [ [ 55.9563413, 54.7246127 ], [ 55.9560761, 54.7247506 ] ], [ [ 55.9560761, 54.7247506 ], [ 55.9563413, 54.7246127 ] ], [ [ 55.9560761, 54.7247506 ], [ 55.9560039, 54.7247641 ] ], [ [ 55.9560039, 54.7247641 ], [ 55.9560761, 54.7247506 ] ], [ [ 55.9560039, 54.7247641 ], [ 55.9558159, 54.724793 ] ], [ [ 55.9504084, 54.7208016 ], [ 55.950246079956017, 54.720454728112315 ] ], [ [ 55.9504084, 54.7208016 ], [ 55.9504733, 54.7209516 ] ], [ [ 55.9560951, 54.7300622 ], [ 55.9558111, 54.730108 ] ], [ [ 55.9560951, 54.7300622 ], [ 55.9563258, 54.7300249 ] ], [ [ 55.9563258, 54.7300249 ], [ 55.9560951, 54.7300622 ] ], [ [ 55.9563258, 54.7300249 ], [ 55.9565343, 54.7299913 ] ], [ [ 55.9565343, 54.7299913 ], [ 55.9563258, 54.7300249 ] ], [ [ 55.9565343, 54.7299913 ], [ 55.9569247, 54.7299284 ] ], [ [ 55.9569247, 54.7299284 ], [ 55.9565343, 54.7299913 ] ], [ [ 55.9569247, 54.7299284 ], [ 55.957211, 54.7298822 ] ], [ [ 55.957211, 54.7298822 ], [ 55.9569247, 54.7299284 ] ], [ [ 55.957211, 54.7298822 ], [ 55.9585178, 54.7296729 ] ], [ [ 55.9585178, 54.7296729 ], [ 55.957211, 54.7298822 ] ], [ [ 55.9585178, 54.7296729 ], [ 55.9586529, 54.7296496 ] ], [ [ 55.9586529, 54.7296496 ], [ 55.9585178, 54.7296729 ] ], [ [ 55.9586529, 54.7296496 ], [ 55.9588415, 54.729621 ] ], [ [ 55.9590144, 54.7295913 ], [ 55.9588415, 54.729621 ] ], [ [ 55.9590144, 54.7295913 ], [ 55.9591692, 54.7295663 ] ], [ [ 55.9591692, 54.7295663 ], [ 55.9590144, 54.7295913 ] ], [ [ 55.9591692, 54.7295663 ], [ 55.9605437, 54.7293446 ] ], [ [ 55.9605437, 54.7293446 ], [ 55.9591692, 54.7295663 ] ], [ [ 55.9605437, 54.7293446 ], [ 55.960780988846601, 54.729306322915399 ] ], [ [ 55.962339, 54.729055 ], [ 55.961759806454751, 54.729148429761437 ] ], [ [ 55.962339, 54.729055 ], [ 55.962467, 54.7290344 ] ], [ [ 55.962467, 54.7290344 ], [ 55.962339, 54.729055 ] ], [ [ 55.962467, 54.7290344 ], [ 55.962617, 54.7290102 ] ], [ [ 55.962617, 54.7290102 ], [ 55.962467, 54.7290344 ] ], [ [ 55.962617, 54.7290102 ], [ 55.9629131, 54.7289624 ] ], [ [ 55.9629131, 54.7289624 ], [ 55.96290800540816, 54.72896322242989 ] ], [ [ 55.9629131, 54.7289624 ], [ 55.96291819589014, 54.728961580279247 ] ], [ [ 55.9510143, 54.7335432 ], [ 55.9509697, 54.7334556 ] ], [ [ 55.9510143, 54.7335432 ], [ 55.9512737, 54.7340522 ] ], [ [ 55.9512737, 54.7340522 ], [ 55.9510143, 54.7335432 ] ], [ [ 55.9512737, 54.7340522 ], [ 55.9515508, 54.7345958 ] ], [ [ 55.9515508, 54.7345958 ], [ 55.9512737, 54.7340522 ] ], [ [ 55.9515508, 54.7345958 ], [ 55.9519261, 54.7353321 ] ], [ [ 55.9519261, 54.7353321 ], [ 55.9515508, 54.7345958 ] ], [ [ 55.9519261, 54.7353321 ], [ 55.9519405, 54.7353603 ] ], [ [ 55.9519405, 54.7353603 ], [ 55.9519261, 54.7353321 ] ], [ [ 55.9519405, 54.7353603 ], [ 55.952025, 54.7355336 ] ], [ [ 55.952025, 54.7355336 ], [ 55.9519405, 54.7353603 ] ], [ [ 55.952025, 54.7355336 ], [ 55.9521218, 54.7357161 ] ], [ [ 55.9467095, 54.7245702 ], [ 55.9466287, 54.724396 ] ], [ [ 55.9467095, 54.7245702 ], [ 55.9469353, 54.7250501 ] ], [ [ 55.9469353, 54.7250501 ], [ 55.9467095, 54.7245702 ] ], [ [ 55.9469353, 54.7250501 ], [ 55.9473767, 54.7259873 ] ], [ [ 55.9473767, 54.7259873 ], [ 55.9469353, 54.7250501 ] ], [ [ 55.9473767, 54.7259873 ], [ 55.9474304, 54.7261015 ] ], [ [ 55.9474304, 54.7261015 ], [ 55.9473767, 54.7259873 ] ], [ [ 55.9474304, 54.7261015 ], [ 55.9472251, 54.7261344 ] ], [ [ 55.9474304, 54.7261015 ], [ 55.9476377, 54.726069 ] ], [ [ 55.9474304, 54.7261015 ], [ 55.9474745, 54.7261956 ] ], [ [ 55.9558873, 54.730262 ], [ 55.9558111, 54.730108 ] ], [ [ 55.9558873, 54.730262 ], [ 55.9561598, 54.7308687 ] ], [ [ 55.9561598, 54.7308687 ], [ 55.9558873, 54.730262 ] ], [ [ 55.9561598, 54.7308687 ], [ 55.9564423, 54.7314981 ] ], [ [ 55.9564423, 54.7314981 ], [ 55.9561598, 54.7308687 ] ], [ [ 55.9564423, 54.7314981 ], [ 55.9568293, 54.7323916 ] ], [ [ 55.9568293, 54.7323916 ], [ 55.9564423, 54.7314981 ] ], [ [ 55.9568293, 54.7323916 ], [ 55.956886, 54.732508 ] ], [ [ 55.9485787, 54.7285496 ], [ 55.948633, 54.7286453 ] ], [ [ 55.9485787, 54.7285496 ], [ 55.9487546, 54.7285222 ] ], [ [ 55.9485787, 54.7285496 ], [ 55.9485377, 54.7284623 ] ], [ [ 55.9485787, 54.7285496 ], [ 55.948361, 54.7285856 ] ], [ [ 55.948633, 54.7286453 ], [ 55.9485787, 54.7285496 ] ], [ [ 55.948633, 54.7286453 ], [ 55.9490026, 54.7293807 ] ], [ [ 55.9490026, 54.7293807 ], [ 55.948633, 54.7286453 ] ], [ [ 55.9490026, 54.7293807 ], [ 55.9496701, 54.7307523 ] ], [ [ 55.9496701, 54.7307523 ], [ 55.9490026, 54.7293807 ] ], [ [ 55.9496701, 54.7307523 ], [ 55.949737, 54.7309234 ] ], [ [ 55.949737, 54.7309234 ], [ 55.9496701, 54.7307523 ] ], [ [ 55.949737, 54.7309234 ], [ 55.9497969, 54.7310673 ] ], [ [ 55.9464333, 54.737454 ], [ 55.946434571576283, 54.737456838922142 ] ], [ [ 55.9464333, 54.737454 ], [ 55.946431991692819, 54.737451166672166 ] ], [ [ 55.9462703, 54.737101 ], [ 55.9464333, 54.737454 ] ], [ [ 55.9462703, 54.737101 ], [ 55.9461874, 54.7369386 ] ], [ [ 55.9461874, 54.7369386 ], [ 55.9462703, 54.737101 ] ], [ [ 55.9461874, 54.7369386 ], [ 55.9461447, 54.7368421 ] ], [ [ 55.9461447, 54.7368421 ], [ 55.9461874, 54.7369386 ] ], [ [ 55.9461447, 54.7368421 ], [ 55.9462207, 54.736797 ] ], [ [ 55.9461447, 54.7368421 ], [ 55.9461081, 54.7367945 ] ], [ [ 55.9461447, 54.7368421 ], [ 55.945953, 54.7368726 ] ], [ [ 55.954573, 54.7276147 ], [ 55.9543371, 54.7276515 ] ], [ [ 55.954573, 54.7276147 ], [ 55.9545266, 54.7275146 ] ], [ [ 55.954573, 54.7276147 ], [ 55.9548038, 54.7275789 ] ], [ [ 55.954573, 54.7276147 ], [ 55.9546387, 54.7277471 ] ], [ [ 55.9543371, 54.7276515 ], [ 55.954573, 54.7276147 ] ], [ [ 55.9543371, 54.7276515 ], [ 55.9533473, 54.7278059 ] ], [ [ 55.9533473, 54.7278059 ], [ 55.9543371, 54.7276515 ] ], [ [ 55.9533473, 54.7278059 ], [ 55.953219, 54.7278259 ] ], [ [ 55.953219, 54.7278259 ], [ 55.9533473, 54.7278059 ] ], [ [ 55.953219, 54.7278259 ], [ 55.9526473, 54.727915 ] ], [ [ 55.9526473, 54.727915 ], [ 55.953219, 54.7278259 ] ], [ [ 55.9526473, 54.727915 ], [ 55.9522785, 54.7279726 ] ], [ [ 55.9522785, 54.7279726 ], [ 55.9526473, 54.727915 ] ], [ [ 55.9522785, 54.7279726 ], [ 55.9519136, 54.7280295 ] ], [ [ 55.9519136, 54.7280295 ], [ 55.9522785, 54.7279726 ] ], [ [ 55.9519136, 54.7280295 ], [ 55.9516537, 54.72807 ] ], [ [ 55.9516537, 54.72807 ], [ 55.9519136, 54.7280295 ] ], [ [ 55.9516537, 54.72807 ], [ 55.9515115, 54.7280919 ] ], [ [ 55.9515115, 54.7280919 ], [ 55.9516537, 54.72807 ] ], [ [ 55.9515115, 54.7280919 ], [ 55.9513084, 54.7281235 ] ], [ [ 55.9513084, 54.7281235 ], [ 55.9515115, 54.7280919 ] ], [ [ 55.9513084, 54.7281235 ], [ 55.9512006, 54.7281407 ] ], [ [ 55.9512006, 54.7281407 ], [ 55.9513084, 54.7281235 ] ], [ [ 55.9512006, 54.7281407 ], [ 55.9498132, 54.7283571 ] ], [ [ 55.9498132, 54.7283571 ], [ 55.9512006, 54.7281407 ] ], [ [ 55.9498132, 54.7283571 ], [ 55.9487546, 54.7285222 ] ], [ [ 55.9487546, 54.7285222 ], [ 55.9498132, 54.7283571 ] ], [ [ 55.9487546, 54.7285222 ], [ 55.9485787, 54.7285496 ] ], [ [ 55.9366575, 54.7305029 ], [ 55.9365106, 54.7305279 ] ], [ [ 55.9366575, 54.7305029 ], [ 55.9367273, 54.7306456 ] ], [ [ 55.9366575, 54.7305029 ], [ 55.9366001, 54.7303856 ] ], [ [ 55.9366575, 54.7305029 ], [ 55.9367091, 54.7304942 ] ], [ [ 55.9365106, 54.7305279 ], [ 55.9366575, 54.7305029 ] ], [ [ 55.9365106, 54.7305279 ], [ 55.9345025, 54.7308693 ] ], [ [ 55.9345025, 54.7308693 ], [ 55.9365106, 54.7305279 ] ], [ [ 55.9345025, 54.7308693 ], [ 55.933927, 54.7309671 ] ], [ [ 55.933927, 54.7309671 ], [ 55.9345025, 54.7308693 ] ], [ [ 55.933927, 54.7309671 ], [ 55.9337462, 54.7309979 ] ], [ [ 55.9337462, 54.7309979 ], [ 55.933927, 54.7309671 ] ], [ [ 55.9337462, 54.7309979 ], [ 55.9335973, 54.7310232 ] ], [ [ 55.9335973, 54.7310232 ], [ 55.9337462, 54.7309979 ] ], [ [ 55.9335973, 54.7310232 ], [ 55.9335035, 54.7310391 ] ], [ [ 55.9335035, 54.7310391 ], [ 55.9335973, 54.7310232 ] ], [ [ 55.9335035, 54.7310391 ], [ 55.9322749, 54.7312479 ] ], [ [ 55.9322749, 54.7312479 ], [ 55.9335035, 54.7310391 ] ], [ [ 55.9322749, 54.7312479 ], [ 55.9321011, 54.7312775 ] ], [ [ 55.9321011, 54.7312775 ], [ 55.9322749, 54.7312479 ] ], [ [ 55.9321011, 54.7312775 ], [ 55.9319192, 54.7313084 ] ], [ [ 55.9319192, 54.7313084 ], [ 55.9321011, 54.7312775 ] ], [ [ 55.9319192, 54.7313084 ], [ 55.9309313, 54.7314764 ] ], [ [ 55.9309313, 54.7314764 ], [ 55.9319192, 54.7313084 ] ], [ [ 55.9309313, 54.7314764 ], [ 55.9307835, 54.7315048 ] ], [ [ 55.9518376, 54.7358876 ], [ 55.9521876, 54.7358324 ] ], [ [ 55.9518376, 54.7358876 ], [ 55.9492772, 54.7362916 ] ], [ [ 55.9492772, 54.7362916 ], [ 55.951168545529306, 54.735993168663548 ] ], [ [ 55.9492772, 54.7362916 ], [ 55.9490981, 54.7363196 ] ], [ [ 55.9490981, 54.7363196 ], [ 55.9492772, 54.7362916 ] ], [ [ 55.9490981, 54.7363196 ], [ 55.9489332, 54.7363458 ] ], [ [ 55.9463605, 54.7367517 ], [ 55.9462207, 54.736797 ] ], [ [ 55.9463605, 54.7367517 ], [ 55.9466295, 54.7367093 ] ], [ [ 55.9462207, 54.736797 ], [ 55.9463605, 54.7367517 ] ], [ [ 55.9462207, 54.736797 ], [ 55.9461447, 54.7368421 ] ], [ [ 55.9449574, 54.7342998 ], [ 55.9450153, 54.7344171 ] ], [ [ 55.9449574, 54.7342998 ], [ 55.9444578, 54.7332659 ] ], [ [ 55.9444578, 54.7332659 ], [ 55.9449574, 54.7342998 ] ], [ [ 55.9444578, 54.7332659 ], [ 55.944438, 54.7332217 ] ], [ [ 55.9461081, 54.7367945 ], [ 55.9461447, 54.7368421 ] ], [ [ 55.9461081, 54.7367945 ], [ 55.9460889, 54.7367656 ] ], [ [ 55.9460889, 54.7367656 ], [ 55.9461081, 54.7367945 ] ], [ [ 55.9460889, 54.7367656 ], [ 55.9460656, 54.7367237 ] ], [ [ 55.9460656, 54.7367237 ], [ 55.9460889, 54.7367656 ] ], [ [ 55.9460656, 54.7367237 ], [ 55.9459858, 54.7365338 ] ], [ [ 55.9460656, 54.7367237 ], [ 55.9459125, 54.7367772 ] ], [ [ 55.9460656, 54.7367237 ], [ 55.9462629, 54.7366368 ] ], [ [ 55.9459858, 54.7365338 ], [ 55.9460656, 54.7367237 ] ], [ [ 55.9459858, 54.7365338 ], [ 55.9459437, 54.7364555 ] ], [ [ 55.9459437, 54.7364555 ], [ 55.9459858, 54.7365338 ] ], [ [ 55.9459437, 54.7364555 ], [ 55.9457647, 54.7360638 ] ], [ [ 55.9459437, 54.7364555 ], [ 55.9458821, 54.7365523 ] ], [ [ 55.9457647, 54.7360638 ], [ 55.9459437, 54.7364555 ] ], [ [ 55.9457647, 54.7360638 ], [ 55.94512943296975, 54.734664334896905 ] ], [ [ 55.9450542, 54.7344986 ], [ 55.9457647, 54.7360638 ] ], [ [ 55.9450542, 54.7344986 ], [ 55.9450153, 54.7344171 ] ], [ [ 55.9394156, 54.7227313 ], [ 55.9394891, 54.7228506 ] ], [ [ 55.9394156, 54.7227313 ], [ 55.9392362, 54.7223805 ] ], [ [ 55.9392362, 54.7223805 ], [ 55.9394156, 54.7227313 ] ], [ [ 55.9392362, 54.7223805 ], [ 55.9391548, 54.7222012 ] ], [ [ 55.9391548, 54.7222012 ], [ 55.9392362, 54.7223805 ] ], [ [ 55.9391548, 54.7222012 ], [ 55.9389089, 54.721692 ] ], [ [ 55.9389089, 54.721692 ], [ 55.939046179620426, 54.721976273211553 ] ], [ [ 55.9389089, 54.721692 ], [ 55.938774669503921, 54.721407239590469 ] ], [ [ 55.9426289, 54.7295267 ], [ 55.9425699, 54.7294017 ] ], [ [ 55.9426289, 54.7295267 ], [ 55.9428447, 54.7294915 ] ], [ [ 55.9426289, 54.7295267 ], [ 55.9424414, 54.7295564 ] ], [ [ 55.9426289, 54.7295267 ], [ 55.9426779, 54.729629 ] ], [ [ 55.9425699, 54.7294017 ], [ 55.9426289, 54.7295267 ] ], [ [ 55.9425699, 54.7294017 ], [ 55.9422013, 54.7286207 ] ], [ [ 55.9422013, 54.7286207 ], [ 55.9425699, 54.7294017 ] ], [ [ 55.9422013, 54.7286207 ], [ 55.9421519, 54.728516 ] ], [ [ 55.9421519, 54.728516 ], [ 55.9422013, 54.7286207 ] ], [ [ 55.9421519, 54.728516 ], [ 55.9421383, 54.7284872 ] ], [ [ 55.9421383, 54.7284872 ], [ 55.9421519, 54.728516 ] ], [ [ 55.9421383, 54.7284872 ], [ 55.9420887, 54.728382 ] ], [ [ 55.9420887, 54.728382 ], [ 55.9421383, 54.7284872 ] ], [ [ 55.9420887, 54.728382 ], [ 55.9420794, 54.7283624 ] ], [ [ 55.9420794, 54.7283624 ], [ 55.9420887, 54.728382 ] ], [ [ 55.9420794, 54.7283624 ], [ 55.9418772, 54.7279339 ] ], [ [ 55.9418772, 54.7279339 ], [ 55.9420794, 54.7283624 ] ], [ [ 55.9418772, 54.7279339 ], [ 55.9416013, 54.7273493 ] ], [ [ 55.9416013, 54.7273493 ], [ 55.9418772, 54.7279339 ] ], [ [ 55.9416013, 54.7273493 ], [ 55.9415171, 54.727171 ] ], [ [ 55.9415171, 54.727171 ], [ 55.9416013, 54.7273493 ] ], [ [ 55.9415171, 54.727171 ], [ 55.941464, 54.7270584 ] ], [ [ 55.941464, 54.7270584 ], [ 55.9415171, 54.727171 ] ], [ [ 55.941464, 54.7270584 ], [ 55.9414018, 54.7269116 ] ], [ [ 55.941464, 54.7270584 ], [ 55.9416947, 54.7270198 ] ], [ [ 55.941464, 54.7270584 ], [ 55.9412188, 54.7271009 ] ], [ [ 55.9414018, 54.7269116 ], [ 55.941464, 54.7270584 ] ], [ [ 55.9414018, 54.7269116 ], [ 55.9412768, 54.7266278 ] ], [ [ 55.9412768, 54.7266278 ], [ 55.9414018, 54.7269116 ] ], [ [ 55.9412768, 54.7266278 ], [ 55.9411401, 54.7263125 ] ], [ [ 55.9411401, 54.7263125 ], [ 55.9412768, 54.7266278 ] ], [ [ 55.9411401, 54.7263125 ], [ 55.9407369, 54.7254132 ] ], [ [ 55.9407369, 54.7254132 ], [ 55.9411401, 54.7263125 ] ], [ [ 55.9407369, 54.7254132 ], [ 55.9406959, 54.7253301 ] ], [ [ 55.9406959, 54.7253301 ], [ 55.9407369, 54.7254132 ] ], [ [ 55.9406959, 54.7253301 ], [ 55.9406759, 54.7252905 ] ], [ [ 55.9406759, 54.7252905 ], [ 55.9406959, 54.7253301 ] ], [ [ 55.9406759, 54.7252905 ], [ 55.9406314, 54.7252018 ] ], [ [ 55.9406314, 54.7252018 ], [ 55.9406759, 54.7252905 ] ], [ [ 55.9406314, 54.7252018 ], [ 55.9402219, 54.7243151 ] ], [ [ 55.9402219, 54.7243151 ], [ 55.9406314, 54.7252018 ] ], [ [ 55.9402219, 54.7243151 ], [ 55.9395452, 54.7229362 ] ], [ [ 55.9395452, 54.7229362 ], [ 55.9402219, 54.7243151 ] ], [ [ 55.9395452, 54.7229362 ], [ 55.9394891, 54.7228506 ] ], [ [ 55.9392805, 54.7228798 ], [ 55.9394891, 54.7228506 ] ], [ [ 55.9392805, 54.7228798 ], [ 55.9384379, 54.7230266 ] ], [ [ 55.9384379, 54.7230266 ], [ 55.9392805, 54.7228798 ] ], [ [ 55.9384379, 54.7230266 ], [ 55.937097, 54.7232455 ] ], [ [ 55.937097, 54.7232455 ], [ 55.937199755596772, 54.723228725296337 ] ], [ [ 55.937097, 54.7232455 ], [ 55.936994103142695, 54.723261982807571 ] ], [ [ 55.9444974, 54.7265719 ], [ 55.9443132, 54.7266015 ] ], [ [ 55.9444974, 54.7265719 ], [ 55.9446249, 54.7265515 ] ], [ [ 55.9443132, 54.7266015 ], [ 55.9444974, 54.7265719 ] ], [ [ 55.9443132, 54.7266015 ], [ 55.9430264, 54.7268078 ] ], [ [ 55.9430264, 54.7268078 ], [ 55.9443132, 54.7266015 ] ], [ [ 55.9430264, 54.7268078 ], [ 55.942150986791773, 54.726947161417847 ] ], [ [ 55.9416947, 54.7270198 ], [ 55.942150986791773, 54.726947161417847 ] ], [ [ 55.9416947, 54.7270198 ], [ 55.941464, 54.7270584 ] ], [ [ 55.9412188, 54.7271009 ], [ 55.941464, 54.7270584 ] ], [ [ 55.9412188, 54.7271009 ], [ 55.9406929, 54.7271906 ] ], [ [ 55.9406929, 54.7271906 ], [ 55.9412188, 54.7271009 ] ], [ [ 55.9406929, 54.7271906 ], [ 55.9401367, 54.7272884 ] ], [ [ 55.9401367, 54.7272884 ], [ 55.9406929, 54.7271906 ] ], [ [ 55.9401367, 54.7272884 ], [ 55.9400617, 54.7273014 ] ], [ [ 55.9400617, 54.7273014 ], [ 55.9401367, 54.7272884 ] ], [ [ 55.9400617, 54.7273014 ], [ 55.9398587, 54.7273365 ] ], [ [ 55.9398587, 54.7273365 ], [ 55.9400617, 54.7273014 ] ], [ [ 55.9398587, 54.7273365 ], [ 55.9386706, 54.7275424 ] ], [ [ 55.9386706, 54.7275424 ], [ 55.9398587, 54.7273365 ] ], [ [ 55.9386706, 54.7275424 ], [ 55.9385639, 54.7275609 ] ], [ [ 55.9385639, 54.7275609 ], [ 55.9386706, 54.7275424 ] ], [ [ 55.9385639, 54.7275609 ], [ 55.9383432, 54.7275993 ] ], [ [ 55.9383432, 54.7275993 ], [ 55.9385639, 54.7275609 ] ], [ [ 55.9383432, 54.7275993 ], [ 55.9374027, 54.727762 ] ], [ [ 55.9374027, 54.727762 ], [ 55.9383432, 54.7275993 ] ], [ [ 55.9374027, 54.727762 ], [ 55.9357639, 54.7280459 ] ], [ [ 55.9357639, 54.7280459 ], [ 55.9374027, 54.727762 ] ], [ [ 55.9357639, 54.7280459 ], [ 55.935693, 54.7280582 ] ], [ [ 55.935693, 54.7280582 ], [ 55.9357639, 54.7280459 ] ], [ [ 55.935693, 54.7280582 ], [ 55.9355878, 54.7280764 ] ], [ [ 55.935693, 54.7280582 ], [ 55.9356503, 54.7279582 ] ], [ [ 55.935693, 54.7280582 ], [ 55.9357351, 54.728143 ] ], [ [ 55.9355878, 54.7280764 ], [ 55.935693, 54.7280582 ] ], [ [ 55.9355878, 54.7280764 ], [ 55.9355535, 54.7280824 ] ], [ [ 55.9355535, 54.7280824 ], [ 55.9355878, 54.7280764 ] ], [ [ 55.9355535, 54.7280824 ], [ 55.9354984, 54.7280919 ] ], [ [ 55.9354984, 54.7280919 ], [ 55.9355535, 54.7280824 ] ], [ [ 55.9354984, 54.7280919 ], [ 55.9353509, 54.7281175 ] ], [ [ 55.9354984, 54.7280919 ], [ 55.9355487, 54.7281749 ] ], [ [ 55.9354984, 54.7280919 ], [ 55.9354532, 54.7279892 ] ], [ [ 55.9353509, 54.7281175 ], [ 55.9354984, 54.7280919 ] ], [ [ 55.9353509, 54.7281175 ], [ 55.9327594, 54.7285665 ] ], [ [ 55.9327594, 54.7285665 ], [ 55.933873196183079, 54.728373525087321 ] ], [ [ 55.9327594, 54.7285665 ], [ 55.9325867, 54.7285964 ] ], [ [ 55.9325867, 54.7285964 ], [ 55.9327594, 54.7285665 ] ], [ [ 55.9325867, 54.7285964 ], [ 55.9316698, 54.7287552 ] ], [ [ 55.9316698, 54.7287552 ], [ 55.931694044232707, 54.728751001086103 ] ], [ [ 55.9316698, 54.7287552 ], [ 55.931645556438696, 54.728759400324194 ] ], [ [ 55.9346679, 54.7261678 ], [ 55.934472558193207, 54.725736964161307 ] ], [ [ 55.9346679, 54.7261678 ], [ 55.9347192, 54.7262851 ] ], [ [ 55.945953, 54.7368726 ], [ 55.9461447, 54.7368421 ] ], [ [ 55.945953, 54.7368726 ], [ 55.9452485, 54.7369847 ] ], [ [ 55.9452485, 54.7369847 ], [ 55.945414216487478, 54.736958331201919 ] ], [ [ 55.9452485, 54.7369847 ], [ 55.945082782943665, 54.737011069541424 ] ], [ [ 55.9472251, 54.7261344 ], [ 55.9474304, 54.7261015 ] ], [ [ 55.9472251, 54.7261344 ], [ 55.9459398, 54.7263406 ] ], [ [ 55.9459398, 54.7263406 ], [ 55.9472251, 54.7261344 ] ], [ [ 55.9459398, 54.7263406 ], [ 55.9456208, 54.7263917 ] ], [ [ 55.9456208, 54.7263917 ], [ 55.9459398, 54.7263406 ] ], [ [ 55.9456208, 54.7263917 ], [ 55.9453504, 54.7264351 ] ], [ [ 55.9453504, 54.7264351 ], [ 55.9456208, 54.7263917 ] ], [ [ 55.9453504, 54.7264351 ], [ 55.945184, 54.7264618 ] ], [ [ 55.945184, 54.7264618 ], [ 55.9453504, 54.7264351 ] ], [ [ 55.945184, 54.7264618 ], [ 55.9446249, 54.7265515 ] ], [ [ 55.9446249, 54.7265515 ], [ 55.945184, 54.7264618 ] ], [ [ 55.9446249, 54.7265515 ], [ 55.9444974, 54.7265719 ] ], [ [ 55.9530726, 54.7252148 ], [ 55.9533569, 54.7251709 ] ], [ [ 55.9530726, 54.7252148 ], [ 55.9518181, 54.7254126 ] ], [ [ 55.9518181, 54.7254126 ], [ 55.9530726, 54.7252148 ] ], [ [ 55.9518181, 54.7254126 ], [ 55.950417, 54.7256326 ] ], [ [ 55.950417, 54.7256326 ], [ 55.9518181, 54.7254126 ] ], [ [ 55.950417, 54.7256326 ], [ 55.9495431, 54.7257698 ] ], [ [ 55.9495431, 54.7257698 ], [ 55.950417, 54.7256326 ] ], [ [ 55.9495431, 54.7257698 ], [ 55.9494536, 54.7257838 ] ], [ [ 55.9494536, 54.7257838 ], [ 55.9495431, 54.7257698 ] ], [ [ 55.9494536, 54.7257838 ], [ 55.9484346, 54.7259438 ] ], [ [ 55.9484346, 54.7259438 ], [ 55.9494536, 54.7257838 ] ], [ [ 55.9484346, 54.7259438 ], [ 55.9476377, 54.726069 ] ], [ [ 55.9476377, 54.726069 ], [ 55.9484346, 54.7259438 ] ], [ [ 55.9476377, 54.726069 ], [ 55.9474304, 54.7261015 ] ], [ [ 55.9474745, 54.7261956 ], [ 55.9474304, 54.7261015 ] ], [ [ 55.9474745, 54.7261956 ], [ 55.9477333, 54.7267474 ] ], [ [ 55.9477333, 54.7267474 ], [ 55.9474745, 54.7261956 ] ], [ [ 55.9477333, 54.7267474 ], [ 55.9485377, 54.7284623 ] ], [ [ 55.9485377, 54.7284623 ], [ 55.9477333, 54.7267474 ] ], [ [ 55.9485377, 54.7284623 ], [ 55.9485787, 54.7285496 ] ], [ [ 55.953457, 54.7253181 ], [ 55.9533569, 54.7251709 ] ], [ [ 55.953457, 54.7253181 ], [ 55.9537312, 54.7258476 ] ], [ [ 55.9537312, 54.7258476 ], [ 55.953457, 54.7253181 ] ], [ [ 55.9537312, 54.7258476 ], [ 55.9539376, 54.7262688 ] ], [ [ 55.9539376, 54.7262688 ], [ 55.9537312, 54.7258476 ] ], [ [ 55.9539376, 54.7262688 ], [ 55.9541405, 54.7266828 ] ], [ [ 55.9541405, 54.7266828 ], [ 55.9539376, 54.7262688 ] ], [ [ 55.9541405, 54.7266828 ], [ 55.9545266, 54.7275146 ] ], [ [ 55.9545266, 54.7275146 ], [ 55.9541405, 54.7266828 ] ], [ [ 55.9545266, 54.7275146 ], [ 55.954573, 54.7276147 ] ], [ [ 55.9558159, 54.724793 ], [ 55.9560039, 54.7247641 ] ], [ [ 55.9558159, 54.724793 ], [ 55.9556363, 54.7248206 ] ], [ [ 55.9556363, 54.7248206 ], [ 55.9558159, 54.724793 ] ], [ [ 55.9556363, 54.7248206 ], [ 55.9553373, 54.7248665 ] ], [ [ 55.9553373, 54.7248665 ], [ 55.9556363, 54.7248206 ] ], [ [ 55.9553373, 54.7248665 ], [ 55.954616, 54.7249774 ] ], [ [ 55.954616, 54.7249774 ], [ 55.9553373, 54.7248665 ] ], [ [ 55.954616, 54.7249774 ], [ 55.9540739, 54.7250607 ] ], [ [ 55.9540739, 54.7250607 ], [ 55.954616, 54.7249774 ] ], [ [ 55.9540739, 54.7250607 ], [ 55.9536343, 54.7251284 ] ], [ [ 55.9536343, 54.7251284 ], [ 55.9540739, 54.7250607 ] ], [ [ 55.9536343, 54.7251284 ], [ 55.9533569, 54.7251709 ] ], [ [ 55.9550898, 54.7286555 ], [ 55.9552005, 54.7288784 ] ], [ [ 55.9550898, 54.7286555 ], [ 55.9546387, 54.7277471 ] ], [ [ 55.9552005, 54.7288784 ], [ 55.9550898, 54.7286555 ] ], [ [ 55.9552005, 54.7288784 ], [ 55.9554423, 54.7293653 ] ], [ [ 55.9554423, 54.7293653 ], [ 55.9552005, 54.7288784 ] ], [ [ 55.9554423, 54.7293653 ], [ 55.9556028, 54.7296885 ] ], [ [ 55.9556028, 54.7296885 ], [ 55.9554423, 54.7293653 ] ], [ [ 55.9556028, 54.7296885 ], [ 55.95574, 54.7299649 ] ], [ [ 55.95574, 54.7299649 ], [ 55.9556028, 54.7296885 ] ], [ [ 55.95574, 54.7299649 ], [ 55.9558111, 54.730108 ] ], [ [ 55.9456395, 54.7290361 ], [ 55.9454184, 54.7290721 ] ], [ [ 55.9456395, 54.7290361 ], [ 55.9457916, 54.7290102 ] ], [ [ 55.9454184, 54.7290721 ], [ 55.9456395, 54.7290361 ] ], [ [ 55.9454184, 54.7290721 ], [ 55.9442147, 54.7292683 ] ], [ [ 55.9442147, 54.7292683 ], [ 55.9454184, 54.7290721 ] ], [ [ 55.9442147, 54.7292683 ], [ 55.9440573, 54.7292939 ] ], [ [ 55.9440573, 54.7292939 ], [ 55.9442147, 54.7292683 ] ], [ [ 55.9440573, 54.7292939 ], [ 55.9439493, 54.7293115 ] ], [ [ 55.9439493, 54.7293115 ], [ 55.9440573, 54.7292939 ] ], [ [ 55.9439493, 54.7293115 ], [ 55.9428447, 54.7294915 ] ], [ [ 55.9428447, 54.7294915 ], [ 55.9439493, 54.7293115 ] ], [ [ 55.9428447, 54.7294915 ], [ 55.9426289, 54.7295267 ] ], [ [ 55.948361, 54.7285856 ], [ 55.9485787, 54.7285496 ] ], [ [ 55.948361, 54.7285856 ], [ 55.9479746, 54.7286494 ] ], [ [ 55.9479746, 54.7286494 ], [ 55.948361, 54.7285856 ] ], [ [ 55.9479746, 54.7286494 ], [ 55.9475756, 54.7287154 ] ], [ [ 55.9475756, 54.7287154 ], [ 55.9479746, 54.7286494 ] ], [ [ 55.9475756, 54.7287154 ], [ 55.947296260095136, 54.728761552162098 ] ], [ [ 55.946885, 54.7288295 ], [ 55.947296260095136, 54.728761552162098 ] ], [ [ 55.946885, 54.7288295 ], [ 55.9457916, 54.7290102 ] ], [ [ 55.9457916, 54.7290102 ], [ 55.946885, 54.7288295 ] ], [ [ 55.9457916, 54.7290102 ], [ 55.9456395, 54.7290361 ] ], [ [ 55.9424414, 54.7295564 ], [ 55.9426289, 54.7295267 ] ], [ [ 55.9424414, 54.7295564 ], [ 55.9420568, 54.7296173 ] ], [ [ 55.9420568, 54.7296173 ], [ 55.9424414, 54.7295564 ] ], [ [ 55.9420568, 54.7296173 ], [ 55.9410019, 54.7297845 ] ], [ [ 55.9410019, 54.7297845 ], [ 55.9420568, 54.7296173 ] ], [ [ 55.9410019, 54.7297845 ], [ 55.9407725, 54.7298208 ] ], [ [ 55.9407725, 54.7298208 ], [ 55.9410019, 54.7297845 ] ], [ [ 55.9407725, 54.7298208 ], [ 55.9398726, 54.7299634 ] ], [ [ 55.9398726, 54.7299634 ], [ 55.9407725, 54.7298208 ] ], [ [ 55.9398726, 54.7299634 ], [ 55.9397163, 54.7299882 ] ], [ [ 55.9397163, 54.7299882 ], [ 55.9398726, 54.7299634 ] ], [ [ 55.9397163, 54.7299882 ], [ 55.9395072, 54.7300234 ] ], [ [ 55.9538892, 54.7384579 ], [ 55.953934940515367, 54.738528607105728 ] ], [ [ 55.9538892, 54.7384579 ], [ 55.953844263817068, 54.738387020569036 ] ], [ [ 55.9536933, 54.7381489 ], [ 55.9538892, 54.7384579 ] ], [ [ 55.9536933, 54.7381489 ], [ 55.9536263, 54.7380531 ] ], [ [ 55.9536263, 54.7380531 ], [ 55.9536933, 54.7381489 ] ], [ [ 55.9536263, 54.7380531 ], [ 55.9535506, 54.7379418 ] ], [ [ 55.9535506, 54.7379418 ], [ 55.9536263, 54.7380531 ] ], [ [ 55.9535506, 54.7379418 ], [ 55.9532218, 54.7374389 ] ], [ [ 55.9532218, 54.7374389 ], [ 55.9535506, 54.7379418 ] ], [ [ 55.9532218, 54.7374389 ], [ 55.9529174, 54.7369772 ] ], [ [ 55.9529174, 54.7369772 ], [ 55.9532218, 54.7374389 ] ], [ [ 55.9529174, 54.7369772 ], [ 55.9526803, 54.7366354 ] ], [ [ 55.9526803, 54.7366354 ], [ 55.9529174, 54.7369772 ] ], [ [ 55.9526803, 54.7366354 ], [ 55.9526113, 54.7365241 ] ], [ [ 55.9526113, 54.7365241 ], [ 55.9526803, 54.7366354 ] ], [ [ 55.9526113, 54.7365241 ], [ 55.9522506, 54.7359478 ] ], [ [ 55.9522506, 54.7359478 ], [ 55.9526113, 54.7365241 ] ], [ [ 55.9522506, 54.7359478 ], [ 55.9521876, 54.7358324 ] ], [ [ 55.9348254, 54.7334868 ], [ 55.934088768631867, 54.733607817362255 ] ], [ [ 55.9348254, 54.7334868 ], [ 55.934961, 54.7334645 ] ], [ [ 55.934961, 54.7334645 ], [ 55.9348254, 54.7334868 ] ], [ [ 55.934961, 54.7334645 ], [ 55.9350775, 54.7334453 ] ], [ [ 55.9350775, 54.7334453 ], [ 55.934961, 54.7334645 ] ], [ [ 55.9350775, 54.7334453 ], [ 55.9356237, 54.7333556 ] ], [ [ 55.9356237, 54.7333556 ], [ 55.9350775, 54.7334453 ] ], [ [ 55.9356237, 54.7333556 ], [ 55.9367069, 54.7331776 ] ], [ [ 55.9367069, 54.7331776 ], [ 55.9356237, 54.7333556 ] ], [ [ 55.9367069, 54.7331776 ], [ 55.9373234, 54.7330763 ] ], [ [ 55.9373234, 54.7330763 ], [ 55.9367069, 54.7331776 ] ], [ [ 55.9373234, 54.7330763 ], [ 55.9376869, 54.7330166 ] ], [ [ 55.9376869, 54.7330166 ], [ 55.9373234, 54.7330763 ] ], [ [ 55.9376869, 54.7330166 ], [ 55.9378278, 54.7329935 ] ], [ [ 55.9378278, 54.7329935 ], [ 55.9376869, 54.7330166 ] ], [ [ 55.9378278, 54.7329935 ], [ 55.9378748, 54.7330973 ] ], [ [ 55.9378278, 54.7329935 ], [ 55.9377679, 54.7328605 ] ], [ [ 55.9630603, 54.7287914 ], [ 55.96308028684539, 54.728835448055733 ] ], [ [ 55.9630603, 54.7287914 ], [ 55.963040394539448, 54.728747339643547 ] ], [ [ 55.9625633, 54.7276913 ], [ 55.9630603, 54.7287914 ] ], [ [ 55.9625633, 54.7276913 ], [ 55.9622105, 54.7269583 ] ], [ [ 55.9622105, 54.7269583 ], [ 55.9625633, 54.7276913 ] ], [ [ 55.9622105, 54.7269583 ], [ 55.9620235, 54.7266171 ] ], [ [ 55.9620235, 54.7266171 ], [ 55.9622105, 54.7269583 ] ], [ [ 55.9620235, 54.7266171 ], [ 55.9619336, 54.7264738 ] ], [ [ 55.9441596, 54.732778 ], [ 55.944140458970629, 54.732763918542091 ] ], [ [ 55.9441596, 54.732778 ], [ 55.9442321, 54.7328574 ] ], [ [ 55.9440654, 54.7327087 ], [ 55.944140458970629, 54.732763918542091 ] ], [ [ 55.9440654, 54.7327087 ], [ 55.9438087, 54.7325723 ] ], [ [ 55.9438087, 54.7325723 ], [ 55.9440654, 54.7327087 ] ], [ [ 55.9438087, 54.7325723 ], [ 55.943516, 54.7324398 ] ], [ [ 55.943516, 54.7324398 ], [ 55.9438087, 54.7325723 ] ], [ [ 55.943516, 54.7324398 ], [ 55.9434258, 54.7323806 ] ], [ [ 55.9534858, 54.7224762 ], [ 55.955592097941953, 54.721364034086342 ] ], [ [ 55.9534858, 54.7224762 ], [ 55.9518171, 54.723367 ] ], [ [ 55.9518171, 54.723367 ], [ 55.9534858, 54.7224762 ] ], [ [ 55.9518171, 54.723367 ], [ 55.9516168, 54.7234743 ] ], [ [ 55.9570674, 54.7329034 ], [ 55.9569316, 54.7326012 ] ], [ [ 55.9570674, 54.7329034 ], [ 55.9572886, 54.7333974 ] ], [ [ 55.9572886, 54.7333974 ], [ 55.9570674, 54.7329034 ] ], [ [ 55.9572886, 54.7333974 ], [ 55.957699263531275, 54.734252249112551 ] ], [ [ 55.9601003, 54.726758 ], [ 55.9619336, 54.7264738 ] ], [ [ 55.9601003, 54.726758 ], [ 55.9593518, 54.726874 ] ], [ [ 55.9593518, 54.726874 ], [ 55.9601003, 54.726758 ] ], [ [ 55.9593518, 54.726874 ], [ 55.9585075, 54.7270049 ] ], [ [ 55.9585075, 54.7270049 ], [ 55.9593518, 54.726874 ] ], [ [ 55.9585075, 54.7270049 ], [ 55.9578863, 54.7271011 ] ], [ [ 55.9578863, 54.7271011 ], [ 55.9585075, 54.7270049 ] ], [ [ 55.9578863, 54.7271011 ], [ 55.9577642, 54.7271201 ] ], [ [ 55.9577642, 54.7271201 ], [ 55.9578863, 54.7271011 ] ], [ [ 55.9577642, 54.7271201 ], [ 55.957681, 54.727133 ] ], [ [ 55.957681, 54.727133 ], [ 55.9577642, 54.7271201 ] ], [ [ 55.957681, 54.727133 ], [ 55.9575317, 54.7271561 ] ], [ [ 55.9575317, 54.7271561 ], [ 55.957681, 54.727133 ] ], [ [ 55.9575317, 54.7271561 ], [ 55.9574094, 54.7271753 ] ], [ [ 55.9574094, 54.7271753 ], [ 55.9575317, 54.7271561 ] ], [ [ 55.9574094, 54.7271753 ], [ 55.9560159, 54.7273911 ] ], [ [ 55.9560159, 54.7273911 ], [ 55.9574094, 54.7271753 ] ], [ [ 55.9560159, 54.7273911 ], [ 55.9548038, 54.7275789 ] ], [ [ 55.9548038, 54.7275789 ], [ 55.9560159, 54.7273911 ] ], [ [ 55.9548038, 54.7275789 ], [ 55.954573, 54.7276147 ] ], [ [ 55.9489332, 54.7363458 ], [ 55.9490981, 54.7363196 ] ], [ [ 55.9489332, 54.7363458 ], [ 55.9479827, 54.7364958 ] ], [ [ 55.9479827, 54.7364958 ], [ 55.948579576815554, 54.736401605868139 ] ], [ [ 55.9479827, 54.7364958 ], [ 55.947385810876867, 54.736589973682968 ] ], [ [ 55.9466295, 54.7367093 ], [ 55.947163443701264, 54.736625057478406 ] ], [ [ 55.9466295, 54.7367093 ], [ 55.9463605, 54.7367517 ] ], [ [ 55.9379513, 54.7332584 ], [ 55.938797530304676, 54.735171571095741 ] ], [ [ 55.9379513, 54.7332584 ], [ 55.9378748, 54.7330973 ] ], [ [ 55.9378748, 54.7330973 ], [ 55.9379513, 54.7332584 ] ], [ [ 55.9378748, 54.7330973 ], [ 55.9378278, 54.7329935 ] ], [ [ 55.9377679, 54.7328605 ], [ 55.9378278, 54.7329935 ] ], [ [ 55.9377679, 54.7328605 ], [ 55.9374535, 54.73216 ] ], [ [ 55.9374535, 54.73216 ], [ 55.9377679, 54.7328605 ] ], [ [ 55.9374535, 54.73216 ], [ 55.9372582, 54.7317465 ] ], [ [ 55.9372582, 54.7317465 ], [ 55.9374535, 54.73216 ] ], [ [ 55.9372582, 54.7317465 ], [ 55.9371934, 54.7315984 ] ], [ [ 55.9371934, 54.7315984 ], [ 55.9372582, 54.7317465 ] ], [ [ 55.9371934, 54.7315984 ], [ 55.9367273, 54.7306456 ] ], [ [ 55.9367273, 54.7306456 ], [ 55.9371934, 54.7315984 ] ], [ [ 55.9367273, 54.7306456 ], [ 55.9366575, 54.7305029 ] ], [ [ 55.9366001, 54.7303856 ], [ 55.9366575, 54.7305029 ] ], [ [ 55.9366001, 54.7303856 ], [ 55.9363146, 54.7298018 ] ], [ [ 55.9363146, 54.7298018 ], [ 55.9366001, 54.7303856 ] ], [ [ 55.9363146, 54.7298018 ], [ 55.9355487, 54.7281749 ] ], [ [ 55.9355487, 54.7281749 ], [ 55.9363146, 54.7298018 ] ], [ [ 55.9355487, 54.7281749 ], [ 55.9354984, 54.7280919 ] ], [ [ 55.9354532, 54.7279892 ], [ 55.9354984, 54.7280919 ] ], [ [ 55.9354532, 54.7279892 ], [ 55.934733, 54.7264172 ] ], [ [ 55.934733, 54.7264172 ], [ 55.934996620556838, 54.726992611712511 ] ], [ [ 55.934733, 54.7264172 ], [ 55.9347272, 54.7263606 ] ], [ [ 55.934733, 54.7264172 ], [ 55.9346695, 54.7263706 ] ], [ [ 55.944438, 54.7332217 ], [ 55.9444578, 54.7332659 ] ], [ [ 55.944438, 54.7332217 ], [ 55.944351, 54.7330414 ] ], [ [ 55.944351, 54.7330414 ], [ 55.944438, 54.7332217 ] ], [ [ 55.944351, 54.7330414 ], [ 55.9442872, 54.7329339 ] ], [ [ 55.9442872, 54.7329339 ], [ 55.944351, 54.7330414 ] ], [ [ 55.9442872, 54.7329339 ], [ 55.9442321, 54.7328574 ] ], [ [ 55.9442321, 54.7328574 ], [ 55.9442872, 54.7329339 ] ], [ [ 55.9442321, 54.7328574 ], [ 55.9441596, 54.732778 ] ], [ [ 55.9450367, 54.7369115 ], [ 55.9453925, 54.7368015 ] ], [ [ 55.9450367, 54.7369115 ], [ 55.94450167337564, 54.736993519887804 ] ], [ [ 55.9450367, 54.7369115 ], [ 55.945571713647702, 54.736829458057905 ] ], [ [ 55.9453925, 54.7368015 ], [ 55.9450367, 54.7369115 ] ], [ [ 55.9453925, 54.7368015 ], [ 55.9458235, 54.7366225 ] ], [ [ 55.9458235, 54.7366225 ], [ 55.9453925, 54.7368015 ] ], [ [ 55.9458235, 54.7366225 ], [ 55.9458821, 54.7365523 ] ], [ [ 55.9458821, 54.7365523 ], [ 55.9458235, 54.7366225 ] ], [ [ 55.9458821, 54.7365523 ], [ 55.9459437, 54.7364555 ] ], [ [ 55.9395072, 54.7300234 ], [ 55.9397163, 54.7299882 ] ], [ [ 55.9395072, 54.7300234 ], [ 55.938446, 54.730202 ] ], [ [ 55.938446, 54.730202 ], [ 55.9395072, 54.7300234 ] ], [ [ 55.938446, 54.730202 ], [ 55.9384042, 54.730209 ] ], [ [ 55.9384042, 54.730209 ], [ 55.938446, 54.730202 ] ], [ [ 55.9384042, 54.730209 ], [ 55.9377028, 54.730327 ] ], [ [ 55.9377028, 54.730327 ], [ 55.9384042, 54.730209 ] ], [ [ 55.9377028, 54.730327 ], [ 55.9376712, 54.7303323 ] ], [ [ 55.9376712, 54.7303323 ], [ 55.9377028, 54.730327 ] ], [ [ 55.9376712, 54.7303323 ], [ 55.9369854, 54.7304477 ] ], [ [ 55.9369854, 54.7304477 ], [ 55.9376712, 54.7303323 ] ], [ [ 55.9369854, 54.7304477 ], [ 55.9368519, 54.7304702 ] ], [ [ 55.9368519, 54.7304702 ], [ 55.9369854, 54.7304477 ] ], [ [ 55.9368519, 54.7304702 ], [ 55.9367487, 54.7304876 ] ], [ [ 55.9368519, 54.7304702 ], [ 55.9367954, 54.7303527 ] ], [ [ 55.9368519, 54.7304702 ], [ 55.9369212, 54.7306141 ] ], [ [ 55.9367487, 54.7304876 ], [ 55.9368519, 54.7304702 ] ], [ [ 55.9367487, 54.7304876 ], [ 55.9367091, 54.7304942 ] ], [ [ 55.9367091, 54.7304942 ], [ 55.9367487, 54.7304876 ] ], [ [ 55.9367091, 54.7304942 ], [ 55.9366575, 54.7305029 ] ], [ [ 55.9521218, 54.7357161 ], [ 55.952025, 54.7355336 ] ], [ [ 55.9521218, 54.7357161 ], [ 55.9517799, 54.735767 ] ], [ [ 55.9521218, 54.7357161 ], [ 55.9525343, 54.7356501 ] ], [ [ 55.9521218, 54.7357161 ], [ 55.9521406, 54.7357494 ] ], [ [ 55.9463784, 54.7238787 ], [ 55.9462959, 54.7237073 ] ], [ [ 55.9463784, 54.7238787 ], [ 55.9465387, 54.7242117 ] ], [ [ 55.9465387, 54.7242117 ], [ 55.9463784, 54.7238787 ] ], [ [ 55.9465387, 54.7242117 ], [ 55.9466287, 54.724396 ] ], [ [ 55.9546387, 54.7277471 ], [ 55.954573, 54.7276147 ] ], [ [ 55.9546387, 54.7277471 ], [ 55.9550898, 54.7286555 ] ], [ [ 55.9459125, 54.7367772 ], [ 55.9450367, 54.7369115 ] ], [ [ 55.9459125, 54.7367772 ], [ 55.9460656, 54.7367237 ] ], [ [ 55.9488647, 54.7362005 ], [ 55.9490058, 54.7361793 ] ], [ [ 55.9488647, 54.7362005 ], [ 55.9476541, 54.7364035 ] ], [ [ 55.9490058, 54.7361793 ], [ 55.9488647, 54.7362005 ] ], [ [ 55.9490058, 54.7361793 ], [ 55.9492106, 54.7361491 ] ], [ [ 55.9492106, 54.7361491 ], [ 55.9490058, 54.7361793 ] ], [ [ 55.9492106, 54.7361491 ], [ 55.9502649, 54.7359923 ] ], [ [ 55.9502649, 54.7359923 ], [ 55.9492106, 54.7361491 ] ], [ [ 55.9502649, 54.7359923 ], [ 55.9513429, 54.7358319 ] ], [ [ 55.9513429, 54.7358319 ], [ 55.9502649, 54.7359923 ] ], [ [ 55.9513429, 54.7358319 ], [ 55.9517799, 54.735767 ] ], [ [ 55.9517799, 54.735767 ], [ 55.9513429, 54.7358319 ] ], [ [ 55.9517799, 54.735767 ], [ 55.9521218, 54.7357161 ] ], [ [ 55.9365805, 54.7299066 ], [ 55.9367954, 54.7303527 ] ], [ [ 55.9365805, 54.7299066 ], [ 55.9363641, 54.7294001 ] ], [ [ 55.9367954, 54.7303527 ], [ 55.9365805, 54.7299066 ] ], [ [ 55.9367954, 54.7303527 ], [ 55.9368519, 54.7304702 ] ], [ [ 55.9369212, 54.7306141 ], [ 55.9368519, 54.7304702 ] ], [ [ 55.9369212, 54.7306141 ], [ 55.9373806, 54.7315668 ] ], [ [ 55.9373806, 54.7315668 ], [ 55.9369212, 54.7306141 ] ], [ [ 55.9373806, 54.7315668 ], [ 55.93796, 54.7328263 ] ], [ [ 55.93796, 54.7328263 ], [ 55.9373806, 54.7315668 ] ], [ [ 55.93796, 54.7328263 ], [ 55.9380239, 54.7329562 ] ], [ [ 55.9380239, 54.7329562 ], [ 55.93796, 54.7328263 ] ], [ [ 55.9380239, 54.7329562 ], [ 55.9380637, 54.733047 ] ], [ [ 55.9380637, 54.733047 ], [ 55.9380239, 54.7329562 ] ], [ [ 55.9380637, 54.733047 ], [ 55.9390153, 54.7351463 ] ], [ [ 55.9390153, 54.7351463 ], [ 55.938968536854318, 54.735043137041053 ] ], [ [ 55.9390153, 54.7351463 ], [ 55.9390614, 54.7352479 ] ], [ [ 55.9390614, 54.7352479 ], [ 55.939060693716364, 54.735246343418268 ] ], [ [ 55.9390614, 54.7352479 ], [ 55.939062171007834, 54.735249446263644 ] ], [ [ 55.9525343, 54.7356501 ], [ 55.9521218, 54.7357161 ] ], [ [ 55.9525343, 54.7356501 ], [ 55.9536885, 54.7354654 ] ], [ [ 55.9536885, 54.7354654 ], [ 55.9525343, 54.7356501 ] ], [ [ 55.9536885, 54.7354654 ], [ 55.954438, 54.7353457 ] ], [ [ 55.954438, 54.7353457 ], [ 55.9536885, 54.7354654 ] ], [ [ 55.954438, 54.7353457 ], [ 55.9552834, 54.7352102 ] ], [ [ 55.9552834, 54.7352102 ], [ 55.954438, 54.7353457 ] ], [ [ 55.9552834, 54.7352102 ], [ 55.957122583625754, 54.734915943597009 ] ], [ [ 55.9521406, 54.7357494 ], [ 55.9521218, 54.7357161 ] ], [ [ 55.9521406, 54.7357494 ], [ 55.9521566, 54.7357775 ] ], [ [ 55.9521566, 54.7357775 ], [ 55.9521406, 54.7357494 ] ], [ [ 55.9521566, 54.7357775 ], [ 55.9521876, 54.7358324 ] ], [ [ 55.9348941, 54.7263885 ], [ 55.9351821, 54.7269711 ] ], [ [ 55.9348941, 54.7263885 ], [ 55.9347192, 54.7262851 ] ], [ [ 55.9351821, 54.7269711 ], [ 55.9348941, 54.7263885 ] ], [ [ 55.9351821, 54.7269711 ], [ 55.9356503, 54.7279582 ] ], [ [ 55.9356503, 54.7279582 ], [ 55.9351821, 54.7269711 ] ], [ [ 55.9356503, 54.7279582 ], [ 55.935693, 54.7280582 ] ], [ [ 55.9357351, 54.728143 ], [ 55.935693, 54.7280582 ] ], [ [ 55.9357351, 54.728143 ], [ 55.9362054, 54.7290957 ] ], [ [ 55.9362054, 54.7290957 ], [ 55.9357351, 54.728143 ] ], [ [ 55.9362054, 54.7290957 ], [ 55.9363641, 54.7294001 ] ], [ [ 55.9363641, 54.7294001 ], [ 55.9362054, 54.7290957 ] ], [ [ 55.9363641, 54.7294001 ], [ 55.9365805, 54.7299066 ] ], [ [ 55.9347192, 54.7262851 ], [ 55.9348941, 54.7263885 ] ], [ [ 55.9347192, 54.7262851 ], [ 55.9347251, 54.7263408 ] ], [ [ 55.9347192, 54.7262851 ], [ 55.9346679, 54.7261678 ] ], [ [ 55.9347272, 54.7263606 ], [ 55.934733, 54.7264172 ] ], [ [ 55.9347272, 54.7263606 ], [ 55.9347251, 54.7263408 ] ], [ [ 55.9347251, 54.7263408 ], [ 55.9347272, 54.7263606 ] ], [ [ 55.9347251, 54.7263408 ], [ 55.9347192, 54.7262851 ] ], [ [ 55.9346695, 54.7263706 ], [ 55.934733, 54.7264172 ] ], [ [ 55.9346695, 54.7263706 ], [ 55.9345958, 54.7263472 ] ], [ [ 55.9345958, 54.7263472 ], [ 55.9346695, 54.7263706 ] ], [ [ 55.9345958, 54.7263472 ], [ 55.9344835, 54.7263554 ] ], [ [ 55.9344835, 54.7263554 ], [ 55.9345958, 54.7263472 ] ], [ [ 55.9344835, 54.7263554 ], [ 55.933780427433049, 54.726466368329945 ] ], [ [ 55.9535268, 54.7225062 ], [ 55.955599061663278, 54.72141168925527 ] ], [ [ 55.9535268, 54.7225062 ], [ 55.9518368, 54.7233888 ] ], [ [ 55.9518368, 54.7233888 ], [ 55.9535268, 54.7225062 ] ], [ [ 55.9518368, 54.7233888 ], [ 55.9516389, 54.7234952 ] ], [ [ 55.9434258, 54.7323806 ], [ 55.943516, 54.7324398 ] ], [ [ 55.9434258, 54.7323806 ], [ 55.9433619, 54.7323296 ] ], [ [ 55.9433619, 54.7323296 ], [ 55.9434258, 54.7323806 ] ], [ [ 55.9433619, 54.7323296 ], [ 55.9433091, 54.7322823 ] ], [ [ 55.9433091, 54.7322823 ], [ 55.9433619, 54.7323296 ] ], [ [ 55.9433091, 54.7322823 ], [ 55.9432394, 54.7322089 ] ], [ [ 55.9432394, 54.7322089 ], [ 55.9433091, 54.7322823 ] ], [ [ 55.9432394, 54.7322089 ], [ 55.9432007, 54.7321349 ] ], [ [ 55.9432007, 54.7321349 ], [ 55.9432394, 54.7322089 ] ], [ [ 55.9432007, 54.7321349 ], [ 55.9431646, 54.7320621 ] ], [ [ 55.9431646, 54.7320621 ], [ 55.9432007, 54.7321349 ] ], [ [ 55.9431646, 54.7320621 ], [ 55.9431504, 54.7320018 ] ], [ [ 55.9431504, 54.7320018 ], [ 55.9431646, 54.7320621 ] ], [ [ 55.9431504, 54.7320018 ], [ 55.9431336, 54.7319288 ] ], [ [ 55.9431336, 54.7319288 ], [ 55.9431504, 54.7320018 ] ], [ [ 55.9431336, 54.7319288 ], [ 55.9431338, 54.7318497 ] ], [ [ 55.9431338, 54.7318497 ], [ 55.9431336, 54.7319288 ] ], [ [ 55.9431338, 54.7318497 ], [ 55.9431587, 54.7317574 ] ], [ [ 55.9431587, 54.7317574 ], [ 55.9431338, 54.7318497 ] ], [ [ 55.9431587, 54.7317574 ], [ 55.9432184, 54.7316422 ] ], [ [ 55.9432184, 54.7316422 ], [ 55.9431587, 54.7317574 ] ], [ [ 55.9432184, 54.7316422 ], [ 55.943273018424343, 54.731539119563301 ] ], [ [ 55.9432876, 54.7315116 ], [ 55.943273018424343, 54.731539119563301 ] ], [ [ 55.9432876, 54.7315116 ], [ 55.9433682, 54.7313629 ] ], [ [ 55.9433682, 54.7313629 ], [ 55.9432876, 54.7315116 ] ], [ [ 55.9433682, 54.7313629 ], [ 55.943393, 54.7312998 ] ], [ [ 55.943393, 54.7312998 ], [ 55.9433682, 54.7313629 ] ], [ [ 55.943393, 54.7312998 ], [ 55.9434025, 54.7312191 ] ], [ [ 55.9434025, 54.7312191 ], [ 55.943393, 54.7312998 ] ], [ [ 55.9434025, 54.7312191 ], [ 55.943384, 54.73114 ] ], [ [ 55.943384, 54.73114 ], [ 55.9434025, 54.7312191 ] ], [ [ 55.943384, 54.73114 ], [ 55.9433582, 54.7310497 ] ], [ [ 55.9433582, 54.7310497 ], [ 55.943384, 54.73114 ] ], [ [ 55.9433582, 54.7310497 ], [ 55.9430462, 54.7303983 ] ], [ [ 55.9430462, 54.7303983 ], [ 55.9433582, 54.7310497 ] ], [ [ 55.9430462, 54.7303983 ], [ 55.9427615, 54.7298004 ] ], [ [ 55.9427615, 54.7298004 ], [ 55.9430462, 54.7303983 ] ], [ [ 55.9427615, 54.7298004 ], [ 55.9426779, 54.729629 ] ], [ [ 55.9426779, 54.729629 ], [ 55.9427615, 54.7298004 ] ], [ [ 55.9426779, 54.729629 ], [ 55.9426289, 54.7295267 ] ], [ [ 55.9462629, 54.7366368 ], [ 55.947293476257975, 54.736463975502453 ] ], [ [ 55.9462629, 54.7366368 ], [ 55.9460656, 54.7367237 ] ], [ [ 55.9476541, 54.7364035 ], [ 55.947111258983071, 54.736494532784107 ] ], [ [ 55.9476541, 54.7364035 ], [ 55.948196941214043, 54.736312473429336 ] ], [ [ 55.947296260095136, 54.728761552162098 ], [ 55.9475756, 54.7287154 ] ], [ [ 55.947296260095136, 54.728761552162098 ], [ 55.946885, 54.7288295 ] ], [ [ 55.942150986791773, 54.726947161417847 ], [ 55.9430264, 54.7268078 ] ], [ [ 55.942150986791773, 54.726947161417847 ], [ 55.9416947, 54.7270198 ] ], [ [ 55.950532996577586, 54.733527034666984 ], [ 55.9498756, 54.73364 ] ], [ [ 55.950532996577586, 54.733527034666984 ], [ 55.9507072, 54.7334971 ] ], [ [ 55.960780988846601, 54.729306322915399 ], [ 55.9605437, 54.7293446 ] ], [ [ 55.960780988846601, 54.729306322915399 ], [ 55.962339, 54.729055 ] ], [ [ 55.944140458970629, 54.732763918542091 ], [ 55.9441596, 54.732778 ] ], [ [ 55.944140458970629, 54.732763918542091 ], [ 55.9440654, 54.7327087 ] ], [ [ 55.943273018424343, 54.731539119563301 ], [ 55.9432184, 54.7316422 ] ], [ [ 55.943273018424343, 54.731539119563301 ], [ 55.9432876, 54.7315116 ] ], [ [ 55.95075453643976, 54.730907740582957 ], [ 55.9505214, 54.7309487 ] ], [ [ 55.95075453643976, 54.730907740582957 ], [ 55.9514617, 54.7307835 ] ] ] } },
{ "type": "Feature", "properties": { "full_id": "n8635420139", "osm_id": "8635420139", "osm_type": "node", "amenity": "community_centre", "entrance": null, "full_name": null, "community_centre": null, "check_date": null, "operator": "АлексМастер", "contact:phone": "+7 937 3380223", "opening_hours": "Mo-Sa 09:00-20:00;Su 10:00-15:00", "name": "АлексМастер", "type": "lines", "start": "55.9248814, 54.7306298" }, "geometry": { "type": "MultiLineString", "coordinates": [ [ [ 55.9323034, 54.7211728 ], [ 55.9323591, 54.7212863 ] ], [ [ 55.9323034, 54.7211728 ], [ 55.9321484, 54.7211942 ] ], [ [ 55.9323034, 54.7211728 ], [ 55.9324885, 54.7211432 ] ], [ [ 55.9323591, 54.7212863 ], [ 55.9323034, 54.7211728 ] ], [ [ 55.9323591, 54.7212863 ], [ 55.9325421, 54.7212531 ] ], [ [ 55.9323591, 54.7212863 ], [ 55.9323954, 54.721355 ] ], [ [ 55.9323591, 54.7212863 ], [ 55.9322032, 54.7213177 ] ], [ [ 55.9272834, 54.7219952 ], [ 55.9280637, 54.7218622 ] ], [ [ 55.9272834, 54.7219952 ], [ 55.9272306, 54.7220057 ] ], [ [ 55.9280637, 54.7218622 ], [ 55.9272834, 54.7219952 ] ], [ [ 55.9280637, 54.7218622 ], [ 55.9281974, 54.7218405 ] ], [ [ 55.9281974, 54.7218405 ], [ 55.9280637, 54.7218622 ] ], [ [ 55.9281974, 54.7218405 ], [ 55.9309944, 54.7213882 ] ], [ [ 55.9309944, 54.7213882 ], [ 55.9281974, 54.7218405 ] ], [ [ 55.9309944, 54.7213882 ], [ 55.9321484, 54.7211942 ] ], [ [ 55.9321484, 54.7211942 ], [ 55.9309944, 54.7213882 ] ], [ [ 55.9321484, 54.7211942 ], [ 55.9323034, 54.7211728 ] ], [ [ 55.9307835, 54.7315048 ], [ 55.9308349, 54.731603 ] ], [ [ 55.9307835, 54.7315048 ], [ 55.9307281, 54.7313945 ] ], [ [ 55.9307835, 54.7315048 ], [ 55.9309313, 54.7314764 ] ], [ [ 55.9308349, 54.731603 ], [ 55.9307835, 54.7315048 ] ], [ [ 55.9308349, 54.731603 ], [ 55.9319417, 54.7338725 ] ], [ [ 55.9319417, 54.7338725 ], [ 55.9308349, 54.731603 ] ], [ [ 55.9319417, 54.7338725 ], [ 55.9319836, 54.7339537 ] ], [ [ 55.9319836, 54.7339537 ], [ 55.9319417, 54.7338725 ] ], [ [ 55.9319836, 54.7339537 ], [ 55.9321242, 54.7339307 ] ], [ [ 55.9299017, 54.7295572 ], [ 55.9300679, 54.7299265 ] ], [ [ 55.9299017, 54.7295572 ], [ 55.929747, 54.7292135 ] ], [ [ 55.9300679, 54.7299265 ], [ 55.9299017, 54.7295572 ] ], [ [ 55.9300679, 54.7299265 ], [ 55.9302506, 54.7303323 ] ], [ [ 55.9302506, 54.7303323 ], [ 55.9300679, 54.7299265 ] ], [ [ 55.9302506, 54.7303323 ], [ 55.930525, 54.7309419 ] ], [ [ 55.930525, 54.7309419 ], [ 55.9302506, 54.7303323 ] ], [ [ 55.930525, 54.7309419 ], [ 55.930582, 54.7310687 ] ], [ [ 55.930582, 54.7310687 ], [ 55.930525, 54.7309419 ] ], [ [ 55.930582, 54.7310687 ], [ 55.9307281, 54.7313945 ] ], [ [ 55.9307281, 54.7313945 ], [ 55.930582, 54.7310687 ] ], [ [ 55.9307281, 54.7313945 ], [ 55.9307835, 54.7315048 ] ], [ [ 55.9269016, 54.7231916 ], [ 55.9268885, 54.7230316 ] ], [ [ 55.9269016, 54.7231916 ], [ 55.9275822, 54.724616 ] ], [ [ 55.9268885, 54.7230316 ], [ 55.9269016, 54.7231916 ] ], [ [ 55.9268885, 54.7230316 ], [ 55.9269257, 54.7227514 ] ], [ [ 55.9269257, 54.7227514 ], [ 55.9268885, 54.7230316 ] ], [ [ 55.9269257, 54.7227514 ], [ 55.9269309, 54.7227 ] ], [ [ 55.9269309, 54.7227 ], [ 55.9269257, 54.7227514 ] ], [ [ 55.9269309, 54.7227 ], [ 55.9269386, 54.722607 ] ], [ [ 55.9269386, 54.722607 ], [ 55.9269309, 54.7227 ] ], [ [ 55.9269386, 54.722607 ], [ 55.9270138, 54.7222595 ] ], [ [ 55.9270138, 54.7222595 ], [ 55.9269386, 54.722607 ] ], [ [ 55.9270138, 54.7222595 ], [ 55.9270623, 54.7221682 ] ], [ [ 55.9270623, 54.7221682 ], [ 55.9270138, 54.7222595 ] ], [ [ 55.9270623, 54.7221682 ], [ 55.9270878, 54.7221222 ] ], [ [ 55.9270623, 54.7221682 ], [ 55.9271278, 54.7221444 ] ], [ [ 55.9366575, 54.7305029 ], [ 55.9365106, 54.7305279 ] ], [ [ 55.9366575, 54.7305029 ], [ 55.9367273, 54.7306456 ] ], [ [ 55.9366575, 54.7305029 ], [ 55.9366001, 54.7303856 ] ], [ [ 55.9366575, 54.7305029 ], [ 55.9367091, 54.7304942 ] ], [ [ 55.9365106, 54.7305279 ], [ 55.9366575, 54.7305029 ] ], [ [ 55.9365106, 54.7305279 ], [ 55.9345025, 54.7308693 ] ], [ [ 55.9345025, 54.7308693 ], [ 55.9365106, 54.7305279 ] ], [ [ 55.9345025, 54.7308693 ], [ 55.933927, 54.7309671 ] ], [ [ 55.933927, 54.7309671 ], [ 55.9345025, 54.7308693 ] ], [ [ 55.933927, 54.7309671 ], [ 55.9337462, 54.7309979 ] ], [ [ 55.9337462, 54.7309979 ], [ 55.933927, 54.7309671 ] ], [ [ 55.9337462, 54.7309979 ], [ 55.9335973, 54.7310232 ] ], [ [ 55.9335973, 54.7310232 ], [ 55.9337462, 54.7309979 ] ], [ [ 55.9335973, 54.7310232 ], [ 55.9335035, 54.7310391 ] ], [ [ 55.9335035, 54.7310391 ], [ 55.9335973, 54.7310232 ] ], [ [ 55.9335035, 54.7310391 ], [ 55.9322749, 54.7312479 ] ], [ [ 55.9322749, 54.7312479 ], [ 55.9335035, 54.7310391 ] ], [ [ 55.9322749, 54.7312479 ], [ 55.9321011, 54.7312775 ] ], [ [ 55.9321011, 54.7312775 ], [ 55.9322749, 54.7312479 ] ], [ [ 55.9321011, 54.7312775 ], [ 55.9319192, 54.7313084 ] ], [ [ 55.9319192, 54.7313084 ], [ 55.9321011, 54.7312775 ] ], [ [ 55.9319192, 54.7313084 ], [ 55.9309313, 54.7314764 ] ], [ [ 55.9309313, 54.7314764 ], [ 55.9319192, 54.7313084 ] ], [ [ 55.9309313, 54.7314764 ], [ 55.9307835, 54.7315048 ] ], [ [ 55.9335569, 54.7210892 ], [ 55.934080554004808, 54.720991284613454 ] ], [ [ 55.9335569, 54.7210892 ], [ 55.9333422, 54.7211238 ] ], [ [ 55.9333422, 54.7211238 ], [ 55.9335569, 54.7210892 ] ], [ [ 55.9333422, 54.7211238 ], [ 55.932597512319745, 54.721244145103185 ] ], [ [ 55.9325421, 54.7212531 ], [ 55.9333422, 54.7211238 ] ], [ [ 55.9325421, 54.7212531 ], [ 55.9323591, 54.7212863 ] ], [ [ 55.9416013, 54.7273493 ], [ 55.94172610181834, 54.72761374053281 ] ], [ [ 55.9416013, 54.7273493 ], [ 55.9415171, 54.727171 ] ], [ [ 55.9415171, 54.727171 ], [ 55.9416013, 54.7273493 ] ], [ [ 55.9415171, 54.727171 ], [ 55.941464, 54.7270584 ] ], [ [ 55.941464, 54.7270584 ], [ 55.9415171, 54.727171 ] ], [ [ 55.941464, 54.7270584 ], [ 55.9414018, 54.7269116 ] ], [ [ 55.941464, 54.7270584 ], [ 55.9416947, 54.7270198 ] ], [ [ 55.941464, 54.7270584 ], [ 55.9412188, 54.7271009 ] ], [ [ 55.9414018, 54.7269116 ], [ 55.941464, 54.7270584 ] ], [ [ 55.9414018, 54.7269116 ], [ 55.9412768, 54.7266278 ] ], [ [ 55.9412768, 54.7266278 ], [ 55.941332992837474, 54.726755380218208 ] ], [ [ 55.9412768, 54.7266278 ], [ 55.94122143443343, 54.726500098733439 ] ], [ [ 55.9275822, 54.724616 ], [ 55.9269016, 54.7231916 ] ], [ [ 55.9275822, 54.724616 ], [ 55.9276748, 54.7248035 ] ], [ [ 55.9276748, 54.7248035 ], [ 55.9275822, 54.724616 ] ], [ [ 55.9276748, 54.7248035 ], [ 55.9277174, 54.7248924 ] ], [ [ 55.9276748, 54.7248035 ], [ 55.927895, 54.724766 ] ], [ [ 55.9277174, 54.7248924 ], [ 55.9276748, 54.7248035 ] ], [ [ 55.9277174, 54.7248924 ], [ 55.927773, 54.7250071 ] ], [ [ 55.927773, 54.7250071 ], [ 55.9277174, 54.7248924 ] ], [ [ 55.927773, 54.7250071 ], [ 55.927901, 54.7252736 ] ], [ [ 55.927901, 54.7252736 ], [ 55.927773, 54.7250071 ] ], [ [ 55.927901, 54.7252736 ], [ 55.9279221, 54.7253163 ] ], [ [ 55.9279221, 54.7253163 ], [ 55.927901, 54.7252736 ] ], [ [ 55.9279221, 54.7253163 ], [ 55.9283082, 54.7261011 ] ], [ [ 55.9283082, 54.7261011 ], [ 55.9279221, 54.7253163 ] ], [ [ 55.9283082, 54.7261011 ], [ 55.928401, 54.7263009 ] ], [ [ 55.928401, 54.7263009 ], [ 55.9283082, 54.7261011 ] ], [ [ 55.928401, 54.7263009 ], [ 55.9287725, 54.7270945 ] ], [ [ 55.9287725, 54.7270945 ], [ 55.928401, 54.7263009 ] ], [ [ 55.9287725, 54.7270945 ], [ 55.928817, 54.7271496 ] ], [ [ 55.928817, 54.7271496 ], [ 55.9287725, 54.7270945 ] ], [ [ 55.928817, 54.7271496 ], [ 55.9288363, 54.7271834 ] ], [ [ 55.9288363, 54.7271834 ], [ 55.928817, 54.7271496 ] ], [ [ 55.9288363, 54.7271834 ], [ 55.9288456, 54.7272007 ] ], [ [ 55.9288456, 54.7272007 ], [ 55.9288363, 54.7271834 ] ], [ [ 55.9288456, 54.7272007 ], [ 55.9288571, 54.7272265 ] ], [ [ 55.9288571, 54.7272265 ], [ 55.9288456, 54.7272007 ] ], [ [ 55.9288571, 54.7272265 ], [ 55.9289021, 54.7273177 ] ], [ [ 55.9288571, 54.7272265 ], [ 55.9290356, 54.7271962 ] ], [ [ 55.9288571, 54.7272265 ], [ 55.9285809, 54.7272694 ] ], [ [ 55.9289021, 54.7273177 ], [ 55.9288571, 54.7272265 ] ], [ [ 55.9289021, 54.7273177 ], [ 55.9292454, 54.7280884 ] ], [ [ 55.9292454, 54.7280884 ], [ 55.9289021, 54.7273177 ] ], [ [ 55.9292454, 54.7280884 ], [ 55.9296498, 54.7289922 ] ], [ [ 55.9296498, 54.7289922 ], [ 55.9292454, 54.7280884 ] ], [ [ 55.9296498, 54.7289922 ], [ 55.9296947, 54.7290974 ] ], [ [ 55.9296947, 54.7290974 ], [ 55.9296498, 54.7289922 ] ], [ [ 55.9296947, 54.7290974 ], [ 55.9298932, 54.729063 ] ], [ [ 55.9296947, 54.7290974 ], [ 55.929747, 54.7292135 ] ], [ [ 55.9384379, 54.7230266 ], [ 55.939197799452671, 54.722894208308034 ] ], [ [ 55.9384379, 54.7230266 ], [ 55.937674116902102, 54.723151286494243 ] ], [ [ 55.937097, 54.7232455 ], [ 55.9384379, 54.7230266 ] ], [ [ 55.937097, 54.7232455 ], [ 55.9366494, 54.7233172 ] ], [ [ 55.9366494, 54.7233172 ], [ 55.937097, 54.7232455 ] ], [ [ 55.9366494, 54.7233172 ], [ 55.9364868, 54.7233405 ] ], [ [ 55.9364868, 54.7233405 ], [ 55.9366494, 54.7233172 ] ], [ [ 55.9364868, 54.7233405 ], [ 55.9363209, 54.7233644 ] ], [ [ 55.9363209, 54.7233644 ], [ 55.9364868, 54.7233405 ] ], [ [ 55.9363209, 54.7233644 ], [ 55.9359531, 54.7234271 ] ], [ [ 55.9359531, 54.7234271 ], [ 55.9363209, 54.7233644 ] ], [ [ 55.9359531, 54.7234271 ], [ 55.9355937, 54.7234878 ] ], [ [ 55.9355937, 54.7234878 ], [ 55.9359531, 54.7234271 ] ], [ [ 55.9355937, 54.7234878 ], [ 55.9337037, 54.7238019 ] ], [ [ 55.9337037, 54.7238019 ], [ 55.9355937, 54.7234878 ] ], [ [ 55.9337037, 54.7238019 ], [ 55.9335875, 54.7238207 ] ], [ [ 55.9335875, 54.7238207 ], [ 55.9337037, 54.7238019 ] ], [ [ 55.9335875, 54.7238207 ], [ 55.9335347, 54.7237206 ] ], [ [ 55.9335875, 54.7238207 ], [ 55.933636, 54.7239255 ] ], [ [ 55.9335875, 54.7238207 ], [ 55.9333558, 54.7238634 ] ], [ [ 55.9416947, 54.7270198 ], [ 55.942150986791773, 54.726947161417847 ] ], [ [ 55.9416947, 54.7270198 ], [ 55.941464, 54.7270584 ] ], [ [ 55.9412188, 54.7271009 ], [ 55.941464, 54.7270584 ] ], [ [ 55.9412188, 54.7271009 ], [ 55.9406929, 54.7271906 ] ], [ [ 55.9406929, 54.7271906 ], [ 55.9412188, 54.7271009 ] ], [ [ 55.9406929, 54.7271906 ], [ 55.9401367, 54.7272884 ] ], [ [ 55.9401367, 54.7272884 ], [ 55.9406929, 54.7271906 ] ], [ [ 55.9401367, 54.7272884 ], [ 55.9400617, 54.7273014 ] ], [ [ 55.9400617, 54.7273014 ], [ 55.9401367, 54.7272884 ] ], [ [ 55.9400617, 54.7273014 ], [ 55.9398587, 54.7273365 ] ], [ [ 55.9398587, 54.7273365 ], [ 55.9400617, 54.7273014 ] ], [ [ 55.9398587, 54.7273365 ], [ 55.9386706, 54.7275424 ] ], [ [ 55.9386706, 54.7275424 ], [ 55.9398587, 54.7273365 ] ], [ [ 55.9386706, 54.7275424 ], [ 55.9385639, 54.7275609 ] ], [ [ 55.9385639, 54.7275609 ], [ 55.9386706, 54.7275424 ] ], [ [ 55.9385639, 54.7275609 ], [ 55.9383432, 54.7275993 ] ], [ [ 55.9383432, 54.7275993 ], [ 55.9385639, 54.7275609 ] ], [ [ 55.9383432, 54.7275993 ], [ 55.9374027, 54.727762 ] ], [ [ 55.9374027, 54.727762 ], [ 55.9383432, 54.7275993 ] ], [ [ 55.9374027, 54.727762 ], [ 55.9357639, 54.7280459 ] ], [ [ 55.9357639, 54.7280459 ], [ 55.9374027, 54.727762 ] ], [ [ 55.9357639, 54.7280459 ], [ 55.935693, 54.7280582 ] ], [ [ 55.935693, 54.7280582 ], [ 55.9357639, 54.7280459 ] ], [ [ 55.935693, 54.7280582 ], [ 55.9355878, 54.7280764 ] ], [ [ 55.935693, 54.7280582 ], [ 55.9356503, 54.7279582 ] ], [ [ 55.935693, 54.7280582 ], [ 55.9357351, 54.728143 ] ], [ [ 55.9355878, 54.7280764 ], [ 55.935693, 54.7280582 ] ], [ [ 55.9355878, 54.7280764 ], [ 55.9355535, 54.7280824 ] ], [ [ 55.9355535, 54.7280824 ], [ 55.9355878, 54.7280764 ] ], [ [ 55.9355535, 54.7280824 ], [ 55.9354984, 54.7280919 ] ], [ [ 55.9354984, 54.7280919 ], [ 55.9355535, 54.7280824 ] ], [ [ 55.9354984, 54.7280919 ], [ 55.9353509, 54.7281175 ] ], [ [ 55.9354984, 54.7280919 ], [ 55.9355487, 54.7281749 ] ], [ [ 55.9354984, 54.7280919 ], [ 55.9354532, 54.7279892 ] ], [ [ 55.9353509, 54.7281175 ], [ 55.9354984, 54.7280919 ] ], [ [ 55.9353509, 54.7281175 ], [ 55.9327594, 54.7285665 ] ], [ [ 55.9327594, 54.7285665 ], [ 55.9353509, 54.7281175 ] ], [ [ 55.9327594, 54.7285665 ], [ 55.9325867, 54.7285964 ] ], [ [ 55.9325867, 54.7285964 ], [ 55.9327594, 54.7285665 ] ], [ [ 55.9325867, 54.7285964 ], [ 55.9316698, 54.7287552 ] ], [ [ 55.9316698, 54.7287552 ], [ 55.9325867, 54.7285964 ] ], [ [ 55.9316698, 54.7287552 ], [ 55.9314649, 54.7287907 ] ], [ [ 55.9314649, 54.7287907 ], [ 55.9316698, 54.7287552 ] ], [ [ 55.9314649, 54.7287907 ], [ 55.9305805, 54.7289439 ] ], [ [ 55.9305805, 54.7289439 ], [ 55.9314649, 54.7287907 ] ], [ [ 55.9305805, 54.7289439 ], [ 55.9302438, 54.7290022 ] ], [ [ 55.9302438, 54.7290022 ], [ 55.9305805, 54.7289439 ] ], [ [ 55.9302438, 54.7290022 ], [ 55.9298932, 54.729063 ] ], [ [ 55.9298932, 54.729063 ], [ 55.9302438, 54.7290022 ] ], [ [ 55.9298932, 54.729063 ], [ 55.9296947, 54.7290974 ] ], [ [ 55.9323954, 54.721355 ], [ 55.9323591, 54.7212863 ] ], [ [ 55.9323954, 54.721355 ], [ 55.9326294, 54.7218297 ] ], [ [ 55.9326294, 54.7218297 ], [ 55.9323954, 54.721355 ] ], [ [ 55.9326294, 54.7218297 ], [ 55.9331114, 54.7228321 ] ], [ [ 55.9331114, 54.7228321 ], [ 55.9326294, 54.7218297 ] ], [ [ 55.9331114, 54.7228321 ], [ 55.9332374, 54.7231125 ] ], [ [ 55.9332374, 54.7231125 ], [ 55.9331114, 54.7228321 ] ], [ [ 55.9332374, 54.7231125 ], [ 55.9335347, 54.7237206 ] ], [ [ 55.9335347, 54.7237206 ], [ 55.9332374, 54.7231125 ] ], [ [ 55.9335347, 54.7237206 ], [ 55.9335875, 54.7238207 ] ], [ [ 55.933636, 54.7239255 ], [ 55.9335875, 54.7238207 ] ], [ [ 55.933636, 54.7239255 ], [ 55.93397, 54.7246482 ] ], [ [ 55.93397, 54.7246482 ], [ 55.933636, 54.7239255 ] ], [ [ 55.93397, 54.7246482 ], [ 55.9341298, 54.7249937 ] ], [ [ 55.9341298, 54.7249937 ], [ 55.93397, 54.7246482 ] ], [ [ 55.9341298, 54.7249937 ], [ 55.93443, 54.7256431 ] ], [ [ 55.93443, 54.7256431 ], [ 55.9341298, 54.7249937 ] ], [ [ 55.93443, 54.7256431 ], [ 55.9346679, 54.7261678 ] ], [ [ 55.9346679, 54.7261678 ], [ 55.93443, 54.7256431 ] ], [ [ 55.9346679, 54.7261678 ], [ 55.9347192, 54.7262851 ] ], [ [ 55.9322032, 54.7213177 ], [ 55.9323591, 54.7212863 ] ], [ [ 55.9322032, 54.7213177 ], [ 55.9311375, 54.7214864 ] ], [ [ 55.9311375, 54.7214864 ], [ 55.9322032, 54.7213177 ] ], [ [ 55.9311375, 54.7214864 ], [ 55.930019, 54.721661 ] ], [ [ 55.930019, 54.721661 ], [ 55.9311375, 54.7214864 ] ], [ [ 55.930019, 54.721661 ], [ 55.9293101, 54.7217781 ] ], [ [ 55.9293101, 54.7217781 ], [ 55.930019, 54.721661 ] ], [ [ 55.9293101, 54.7217781 ], [ 55.928089, 54.7219856 ] ], [ [ 55.928089, 54.7219856 ], [ 55.9293101, 54.7217781 ] ], [ [ 55.928089, 54.7219856 ], [ 55.9273311, 54.7220943 ] ], [ [ 55.9273311, 54.7220943 ], [ 55.928089, 54.7219856 ] ], [ [ 55.9273311, 54.7220943 ], [ 55.927267, 54.7221052 ] ], [ [ 55.9333558, 54.7238634 ], [ 55.9335875, 54.7238207 ] ], [ [ 55.9333558, 54.7238634 ], [ 55.9326964, 54.7239721 ] ], [ [ 55.9326964, 54.7239721 ], [ 55.9333558, 54.7238634 ] ], [ [ 55.9326964, 54.7239721 ], [ 55.9320595, 54.7240813 ] ], [ [ 55.9320595, 54.7240813 ], [ 55.9326964, 54.7239721 ] ], [ [ 55.9320595, 54.7240813 ], [ 55.9319058, 54.7241038 ] ], [ [ 55.9319058, 54.7241038 ], [ 55.9320595, 54.7240813 ] ], [ [ 55.9319058, 54.7241038 ], [ 55.9307482, 54.7242922 ] ], [ [ 55.9307482, 54.7242922 ], [ 55.9319058, 54.7241038 ] ], [ [ 55.9307482, 54.7242922 ], [ 55.9290779, 54.7245693 ] ], [ [ 55.9290779, 54.7245693 ], [ 55.9307482, 54.7242922 ] ], [ [ 55.9290779, 54.7245693 ], [ 55.928317, 54.7246978 ] ], [ [ 55.928317, 54.7246978 ], [ 55.9290779, 54.7245693 ] ], [ [ 55.928317, 54.7246978 ], [ 55.927895, 54.724766 ] ], [ [ 55.927895, 54.724766 ], [ 55.928317, 54.7246978 ] ], [ [ 55.927895, 54.724766 ], [ 55.9276748, 54.7248035 ] ], [ [ 55.9324885, 54.7211432 ], [ 55.9323034, 54.7211728 ] ], [ [ 55.9324885, 54.7211432 ], [ 55.933297, 54.7210187 ] ], [ [ 55.933297, 54.7210187 ], [ 55.932644455736686, 54.721119184552606 ] ], [ [ 55.933297, 54.7210187 ], [ 55.933936707701932, 54.720893583504505 ] ], [ [ 55.9321242, 54.7339307 ], [ 55.9319836, 54.7339537 ] ], [ [ 55.9321242, 54.7339307 ], [ 55.933202, 54.7337535 ] ], [ [ 55.933202, 54.7337535 ], [ 55.9321242, 54.7339307 ] ], [ [ 55.933202, 54.7337535 ], [ 55.9348254, 54.7334868 ] ], [ [ 55.9348254, 54.7334868 ], [ 55.933528103306458, 54.733699926172335 ] ], [ [ 55.9348254, 54.7334868 ], [ 55.934961, 54.7334645 ] ], [ [ 55.934961, 54.7334645 ], [ 55.9348254, 54.7334868 ] ], [ [ 55.934961, 54.7334645 ], [ 55.9350775, 54.7334453 ] ], [ [ 55.9350775, 54.7334453 ], [ 55.934961, 54.7334645 ] ], [ [ 55.9350775, 54.7334453 ], [ 55.9356237, 54.7333556 ] ], [ [ 55.9356237, 54.7333556 ], [ 55.935124719386764, 54.733437545369839 ] ], [ [ 55.9356237, 54.7333556 ], [ 55.936122655905478, 54.733273607615239 ] ], [ [ 55.9372582, 54.7317465 ], [ 55.93743387328221, 54.732118445223733 ] ], [ [ 55.9372582, 54.7317465 ], [ 55.9371934, 54.7315984 ] ], [ [ 55.9371934, 54.7315984 ], [ 55.9372582, 54.7317465 ] ], [ [ 55.9371934, 54.7315984 ], [ 55.936939997485233, 54.731080395460054 ] ], [ [ 55.9367273, 54.7306456 ], [ 55.9371934, 54.7315984 ] ], [ [ 55.9367273, 54.7306456 ], [ 55.9366575, 54.7305029 ] ], [ [ 55.9366001, 54.7303856 ], [ 55.9366575, 54.7305029 ] ], [ [ 55.9366001, 54.7303856 ], [ 55.9363146, 54.7298018 ] ], [ [ 55.9363146, 54.7298018 ], [ 55.9366001, 54.7303856 ] ], [ [ 55.9363146, 54.7298018 ], [ 55.9355487, 54.7281749 ] ], [ [ 55.9355487, 54.7281749 ], [ 55.9363146, 54.7298018 ] ], [ [ 55.9355487, 54.7281749 ], [ 55.9354984, 54.7280919 ] ], [ [ 55.9354532, 54.7279892 ], [ 55.9354984, 54.7280919 ] ], [ [ 55.9354532, 54.7279892 ], [ 55.934733, 54.7264172 ] ], [ [ 55.934733, 54.7264172 ], [ 55.9354532, 54.7279892 ] ], [ [ 55.934733, 54.7264172 ], [ 55.9347272, 54.7263606 ] ], [ [ 55.934733, 54.7264172 ], [ 55.9346695, 54.7263706 ] ], [ [ 55.9270878, 54.7221222 ], [ 55.9270623, 54.7221682 ] ], [ [ 55.9270878, 54.7221222 ], [ 55.9271073, 54.7220875 ] ], [ [ 55.9271073, 54.7220875 ], [ 55.9270878, 54.7221222 ] ], [ [ 55.9271073, 54.7220875 ], [ 55.9271369, 54.7220569 ] ], [ [ 55.9271369, 54.7220569 ], [ 55.9271073, 54.7220875 ] ], [ [ 55.9271369, 54.7220569 ], [ 55.9271657, 54.7220364 ] ], [ [ 55.9271657, 54.7220364 ], [ 55.9271369, 54.7220569 ] ], [ [ 55.9271657, 54.7220364 ], [ 55.9272306, 54.7220057 ] ], [ [ 55.9272306, 54.7220057 ], [ 55.9271657, 54.7220364 ] ], [ [ 55.9272306, 54.7220057 ], [ 55.9272834, 54.7219952 ] ], [ [ 55.927267, 54.7221052 ], [ 55.9273311, 54.7220943 ] ], [ [ 55.927267, 54.7221052 ], [ 55.9271962, 54.7221233 ] ], [ [ 55.9271962, 54.7221233 ], [ 55.927267, 54.7221052 ] ], [ [ 55.9271962, 54.7221233 ], [ 55.9271278, 54.7221444 ] ], [ [ 55.9271278, 54.7221444 ], [ 55.9271962, 54.7221233 ] ], [ [ 55.9271278, 54.7221444 ], [ 55.9270623, 54.7221682 ] ], [ [ 55.938446, 54.730202 ], [ 55.939439890282117, 54.730034728228055 ] ], [ [ 55.938446, 54.730202 ], [ 55.9384042, 54.730209 ] ], [ [ 55.9384042, 54.730209 ], [ 55.938446, 54.730202 ] ], [ [ 55.9384042, 54.730209 ], [ 55.9377028, 54.730327 ] ], [ [ 55.9377028, 54.730327 ], [ 55.9384042, 54.730209 ] ], [ [ 55.9377028, 54.730327 ], [ 55.9376712, 54.7303323 ] ], [ [ 55.9376712, 54.7303323 ], [ 55.9377028, 54.730327 ] ], [ [ 55.9376712, 54.7303323 ], [ 55.9369854, 54.7304477 ] ], [ [ 55.9369854, 54.7304477 ], [ 55.9376712, 54.7303323 ] ], [ [ 55.9369854, 54.7304477 ], [ 55.9368519, 54.7304702 ] ], [ [ 55.9368519, 54.7304702 ], [ 55.9369854, 54.7304477 ] ], [ [ 55.9368519, 54.7304702 ], [ 55.9367487, 54.7304876 ] ], [ [ 55.9368519, 54.7304702 ], [ 55.9367954, 54.7303527 ] ], [ [ 55.9368519, 54.7304702 ], [ 55.9369212, 54.7306141 ] ], [ [ 55.9367487, 54.7304876 ], [ 55.9368519, 54.7304702 ] ], [ [ 55.9367487, 54.7304876 ], [ 55.9367091, 54.7304942 ] ], [ [ 55.9367091, 54.7304942 ], [ 55.9367487, 54.7304876 ] ], [ [ 55.9367091, 54.7304942 ], [ 55.9366575, 54.7305029 ] ], [ [ 55.9365805, 54.7299066 ], [ 55.9367954, 54.7303527 ] ], [ [ 55.9365805, 54.7299066 ], [ 55.9363641, 54.7294001 ] ], [ [ 55.9367954, 54.7303527 ], [ 55.9365805, 54.7299066 ] ], [ [ 55.9367954, 54.7303527 ], [ 55.9368519, 54.7304702 ] ], [ [ 55.9369212, 54.7306141 ], [ 55.9368519, 54.7304702 ] ], [ [ 55.9369212, 54.7306141 ], [ 55.9373806, 54.7315668 ] ], [ [ 55.9373806, 54.7315668 ], [ 55.937184935186401, 54.731161031893961 ] ], [ [ 55.9373806, 54.7315668 ], [ 55.937567872439672, 54.731973892919875 ] ], [ [ 55.9348941, 54.7263885 ], [ 55.9351821, 54.7269711 ] ], [ [ 55.9348941, 54.7263885 ], [ 55.9347192, 54.7262851 ] ], [ [ 55.9351821, 54.7269711 ], [ 55.9348941, 54.7263885 ] ], [ [ 55.9351821, 54.7269711 ], [ 55.9356503, 54.7279582 ] ], [ [ 55.9356503, 54.7279582 ], [ 55.9351821, 54.7269711 ] ], [ [ 55.9356503, 54.7279582 ], [ 55.935693, 54.7280582 ] ], [ [ 55.9357351, 54.728143 ], [ 55.935693, 54.7280582 ] ], [ [ 55.9357351, 54.728143 ], [ 55.9362054, 54.7290957 ] ], [ [ 55.9362054, 54.7290957 ], [ 55.9357351, 54.728143 ] ], [ [ 55.9362054, 54.7290957 ], [ 55.9363641, 54.7294001 ] ], [ [ 55.9363641, 54.7294001 ], [ 55.9362054, 54.7290957 ] ], [ [ 55.9363641, 54.7294001 ], [ 55.9365805, 54.7299066 ] ], [ [ 55.9347192, 54.7262851 ], [ 55.9348941, 54.7263885 ] ], [ [ 55.9347192, 54.7262851 ], [ 55.9347251, 54.7263408 ] ], [ [ 55.9347192, 54.7262851 ], [ 55.9346679, 54.7261678 ] ], [ [ 55.9347272, 54.7263606 ], [ 55.934733, 54.7264172 ] ], [ [ 55.9347272, 54.7263606 ], [ 55.9347251, 54.7263408 ] ], [ [ 55.9347251, 54.7263408 ], [ 55.9347272, 54.7263606 ] ], [ [ 55.9347251, 54.7263408 ], [ 55.9347192, 54.7262851 ] ], [ [ 55.9346695, 54.7263706 ], [ 55.934733, 54.7264172 ] ], [ [ 55.9346695, 54.7263706 ], [ 55.9345958, 54.7263472 ] ], [ [ 55.9345958, 54.7263472 ], [ 55.9346695, 54.7263706 ] ], [ [ 55.9345958, 54.7263472 ], [ 55.9344835, 54.7263554 ] ], [ [ 55.9344835, 54.7263554 ], [ 55.9345958, 54.7263472 ] ], [ [ 55.9344835, 54.7263554 ], [ 55.9328533, 54.7266127 ] ], [ [ 55.9328533, 54.7266127 ], [ 55.9344835, 54.7263554 ] ], [ [ 55.9328533, 54.7266127 ], [ 55.9319442, 54.7267523 ] ], [ [ 55.9319442, 54.7267523 ], [ 55.9328533, 54.7266127 ] ], [ [ 55.9319442, 54.7267523 ], [ 55.9316885, 54.7267916 ] ], [ [ 55.9316885, 54.7267916 ], [ 55.9319442, 54.7267523 ] ], [ [ 55.9316885, 54.7267916 ], [ 55.9303451, 54.7270042 ] ], [ [ 55.9303451, 54.7270042 ], [ 55.9316885, 54.7267916 ] ], [ [ 55.9303451, 54.7270042 ], [ 55.9297048, 54.7270938 ] ], [ [ 55.9297048, 54.7270938 ], [ 55.9303451, 54.7270042 ] ], [ [ 55.9297048, 54.7270938 ], [ 55.9290356, 54.7271962 ] ], [ [ 55.9290356, 54.7271962 ], [ 55.9297048, 54.7270938 ] ], [ [ 55.9290356, 54.7271962 ], [ 55.9288571, 54.7272265 ] ], [ [ 55.9285809, 54.7272694 ], [ 55.9288571, 54.7272265 ] ], [ [ 55.9285809, 54.7272694 ], [ 55.9282309, 54.7273218 ] ], [ [ 55.9282309, 54.7273218 ], [ 55.9285809, 54.7272694 ] ], [ [ 55.9282309, 54.7273218 ], [ 55.927529, 54.7274324 ] ], [ [ 55.927529, 54.7274324 ], [ 55.9282309, 54.7273218 ] ], [ [ 55.927529, 54.7274324 ], [ 55.9259008, 54.727689 ] ], [ [ 55.9259008, 54.727689 ], [ 55.927529, 54.7274324 ] ], [ [ 55.929747, 54.7292135 ], [ 55.9296947, 54.7290974 ] ], [ [ 55.929747, 54.7292135 ], [ 55.9299017, 54.7295572 ] ], [ [ 55.942150986791773, 54.726947161417847 ], [ 55.942422204497149, 54.726903984911473 ] ], [ [ 55.942150986791773, 54.726947161417847 ], [ 55.941879768428734, 54.726990338028919 ] ] ] } },
{ "type": "Feature", "properties": { "full_id": "n10029021693", "osm_id": "10029021693", "osm_type": "node", "amenity": "community_centre", "entrance": null, "full_name": null, "community_centre": null, "check_date": "2023-04-06", "operator": null, "contact:phone": null, "opening_hours": null, "name": "Дом офицеров", "type": "lines", "start": "55.9421757, 54.7271024" }, "geometry": { "type": "MultiLineString", "coordinates": [ [ [ 55.9409436, 54.7350711 ], [ 55.940043648499163, 54.73521565212512 ] ], [ [ 55.9409436, 54.7350711 ], [ 55.9413536, 54.7350052 ] ], [ [ 55.9413536, 54.7350052 ], [ 55.9409436, 54.7350711 ] ], [ [ 55.9413536, 54.7350052 ], [ 55.9420615, 54.7348915 ] ], [ [ 55.9420615, 54.7348915 ], [ 55.9413536, 54.7350052 ] ], [ [ 55.9420615, 54.7348915 ], [ 55.9427451, 54.7347817 ] ], [ [ 55.9427451, 54.7347817 ], [ 55.9420615, 54.7348915 ] ], [ [ 55.9427451, 54.7347817 ], [ 55.9447812, 54.7344547 ] ], [ [ 55.9447812, 54.7344547 ], [ 55.9427451, 54.7347817 ] ], [ [ 55.9447812, 54.7344547 ], [ 55.9450153, 54.7344171 ] ], [ [ 55.9450153, 54.7344171 ], [ 55.9447812, 54.7344547 ] ], [ [ 55.9450153, 54.7344171 ], [ 55.9452017, 54.7343871 ] ], [ [ 55.9450153, 54.7344171 ], [ 55.9449574, 54.7342998 ] ], [ [ 55.9450153, 54.7344171 ], [ 55.9450542, 54.7344986 ] ], [ [ 55.9452017, 54.7343871 ], [ 55.9450153, 54.7344171 ] ], [ [ 55.9452017, 54.7343871 ], [ 55.9457936, 54.7342921 ] ], [ [ 55.9457936, 54.7342921 ], [ 55.9452017, 54.7343871 ] ], [ [ 55.9457936, 54.7342921 ], [ 55.9463335, 54.7342033 ] ], [ [ 55.9463335, 54.7342033 ], [ 55.9457936, 54.7342921 ] ], [ [ 55.9463335, 54.7342033 ], [ 55.946504, 54.7341754 ] ], [ [ 55.946504, 54.7341754 ], [ 55.9463335, 54.7342033 ] ], [ [ 55.946504, 54.7341754 ], [ 55.9473424, 54.7340407 ] ], [ [ 55.9473424, 54.7340407 ], [ 55.946504, 54.7341754 ] ], [ [ 55.9473424, 54.7340407 ], [ 55.9477654, 54.7339746 ] ], [ [ 55.9477654, 54.7339746 ], [ 55.9473424, 54.7340407 ] ], [ [ 55.9477654, 54.7339746 ], [ 55.9479692, 54.7339451 ] ], [ [ 55.9479692, 54.7339451 ], [ 55.9477654, 54.7339746 ] ], [ [ 55.9479692, 54.7339451 ], [ 55.948176, 54.7339152 ] ], [ [ 55.948176, 54.7339152 ], [ 55.9479692, 54.7339451 ] ], [ [ 55.948176, 54.7339152 ], [ 55.9486233, 54.73384 ] ], [ [ 55.9486233, 54.73384 ], [ 55.948176, 54.7339152 ] ], [ [ 55.9486233, 54.73384 ], [ 55.9498756, 54.73364 ] ], [ [ 55.9498756, 54.73364 ], [ 55.949762897256512, 54.733657999320208 ] ], [ [ 55.9498756, 54.73364 ], [ 55.949987678631352, 54.733620740696949 ] ], [ [ 55.9507072, 54.7334971 ], [ 55.950532996577586, 54.733527034666984 ] ], [ [ 55.9507072, 54.7334971 ], [ 55.9509697, 54.7334556 ] ], [ [ 55.9509697, 54.7334556 ], [ 55.9507072, 54.7334971 ] ], [ [ 55.9509697, 54.7334556 ], [ 55.9509153, 54.7333549 ] ], [ [ 55.9509697, 54.7334556 ], [ 55.9511299, 54.7334305 ] ], [ [ 55.9509697, 54.7334556 ], [ 55.9510143, 54.7335432 ] ], [ [ 55.9323034, 54.7211728 ], [ 55.9323591, 54.7212863 ] ], [ [ 55.9323034, 54.7211728 ], [ 55.9321484, 54.7211942 ] ], [ [ 55.9323034, 54.7211728 ], [ 55.9324885, 54.7211432 ] ], [ [ 55.9323591, 54.7212863 ], [ 55.9323034, 54.7211728 ] ], [ [ 55.9323591, 54.7212863 ], [ 55.9325421, 54.7212531 ] ], [ [ 55.9323591, 54.7212863 ], [ 55.9323954, 54.721355 ] ], [ [ 55.9323591, 54.7212863 ], [ 55.9322032, 54.7213177 ] ], [ [ 55.945383, 54.7218414 ], [ 55.9455884, 54.7218095 ] ], [ [ 55.945383, 54.7218414 ], [ 55.9451164, 54.7218867 ] ], [ [ 55.945383, 54.7218414 ], [ 55.9454613, 54.7219791 ] ], [ [ 55.9455884, 54.7218095 ], [ 55.945383, 54.7218414 ] ], [ [ 55.9455884, 54.7218095 ], [ 55.9469859, 54.7215923 ] ], [ [ 55.9469859, 54.7215923 ], [ 55.9455884, 54.7218095 ] ], [ [ 55.9469859, 54.7215923 ], [ 55.9471392, 54.7215674 ] ], [ [ 55.9471392, 54.7215674 ], [ 55.9469859, 54.7215923 ] ], [ [ 55.9471392, 54.7215674 ], [ 55.9472548, 54.7215506 ] ], [ [ 55.9472548, 54.7215506 ], [ 55.9471392, 54.7215674 ] ], [ [ 55.9472548, 54.7215506 ], [ 55.9486244, 54.7212994 ] ], [ [ 55.9486244, 54.7212994 ], [ 55.9472548, 54.7215506 ] ], [ [ 55.9486244, 54.7212994 ], [ 55.9497461, 54.7210884 ] ], [ [ 55.9497461, 54.7210884 ], [ 55.9486244, 54.7212994 ] ], [ [ 55.9497461, 54.7210884 ], [ 55.9502754, 54.7209888 ] ], [ [ 55.9502754, 54.7209888 ], [ 55.9497461, 54.7210884 ] ], [ [ 55.9502754, 54.7209888 ], [ 55.9504733, 54.7209516 ] ], [ [ 55.9504733, 54.7209516 ], [ 55.9502754, 54.7209888 ] ], [ [ 55.9504733, 54.7209516 ], [ 55.9505097, 54.7210255 ] ], [ [ 55.9504733, 54.7209516 ], [ 55.9506449, 54.7208761 ] ], [ [ 55.9504733, 54.7209516 ], [ 55.9504084, 54.7208016 ] ], [ [ 55.9516168, 54.7234743 ], [ 55.9513738, 54.7235212 ] ], [ [ 55.9516168, 54.7234743 ], [ 55.9515375, 54.7233182 ] ], [ [ 55.9516168, 54.7234743 ], [ 55.9516389, 54.7234952 ] ], [ [ 55.9516168, 54.7234743 ], [ 55.9518171, 54.723367 ] ], [ [ 55.9513738, 54.7235212 ], [ 55.9516168, 54.7234743 ] ], [ [ 55.9513738, 54.7235212 ], [ 55.9496598, 54.7238359 ] ], [ [ 55.9496598, 54.7238359 ], [ 55.9513738, 54.7235212 ] ], [ [ 55.9496598, 54.7238359 ], [ 55.9486096, 54.72403 ] ], [ [ 55.9486096, 54.72403 ], [ 55.9496598, 54.7238359 ] ], [ [ 55.9486096, 54.72403 ], [ 55.9482449, 54.7240973 ] ], [ [ 55.9482449, 54.7240973 ], [ 55.9486096, 54.72403 ] ], [ [ 55.9482449, 54.7240973 ], [ 55.9481247, 54.7241196 ] ], [ [ 55.9481247, 54.7241196 ], [ 55.9482449, 54.7240973 ] ], [ [ 55.9481247, 54.7241196 ], [ 55.9471881, 54.7242926 ] ], [ [ 55.9471881, 54.7242926 ], [ 55.9481247, 54.7241196 ] ], [ [ 55.9471881, 54.7242926 ], [ 55.9467499, 54.7243736 ] ], [ [ 55.9467499, 54.7243736 ], [ 55.9471881, 54.7242926 ] ], [ [ 55.9467499, 54.7243736 ], [ 55.9466287, 54.724396 ] ], [ [ 55.9466287, 54.724396 ], [ 55.9467499, 54.7243736 ] ], [ [ 55.9466287, 54.724396 ], [ 55.9467095, 54.7245702 ] ], [ [ 55.9466287, 54.724396 ], [ 55.9465387, 54.7242117 ] ], [ [ 55.9497969, 54.7310673 ], [ 55.9498666, 54.7312078 ] ], [ [ 55.9497969, 54.7310673 ], [ 55.9499619, 54.7310402 ] ], [ [ 55.9497969, 54.7310673 ], [ 55.949737, 54.7309234 ] ], [ [ 55.9498666, 54.7312078 ], [ 55.9497969, 54.7310673 ] ], [ [ 55.9498666, 54.7312078 ], [ 55.9503212, 54.7321762 ] ], [ [ 55.9503212, 54.7321762 ], [ 55.9498666, 54.7312078 ] ], [ [ 55.9503212, 54.7321762 ], [ 55.9506543, 54.7328589 ] ], [ [ 55.9506543, 54.7328589 ], [ 55.9503212, 54.7321762 ] ], [ [ 55.9506543, 54.7328589 ], [ 55.9509153, 54.7333549 ] ], [ [ 55.9509153, 54.7333549 ], [ 55.9506543, 54.7328589 ] ], [ [ 55.9509153, 54.7333549 ], [ 55.9509697, 54.7334556 ] ], [ [ 55.9511299, 54.7334305 ], [ 55.9509697, 54.7334556 ] ], [ [ 55.9511299, 54.7334305 ], [ 55.951675721482268, 54.733342994877312 ] ], [ [ 55.9505097, 54.7210255 ], [ 55.9504733, 54.7209516 ] ], [ [ 55.9505097, 54.7210255 ], [ 55.9507707, 54.7216124 ] ], [ [ 55.9507707, 54.7216124 ], [ 55.9505097, 54.7210255 ] ], [ [ 55.9507707, 54.7216124 ], [ 55.9512918, 54.7227574 ] ], [ [ 55.9512918, 54.7227574 ], [ 55.9507707, 54.7216124 ] ], [ [ 55.9512918, 54.7227574 ], [ 55.9513889, 54.7229778 ] ], [ [ 55.9513889, 54.7229778 ], [ 55.9512918, 54.7227574 ] ], [ [ 55.9513889, 54.7229778 ], [ 55.9515375, 54.7233182 ] ], [ [ 55.9515375, 54.7233182 ], [ 55.9513889, 54.7229778 ] ], [ [ 55.9515375, 54.7233182 ], [ 55.9516168, 54.7234743 ] ], [ [ 55.9451164, 54.7218867 ], [ 55.945383, 54.7218414 ] ], [ [ 55.9451164, 54.7218867 ], [ 55.9444332, 54.7220042 ] ], [ [ 55.9444332, 54.7220042 ], [ 55.9451164, 54.7218867 ] ], [ [ 55.9444332, 54.7220042 ], [ 55.9432987, 54.7221983 ] ], [ [ 55.9432987, 54.7221983 ], [ 55.9444332, 54.7220042 ] ], [ [ 55.9432987, 54.7221983 ], [ 55.9426663, 54.7223066 ] ], [ [ 55.9426663, 54.7223066 ], [ 55.9432987, 54.7221983 ] ], [ [ 55.9426663, 54.7223066 ], [ 55.9424992, 54.7223352 ] ], [ [ 55.9424992, 54.7223352 ], [ 55.9426663, 54.7223066 ] ], [ [ 55.9424992, 54.7223352 ], [ 55.9421581, 54.7223936 ] ], [ [ 55.9421581, 54.7223936 ], [ 55.9424992, 54.7223352 ] ], [ [ 55.9421581, 54.7223936 ], [ 55.9419966, 54.7224212 ] ], [ [ 55.9419966, 54.7224212 ], [ 55.9421581, 54.7223936 ] ], [ [ 55.9419966, 54.7224212 ], [ 55.9406744, 54.7226476 ] ], [ [ 55.9406744, 54.7226476 ], [ 55.9419966, 54.7224212 ] ], [ [ 55.9406744, 54.7226476 ], [ 55.9396804, 54.7228179 ] ], [ [ 55.9396804, 54.7228179 ], [ 55.9406744, 54.7226476 ] ], [ [ 55.9396804, 54.7228179 ], [ 55.9394891, 54.7228506 ] ], [ [ 55.9394891, 54.7228506 ], [ 55.9396804, 54.7228179 ] ], [ [ 55.9394891, 54.7228506 ], [ 55.9394156, 54.7227313 ] ], [ [ 55.9394891, 54.7228506 ], [ 55.9395452, 54.7229362 ] ], [ [ 55.9394891, 54.7228506 ], [ 55.9392805, 54.7228798 ] ], [ [ 55.9454613, 54.7219791 ], [ 55.945383, 54.7218414 ] ], [ [ 55.9454613, 54.7219791 ], [ 55.9457799, 54.7226567 ] ], [ [ 55.9457799, 54.7226567 ], [ 55.9454613, 54.7219791 ] ], [ [ 55.9457799, 54.7226567 ], [ 55.9462189, 54.7235471 ] ], [ [ 55.9462189, 54.7235471 ], [ 55.9457799, 54.7226567 ] ], [ [ 55.9462189, 54.7235471 ], [ 55.9462959, 54.7237073 ] ], [ [ 55.9462959, 54.7237073 ], [ 55.9462189, 54.7235471 ] ], [ [ 55.9462959, 54.7237073 ], [ 55.9463784, 54.7238787 ] ], [ [ 55.9516389, 54.7234952 ], [ 55.9516168, 54.7234743 ] ], [ [ 55.9516389, 54.7234952 ], [ 55.9516764, 54.7235334 ] ], [ [ 55.9516389, 54.7234952 ], [ 55.9518368, 54.7233888 ] ], [ [ 55.9516764, 54.7235334 ], [ 55.9516389, 54.7234952 ] ], [ [ 55.9516764, 54.7235334 ], [ 55.9532392, 54.7250217 ] ], [ [ 55.9532392, 54.7250217 ], [ 55.9516764, 54.7235334 ] ], [ [ 55.9532392, 54.7250217 ], [ 55.9533569, 54.7251709 ] ], [ [ 55.9533569, 54.7251709 ], [ 55.9532392, 54.7250217 ] ], [ [ 55.9533569, 54.7251709 ], [ 55.9530726, 54.7252148 ] ], [ [ 55.9533569, 54.7251709 ], [ 55.953457, 54.7253181 ] ], [ [ 55.9533569, 54.7251709 ], [ 55.9536343, 54.7251284 ] ], [ [ 55.9321484, 54.7211942 ], [ 55.932046956122953, 54.721211253823348 ] ], [ [ 55.9321484, 54.7211942 ], [ 55.932251152800717, 54.721180013484286 ] ], [ [ 55.9307835, 54.7315048 ], [ 55.9308349, 54.731603 ] ], [ [ 55.9307835, 54.7315048 ], [ 55.9307281, 54.7313945 ] ], [ [ 55.9307835, 54.7315048 ], [ 55.9309313, 54.7314764 ] ], [ [ 55.9308349, 54.731603 ], [ 55.9307835, 54.7315048 ] ], [ [ 55.9308349, 54.731603 ], [ 55.931358142775146, 54.732675912430594 ] ], [ [ 55.9506449, 54.7208761 ], [ 55.9504733, 54.7209516 ] ], [ [ 55.9506449, 54.7208761 ], [ 55.9512523, 54.7206226 ] ], [ [ 55.9512523, 54.7206226 ], [ 55.951120721639469, 54.720677514577531 ] ], [ [ 55.9512523, 54.7206226 ], [ 55.951384480555994, 54.720568172712234 ] ], [ [ 55.9299017, 54.7295572 ], [ 55.9300679, 54.7299265 ] ], [ [ 55.9299017, 54.7295572 ], [ 55.929747, 54.7292135 ] ], [ [ 55.9300679, 54.7299265 ], [ 55.9299017, 54.7295572 ] ], [ [ 55.9300679, 54.7299265 ], [ 55.9302506, 54.7303323 ] ], [ [ 55.9302506, 54.7303323 ], [ 55.9300679, 54.7299265 ] ], [ [ 55.9302506, 54.7303323 ], [ 55.930525, 54.7309419 ] ], [ [ 55.930525, 54.7309419 ], [ 55.9302506, 54.7303323 ] ], [ [ 55.930525, 54.7309419 ], [ 55.930582, 54.7310687 ] ], [ [ 55.930582, 54.7310687 ], [ 55.930525, 54.7309419 ] ], [ [ 55.930582, 54.7310687 ], [ 55.9307281, 54.7313945 ] ], [ [ 55.9307281, 54.7313945 ], [ 55.930582, 54.7310687 ] ], [ [ 55.9307281, 54.7313945 ], [ 55.9307835, 54.7315048 ] ], [ [ 55.9499619, 54.7310402 ], [ 55.9497969, 54.7310673 ] ], [ [ 55.9499619, 54.7310402 ], [ 55.9505214, 54.7309487 ] ], [ [ 55.9505214, 54.7309487 ], [ 55.9499619, 54.7310402 ] ], [ [ 55.9505214, 54.7309487 ], [ 55.95075453643976, 54.730907740582957 ] ], [ [ 55.9514617, 54.7307835 ], [ 55.95075453643976, 54.730907740582957 ] ], [ [ 55.9514617, 54.7307835 ], [ 55.951872, 54.730718 ] ], [ [ 55.951872, 54.730718 ], [ 55.9514617, 54.7307835 ] ], [ [ 55.951872, 54.730718 ], [ 55.9525876, 54.7306037 ] ], [ [ 55.9525876, 54.7306037 ], [ 55.951872, 54.730718 ] ], [ [ 55.9525876, 54.7306037 ], [ 55.9528123, 54.7305713 ] ], [ [ 55.9528123, 54.7305713 ], [ 55.9525876, 54.7306037 ] ], [ [ 55.9528123, 54.7305713 ], [ 55.9529415, 54.7305477 ] ], [ [ 55.9529415, 54.7305477 ], [ 55.9528123, 54.7305713 ] ], [ [ 55.9529415, 54.7305477 ], [ 55.9538427, 54.7304069 ] ], [ [ 55.9538427, 54.7304069 ], [ 55.953052179503615, 54.73053040786273 ] ], [ [ 55.9538427, 54.7304069 ], [ 55.954117, 54.7303636 ] ], [ [ 55.954117, 54.7303636 ], [ 55.9538427, 54.7304069 ] ], [ [ 55.954117, 54.7303636 ], [ 55.9544956, 54.7303039 ] ], [ [ 55.9544956, 54.7303039 ], [ 55.954358502502942, 54.730325518385037 ] ], [ [ 55.9544956, 54.7303039 ], [ 55.954633105787153, 54.730283169057287 ] ], [ [ 55.9586743, 54.7228576 ], [ 55.95915232648246, 54.722497073465675 ] ], [ [ 55.9586743, 54.7228576 ], [ 55.958196306049594, 54.723218145013604 ] ], [ [ 55.9573158, 54.7238823 ], [ 55.9586743, 54.7228576 ] ], [ [ 55.9573158, 54.7238823 ], [ 55.9569157, 54.7241823 ] ], [ [ 55.9569157, 54.7241823 ], [ 55.9573158, 54.7238823 ] ], [ [ 55.9569157, 54.7241823 ], [ 55.9568566, 54.7242266 ] ], [ [ 55.9568566, 54.7242266 ], [ 55.9569157, 54.7241823 ] ], [ [ 55.9568566, 54.7242266 ], [ 55.9567179, 54.7243306 ] ], [ [ 55.9567179, 54.7243306 ], [ 55.9568566, 54.7242266 ] ], [ [ 55.9567179, 54.7243306 ], [ 55.9563413, 54.7246127 ] ], [ [ 55.9563413, 54.7246127 ], [ 55.9567179, 54.7243306 ] ], [ [ 55.9563413, 54.7246127 ], [ 55.9560761, 54.7247506 ] ], [ [ 55.9560761, 54.7247506 ], [ 55.9563413, 54.7246127 ] ], [ [ 55.9560761, 54.7247506 ], [ 55.9560039, 54.7247641 ] ], [ [ 55.9560039, 54.7247641 ], [ 55.9560761, 54.7247506 ] ], [ [ 55.9560039, 54.7247641 ], [ 55.9558159, 54.724793 ] ], [ [ 55.9502339, 54.7204287 ], [ 55.950184284791931, 54.720321323803425 ] ], [ [ 55.9502339, 54.7204287 ], [ 55.950284104185165, 54.720535984473628 ] ], [ [ 55.9504084, 54.7208016 ], [ 55.9502339, 54.7204287 ] ], [ [ 55.9504084, 54.7208016 ], [ 55.9504733, 54.7209516 ] ], [ [ 55.9510143, 54.7335432 ], [ 55.9509697, 54.7334556 ] ], [ [ 55.9510143, 54.7335432 ], [ 55.951176817132449, 54.733862094450338 ] ], [ [ 55.9467095, 54.7245702 ], [ 55.9466287, 54.724396 ] ], [ [ 55.9467095, 54.7245702 ], [ 55.9469353, 54.7250501 ] ], [ [ 55.9469353, 54.7250501 ], [ 55.9467095, 54.7245702 ] ], [ [ 55.9469353, 54.7250501 ], [ 55.9473767, 54.7259873 ] ], [ [ 55.9473767, 54.7259873 ], [ 55.9469353, 54.7250501 ] ], [ [ 55.9473767, 54.7259873 ], [ 55.9474304, 54.7261015 ] ], [ [ 55.9474304, 54.7261015 ], [ 55.9473767, 54.7259873 ] ], [ [ 55.9474304, 54.7261015 ], [ 55.9472251, 54.7261344 ] ], [ [ 55.9474304, 54.7261015 ], [ 55.9476377, 54.726069 ] ], [ [ 55.9474304, 54.7261015 ], [ 55.9474745, 54.7261956 ] ], [ [ 55.9485787, 54.7285496 ], [ 55.948633, 54.7286453 ] ], [ [ 55.9485787, 54.7285496 ], [ 55.9487546, 54.7285222 ] ], [ [ 55.9485787, 54.7285496 ], [ 55.9485377, 54.7284623 ] ], [ [ 55.9485787, 54.7285496 ], [ 55.948361, 54.7285856 ] ], [ [ 55.948633, 54.7286453 ], [ 55.9485787, 54.7285496 ] ], [ [ 55.948633, 54.7286453 ], [ 55.9490026, 54.7293807 ] ], [ [ 55.9490026, 54.7293807 ], [ 55.948633, 54.7286453 ] ], [ [ 55.9490026, 54.7293807 ], [ 55.9496701, 54.7307523 ] ], [ [ 55.9496701, 54.7307523 ], [ 55.9490026, 54.7293807 ] ], [ [ 55.9496701, 54.7307523 ], [ 55.949737, 54.7309234 ] ], [ [ 55.949737, 54.7309234 ], [ 55.9496701, 54.7307523 ] ], [ [ 55.949737, 54.7309234 ], [ 55.9497969, 54.7310673 ] ], [ [ 55.9462703, 54.737101 ], [ 55.946361391147249, 54.737298271012143 ] ], [ [ 55.9462703, 54.737101 ], [ 55.9461874, 54.7369386 ] ], [ [ 55.9461874, 54.7369386 ], [ 55.9462703, 54.737101 ] ], [ [ 55.9461874, 54.7369386 ], [ 55.9461447, 54.7368421 ] ], [ [ 55.9461447, 54.7368421 ], [ 55.9461874, 54.7369386 ] ], [ [ 55.9461447, 54.7368421 ], [ 55.9462207, 54.736797 ] ], [ [ 55.9461447, 54.7368421 ], [ 55.9461081, 54.7367945 ] ], [ [ 55.9461447, 54.7368421 ], [ 55.945953, 54.7368726 ] ], [ [ 55.954573, 54.7276147 ], [ 55.9543371, 54.7276515 ] ], [ [ 55.954573, 54.7276147 ], [ 55.9545266, 54.7275146 ] ], [ [ 55.954573, 54.7276147 ], [ 55.9548038, 54.7275789 ] ], [ [ 55.954573, 54.7276147 ], [ 55.9546387, 54.7277471 ] ], [ [ 55.9543371, 54.7276515 ], [ 55.954573, 54.7276147 ] ], [ [ 55.9543371, 54.7276515 ], [ 55.9533473, 54.7278059 ] ], [ [ 55.9533473, 54.7278059 ], [ 55.9543371, 54.7276515 ] ], [ [ 55.9533473, 54.7278059 ], [ 55.953219, 54.7278259 ] ], [ [ 55.953219, 54.7278259 ], [ 55.9533473, 54.7278059 ] ], [ [ 55.953219, 54.7278259 ], [ 55.9526473, 54.727915 ] ], [ [ 55.9526473, 54.727915 ], [ 55.953219, 54.7278259 ] ], [ [ 55.9526473, 54.727915 ], [ 55.9522785, 54.7279726 ] ], [ [ 55.9522785, 54.7279726 ], [ 55.9526473, 54.727915 ] ], [ [ 55.9522785, 54.7279726 ], [ 55.9519136, 54.7280295 ] ], [ [ 55.9519136, 54.7280295 ], [ 55.9522785, 54.7279726 ] ], [ [ 55.9519136, 54.7280295 ], [ 55.9516537, 54.72807 ] ], [ [ 55.9516537, 54.72807 ], [ 55.9519136, 54.7280295 ] ], [ [ 55.9516537, 54.72807 ], [ 55.9515115, 54.7280919 ] ], [ [ 55.9515115, 54.7280919 ], [ 55.9516537, 54.72807 ] ], [ [ 55.9515115, 54.7280919 ], [ 55.9513084, 54.7281235 ] ], [ [ 55.9513084, 54.7281235 ], [ 55.9515115, 54.7280919 ] ], [ [ 55.9513084, 54.7281235 ], [ 55.9512006, 54.7281407 ] ], [ [ 55.9512006, 54.7281407 ], [ 55.9513084, 54.7281235 ] ], [ [ 55.9512006, 54.7281407 ], [ 55.9498132, 54.7283571 ] ], [ [ 55.9498132, 54.7283571 ], [ 55.9512006, 54.7281407 ] ], [ [ 55.9498132, 54.7283571 ], [ 55.9487546, 54.7285222 ] ], [ [ 55.9487546, 54.7285222 ], [ 55.9498132, 54.7283571 ] ], [ [ 55.9487546, 54.7285222 ], [ 55.9485787, 54.7285496 ] ], [ [ 55.9366575, 54.7305029 ], [ 55.9365106, 54.7305279 ] ], [ [ 55.9366575, 54.7305029 ], [ 55.9367273, 54.7306456 ] ], [ [ 55.9366575, 54.7305029 ], [ 55.9366001, 54.7303856 ] ], [ [ 55.9366575, 54.7305029 ], [ 55.9367091, 54.7304942 ] ], [ [ 55.9365106, 54.7305279 ], [ 55.9366575, 54.7305029 ] ], [ [ 55.9365106, 54.7305279 ], [ 55.9345025, 54.7308693 ] ], [ [ 55.9345025, 54.7308693 ], [ 55.9365106, 54.7305279 ] ], [ [ 55.9345025, 54.7308693 ], [ 55.933927, 54.7309671 ] ], [ [ 55.933927, 54.7309671 ], [ 55.9345025, 54.7308693 ] ], [ [ 55.933927, 54.7309671 ], [ 55.9337462, 54.7309979 ] ], [ [ 55.9337462, 54.7309979 ], [ 55.933927, 54.7309671 ] ], [ [ 55.9337462, 54.7309979 ], [ 55.9335973, 54.7310232 ] ], [ [ 55.9335973, 54.7310232 ], [ 55.9337462, 54.7309979 ] ], [ [ 55.9335973, 54.7310232 ], [ 55.9335035, 54.7310391 ] ], [ [ 55.9335035, 54.7310391 ], [ 55.9335973, 54.7310232 ] ], [ [ 55.9335035, 54.7310391 ], [ 55.9322749, 54.7312479 ] ], [ [ 55.9322749, 54.7312479 ], [ 55.9335035, 54.7310391 ] ], [ [ 55.9322749, 54.7312479 ], [ 55.9321011, 54.7312775 ] ], [ [ 55.9321011, 54.7312775 ], [ 55.9322749, 54.7312479 ] ], [ [ 55.9321011, 54.7312775 ], [ 55.9319192, 54.7313084 ] ], [ [ 55.9319192, 54.7313084 ], [ 55.9321011, 54.7312775 ] ], [ [ 55.9319192, 54.7313084 ], [ 55.9309313, 54.7314764 ] ], [ [ 55.9309313, 54.7314764 ], [ 55.9319192, 54.7313084 ] ], [ [ 55.9309313, 54.7314764 ], [ 55.9307835, 54.7315048 ] ], [ [ 55.9463605, 54.7367517 ], [ 55.9462207, 54.736797 ] ], [ [ 55.9463605, 54.7367517 ], [ 55.9466295, 54.7367093 ] ], [ [ 55.9462207, 54.736797 ], [ 55.9463605, 54.7367517 ] ], [ [ 55.9462207, 54.736797 ], [ 55.9461447, 54.7368421 ] ], [ [ 55.9382266, 54.7202456 ], [ 55.9380361, 54.7202788 ] ], [ [ 55.9382266, 54.7202456 ], [ 55.9381916, 54.7201527 ] ], [ [ 55.9382266, 54.7202456 ], [ 55.9382743, 54.7203357 ] ], [ [ 55.9382266, 54.7202456 ], [ 55.9384152, 54.7202106 ] ], [ [ 55.9380361, 54.7202788 ], [ 55.9382266, 54.7202456 ] ], [ [ 55.9380361, 54.7202788 ], [ 55.9352776, 54.7207298 ] ], [ [ 55.9352776, 54.7207298 ], [ 55.9380361, 54.7202788 ] ], [ [ 55.9352776, 54.7207298 ], [ 55.934696, 54.7208417 ] ], [ [ 55.934696, 54.7208417 ], [ 55.9352776, 54.7207298 ] ], [ [ 55.934696, 54.7208417 ], [ 55.9341393, 54.7209803 ] ], [ [ 55.9341393, 54.7209803 ], [ 55.934696, 54.7208417 ] ], [ [ 55.9341393, 54.7209803 ], [ 55.9335569, 54.7210892 ] ], [ [ 55.9335569, 54.7210892 ], [ 55.9341393, 54.7209803 ] ], [ [ 55.9335569, 54.7210892 ], [ 55.9333422, 54.7211238 ] ], [ [ 55.9333422, 54.7211238 ], [ 55.9335569, 54.7210892 ] ], [ [ 55.9333422, 54.7211238 ], [ 55.9325421, 54.7212531 ] ], [ [ 55.9325421, 54.7212531 ], [ 55.933049516205593, 54.721171099105881 ] ], [ [ 55.9325421, 54.7212531 ], [ 55.9323591, 54.7212863 ] ], [ [ 55.9381916, 54.7201527 ], [ 55.9383751, 54.7201169 ] ], [ [ 55.9381916, 54.7201527 ], [ 55.9382266, 54.7202456 ] ], [ [ 55.9381916, 54.7201527 ], [ 55.9379992, 54.7201888 ] ], [ [ 55.9383751, 54.7201169 ], [ 55.9381916, 54.7201527 ] ], [ [ 55.9383751, 54.7201169 ], [ 55.9404616, 54.7197985 ] ], [ [ 55.9404616, 54.7197985 ], [ 55.9383751, 54.7201169 ] ], [ [ 55.9404616, 54.7197985 ], [ 55.9409979, 54.7197162 ] ], [ [ 55.9409979, 54.7197162 ], [ 55.9404616, 54.7197985 ] ], [ [ 55.9409979, 54.7197162 ], [ 55.9412467, 54.7196779 ] ], [ [ 55.9449574, 54.7342998 ], [ 55.9450153, 54.7344171 ] ], [ [ 55.9449574, 54.7342998 ], [ 55.9444578, 54.7332659 ] ], [ [ 55.9444578, 54.7332659 ], [ 55.9449574, 54.7342998 ] ], [ [ 55.9444578, 54.7332659 ], [ 55.944438, 54.7332217 ] ], [ [ 55.9461081, 54.7367945 ], [ 55.9461447, 54.7368421 ] ], [ [ 55.9461081, 54.7367945 ], [ 55.9460889, 54.7367656 ] ], [ [ 55.9460889, 54.7367656 ], [ 55.9461081, 54.7367945 ] ], [ [ 55.9460889, 54.7367656 ], [ 55.9460656, 54.7367237 ] ], [ [ 55.9460656, 54.7367237 ], [ 55.9460889, 54.7367656 ] ], [ [ 55.9460656, 54.7367237 ], [ 55.9459858, 54.7365338 ] ], [ [ 55.9460656, 54.7367237 ], [ 55.9459125, 54.7367772 ] ], [ [ 55.9460656, 54.7367237 ], [ 55.9462629, 54.7366368 ] ], [ [ 55.9459858, 54.7365338 ], [ 55.9460656, 54.7367237 ] ], [ [ 55.9459858, 54.7365338 ], [ 55.9459437, 54.7364555 ] ], [ [ 55.9459437, 54.7364555 ], [ 55.9459858, 54.7365338 ] ], [ [ 55.9459437, 54.7364555 ], [ 55.9457647, 54.7360638 ] ], [ [ 55.9459437, 54.7364555 ], [ 55.9458821, 54.7365523 ] ], [ [ 55.9457647, 54.7360638 ], [ 55.9459437, 54.7364555 ] ], [ [ 55.9457647, 54.7360638 ], [ 55.945201490518194, 54.734823074481461 ] ], [ [ 55.9450542, 54.7344986 ], [ 55.9457647, 54.7360638 ] ], [ [ 55.9450542, 54.7344986 ], [ 55.9450153, 54.7344171 ] ], [ [ 55.9394156, 54.7227313 ], [ 55.9394891, 54.7228506 ] ], [ [ 55.9394156, 54.7227313 ], [ 55.9392362, 54.7223805 ] ], [ [ 55.9392362, 54.7223805 ], [ 55.9394156, 54.7227313 ] ], [ [ 55.9392362, 54.7223805 ], [ 55.9391548, 54.7222012 ] ], [ [ 55.9391548, 54.7222012 ], [ 55.9392362, 54.7223805 ] ], [ [ 55.9391548, 54.7222012 ], [ 55.9389089, 54.721692 ] ], [ [ 55.9389089, 54.721692 ], [ 55.9391548, 54.7222012 ] ], [ [ 55.9389089, 54.721692 ], [ 55.9386149, 54.7210683 ] ], [ [ 55.9386149, 54.7210683 ], [ 55.9389089, 54.721692 ] ], [ [ 55.9386149, 54.7210683 ], [ 55.9382743, 54.7203357 ] ], [ [ 55.9382743, 54.7203357 ], [ 55.9386149, 54.7210683 ] ], [ [ 55.9382743, 54.7203357 ], [ 55.9382266, 54.7202456 ] ], [ [ 55.9426289, 54.7295267 ], [ 55.9425699, 54.7294017 ] ], [ [ 55.9426289, 54.7295267 ], [ 55.9428447, 54.7294915 ] ], [ [ 55.9426289, 54.7295267 ], [ 55.9424414, 54.7295564 ] ], [ [ 55.9426289, 54.7295267 ], [ 55.9426779, 54.729629 ] ], [ [ 55.9425699, 54.7294017 ], [ 55.9426289, 54.7295267 ] ], [ [ 55.9425699, 54.7294017 ], [ 55.9422013, 54.7286207 ] ], [ [ 55.9422013, 54.7286207 ], [ 55.9425699, 54.7294017 ] ], [ [ 55.9422013, 54.7286207 ], [ 55.9421519, 54.728516 ] ], [ [ 55.9421519, 54.728516 ], [ 55.9422013, 54.7286207 ] ], [ [ 55.9421519, 54.728516 ], [ 55.9421383, 54.7284872 ] ], [ [ 55.9421383, 54.7284872 ], [ 55.9421519, 54.728516 ] ], [ [ 55.9421383, 54.7284872 ], [ 55.9420887, 54.728382 ] ], [ [ 55.9420887, 54.728382 ], [ 55.9421383, 54.7284872 ] ], [ [ 55.9420887, 54.728382 ], [ 55.9420794, 54.7283624 ] ], [ [ 55.9420794, 54.7283624 ], [ 55.9420887, 54.728382 ] ], [ [ 55.9420794, 54.7283624 ], [ 55.9418772, 54.7279339 ] ], [ [ 55.9418772, 54.7279339 ], [ 55.9420794, 54.7283624 ] ], [ [ 55.9418772, 54.7279339 ], [ 55.9416013, 54.7273493 ] ], [ [ 55.9416013, 54.7273493 ], [ 55.9418772, 54.7279339 ] ], [ [ 55.9416013, 54.7273493 ], [ 55.9415171, 54.727171 ] ], [ [ 55.9415171, 54.727171 ], [ 55.9416013, 54.7273493 ] ], [ [ 55.9415171, 54.727171 ], [ 55.941464, 54.7270584 ] ], [ [ 55.941464, 54.7270584 ], [ 55.9415171, 54.727171 ] ], [ [ 55.941464, 54.7270584 ], [ 55.9414018, 54.7269116 ] ], [ [ 55.941464, 54.7270584 ], [ 55.9416947, 54.7270198 ] ], [ [ 55.941464, 54.7270584 ], [ 55.9412188, 54.7271009 ] ], [ [ 55.9414018, 54.7269116 ], [ 55.941464, 54.7270584 ] ], [ [ 55.9414018, 54.7269116 ], [ 55.9412768, 54.7266278 ] ], [ [ 55.9412768, 54.7266278 ], [ 55.9414018, 54.7269116 ] ], [ [ 55.9412768, 54.7266278 ], [ 55.9411401, 54.7263125 ] ], [ [ 55.9411401, 54.7263125 ], [ 55.9412768, 54.7266278 ] ], [ [ 55.9411401, 54.7263125 ], [ 55.9407369, 54.7254132 ] ], [ [ 55.9407369, 54.7254132 ], [ 55.9411401, 54.7263125 ] ], [ [ 55.9407369, 54.7254132 ], [ 55.9406959, 54.7253301 ] ], [ [ 55.9406959, 54.7253301 ], [ 55.9407369, 54.7254132 ] ], [ [ 55.9406959, 54.7253301 ], [ 55.9406759, 54.7252905 ] ], [ [ 55.9406759, 54.7252905 ], [ 55.9406959, 54.7253301 ] ], [ [ 55.9406759, 54.7252905 ], [ 55.9406314, 54.7252018 ] ], [ [ 55.9406314, 54.7252018 ], [ 55.9406759, 54.7252905 ] ], [ [ 55.9406314, 54.7252018 ], [ 55.9402219, 54.7243151 ] ], [ [ 55.9402219, 54.7243151 ], [ 55.9406314, 54.7252018 ] ], [ [ 55.9402219, 54.7243151 ], [ 55.9395452, 54.7229362 ] ], [ [ 55.9395452, 54.7229362 ], [ 55.9402219, 54.7243151 ] ], [ [ 55.9395452, 54.7229362 ], [ 55.9394891, 54.7228506 ] ], [ [ 55.9283082, 54.7261011 ], [ 55.927946258905926, 54.72536540621438 ] ], [ [ 55.9283082, 54.7261011 ], [ 55.928401, 54.7263009 ] ], [ [ 55.928401, 54.7263009 ], [ 55.9283082, 54.7261011 ] ], [ [ 55.928401, 54.7263009 ], [ 55.9287725, 54.7270945 ] ], [ [ 55.9287725, 54.7270945 ], [ 55.928401, 54.7263009 ] ], [ [ 55.9287725, 54.7270945 ], [ 55.928817, 54.7271496 ] ], [ [ 55.928817, 54.7271496 ], [ 55.9287725, 54.7270945 ] ], [ [ 55.928817, 54.7271496 ], [ 55.9288363, 54.7271834 ] ], [ [ 55.9288363, 54.7271834 ], [ 55.928817, 54.7271496 ] ], [ [ 55.9288363, 54.7271834 ], [ 55.9288456, 54.7272007 ] ], [ [ 55.9288456, 54.7272007 ], [ 55.9288363, 54.7271834 ] ], [ [ 55.9288456, 54.7272007 ], [ 55.9288571, 54.7272265 ] ], [ [ 55.9288571, 54.7272265 ], [ 55.9288456, 54.7272007 ] ], [ [ 55.9288571, 54.7272265 ], [ 55.9289021, 54.7273177 ] ], [ [ 55.9288571, 54.7272265 ], [ 55.9290356, 54.7271962 ] ], [ [ 55.9288571, 54.7272265 ], [ 55.9285809, 54.7272694 ] ], [ [ 55.9289021, 54.7273177 ], [ 55.9288571, 54.7272265 ] ], [ [ 55.9289021, 54.7273177 ], [ 55.9292454, 54.7280884 ] ], [ [ 55.9292454, 54.7280884 ], [ 55.9289021, 54.7273177 ] ], [ [ 55.9292454, 54.7280884 ], [ 55.9296498, 54.7289922 ] ], [ [ 55.9296498, 54.7289922 ], [ 55.9292454, 54.7280884 ] ], [ [ 55.9296498, 54.7289922 ], [ 55.9296947, 54.7290974 ] ], [ [ 55.9296947, 54.7290974 ], [ 55.9296498, 54.7289922 ] ], [ [ 55.9296947, 54.7290974 ], [ 55.9298932, 54.729063 ] ], [ [ 55.9296947, 54.7290974 ], [ 55.929747, 54.7292135 ] ], [ [ 55.9392805, 54.7228798 ], [ 55.9394891, 54.7228506 ] ], [ [ 55.9392805, 54.7228798 ], [ 55.9384379, 54.7230266 ] ], [ [ 55.9384379, 54.7230266 ], [ 55.9392805, 54.7228798 ] ], [ [ 55.9384379, 54.7230266 ], [ 55.937097, 54.7232455 ] ], [ [ 55.937097, 54.7232455 ], [ 55.9384379, 54.7230266 ] ], [ [ 55.937097, 54.7232455 ], [ 55.9366494, 54.7233172 ] ], [ [ 55.9366494, 54.7233172 ], [ 55.937097, 54.7232455 ] ], [ [ 55.9366494, 54.7233172 ], [ 55.9364868, 54.7233405 ] ], [ [ 55.9364868, 54.7233405 ], [ 55.9366494, 54.7233172 ] ], [ [ 55.9364868, 54.7233405 ], [ 55.9363209, 54.7233644 ] ], [ [ 55.9363209, 54.7233644 ], [ 55.9364868, 54.7233405 ] ], [ [ 55.9363209, 54.7233644 ], [ 55.9359531, 54.7234271 ] ], [ [ 55.9359531, 54.7234271 ], [ 55.9363209, 54.7233644 ] ], [ [ 55.9359531, 54.7234271 ], [ 55.9355937, 54.7234878 ] ], [ [ 55.9355937, 54.7234878 ], [ 55.9359531, 54.7234271 ] ], [ [ 55.9355937, 54.7234878 ], [ 55.9337037, 54.7238019 ] ], [ [ 55.9337037, 54.7238019 ], [ 55.9355937, 54.7234878 ] ], [ [ 55.9337037, 54.7238019 ], [ 55.9335875, 54.7238207 ] ], [ [ 55.9335875, 54.7238207 ], [ 55.9337037, 54.7238019 ] ], [ [ 55.9335875, 54.7238207 ], [ 55.9335347, 54.7237206 ] ], [ [ 55.9335875, 54.7238207 ], [ 55.933636, 54.7239255 ] ], [ [ 55.9335875, 54.7238207 ], [ 55.9333558, 54.7238634 ] ], [ [ 55.9444974, 54.7265719 ], [ 55.9443132, 54.7266015 ] ], [ [ 55.9444974, 54.7265719 ], [ 55.9446249, 54.7265515 ] ], [ [ 55.9443132, 54.7266015 ], [ 55.9444974, 54.7265719 ] ], [ [ 55.9443132, 54.7266015 ], [ 55.9430264, 54.7268078 ] ], [ [ 55.9430264, 54.7268078 ], [ 55.9443132, 54.7266015 ] ], [ [ 55.9430264, 54.7268078 ], [ 55.942150986791773, 54.726947161417847 ] ], [ [ 55.9416947, 54.7270198 ], [ 55.942150986791773, 54.726947161417847 ] ], [ [ 55.9416947, 54.7270198 ], [ 55.941464, 54.7270584 ] ], [ [ 55.9412188, 54.7271009 ], [ 55.941464, 54.7270584 ] ], [ [ 55.9412188, 54.7271009 ], [ 55.9406929, 54.7271906 ] ], [ [ 55.9406929, 54.7271906 ], [ 55.9412188, 54.7271009 ] ], [ [ 55.9406929, 54.7271906 ], [ 55.9401367, 54.7272884 ] ], [ [ 55.9401367, 54.7272884 ], [ 55.9406929, 54.7271906 ] ], [ [ 55.9401367, 54.7272884 ], [ 55.9400617, 54.7273014 ] ], [ [ 55.9400617, 54.7273014 ], [ 55.9401367, 54.7272884 ] ], [ [ 55.9400617, 54.7273014 ], [ 55.9398587, 54.7273365 ] ], [ [ 55.9398587, 54.7273365 ], [ 55.9400617, 54.7273014 ] ], [ [ 55.9398587, 54.7273365 ], [ 55.9386706, 54.7275424 ] ], [ [ 55.9386706, 54.7275424 ], [ 55.9398587, 54.7273365 ] ], [ [ 55.9386706, 54.7275424 ], [ 55.9385639, 54.7275609 ] ], [ [ 55.9385639, 54.7275609 ], [ 55.9386706, 54.7275424 ] ], [ [ 55.9385639, 54.7275609 ], [ 55.9383432, 54.7275993 ] ], [ [ 55.9383432, 54.7275993 ], [ 55.9385639, 54.7275609 ] ], [ [ 55.9383432, 54.7275993 ], [ 55.9374027, 54.727762 ] ], [ [ 55.9374027, 54.727762 ], [ 55.9383432, 54.7275993 ] ], [ [ 55.9374027, 54.727762 ], [ 55.9357639, 54.7280459 ] ], [ [ 55.9357639, 54.7280459 ], [ 55.9374027, 54.727762 ] ], [ [ 55.9357639, 54.7280459 ], [ 55.935693, 54.7280582 ] ], [ [ 55.935693, 54.7280582 ], [ 55.9357639, 54.7280459 ] ], [ [ 55.935693, 54.7280582 ], [ 55.9355878, 54.7280764 ] ], [ [ 55.935693, 54.7280582 ], [ 55.9356503, 54.7279582 ] ], [ [ 55.935693, 54.7280582 ], [ 55.9357351, 54.728143 ] ], [ [ 55.9355878, 54.7280764 ], [ 55.935693, 54.7280582 ] ], [ [ 55.9355878, 54.7280764 ], [ 55.9355535, 54.7280824 ] ], [ [ 55.9355535, 54.7280824 ], [ 55.9355878, 54.7280764 ] ], [ [ 55.9355535, 54.7280824 ], [ 55.9354984, 54.7280919 ] ], [ [ 55.9354984, 54.7280919 ], [ 55.9355535, 54.7280824 ] ], [ [ 55.9354984, 54.7280919 ], [ 55.9353509, 54.7281175 ] ], [ [ 55.9354984, 54.7280919 ], [ 55.9355487, 54.7281749 ] ], [ [ 55.9354984, 54.7280919 ], [ 55.9354532, 54.7279892 ] ], [ [ 55.9353509, 54.7281175 ], [ 55.9354984, 54.7280919 ] ], [ [ 55.9353509, 54.7281175 ], [ 55.9327594, 54.7285665 ] ], [ [ 55.9327594, 54.7285665 ], [ 55.9353509, 54.7281175 ] ], [ [ 55.9327594, 54.7285665 ], [ 55.9325867, 54.7285964 ] ], [ [ 55.9325867, 54.7285964 ], [ 55.9327594, 54.7285665 ] ], [ [ 55.9325867, 54.7285964 ], [ 55.9316698, 54.7287552 ] ], [ [ 55.9316698, 54.7287552 ], [ 55.9325867, 54.7285964 ] ], [ [ 55.9316698, 54.7287552 ], [ 55.9314649, 54.7287907 ] ], [ [ 55.9314649, 54.7287907 ], [ 55.9316698, 54.7287552 ] ], [ [ 55.9314649, 54.7287907 ], [ 55.9305805, 54.7289439 ] ], [ [ 55.9305805, 54.7289439 ], [ 55.9314649, 54.7287907 ] ], [ [ 55.9305805, 54.7289439 ], [ 55.9302438, 54.7290022 ] ], [ [ 55.9302438, 54.7290022 ], [ 55.9305805, 54.7289439 ] ], [ [ 55.9302438, 54.7290022 ], [ 55.9298932, 54.729063 ] ], [ [ 55.9298932, 54.729063 ], [ 55.9302438, 54.7290022 ] ], [ [ 55.9298932, 54.729063 ], [ 55.9296947, 54.7290974 ] ], [ [ 55.9323954, 54.721355 ], [ 55.9323591, 54.7212863 ] ], [ [ 55.9323954, 54.721355 ], [ 55.932558093709439, 54.721685045743037 ] ], [ [ 55.9326294, 54.7218297 ], [ 55.9323954, 54.721355 ] ], [ [ 55.9326294, 54.7218297 ], [ 55.933017067321444, 54.722635919342352 ] ], [ [ 55.9331114, 54.7228321 ], [ 55.9326294, 54.7218297 ] ], [ [ 55.9331114, 54.7228321 ], [ 55.9332374, 54.7231125 ] ], [ [ 55.9332374, 54.7231125 ], [ 55.9331114, 54.7228321 ] ], [ [ 55.9332374, 54.7231125 ], [ 55.9335347, 54.7237206 ] ], [ [ 55.9335347, 54.7237206 ], [ 55.9332374, 54.7231125 ] ], [ [ 55.9335347, 54.7237206 ], [ 55.9335875, 54.7238207 ] ], [ [ 55.933636, 54.7239255 ], [ 55.9335875, 54.7238207 ] ], [ [ 55.933636, 54.7239255 ], [ 55.93397, 54.7246482 ] ], [ [ 55.93397, 54.7246482 ], [ 55.933636, 54.7239255 ] ], [ [ 55.93397, 54.7246482 ], [ 55.9341298, 54.7249937 ] ], [ [ 55.9341298, 54.7249937 ], [ 55.93397, 54.7246482 ] ], [ [ 55.9341298, 54.7249937 ], [ 55.93443, 54.7256431 ] ], [ [ 55.93443, 54.7256431 ], [ 55.9341298, 54.7249937 ] ], [ [ 55.93443, 54.7256431 ], [ 55.9346679, 54.7261678 ] ], [ [ 55.9346679, 54.7261678 ], [ 55.93443, 54.7256431 ] ], [ [ 55.9346679, 54.7261678 ], [ 55.9347192, 54.7262851 ] ], [ [ 55.9322032, 54.7213177 ], [ 55.9323591, 54.7212863 ] ], [ [ 55.9322032, 54.7213177 ], [ 55.931910206255623, 54.721364080824507 ] ], [ [ 55.9333558, 54.7238634 ], [ 55.9335875, 54.7238207 ] ], [ [ 55.9333558, 54.7238634 ], [ 55.9326964, 54.7239721 ] ], [ [ 55.9326964, 54.7239721 ], [ 55.9333558, 54.7238634 ] ], [ [ 55.9326964, 54.7239721 ], [ 55.9320595, 54.7240813 ] ], [ [ 55.9320595, 54.7240813 ], [ 55.9326964, 54.7239721 ] ], [ [ 55.9320595, 54.7240813 ], [ 55.9319058, 54.7241038 ] ], [ [ 55.9319058, 54.7241038 ], [ 55.9320595, 54.7240813 ] ], [ [ 55.9319058, 54.7241038 ], [ 55.9307482, 54.7242922 ] ], [ [ 55.9307482, 54.7242922 ], [ 55.9319058, 54.7241038 ] ], [ [ 55.9307482, 54.7242922 ], [ 55.9290779, 54.7245693 ] ], [ [ 55.9290779, 54.7245693 ], [ 55.929390425654788, 54.72451745251216 ] ], [ [ 55.9290779, 54.7245693 ], [ 55.928765802116338, 54.724622006765742 ] ], [ [ 55.945953, 54.7368726 ], [ 55.9461447, 54.7368421 ] ], [ [ 55.945953, 54.7368726 ], [ 55.94535627481816, 54.736967550877054 ] ], [ [ 55.9412467, 54.7196779 ], [ 55.9409979, 54.7197162 ] ], [ [ 55.9412467, 54.7196779 ], [ 55.9418439, 54.7195858 ] ], [ [ 55.9418439, 54.7195858 ], [ 55.9412467, 54.7196779 ] ], [ [ 55.9418439, 54.7195858 ], [ 55.94428923773755, 54.719208961192777 ] ], [ [ 55.9410411, 54.7197989 ], [ 55.9384152, 54.7202106 ] ], [ [ 55.9410411, 54.7197989 ], [ 55.9412889, 54.7197606 ] ], [ [ 55.9384152, 54.7202106 ], [ 55.9410411, 54.7197989 ] ], [ [ 55.9384152, 54.7202106 ], [ 55.9382266, 54.7202456 ] ], [ [ 55.9324885, 54.7211432 ], [ 55.9323034, 54.7211728 ] ], [ [ 55.9324885, 54.7211432 ], [ 55.932832923459728, 54.72109016262123 ] ], [ [ 55.933297, 54.7210187 ], [ 55.9324885, 54.7211432 ] ], [ [ 55.933297, 54.7210187 ], [ 55.934427243660686, 54.72079764259292 ] ], [ [ 55.9345379, 54.720776 ], [ 55.933297, 54.7210187 ] ], [ [ 55.9345379, 54.720776 ], [ 55.9351262, 54.7206716 ] ], [ [ 55.9351262, 54.7206716 ], [ 55.9345379, 54.720776 ] ], [ [ 55.9351262, 54.7206716 ], [ 55.9352408, 54.7206513 ] ], [ [ 55.9352408, 54.7206513 ], [ 55.9351262, 54.7206716 ] ], [ [ 55.9352408, 54.7206513 ], [ 55.9370949, 54.7203279 ] ], [ [ 55.9370949, 54.7203279 ], [ 55.9352408, 54.7206513 ] ], [ [ 55.9370949, 54.7203279 ], [ 55.9379992, 54.7201888 ] ], [ [ 55.9379992, 54.7201888 ], [ 55.9370949, 54.7203279 ] ], [ [ 55.9379992, 54.7201888 ], [ 55.9381916, 54.7201527 ] ], [ [ 55.9472251, 54.7261344 ], [ 55.9474304, 54.7261015 ] ], [ [ 55.9472251, 54.7261344 ], [ 55.9459398, 54.7263406 ] ], [ [ 55.9459398, 54.7263406 ], [ 55.9472251, 54.7261344 ] ], [ [ 55.9459398, 54.7263406 ], [ 55.9456208, 54.7263917 ] ], [ [ 55.9456208, 54.7263917 ], [ 55.9459398, 54.7263406 ] ], [ [ 55.9456208, 54.7263917 ], [ 55.9453504, 54.7264351 ] ], [ [ 55.9453504, 54.7264351 ], [ 55.9456208, 54.7263917 ] ], [ [ 55.9453504, 54.7264351 ], [ 55.945184, 54.7264618 ] ], [ [ 55.945184, 54.7264618 ], [ 55.9453504, 54.7264351 ] ], [ [ 55.945184, 54.7264618 ], [ 55.9446249, 54.7265515 ] ], [ [ 55.9446249, 54.7265515 ], [ 55.945184, 54.7264618 ] ], [ [ 55.9446249, 54.7265515 ], [ 55.9444974, 54.7265719 ] ], [ [ 55.9530726, 54.7252148 ], [ 55.9533569, 54.7251709 ] ], [ [ 55.9530726, 54.7252148 ], [ 55.9518181, 54.7254126 ] ], [ [ 55.9518181, 54.7254126 ], [ 55.9530726, 54.7252148 ] ], [ [ 55.9518181, 54.7254126 ], [ 55.950417, 54.7256326 ] ], [ [ 55.950417, 54.7256326 ], [ 55.9518181, 54.7254126 ] ], [ [ 55.950417, 54.7256326 ], [ 55.9495431, 54.7257698 ] ], [ [ 55.9495431, 54.7257698 ], [ 55.950417, 54.7256326 ] ], [ [ 55.9495431, 54.7257698 ], [ 55.9494536, 54.7257838 ] ], [ [ 55.9494536, 54.7257838 ], [ 55.9495431, 54.7257698 ] ], [ [ 55.9494536, 54.7257838 ], [ 55.9484346, 54.7259438 ] ], [ [ 55.9484346, 54.7259438 ], [ 55.9494536, 54.7257838 ] ], [ [ 55.9484346, 54.7259438 ], [ 55.9476377, 54.726069 ] ], [ [ 55.9476377, 54.726069 ], [ 55.9484346, 54.7259438 ] ], [ [ 55.9476377, 54.726069 ], [ 55.9474304, 54.7261015 ] ], [ [ 55.9474745, 54.7261956 ], [ 55.9474304, 54.7261015 ] ], [ [ 55.9474745, 54.7261956 ], [ 55.9477333, 54.7267474 ] ], [ [ 55.9477333, 54.7267474 ], [ 55.9474745, 54.7261956 ] ], [ [ 55.9477333, 54.7267474 ], [ 55.9485377, 54.7284623 ] ], [ [ 55.9485377, 54.7284623 ], [ 55.9477333, 54.7267474 ] ], [ [ 55.9485377, 54.7284623 ], [ 55.9485787, 54.7285496 ] ], [ [ 55.953457, 54.7253181 ], [ 55.9533569, 54.7251709 ] ], [ [ 55.953457, 54.7253181 ], [ 55.9537312, 54.7258476 ] ], [ [ 55.9537312, 54.7258476 ], [ 55.953457, 54.7253181 ] ], [ [ 55.9537312, 54.7258476 ], [ 55.9539376, 54.7262688 ] ], [ [ 55.9539376, 54.7262688 ], [ 55.9537312, 54.7258476 ] ], [ [ 55.9539376, 54.7262688 ], [ 55.9541405, 54.7266828 ] ], [ [ 55.9541405, 54.7266828 ], [ 55.9539376, 54.7262688 ] ], [ [ 55.9541405, 54.7266828 ], [ 55.9545266, 54.7275146 ] ], [ [ 55.9545266, 54.7275146 ], [ 55.9541405, 54.7266828 ] ], [ [ 55.9545266, 54.7275146 ], [ 55.954573, 54.7276147 ] ], [ [ 55.9558159, 54.724793 ], [ 55.9560039, 54.7247641 ] ], [ [ 55.9558159, 54.724793 ], [ 55.9556363, 54.7248206 ] ], [ [ 55.9556363, 54.7248206 ], [ 55.9558159, 54.724793 ] ], [ [ 55.9556363, 54.7248206 ], [ 55.9553373, 54.7248665 ] ], [ [ 55.9553373, 54.7248665 ], [ 55.9556363, 54.7248206 ] ], [ [ 55.9553373, 54.7248665 ], [ 55.954616, 54.7249774 ] ], [ [ 55.954616, 54.7249774 ], [ 55.9553373, 54.7248665 ] ], [ [ 55.954616, 54.7249774 ], [ 55.9540739, 54.7250607 ] ], [ [ 55.9540739, 54.7250607 ], [ 55.954616, 54.7249774 ] ], [ [ 55.9540739, 54.7250607 ], [ 55.9536343, 54.7251284 ] ], [ [ 55.9536343, 54.7251284 ], [ 55.9540739, 54.7250607 ] ], [ [ 55.9536343, 54.7251284 ], [ 55.9533569, 54.7251709 ] ], [ [ 55.9550898, 54.7286555 ], [ 55.9552005, 54.7288784 ] ], [ [ 55.9550898, 54.7286555 ], [ 55.954671041728332, 54.727812227967227 ] ], [ [ 55.9552005, 54.7288784 ], [ 55.9550898, 54.7286555 ] ], [ [ 55.9552005, 54.7288784 ], [ 55.9554423, 54.7293653 ] ], [ [ 55.9554423, 54.7293653 ], [ 55.955376017635338, 54.729231830672646 ] ], [ [ 55.9554423, 54.7293653 ], [ 55.955508580601247, 54.729498769721637 ] ], [ [ 55.9456395, 54.7290361 ], [ 55.9454184, 54.7290721 ] ], [ [ 55.9456395, 54.7290361 ], [ 55.9457916, 54.7290102 ] ], [ [ 55.9454184, 54.7290721 ], [ 55.9456395, 54.7290361 ] ], [ [ 55.9454184, 54.7290721 ], [ 55.9442147, 54.7292683 ] ], [ [ 55.9442147, 54.7292683 ], [ 55.9454184, 54.7290721 ] ], [ [ 55.9442147, 54.7292683 ], [ 55.9440573, 54.7292939 ] ], [ [ 55.9440573, 54.7292939 ], [ 55.9442147, 54.7292683 ] ], [ [ 55.9440573, 54.7292939 ], [ 55.9439493, 54.7293115 ] ], [ [ 55.9439493, 54.7293115 ], [ 55.9440573, 54.7292939 ] ], [ [ 55.9439493, 54.7293115 ], [ 55.9428447, 54.7294915 ] ], [ [ 55.9428447, 54.7294915 ], [ 55.9439493, 54.7293115 ] ], [ [ 55.9428447, 54.7294915 ], [ 55.9426289, 54.7295267 ] ], [ [ 55.948361, 54.7285856 ], [ 55.9485787, 54.7285496 ] ], [ [ 55.948361, 54.7285856 ], [ 55.9479746, 54.7286494 ] ], [ [ 55.9479746, 54.7286494 ], [ 55.948361, 54.7285856 ] ], [ [ 55.9479746, 54.7286494 ], [ 55.9475756, 54.7287154 ] ], [ [ 55.9475756, 54.7287154 ], [ 55.9479746, 54.7286494 ] ], [ [ 55.9475756, 54.7287154 ], [ 55.947296260095136, 54.728761552162098 ] ], [ [ 55.946885, 54.7288295 ], [ 55.947296260095136, 54.728761552162098 ] ], [ [ 55.946885, 54.7288295 ], [ 55.9457916, 54.7290102 ] ], [ [ 55.9457916, 54.7290102 ], [ 55.946885, 54.7288295 ] ], [ [ 55.9457916, 54.7290102 ], [ 55.9456395, 54.7290361 ] ], [ [ 55.9424414, 54.7295564 ], [ 55.9426289, 54.7295267 ] ], [ [ 55.9424414, 54.7295564 ], [ 55.9420568, 54.7296173 ] ], [ [ 55.9420568, 54.7296173 ], [ 55.9424414, 54.7295564 ] ], [ [ 55.9420568, 54.7296173 ], [ 55.9410019, 54.7297845 ] ], [ [ 55.9410019, 54.7297845 ], [ 55.9420568, 54.7296173 ] ], [ [ 55.9410019, 54.7297845 ], [ 55.9407725, 54.7298208 ] ], [ [ 55.9407725, 54.7298208 ], [ 55.9410019, 54.7297845 ] ], [ [ 55.9407725, 54.7298208 ], [ 55.9398726, 54.7299634 ] ], [ [ 55.9398726, 54.7299634 ], [ 55.9407725, 54.7298208 ] ], [ [ 55.9398726, 54.7299634 ], [ 55.9397163, 54.7299882 ] ], [ [ 55.9397163, 54.7299882 ], [ 55.9398726, 54.7299634 ] ], [ [ 55.9397163, 54.7299882 ], [ 55.9395072, 54.7300234 ] ], [ [ 55.9416255, 54.7197086 ], [ 55.94447864566758, 54.719267660806679 ] ], [ [ 55.9416255, 54.7197086 ], [ 55.9412889, 54.7197606 ] ], [ [ 55.9412889, 54.7197606 ], [ 55.9416255, 54.7197086 ] ], [ [ 55.9412889, 54.7197606 ], [ 55.9410411, 54.7197989 ] ], [ [ 55.9348254, 54.7334868 ], [ 55.934290062422818, 54.733574747845161 ] ], [ [ 55.9348254, 54.7334868 ], [ 55.934961, 54.7334645 ] ], [ [ 55.934961, 54.7334645 ], [ 55.9348254, 54.7334868 ] ], [ [ 55.934961, 54.7334645 ], [ 55.9350775, 54.7334453 ] ], [ [ 55.9350775, 54.7334453 ], [ 55.934961, 54.7334645 ] ], [ [ 55.9350775, 54.7334453 ], [ 55.9356237, 54.7333556 ] ], [ [ 55.9356237, 54.7333556 ], [ 55.9350775, 54.7334453 ] ], [ [ 55.9356237, 54.7333556 ], [ 55.9367069, 54.7331776 ] ], [ [ 55.9367069, 54.7331776 ], [ 55.9356237, 54.7333556 ] ], [ [ 55.9367069, 54.7331776 ], [ 55.9373234, 54.7330763 ] ], [ [ 55.9373234, 54.7330763 ], [ 55.9367069, 54.7331776 ] ], [ [ 55.9373234, 54.7330763 ], [ 55.9376869, 54.7330166 ] ], [ [ 55.9376869, 54.7330166 ], [ 55.9373234, 54.7330763 ] ], [ [ 55.9376869, 54.7330166 ], [ 55.9378278, 54.7329935 ] ], [ [ 55.9378278, 54.7329935 ], [ 55.9376869, 54.7330166 ] ], [ [ 55.9378278, 54.7329935 ], [ 55.9378748, 54.7330973 ] ], [ [ 55.9378278, 54.7329935 ], [ 55.9377679, 54.7328605 ] ], [ [ 55.9441596, 54.732778 ], [ 55.944140458970629, 54.732763918542091 ] ], [ [ 55.9441596, 54.732778 ], [ 55.9442321, 54.7328574 ] ], [ [ 55.9440654, 54.7327087 ], [ 55.944140458970629, 54.732763918542091 ] ], [ [ 55.9440654, 54.7327087 ], [ 55.9438087, 54.7325723 ] ], [ [ 55.9438087, 54.7325723 ], [ 55.9440654, 54.7327087 ] ], [ [ 55.9438087, 54.7325723 ], [ 55.943516, 54.7324398 ] ], [ [ 55.943516, 54.7324398 ], [ 55.9438087, 54.7325723 ] ], [ [ 55.943516, 54.7324398 ], [ 55.9434258, 54.7323806 ] ], [ [ 55.9534858, 54.7224762 ], [ 55.955768379931371, 54.721270953797976 ] ], [ [ 55.9534858, 54.7224762 ], [ 55.9518171, 54.723367 ] ], [ [ 55.9518171, 54.723367 ], [ 55.9534858, 54.7224762 ] ], [ [ 55.9518171, 54.723367 ], [ 55.9516168, 54.7234743 ] ], [ [ 55.9577642, 54.7271201 ], [ 55.957844786886632, 54.727107559862027 ] ], [ [ 55.9577642, 54.7271201 ], [ 55.957683593488596, 54.727132597884584 ] ], [ [ 55.957681, 54.727133 ], [ 55.9577642, 54.7271201 ] ], [ [ 55.957681, 54.727133 ], [ 55.9575317, 54.7271561 ] ], [ [ 55.9575317, 54.7271561 ], [ 55.957681, 54.727133 ] ], [ [ 55.9575317, 54.7271561 ], [ 55.9574094, 54.7271753 ] ], [ [ 55.9574094, 54.7271753 ], [ 55.9575317, 54.7271561 ] ], [ [ 55.9574094, 54.7271753 ], [ 55.956973874868105, 54.727242746231404 ] ], [ [ 55.9560159, 54.7273911 ], [ 55.9574094, 54.7271753 ] ], [ [ 55.9560159, 54.7273911 ], [ 55.9548038, 54.7275789 ] ], [ [ 55.9548038, 54.7275789 ], [ 55.9560159, 54.7273911 ] ], [ [ 55.9548038, 54.7275789 ], [ 55.954573, 54.7276147 ] ], [ [ 55.9466295, 54.7367093 ], [ 55.946889792360864, 54.736668232590127 ] ], [ [ 55.9466295, 54.7367093 ], [ 55.946369189375233, 54.736750330373567 ] ], [ [ 55.9379513, 54.7332584 ], [ 55.938745643946973, 54.73505426558296 ] ], [ [ 55.9379513, 54.7332584 ], [ 55.9378748, 54.7330973 ] ], [ [ 55.9378748, 54.7330973 ], [ 55.9379513, 54.7332584 ] ], [ [ 55.9378748, 54.7330973 ], [ 55.9378278, 54.7329935 ] ], [ [ 55.9377679, 54.7328605 ], [ 55.9378278, 54.7329935 ] ], [ [ 55.9377679, 54.7328605 ], [ 55.9374535, 54.73216 ] ], [ [ 55.9374535, 54.73216 ], [ 55.9377679, 54.7328605 ] ], [ [ 55.9374535, 54.73216 ], [ 55.9372582, 54.7317465 ] ], [ [ 55.9372582, 54.7317465 ], [ 55.9374535, 54.73216 ] ], [ [ 55.9372582, 54.7317465 ], [ 55.9371934, 54.7315984 ] ], [ [ 55.9371934, 54.7315984 ], [ 55.9372582, 54.7317465 ] ], [ [ 55.9371934, 54.7315984 ], [ 55.9367273, 54.7306456 ] ], [ [ 55.9367273, 54.7306456 ], [ 55.9371934, 54.7315984 ] ], [ [ 55.9367273, 54.7306456 ], [ 55.9366575, 54.7305029 ] ], [ [ 55.9366001, 54.7303856 ], [ 55.9366575, 54.7305029 ] ], [ [ 55.9366001, 54.7303856 ], [ 55.9363146, 54.7298018 ] ], [ [ 55.9363146, 54.7298018 ], [ 55.9366001, 54.7303856 ] ], [ [ 55.9363146, 54.7298018 ], [ 55.9355487, 54.7281749 ] ], [ [ 55.9355487, 54.7281749 ], [ 55.9363146, 54.7298018 ] ], [ [ 55.9355487, 54.7281749 ], [ 55.9354984, 54.7280919 ] ], [ [ 55.9354532, 54.7279892 ], [ 55.9354984, 54.7280919 ] ], [ [ 55.9354532, 54.7279892 ], [ 55.934733, 54.7264172 ] ], [ [ 55.934733, 54.7264172 ], [ 55.9354532, 54.7279892 ] ], [ [ 55.934733, 54.7264172 ], [ 55.9347272, 54.7263606 ] ], [ [ 55.934733, 54.7264172 ], [ 55.9346695, 54.7263706 ] ], [ [ 55.944438, 54.7332217 ], [ 55.9444578, 54.7332659 ] ], [ [ 55.944438, 54.7332217 ], [ 55.944351, 54.7330414 ] ], [ [ 55.944351, 54.7330414 ], [ 55.944438, 54.7332217 ] ], [ [ 55.944351, 54.7330414 ], [ 55.9442872, 54.7329339 ] ], [ [ 55.9442872, 54.7329339 ], [ 55.944351, 54.7330414 ] ], [ [ 55.9442872, 54.7329339 ], [ 55.9442321, 54.7328574 ] ], [ [ 55.9442321, 54.7328574 ], [ 55.9442872, 54.7329339 ] ], [ [ 55.9442321, 54.7328574 ], [ 55.9441596, 54.732778 ] ], [ [ 55.9450367, 54.7369115 ], [ 55.945274697903919, 54.73683791998473 ] ], [ [ 55.9450367, 54.7369115 ], [ 55.944775858503142, 54.73695148715079 ] ], [ [ 55.9450367, 54.7369115 ], [ 55.945297535170354, 54.736871502097074 ] ], [ [ 55.9453925, 54.7368015 ], [ 55.9450367, 54.7369115 ] ], [ [ 55.9453925, 54.7368015 ], [ 55.9458235, 54.7366225 ] ], [ [ 55.9458235, 54.7366225 ], [ 55.9453925, 54.7368015 ] ], [ [ 55.9458235, 54.7366225 ], [ 55.9458821, 54.7365523 ] ], [ [ 55.9458821, 54.7365523 ], [ 55.9458235, 54.7366225 ] ], [ [ 55.9458821, 54.7365523 ], [ 55.9459437, 54.7364555 ] ], [ [ 55.9395072, 54.7300234 ], [ 55.9397163, 54.7299882 ] ], [ [ 55.9395072, 54.7300234 ], [ 55.938446, 54.730202 ] ], [ [ 55.938446, 54.730202 ], [ 55.9395072, 54.7300234 ] ], [ [ 55.938446, 54.730202 ], [ 55.9384042, 54.730209 ] ], [ [ 55.9384042, 54.730209 ], [ 55.938446, 54.730202 ] ], [ [ 55.9384042, 54.730209 ], [ 55.9377028, 54.730327 ] ], [ [ 55.9377028, 54.730327 ], [ 55.9384042, 54.730209 ] ], [ [ 55.9377028, 54.730327 ], [ 55.9376712, 54.7303323 ] ], [ [ 55.9376712, 54.7303323 ], [ 55.9377028, 54.730327 ] ], [ [ 55.9376712, 54.7303323 ], [ 55.9369854, 54.7304477 ] ], [ [ 55.9369854, 54.7304477 ], [ 55.9376712, 54.7303323 ] ], [ [ 55.9369854, 54.7304477 ], [ 55.9368519, 54.7304702 ] ], [ [ 55.9368519, 54.7304702 ], [ 55.9369854, 54.7304477 ] ], [ [ 55.9368519, 54.7304702 ], [ 55.9367487, 54.7304876 ] ], [ [ 55.9368519, 54.7304702 ], [ 55.9367954, 54.7303527 ] ], [ [ 55.9368519, 54.7304702 ], [ 55.9369212, 54.7306141 ] ], [ [ 55.9367487, 54.7304876 ], [ 55.9368519, 54.7304702 ] ], [ [ 55.9367487, 54.7304876 ], [ 55.9367091, 54.7304942 ] ], [ [ 55.9367091, 54.7304942 ], [ 55.9367487, 54.7304876 ] ], [ [ 55.9367091, 54.7304942 ], [ 55.9366575, 54.7305029 ] ], [ [ 55.9463784, 54.7238787 ], [ 55.9462959, 54.7237073 ] ], [ [ 55.9463784, 54.7238787 ], [ 55.9465387, 54.7242117 ] ], [ [ 55.9465387, 54.7242117 ], [ 55.9463784, 54.7238787 ] ], [ [ 55.9465387, 54.7242117 ], [ 55.9466287, 54.724396 ] ], [ [ 55.9546387, 54.7277471 ], [ 55.954573, 54.7276147 ] ], [ [ 55.9546387, 54.7277471 ], [ 55.9550898, 54.7286555 ] ], [ [ 55.9459125, 54.7367772 ], [ 55.945082692997865, 54.736904447180159 ] ], [ [ 55.9459125, 54.7367772 ], [ 55.9460656, 54.7367237 ] ], [ [ 55.9365805, 54.7299066 ], [ 55.9367954, 54.7303527 ] ], [ [ 55.9365805, 54.7299066 ], [ 55.9363641, 54.7294001 ] ], [ [ 55.9367954, 54.7303527 ], [ 55.9365805, 54.7299066 ] ], [ [ 55.9367954, 54.7303527 ], [ 55.9368519, 54.7304702 ] ], [ [ 55.9369212, 54.7306141 ], [ 55.9368519, 54.7304702 ] ], [ [ 55.9369212, 54.7306141 ], [ 55.9373806, 54.7315668 ] ], [ [ 55.9373806, 54.7315668 ], [ 55.9369212, 54.7306141 ] ], [ [ 55.9373806, 54.7315668 ], [ 55.93796, 54.7328263 ] ], [ [ 55.93796, 54.7328263 ], [ 55.9373806, 54.7315668 ] ], [ [ 55.93796, 54.7328263 ], [ 55.9380239, 54.7329562 ] ], [ [ 55.9380239, 54.7329562 ], [ 55.93796, 54.7328263 ] ], [ [ 55.9380239, 54.7329562 ], [ 55.9380637, 54.733047 ] ], [ [ 55.9380637, 54.733047 ], [ 55.9380239, 54.7329562 ] ], [ [ 55.9380637, 54.733047 ], [ 55.939008695053289, 54.735131728998901 ] ], [ [ 55.9348941, 54.7263885 ], [ 55.9351821, 54.7269711 ] ], [ [ 55.9348941, 54.7263885 ], [ 55.9347192, 54.7262851 ] ], [ [ 55.9351821, 54.7269711 ], [ 55.9348941, 54.7263885 ] ], [ [ 55.9351821, 54.7269711 ], [ 55.9356503, 54.7279582 ] ], [ [ 55.9356503, 54.7279582 ], [ 55.9351821, 54.7269711 ] ], [ [ 55.9356503, 54.7279582 ], [ 55.935693, 54.7280582 ] ], [ [ 55.9357351, 54.728143 ], [ 55.935693, 54.7280582 ] ], [ [ 55.9357351, 54.728143 ], [ 55.9362054, 54.7290957 ] ], [ [ 55.9362054, 54.7290957 ], [ 55.9357351, 54.728143 ] ], [ [ 55.9362054, 54.7290957 ], [ 55.9363641, 54.7294001 ] ], [ [ 55.9363641, 54.7294001 ], [ 55.9362054, 54.7290957 ] ], [ [ 55.9363641, 54.7294001 ], [ 55.9365805, 54.7299066 ] ], [ [ 55.9347192, 54.7262851 ], [ 55.9348941, 54.7263885 ] ], [ [ 55.9347192, 54.7262851 ], [ 55.9347251, 54.7263408 ] ], [ [ 55.9347192, 54.7262851 ], [ 55.9346679, 54.7261678 ] ], [ [ 55.9347272, 54.7263606 ], [ 55.934733, 54.7264172 ] ], [ [ 55.9347272, 54.7263606 ], [ 55.9347251, 54.7263408 ] ], [ [ 55.9347251, 54.7263408 ], [ 55.9347272, 54.7263606 ] ], [ [ 55.9347251, 54.7263408 ], [ 55.9347192, 54.7262851 ] ], [ [ 55.9346695, 54.7263706 ], [ 55.934733, 54.7264172 ] ], [ [ 55.9346695, 54.7263706 ], [ 55.9345958, 54.7263472 ] ], [ [ 55.9345958, 54.7263472 ], [ 55.9346695, 54.7263706 ] ], [ [ 55.9345958, 54.7263472 ], [ 55.9344835, 54.7263554 ] ], [ [ 55.9344835, 54.7263554 ], [ 55.9345958, 54.7263472 ] ], [ [ 55.9344835, 54.7263554 ], [ 55.9328533, 54.7266127 ] ], [ [ 55.9328533, 54.7266127 ], [ 55.9344835, 54.7263554 ] ], [ [ 55.9328533, 54.7266127 ], [ 55.9319442, 54.7267523 ] ], [ [ 55.9319442, 54.7267523 ], [ 55.9328533, 54.7266127 ] ], [ [ 55.9319442, 54.7267523 ], [ 55.9316885, 54.7267916 ] ], [ [ 55.9316885, 54.7267916 ], [ 55.9319442, 54.7267523 ] ], [ [ 55.9316885, 54.7267916 ], [ 55.9303451, 54.7270042 ] ], [ [ 55.9303451, 54.7270042 ], [ 55.9316885, 54.7267916 ] ], [ [ 55.9303451, 54.7270042 ], [ 55.9297048, 54.7270938 ] ], [ [ 55.9297048, 54.7270938 ], [ 55.9303451, 54.7270042 ] ], [ [ 55.9297048, 54.7270938 ], [ 55.9290356, 54.7271962 ] ], [ [ 55.9290356, 54.7271962 ], [ 55.9297048, 54.7270938 ] ], [ [ 55.9290356, 54.7271962 ], [ 55.9288571, 54.7272265 ] ], [ [ 55.9285809, 54.7272694 ], [ 55.9288571, 54.7272265 ] ], [ [ 55.9285809, 54.7272694 ], [ 55.9282309, 54.7273218 ] ], [ [ 55.9282309, 54.7273218 ], [ 55.9285809, 54.7272694 ] ], [ [ 55.9282309, 54.7273218 ], [ 55.927529, 54.7274324 ] ], [ [ 55.927529, 54.7274324 ], [ 55.9282309, 54.7273218 ] ], [ [ 55.927529, 54.7274324 ], [ 55.9259008, 54.727689 ] ], [ [ 55.9259008, 54.727689 ], [ 55.926172212638896, 54.727646226088233 ] ], [ [ 55.9535268, 54.7225062 ], [ 55.955775320627062, 54.721318594192454 ] ], [ [ 55.9535268, 54.7225062 ], [ 55.9518368, 54.7233888 ] ], [ [ 55.9518368, 54.7233888 ], [ 55.9535268, 54.7225062 ] ], [ [ 55.9518368, 54.7233888 ], [ 55.9516389, 54.7234952 ] ], [ [ 55.9434258, 54.7323806 ], [ 55.943516, 54.7324398 ] ], [ [ 55.9434258, 54.7323806 ], [ 55.9433619, 54.7323296 ] ], [ [ 55.9433619, 54.7323296 ], [ 55.9434258, 54.7323806 ] ], [ [ 55.9433619, 54.7323296 ], [ 55.9433091, 54.7322823 ] ], [ [ 55.9433091, 54.7322823 ], [ 55.9433619, 54.7323296 ] ], [ [ 55.9433091, 54.7322823 ], [ 55.9432394, 54.7322089 ] ], [ [ 55.9432394, 54.7322089 ], [ 55.9433091, 54.7322823 ] ], [ [ 55.9432394, 54.7322089 ], [ 55.9432007, 54.7321349 ] ], [ [ 55.9432007, 54.7321349 ], [ 55.9432394, 54.7322089 ] ], [ [ 55.9432007, 54.7321349 ], [ 55.9431646, 54.7320621 ] ], [ [ 55.9431646, 54.7320621 ], [ 55.9432007, 54.7321349 ] ], [ [ 55.9431646, 54.7320621 ], [ 55.9431504, 54.7320018 ] ], [ [ 55.9431504, 54.7320018 ], [ 55.9431646, 54.7320621 ] ], [ [ 55.9431504, 54.7320018 ], [ 55.9431336, 54.7319288 ] ], [ [ 55.9431336, 54.7319288 ], [ 55.9431504, 54.7320018 ] ], [ [ 55.9431336, 54.7319288 ], [ 55.9431338, 54.7318497 ] ], [ [ 55.9431338, 54.7318497 ], [ 55.9431336, 54.7319288 ] ], [ [ 55.9431338, 54.7318497 ], [ 55.9431587, 54.7317574 ] ], [ [ 55.9431587, 54.7317574 ], [ 55.9431338, 54.7318497 ] ], [ [ 55.9431587, 54.7317574 ], [ 55.9432184, 54.7316422 ] ], [ [ 55.9432184, 54.7316422 ], [ 55.9431587, 54.7317574 ] ], [ [ 55.9432184, 54.7316422 ], [ 55.943273018424343, 54.731539119563301 ] ], [ [ 55.9432876, 54.7315116 ], [ 55.943273018424343, 54.731539119563301 ] ], [ [ 55.9432876, 54.7315116 ], [ 55.9433682, 54.7313629 ] ], [ [ 55.9433682, 54.7313629 ], [ 55.9432876, 54.7315116 ] ], [ [ 55.9433682, 54.7313629 ], [ 55.943393, 54.7312998 ] ], [ [ 55.943393, 54.7312998 ], [ 55.9433682, 54.7313629 ] ], [ [ 55.943393, 54.7312998 ], [ 55.9434025, 54.7312191 ] ], [ [ 55.9434025, 54.7312191 ], [ 55.943393, 54.7312998 ] ], [ [ 55.9434025, 54.7312191 ], [ 55.943384, 54.73114 ] ], [ [ 55.943384, 54.73114 ], [ 55.9434025, 54.7312191 ] ], [ [ 55.943384, 54.73114 ], [ 55.9433582, 54.7310497 ] ], [ [ 55.9433582, 54.7310497 ], [ 55.943384, 54.73114 ] ], [ [ 55.9433582, 54.7310497 ], [ 55.9430462, 54.7303983 ] ], [ [ 55.9430462, 54.7303983 ], [ 55.9433582, 54.7310497 ] ], [ [ 55.9430462, 54.7303983 ], [ 55.9427615, 54.7298004 ] ], [ [ 55.9427615, 54.7298004 ], [ 55.9430462, 54.7303983 ] ], [ [ 55.9427615, 54.7298004 ], [ 55.9426779, 54.729629 ] ], [ [ 55.9426779, 54.729629 ], [ 55.9427615, 54.7298004 ] ], [ [ 55.9426779, 54.729629 ], [ 55.9426289, 54.7295267 ] ], [ [ 55.9462629, 54.7366368 ], [ 55.947021045680877, 54.736509661279939 ] ], [ [ 55.9462629, 54.7366368 ], [ 55.9460656, 54.7367237 ] ], [ [ 55.929747, 54.7292135 ], [ 55.9296947, 54.7290974 ] ], [ [ 55.929747, 54.7292135 ], [ 55.9299017, 54.7295572 ] ], [ [ 55.947296260095136, 54.728761552162098 ], [ 55.9475756, 54.7287154 ] ], [ [ 55.947296260095136, 54.728761552162098 ], [ 55.946885, 54.7288295 ] ], [ [ 55.942150986791773, 54.726947161417847 ], [ 55.9430264, 54.7268078 ] ], [ [ 55.942150986791773, 54.726947161417847 ], [ 55.9416947, 54.7270198 ] ], [ [ 55.950532996577586, 54.733527034666984 ], [ 55.950266008899597, 54.733572913141231 ] ], [ [ 55.950532996577586, 54.733527034666984 ], [ 55.9507072, 54.7334971 ] ], [ [ 55.944140458970629, 54.732763918542091 ], [ 55.9441596, 54.732778 ] ], [ [ 55.944140458970629, 54.732763918542091 ], [ 55.9440654, 54.7327087 ] ], [ [ 55.943273018424343, 54.731539119563301 ], [ 55.9432184, 54.7316422 ] ], [ [ 55.943273018424343, 54.731539119563301 ], [ 55.9432876, 54.7315116 ] ], [ [ 55.95075453643976, 54.730907740582957 ], [ 55.9505214, 54.7309487 ] ], [ [ 55.95075453643976, 54.730907740582957 ], [ 55.9514617, 54.7307835 ] ] ] } },
{ "type": "Feature", "properties": { "full_id": "n10914386199", "osm_id": "10914386199", "osm_type": "node", "amenity": "community_centre", "entrance": null, "full_name": null, "community_centre": null, "check_date": "2023-05-20", "operator": null, "contact:phone": null, "opening_hours": null, "name": "Аврора", "type": "lines", "start": "55.995274, 54.6962703" }, "geometry": { "type": "MultiLineString", "coordinates": [ [ [ 55.9938373, 54.6976545 ], [ 55.9939667, 54.6976133 ] ], [ [ 55.9938373, 54.6976545 ], [ 55.9936607, 54.6974087 ] ], [ [ 55.9938373, 54.6976545 ], [ 55.9939211, 54.6977563 ] ], [ [ 55.9938373, 54.6976545 ], [ 55.9936544, 54.6977024 ] ], [ [ 55.9939667, 54.6976133 ], [ 55.9938373, 54.6976545 ] ], [ [ 55.9939667, 54.6976133 ], [ 55.9943088, 54.6975023 ] ], [ [ 55.9943088, 54.6975023 ], [ 55.9939667, 54.6976133 ] ], [ [ 55.9943088, 54.6975023 ], [ 55.9945841, 54.6973865 ] ], [ [ 55.9945841, 54.6973865 ], [ 55.9943088, 54.6975023 ] ], [ [ 55.9945841, 54.6973865 ], [ 55.9947345, 54.6973042 ] ], [ [ 55.9947345, 54.6973042 ], [ 55.9945841, 54.6973865 ] ], [ [ 55.9947345, 54.6973042 ], [ 55.9945149, 54.6975308 ] ], [ [ 55.9947345, 54.6973042 ], [ 55.9949651, 54.697178 ] ], [ [ 56.0020829, 54.6929974 ], [ 56.002184, 54.6930724 ] ], [ [ 56.0020829, 54.6929974 ], [ 56.0019972, 54.6929327 ] ], [ [ 56.0020829, 54.6929974 ], [ 56.0019748, 54.6930609 ] ], [ [ 56.002184, 54.6930724 ], [ 56.0020829, 54.6929974 ] ], [ [ 56.002184, 54.6930724 ], [ 56.0033631, 54.693947 ] ], [ [ 56.0033631, 54.693947 ], [ 56.002184, 54.6930724 ] ], [ [ 56.0033631, 54.693947 ], [ 56.0034234, 54.6939911 ] ], [ [ 56.0034234, 54.6939911 ], [ 56.0033631, 54.693947 ] ], [ [ 56.0034234, 54.6939911 ], [ 56.0038794, 54.69433 ] ], [ [ 56.0038794, 54.69433 ], [ 56.0034234, 54.6939911 ] ], [ [ 56.0038794, 54.69433 ], [ 56.0039948, 54.6944155 ] ], [ [ 56.0039948, 54.6944155 ], [ 56.0038794, 54.69433 ] ], [ [ 56.0039948, 54.6944155 ], [ 56.004663, 54.6948794 ] ], [ [ 56.004663, 54.6948794 ], [ 56.0039948, 54.6944155 ] ], [ [ 56.004663, 54.6948794 ], [ 56.0051258, 54.69521 ] ], [ [ 56.0051258, 54.69521 ], [ 56.004663, 54.6948794 ] ], [ [ 56.0051258, 54.69521 ], [ 56.0056799, 54.6956507 ] ], [ [ 56.0056799, 54.6956507 ], [ 56.0051258, 54.69521 ] ], [ [ 56.0056799, 54.6956507 ], [ 56.0060103, 54.6958965 ] ], [ [ 56.0060103, 54.6958965 ], [ 56.0056799, 54.6956507 ] ], [ [ 56.0060103, 54.6958965 ], [ 56.0061718, 54.6960239 ] ], [ [ 56.0061718, 54.6960239 ], [ 56.0060103, 54.6958965 ] ], [ [ 56.0061718, 54.6960239 ], [ 56.0064084, 54.69629 ] ], [ [ 56.0064084, 54.69629 ], [ 56.0061718, 54.6960239 ] ], [ [ 56.0064084, 54.69629 ], [ 56.0064953, 54.6964359 ] ], [ [ 56.0064953, 54.6964359 ], [ 56.0064084, 54.69629 ] ], [ [ 56.0064953, 54.6964359 ], [ 56.0065328, 54.6965325 ] ], [ [ 55.9925669, 54.7052194 ], [ 55.992694877954847, 54.705493604076615 ] ], [ [ 55.9925669, 54.7052194 ], [ 55.99243820537275, 54.704945308927677 ] ], [ [ 55.9922687, 54.7045843 ], [ 55.9925669, 54.7052194 ] ], [ [ 55.9922687, 54.7045843 ], [ 55.9922027, 54.7044505 ] ], [ [ 55.9922027, 54.7044505 ], [ 55.9922687, 54.7045843 ] ], [ [ 55.9922027, 54.7044505 ], [ 55.9927621, 54.7043401 ] ], [ [ 55.9957744, 54.7063769 ], [ 55.9957037052232, 54.706392782194378 ] ], [ [ 55.9957744, 54.7063769 ], [ 55.995847860053473, 54.706366011069115 ] ], [ [ 55.9963222, 54.7062957 ], [ 55.9957744, 54.7063769 ] ], [ [ 55.9963222, 54.7062957 ], [ 55.996935666041274, 54.706187502950122 ] ], [ [ 55.9971415, 54.7061512 ], [ 55.9963222, 54.7062957 ] ], [ [ 55.9971415, 54.7061512 ], [ 55.9979432, 54.7060098 ] ], [ [ 55.9979432, 54.7060098 ], [ 55.9971415, 54.7061512 ] ], [ [ 55.9979432, 54.7060098 ], [ 55.9982264, 54.7059645 ] ], [ [ 55.9982264, 54.7059645 ], [ 55.9979432, 54.7060098 ] ], [ [ 55.9982264, 54.7059645 ], [ 55.9986407, 54.7068236 ] ], [ [ 55.9982264, 54.7059645 ], [ 55.9980282, 54.7055801 ] ], [ [ 56.0019972, 54.6929327 ], [ 56.0020829, 54.6929974 ] ], [ [ 56.0019972, 54.6929327 ], [ 56.0013325, 54.6924311 ] ], [ [ 56.0013325, 54.6924311 ], [ 56.0019972, 54.6929327 ] ], [ [ 56.0013325, 54.6924311 ], [ 56.0007373, 54.6920347 ] ], [ [ 56.0007373, 54.6920347 ], [ 56.0013325, 54.6924311 ] ], [ [ 56.0007373, 54.6920347 ], [ 56.0001949, 54.6917732 ] ], [ [ 56.0001949, 54.6917732 ], [ 56.0007373, 54.6920347 ] ], [ [ 56.0001949, 54.6917732 ], [ 56.0001599, 54.6917563 ] ], [ [ 56.0001599, 54.6917563 ], [ 56.0001949, 54.6917732 ] ], [ [ 56.0001599, 54.6917563 ], [ 55.9994997, 54.6914715 ] ], [ [ 55.9994997, 54.6914715 ], [ 56.0001599, 54.6917563 ] ], [ [ 55.9994997, 54.6914715 ], [ 55.9989872, 54.6911931 ] ], [ [ 55.9989872, 54.6911931 ], [ 55.9994997, 54.6914715 ] ], [ [ 55.9989872, 54.6911931 ], [ 55.9985452, 54.6908593 ] ], [ [ 55.9985452, 54.6908593 ], [ 55.9989872, 54.6911931 ] ], [ [ 55.9985452, 54.6908593 ], [ 55.9985246, 54.6908042 ] ], [ [ 55.9985246, 54.6908042 ], [ 55.9985452, 54.6908593 ] ], [ [ 55.9985246, 54.6908042 ], [ 55.9983425, 54.6903166 ] ], [ [ 55.9983425, 54.6903166 ], [ 55.9985246, 54.6908042 ] ], [ [ 55.9983425, 54.6903166 ], [ 55.9983218, 54.6902417 ] ], [ [ 55.9983218, 54.6902417 ], [ 55.9983425, 54.6903166 ] ], [ [ 55.9983218, 54.6902417 ], [ 55.9982905, 54.6901287 ] ], [ [ 55.9982905, 54.6901287 ], [ 55.9983218, 54.6902417 ] ], [ [ 55.9982905, 54.6901287 ], [ 55.998116, 54.6895605 ] ], [ [ 55.998116, 54.6895605 ], [ 55.9982905, 54.6901287 ] ], [ [ 55.998116, 54.6895605 ], [ 55.9978768, 54.6888164 ] ], [ [ 55.9978768, 54.6888164 ], [ 55.998116, 54.6895605 ] ], [ [ 55.9978768, 54.6888164 ], [ 55.9978165, 54.6886051 ] ], [ [ 56.003567, 54.7025095 ], [ 56.003677063985101, 54.702491497286154 ] ], [ [ 56.003567, 54.7025095 ], [ 56.003456935491563, 54.702527502415847 ] ], [ [ 56.0026328, 54.7026623 ], [ 56.003567, 54.7025095 ] ], [ [ 56.0026328, 54.7026623 ], [ 56.0021788, 54.7027366 ] ], [ [ 56.0021788, 54.7027366 ], [ 56.0026328, 54.7026623 ] ], [ [ 56.0021788, 54.7027366 ], [ 56.0017506, 54.7028066 ] ], [ [ 56.0017506, 54.7028066 ], [ 56.0021788, 54.7027366 ] ], [ [ 56.0017506, 54.7028066 ], [ 56.001522, 54.702844 ] ], [ [ 56.001522, 54.702844 ], [ 56.0017506, 54.7028066 ] ], [ [ 56.001522, 54.702844 ], [ 56.0001837, 54.7030629 ] ], [ [ 56.0001837, 54.7030629 ], [ 56.001522, 54.702844 ] ], [ [ 56.0001837, 54.7030629 ], [ 55.9974392, 54.7035119 ] ], [ [ 55.9974392, 54.7035119 ], [ 56.0001837, 54.7030629 ] ], [ [ 55.9974392, 54.7035119 ], [ 55.9970182, 54.7035807 ] ], [ [ 55.9970182, 54.7035807 ], [ 55.9974392, 54.7035119 ] ], [ [ 55.9970182, 54.7035807 ], [ 55.9970648, 54.7036768 ] ], [ [ 55.9970182, 54.7035807 ], [ 55.996752, 54.7036452 ] ], [ [ 55.9970182, 54.7035807 ], [ 55.9968712, 54.703288 ] ], [ [ 55.9909831, 54.6981444 ], [ 55.990905, 54.6980421 ] ], [ [ 55.9909831, 54.6981444 ], [ 55.9911002, 54.6981263 ] ], [ [ 55.9909831, 54.6981444 ], [ 55.990663, 54.6981996 ] ], [ [ 55.990905, 54.6980421 ], [ 55.9909831, 54.6981444 ] ], [ [ 55.990905, 54.6980421 ], [ 55.9908056, 54.697912 ] ], [ [ 55.9908056, 54.697912 ], [ 55.990905, 54.6980421 ] ], [ [ 55.9908056, 54.697912 ], [ 55.990765, 54.6978588 ] ], [ [ 55.990765, 54.6978588 ], [ 55.9908056, 54.697912 ] ], [ [ 55.990765, 54.6978588 ], [ 55.9903415, 54.6973044 ] ], [ [ 55.9903415, 54.6973044 ], [ 55.990765, 54.6978588 ] ], [ [ 55.9903415, 54.6973044 ], [ 55.9901164, 54.6970098 ] ], [ [ 55.9901164, 54.6970098 ], [ 55.9903415, 54.6973044 ] ], [ [ 55.9901164, 54.6970098 ], [ 55.9899614, 54.6968074 ] ], [ [ 55.9899614, 54.6968074 ], [ 55.9901164, 54.6970098 ] ], [ [ 55.9899614, 54.6968074 ], [ 55.9895922, 54.6963239 ] ], [ [ 55.9895922, 54.6963239 ], [ 55.9899614, 54.6968074 ] ], [ [ 55.9895922, 54.6963239 ], [ 55.9892516, 54.6958779 ] ], [ [ 55.9892516, 54.6958779 ], [ 55.9895922, 54.6963239 ] ], [ [ 55.9892516, 54.6958779 ], [ 55.9890286, 54.6955859 ] ], [ [ 55.9890286, 54.6955859 ], [ 55.9892516, 54.6958779 ] ], [ [ 55.9890286, 54.6955859 ], [ 55.9886176, 54.6950474 ] ], [ [ 55.9886176, 54.6950474 ], [ 55.9890286, 54.6955859 ] ], [ [ 55.9886176, 54.6950474 ], [ 55.9886017, 54.6950159 ] ], [ [ 55.9886017, 54.6950159 ], [ 55.9886176, 54.6950474 ] ], [ [ 55.9886017, 54.6950159 ], [ 55.9884694, 54.6947535 ] ], [ [ 55.9884694, 54.6947535 ], [ 55.9886017, 54.6950159 ] ], [ [ 55.9884694, 54.6947535 ], [ 55.9884586, 54.6944647 ] ], [ [ 55.9884586, 54.6944647 ], [ 55.9884694, 54.6947535 ] ], [ [ 55.9884586, 54.6944647 ], [ 55.9884268, 54.6932177 ] ], [ [ 55.9884268, 54.6932177 ], [ 55.9884586, 54.6944647 ] ], [ [ 55.9988246, 54.7071995 ], [ 55.998938939294234, 54.707430256705678 ] ], [ [ 55.9988246, 54.7071995 ], [ 55.9987602, 54.7070694 ] ], [ [ 55.9987602, 54.7070694 ], [ 55.9988246, 54.7071995 ] ], [ [ 55.9987602, 54.7070694 ], [ 55.9987387, 54.7070245 ] ], [ [ 55.9987387, 54.7070245 ], [ 55.9987602, 54.7070694 ] ], [ [ 55.9987387, 54.7070245 ], [ 55.9987092, 54.7069656 ] ], [ [ 55.9987092, 54.7069656 ], [ 55.9987387, 54.7070245 ] ], [ [ 55.9987092, 54.7069656 ], [ 55.9986407, 54.7068236 ] ], [ [ 55.9986407, 54.7068236 ], [ 55.9987092, 54.7069656 ] ], [ [ 55.9986407, 54.7068236 ], [ 55.998347724321235, 54.706216080314682 ] ], [ [ 55.9980282, 54.7055801 ], [ 55.9982264, 54.7059645 ] ], [ [ 55.9980282, 54.7055801 ], [ 55.9977528, 54.705047 ] ], [ [ 55.9977528, 54.705047 ], [ 55.9980282, 54.7055801 ] ], [ [ 55.9977528, 54.705047 ], [ 55.9971321, 54.703815 ] ], [ [ 55.9971321, 54.703815 ], [ 55.9977528, 54.705047 ] ], [ [ 55.9971321, 54.703815 ], [ 55.9970648, 54.7036768 ] ], [ [ 55.9970648, 54.7036768 ], [ 55.9971321, 54.703815 ] ], [ [ 55.9970648, 54.7036768 ], [ 55.9970182, 54.7035807 ] ], [ [ 56.0065328, 54.6965325 ], [ 56.0064953, 54.6964359 ] ], [ [ 56.0065328, 54.6965325 ], [ 56.0066101, 54.6967321 ] ], [ [ 56.0066101, 54.6967321 ], [ 56.0065328, 54.6965325 ] ], [ [ 56.0066101, 54.6967321 ], [ 56.0066938, 54.6970437 ] ], [ [ 56.0066938, 54.6970437 ], [ 56.0066101, 54.6967321 ] ], [ [ 56.0066938, 54.6970437 ], [ 56.0067103, 54.6974327 ] ], [ [ 56.0067103, 54.6974327 ], [ 56.0066938, 54.6970437 ] ], [ [ 56.0067103, 54.6974327 ], [ 56.0067273, 54.6977591 ] ], [ [ 56.0067273, 54.6977591 ], [ 56.006714516028858, 54.697513647754015 ] ], [ [ 56.0067273, 54.6977591 ], [ 56.0067285, 54.6979218 ] ], [ [ 56.0067285, 54.6979218 ], [ 56.006727888850762, 54.697838938348653 ] ], [ [ 56.0067285, 54.6979218 ], [ 56.006729647569529, 54.698004659736227 ] ], [ [ 55.996752, 54.7036452 ], [ 55.9970182, 54.7035807 ] ], [ [ 55.996752, 54.7036452 ], [ 55.9946788, 54.7039378 ] ], [ [ 55.9946788, 54.7039378 ], [ 55.996752, 54.7036452 ] ], [ [ 55.9946788, 54.7039378 ], [ 55.9944474, 54.7039846 ] ], [ [ 55.9944474, 54.7039846 ], [ 55.9946788, 54.7039378 ] ], [ [ 55.9944474, 54.7039846 ], [ 55.9941841, 54.7040362 ] ], [ [ 55.9941841, 54.7040362 ], [ 55.9944474, 54.7039846 ] ], [ [ 55.9941841, 54.7040362 ], [ 55.9927621, 54.7043401 ] ], [ [ 55.9927621, 54.7043401 ], [ 55.9941841, 54.7040362 ] ], [ [ 55.9927621, 54.7043401 ], [ 55.9922027, 54.7044505 ] ], [ [ 55.9936544, 54.6977024 ], [ 55.993274, 54.6977791 ] ], [ [ 55.9936544, 54.6977024 ], [ 55.9934421, 54.6974566 ] ], [ [ 55.9936544, 54.6977024 ], [ 55.9938373, 54.6976545 ] ], [ [ 55.9936544, 54.6977024 ], [ 55.9938033, 54.6978495 ] ], [ [ 55.993274, 54.6977791 ], [ 55.9936544, 54.6977024 ] ], [ [ 55.993274, 54.6977791 ], [ 55.9931356, 54.6978012 ] ], [ [ 55.993274, 54.6977791 ], [ 55.9934816, 54.6978058 ] ], [ [ 55.9931356, 54.6978012 ], [ 55.993274, 54.6977791 ] ], [ [ 55.9931356, 54.6978012 ], [ 55.9914463, 54.6980712 ] ], [ [ 55.9914463, 54.6980712 ], [ 55.9931356, 54.6978012 ] ], [ [ 55.9914463, 54.6980712 ], [ 55.9912415, 54.6981039 ] ], [ [ 55.9912415, 54.6981039 ], [ 55.9914463, 54.6980712 ] ], [ [ 55.9912415, 54.6981039 ], [ 55.9911002, 54.6981263 ] ], [ [ 55.9911002, 54.6981263 ], [ 55.9912415, 54.6981039 ] ], [ [ 55.9911002, 54.6981263 ], [ 55.9909831, 54.6981444 ] ], [ [ 55.9968712, 54.703288 ], [ 55.9970182, 54.7035807 ] ], [ [ 55.9968712, 54.703288 ], [ 55.9968377, 54.7032168 ] ], [ [ 55.9968377, 54.7032168 ], [ 55.9968712, 54.703288 ] ], [ [ 55.9968377, 54.7032168 ], [ 55.9961587, 54.7018899 ] ], [ [ 55.9961587, 54.7018899 ], [ 55.9968377, 54.7032168 ] ], [ [ 55.9961587, 54.7018899 ], [ 55.9961176, 54.7018134 ] ], [ [ 55.9961176, 54.7018134 ], [ 55.9961587, 54.7018899 ] ], [ [ 55.9961176, 54.7018134 ], [ 55.9958109, 54.7012313 ] ], [ [ 55.9958109, 54.7012313 ], [ 55.9961176, 54.7018134 ] ], [ [ 55.9958109, 54.7012313 ], [ 55.9956726, 54.7009404 ] ], [ [ 55.9956726, 54.7009404 ], [ 55.9958109, 54.7012313 ] ], [ [ 55.9956726, 54.7009404 ], [ 55.9954805, 54.7005335 ] ], [ [ 55.9954805, 54.7005335 ], [ 55.9956726, 54.7009404 ] ], [ [ 55.9954805, 54.7005335 ], [ 55.9952937, 54.7001431 ] ], [ [ 55.9952937, 54.7001431 ], [ 55.9954805, 54.7005335 ] ], [ [ 55.9952937, 54.7001431 ], [ 55.9951315, 54.699754 ] ], [ [ 55.9951315, 54.699754 ], [ 55.9952937, 54.7001431 ] ], [ [ 55.9951315, 54.699754 ], [ 55.9949577, 54.699266 ] ], [ [ 55.9949577, 54.699266 ], [ 55.9951315, 54.699754 ] ], [ [ 55.9949577, 54.699266 ], [ 55.9948973, 54.6991153 ] ], [ [ 55.9948973, 54.6991153 ], [ 55.9949577, 54.699266 ] ], [ [ 55.9948973, 54.6991153 ], [ 55.9949066, 54.6989621 ] ], [ [ 55.9948973, 54.6991153 ], [ 55.994754, 54.6989844 ] ], [ [ 55.985244, 54.6990926 ], [ 55.9851515, 54.6991089 ] ], [ [ 55.985244, 54.6990926 ], [ 55.9853472, 54.6990759 ] ], [ [ 55.9851515, 54.6991089 ], [ 55.985244, 54.6990926 ] ], [ [ 55.9851515, 54.6991089 ], [ 55.984885, 54.6991544 ] ], [ [ 55.984885, 54.6991544 ], [ 55.9851515, 54.6991089 ] ], [ [ 55.984885, 54.6991544 ], [ 55.9841394, 54.6992738 ] ], [ [ 55.9841394, 54.6992738 ], [ 55.984885, 54.6991544 ] ], [ [ 55.9841394, 54.6992738 ], [ 55.9840787, 54.6992834 ] ], [ [ 55.9840787, 54.6992834 ], [ 55.9841394, 54.6992738 ] ], [ [ 55.9840787, 54.6992834 ], [ 55.9840215, 54.6992914 ] ], [ [ 55.9840215, 54.6992914 ], [ 55.9840787, 54.6992834 ] ], [ [ 55.9840215, 54.6992914 ], [ 55.9831495, 54.6994406 ] ], [ [ 55.9831495, 54.6994406 ], [ 55.9840215, 54.6992914 ] ], [ [ 55.9831495, 54.6994406 ], [ 55.981768, 54.6996709 ] ], [ [ 55.981768, 54.6996709 ], [ 55.9831495, 54.6994406 ] ], [ [ 55.981768, 54.6996709 ], [ 55.9813216, 54.6997426 ] ], [ [ 55.9813216, 54.6997426 ], [ 55.981768, 54.6996709 ] ], [ [ 55.9813216, 54.6997426 ], [ 55.9809266, 54.6998349 ] ], [ [ 55.9809266, 54.6998349 ], [ 55.9813216, 54.6997426 ] ], [ [ 55.9809266, 54.6998349 ], [ 55.9806954, 54.6999233 ] ], [ [ 55.9806954, 54.6999233 ], [ 55.9809266, 54.6998349 ] ], [ [ 55.9806954, 54.6999233 ], [ 55.980519, 54.7000177 ] ], [ [ 55.980519, 54.7000177 ], [ 55.9806954, 54.6999233 ] ], [ [ 55.980519, 54.7000177 ], [ 55.98011, 54.7004059 ] ], [ [ 55.98011, 54.7004059 ], [ 55.980519, 54.7000177 ] ], [ [ 55.98011, 54.7004059 ], [ 55.9800518, 54.7004611 ] ], [ [ 55.9800518, 54.7004611 ], [ 55.98011, 54.7004059 ] ], [ [ 55.9800518, 54.7004611 ], [ 55.9796239, 54.7009373 ] ], [ [ 55.9796239, 54.7009373 ], [ 55.9800518, 54.7004611 ] ], [ [ 55.9796239, 54.7009373 ], [ 55.9790795, 54.7015648 ] ], [ [ 55.9790795, 54.7015648 ], [ 55.979114614340631, 54.701524325626842 ] ], [ [ 55.9790795, 54.7015648 ], [ 55.979044130470406, 54.701605199862684 ] ], [ [ 55.990663, 54.6981996 ], [ 55.9909831, 54.6981444 ] ], [ [ 55.990663, 54.6981996 ], [ 55.9891642, 54.698458 ] ], [ [ 55.9891642, 54.698458 ], [ 55.990663, 54.6981996 ] ], [ [ 55.9891642, 54.698458 ], [ 55.987763, 54.698678 ] ], [ [ 55.987763, 54.698678 ], [ 55.9891642, 54.698458 ] ], [ [ 55.987763, 54.698678 ], [ 55.9870148, 54.6988017 ] ], [ [ 55.9870148, 54.6988017 ], [ 55.987763, 54.698678 ] ], [ [ 55.9870148, 54.6988017 ], [ 55.9853472, 54.6990759 ] ], [ [ 55.9853472, 54.6990759 ], [ 55.9870148, 54.6988017 ] ], [ [ 55.9853472, 54.6990759 ], [ 55.985244, 54.6990926 ] ], [ [ 55.9976742, 54.6881069 ], [ 55.997646039649318, 54.6880082633431 ] ], [ [ 55.9976742, 54.6881069 ], [ 55.997687199190537, 54.688152410869485 ] ], [ [ 55.9978165, 54.6886051 ], [ 55.997687199190537, 54.688152410869485 ] ], [ [ 55.9978165, 54.6886051 ], [ 55.9978768, 54.6888164 ] ], [ [ 55.9934421, 54.6974566 ], [ 55.9929889, 54.696878 ] ], [ [ 55.9934421, 54.6974566 ], [ 55.9936544, 54.6977024 ] ], [ [ 55.9929889, 54.696878 ], [ 55.9934421, 54.6974566 ] ], [ [ 55.9929889, 54.696878 ], [ 55.9926446, 54.6965405 ] ], [ [ 55.9926446, 54.6965405 ], [ 55.9929889, 54.696878 ] ], [ [ 55.9926446, 54.6965405 ], [ 55.9923161, 54.6962817 ] ], [ [ 55.9923161, 54.6962817 ], [ 55.9926446, 54.6965405 ] ], [ [ 55.9923161, 54.6962817 ], [ 55.9914514, 54.6957161 ] ], [ [ 55.9914514, 54.6957161 ], [ 55.9923161, 54.6962817 ] ], [ [ 55.9914514, 54.6957161 ], [ 55.9903488, 54.6950687 ] ], [ [ 55.9903488, 54.6950687 ], [ 55.9914514, 54.6957161 ] ], [ [ 55.9903488, 54.6950687 ], [ 55.9898891, 54.6947805 ] ], [ [ 55.9898891, 54.6947805 ], [ 55.9903488, 54.6950687 ] ], [ [ 55.9898891, 54.6947805 ], [ 55.9896043, 54.6945494 ] ], [ [ 55.9896043, 54.6945494 ], [ 55.9898891, 54.6947805 ] ], [ [ 55.9896043, 54.6945494 ], [ 55.9894145, 54.6943181 ] ], [ [ 55.9894145, 54.6943181 ], [ 55.9896043, 54.6945494 ] ], [ [ 55.9894145, 54.6943181 ], [ 55.9892821, 54.6940688 ] ], [ [ 55.9892821, 54.6940688 ], [ 55.9894145, 54.6943181 ] ], [ [ 55.9892821, 54.6940688 ], [ 55.9892146, 54.6937945 ] ], [ [ 55.9892146, 54.6937945 ], [ 55.9892821, 54.6940688 ] ], [ [ 55.9892146, 54.6937945 ], [ 55.9891972, 54.6933569 ] ], [ [ 55.9891972, 54.6933569 ], [ 55.9892146, 54.6937945 ] ], [ [ 55.9891972, 54.6933569 ], [ 55.9891597, 54.6922405 ] ], [ [ 55.9891597, 54.6922405 ], [ 55.9891972, 54.6933569 ] ], [ [ 55.9891597, 54.6922405 ], [ 55.9891226, 54.6912326 ] ], [ [ 55.9891226, 54.6912326 ], [ 55.9891597, 54.6922405 ] ], [ [ 55.9891226, 54.6912326 ], [ 55.9891337, 54.6903655 ] ], [ [ 55.9891337, 54.6903655 ], [ 55.9891226, 54.6912326 ] ], [ [ 55.9891337, 54.6903655 ], [ 55.9891047, 54.6900839 ] ], [ [ 55.9891047, 54.6900839 ], [ 55.9891337, 54.6903655 ] ], [ [ 55.9891047, 54.6900839 ], [ 55.9890013, 54.6896642 ] ], [ [ 55.9890013, 54.6896642 ], [ 55.9891047, 54.6900839 ] ], [ [ 55.9890013, 54.6896642 ], [ 55.9888063, 54.6890974 ] ], [ [ 55.9888063, 54.6890974 ], [ 55.988909901045297, 54.689398533705003 ] ], [ [ 55.9888063, 54.6890974 ], [ 55.988668037085993, 54.688800974864172 ] ], [ [ 55.9892664, 54.6895298 ], [ 55.9893396, 54.689828 ] ], [ [ 55.9892664, 54.6895298 ], [ 55.988922458456251, 54.688631146041494 ] ], [ [ 55.9893396, 54.689828 ], [ 55.9892664, 54.6895298 ] ], [ [ 55.9893396, 54.689828 ], [ 55.9893843, 54.6901395 ] ], [ [ 55.9893843, 54.6901395 ], [ 55.9893396, 54.689828 ] ], [ [ 55.9893843, 54.6901395 ], [ 55.9894003, 54.690682 ] ], [ [ 55.9894003, 54.690682 ], [ 55.9893843, 54.6901395 ] ], [ [ 55.9894003, 54.690682 ], [ 55.9893934, 54.6912436 ] ], [ [ 55.9893934, 54.6912436 ], [ 55.9894003, 54.690682 ] ], [ [ 55.9893934, 54.6912436 ], [ 55.9894122, 54.6922384 ] ], [ [ 55.9894122, 54.6922384 ], [ 55.9893934, 54.6912436 ] ], [ [ 55.9894122, 54.6922384 ], [ 55.989427, 54.6933887 ] ], [ [ 55.989427, 54.6933887 ], [ 55.9894122, 54.6922384 ] ], [ [ 55.989427, 54.6933887 ], [ 55.9894463, 54.6938029 ] ], [ [ 55.9894463, 54.6938029 ], [ 55.989427, 54.6933887 ] ], [ [ 55.9894463, 54.6938029 ], [ 55.9895201, 54.6940698 ] ], [ [ 55.9895201, 54.6940698 ], [ 55.9894463, 54.6938029 ] ], [ [ 55.9895201, 54.6940698 ], [ 55.9896719, 54.6943202 ] ], [ [ 55.9896719, 54.6943202 ], [ 55.9895201, 54.6940698 ] ], [ [ 55.9896719, 54.6943202 ], [ 55.9900216, 54.6946788 ] ], [ [ 55.9900216, 54.6946788 ], [ 55.9896719, 54.6943202 ] ], [ [ 55.9900216, 54.6946788 ], [ 55.9904647, 54.6949765 ] ], [ [ 55.9904647, 54.6949765 ], [ 55.9900216, 54.6946788 ] ], [ [ 55.9904647, 54.6949765 ], [ 55.9916016, 54.6956186 ] ], [ [ 55.9916016, 54.6956186 ], [ 55.9904647, 54.6949765 ] ], [ [ 55.9916016, 54.6956186 ], [ 55.992587, 54.696244 ] ], [ [ 55.992587, 54.696244 ], [ 55.9916016, 54.6956186 ] ], [ [ 55.992587, 54.696244 ], [ 55.9929111, 54.6965076 ] ], [ [ 55.9929111, 54.6965076 ], [ 55.992587, 54.696244 ] ], [ [ 55.9929111, 54.6965076 ], [ 55.9932014, 54.6968264 ] ], [ [ 55.9932014, 54.6968264 ], [ 55.9929111, 54.6965076 ] ], [ [ 55.9932014, 54.6968264 ], [ 55.9936019, 54.6973299 ] ], [ [ 55.9936019, 54.6973299 ], [ 55.9932014, 54.6968264 ] ], [ [ 55.9936019, 54.6973299 ], [ 55.9936607, 54.6974087 ] ], [ [ 55.9936607, 54.6974087 ], [ 55.9936019, 54.6973299 ] ], [ [ 55.9936607, 54.6974087 ], [ 55.9938373, 54.6976545 ] ], [ [ 55.9939211, 54.6977563 ], [ 55.9938373, 54.6976545 ] ], [ [ 55.9939211, 54.6977563 ], [ 55.9940216, 54.697872 ] ], [ [ 55.9940216, 54.697872 ], [ 55.9939211, 54.6977563 ] ], [ [ 55.9940216, 54.697872 ], [ 55.9942861, 54.6981104 ] ], [ [ 55.9942861, 54.6981104 ], [ 55.9940216, 54.697872 ] ], [ [ 55.9942861, 54.6981104 ], [ 55.9945203, 54.6983141 ] ], [ [ 55.9945203, 54.6983141 ], [ 55.9942861, 54.6981104 ] ], [ [ 55.9945203, 54.6983141 ], [ 55.994671, 54.6984843 ] ], [ [ 55.994671, 54.6984843 ], [ 55.9945203, 54.6983141 ] ], [ [ 55.994671, 54.6984843 ], [ 55.9946505, 54.6983365 ] ], [ [ 55.994671, 54.6984843 ], [ 55.9947494, 54.698626 ] ], [ [ 55.9945149, 54.6975308 ], [ 55.9947345, 54.6973042 ] ], [ [ 55.9945149, 54.6975308 ], [ 55.9944564, 54.6976395 ] ], [ [ 55.9944564, 54.6976395 ], [ 55.9945149, 54.6975308 ] ], [ [ 55.9944564, 54.6976395 ], [ 55.9944332, 54.6977362 ] ], [ [ 55.9944332, 54.6977362 ], [ 55.9944564, 54.6976395 ] ], [ [ 55.9944332, 54.6977362 ], [ 55.9944456, 54.6978504 ] ], [ [ 55.9944456, 54.6978504 ], [ 55.9944332, 54.6977362 ] ], [ [ 55.9944456, 54.6978504 ], [ 55.9946505, 54.6983365 ] ], [ [ 55.9946505, 54.6983365 ], [ 55.9944456, 54.6978504 ] ], [ [ 55.9946505, 54.6983365 ], [ 55.994671, 54.6984843 ] ], [ [ 55.9944818, 54.6985087 ], [ 55.994358, 54.698387 ] ], [ [ 55.9944818, 54.6985087 ], [ 55.9945544, 54.6986079 ] ], [ [ 55.994358, 54.698387 ], [ 55.9944818, 54.6985087 ] ], [ [ 55.994358, 54.698387 ], [ 55.993984, 54.6980259 ] ], [ [ 55.993984, 54.6980259 ], [ 55.994358, 54.698387 ] ], [ [ 55.993984, 54.6980259 ], [ 55.9938881, 54.6979333 ] ], [ [ 55.9938881, 54.6979333 ], [ 55.993984, 54.6980259 ] ], [ [ 55.9938881, 54.6979333 ], [ 55.9936433, 54.6978396 ] ], [ [ 55.9938881, 54.6979333 ], [ 55.9938033, 54.6978495 ] ], [ [ 55.9936433, 54.6978396 ], [ 55.9938881, 54.6979333 ] ], [ [ 55.9936433, 54.6978396 ], [ 55.9934816, 54.6978058 ] ], [ [ 55.9934816, 54.6978058 ], [ 55.9936433, 54.6978396 ] ], [ [ 55.9934816, 54.6978058 ], [ 55.993274, 54.6977791 ] ], [ [ 55.9949651, 54.697178 ], [ 55.9947345, 54.6973042 ] ], [ [ 55.9949651, 54.697178 ], [ 55.9952761, 54.6969824 ] ], [ [ 55.9952761, 54.6969824 ], [ 55.9949651, 54.697178 ] ], [ [ 55.9952761, 54.6969824 ], [ 55.9955505, 54.6968202 ] ], [ [ 55.9955505, 54.6968202 ], [ 55.9952761, 54.6969824 ] ], [ [ 55.9955505, 54.6968202 ], [ 55.995583682400131, 54.696800830705811 ] ], [ [ 55.9969659, 54.695994 ], [ 55.995583682400131, 54.696800830705811 ] ], [ [ 55.9969659, 54.695994 ], [ 55.9975115, 54.6956798 ] ], [ [ 55.9975115, 54.6956798 ], [ 55.9969659, 54.695994 ] ], [ [ 55.9975115, 54.6956798 ], [ 55.9975827, 54.6956384 ] ], [ [ 55.9975827, 54.6956384 ], [ 55.9975115, 54.6956798 ] ], [ [ 55.9975827, 54.6956384 ], [ 55.9980989, 54.6953352 ] ], [ [ 55.9980989, 54.6953352 ], [ 55.9975827, 54.6956384 ] ], [ [ 55.9980989, 54.6953352 ], [ 55.9991599, 54.6947128 ] ], [ [ 55.9991599, 54.6947128 ], [ 55.9980989, 54.6953352 ] ], [ [ 55.9991599, 54.6947128 ], [ 56.000314, 54.6940359 ] ], [ [ 56.000314, 54.6940359 ], [ 55.9991599, 54.6947128 ] ], [ [ 56.000314, 54.6940359 ], [ 56.000521, 54.6939144 ] ], [ [ 56.000521, 54.6939144 ], [ 56.000314, 54.6940359 ] ], [ [ 56.000521, 54.6939144 ], [ 56.0007204, 54.6937973 ] ], [ [ 56.0007204, 54.6937973 ], [ 56.000521, 54.6939144 ] ], [ [ 56.0007204, 54.6937973 ], [ 56.0007958, 54.693753 ] ], [ [ 56.0007958, 54.693753 ], [ 56.0007204, 54.6937973 ] ], [ [ 56.0007958, 54.693753 ], [ 56.0019748, 54.6930609 ] ], [ [ 56.0019748, 54.6930609 ], [ 56.0007958, 54.693753 ] ], [ [ 56.0019748, 54.6930609 ], [ 56.0020829, 54.6929974 ] ], [ [ 55.9947494, 54.698626 ], [ 55.994671, 54.6984843 ] ], [ [ 55.9947494, 54.698626 ], [ 55.9949066, 54.6989621 ] ], [ [ 55.9949066, 54.6989621 ], [ 55.9947494, 54.698626 ] ], [ [ 55.9949066, 54.6989621 ], [ 55.9948973, 54.6991153 ] ], [ [ 55.9938033, 54.6978495 ], [ 55.9938881, 54.6979333 ] ], [ [ 55.9938033, 54.6978495 ], [ 55.9936544, 54.6977024 ] ], [ [ 55.994754, 54.6989844 ], [ 55.9948973, 54.6991153 ] ], [ [ 55.994754, 54.6989844 ], [ 55.9945544, 54.6986079 ] ], [ [ 55.9945544, 54.6986079 ], [ 55.994754, 54.6989844 ] ], [ [ 55.9945544, 54.6986079 ], [ 55.9944818, 54.6985087 ] ], [ [ 55.995583682400131, 54.696800830705811 ], [ 55.9955505, 54.6968202 ] ], [ [ 55.995583682400131, 54.696800830705811 ], [ 55.9969659, 54.695994 ] ], [ [ 55.997687199190537, 54.688152410869485 ], [ 55.9976742, 54.6881069 ] ], [ [ 55.997687199190537, 54.688152410869485 ], [ 55.997728371457882, 54.688296557205319 ] ] ] } },
{ "type": "Feature", "properties": { "full_id": "n10997645395", "osm_id": "10997645395", "osm_type": "node", "amenity": "community_centre", "entrance": null, "full_name": null, "community_centre": null, "check_date": "2023-06-22", "operator": null, "contact:phone": null, "opening_hours": null, "name": "Искатель", "type": "lines", "start": "55.950633, 54.734109" }, "geometry": { "type": "MultiLineString", "coordinates": [ [ [ 55.9388757, 54.7353484 ], [ 55.9389334, 54.7353398 ] ], [ [ 55.9388757, 54.7353484 ], [ 55.9397872, 54.73742 ] ], [ [ 55.9388757, 54.7353484 ], [ 55.9388458, 54.7352807 ] ], [ [ 55.9389334, 54.7353398 ], [ 55.9388757, 54.7353484 ] ], [ [ 55.9389334, 54.7353398 ], [ 55.9389755, 54.7353332 ] ], [ [ 55.9389755, 54.7353332 ], [ 55.9389334, 54.7353398 ] ], [ [ 55.9389755, 54.7353332 ], [ 55.9390977, 54.7353207 ] ], [ [ 55.9390977, 54.7353207 ], [ 55.9389755, 54.7353332 ] ], [ [ 55.9390977, 54.7353207 ], [ 55.9391947, 54.7353168 ] ], [ [ 55.9390977, 54.7353207 ], [ 55.9390614, 54.7352479 ] ], [ [ 55.9390977, 54.7353207 ], [ 55.9390991, 54.7354142 ] ], [ [ 55.9391947, 54.7353168 ], [ 55.9390977, 54.7353207 ] ], [ [ 55.9391947, 54.7353168 ], [ 55.9395291, 54.7352983 ] ], [ [ 55.9395291, 54.7352983 ], [ 55.9391947, 54.7353168 ] ], [ [ 55.9395291, 54.7352983 ], [ 55.9409436, 54.7350711 ] ], [ [ 55.9409436, 54.7350711 ], [ 55.9395291, 54.7352983 ] ], [ [ 55.9409436, 54.7350711 ], [ 55.9413536, 54.7350052 ] ], [ [ 55.9413536, 54.7350052 ], [ 55.9409436, 54.7350711 ] ], [ [ 55.9413536, 54.7350052 ], [ 55.9420615, 54.7348915 ] ], [ [ 55.9420615, 54.7348915 ], [ 55.9413536, 54.7350052 ] ], [ [ 55.9420615, 54.7348915 ], [ 55.9427451, 54.7347817 ] ], [ [ 55.9427451, 54.7347817 ], [ 55.9420615, 54.7348915 ] ], [ [ 55.9427451, 54.7347817 ], [ 55.9447812, 54.7344547 ] ], [ [ 55.9447812, 54.7344547 ], [ 55.9427451, 54.7347817 ] ], [ [ 55.9447812, 54.7344547 ], [ 55.9450153, 54.7344171 ] ], [ [ 55.9450153, 54.7344171 ], [ 55.9447812, 54.7344547 ] ], [ [ 55.9450153, 54.7344171 ], [ 55.9452017, 54.7343871 ] ], [ [ 55.9450153, 54.7344171 ], [ 55.9449574, 54.7342998 ] ], [ [ 55.9450153, 54.7344171 ], [ 55.9450542, 54.7344986 ] ], [ [ 55.9452017, 54.7343871 ], [ 55.9450153, 54.7344171 ] ], [ [ 55.9452017, 54.7343871 ], [ 55.9457936, 54.7342921 ] ], [ [ 55.9457936, 54.7342921 ], [ 55.9452017, 54.7343871 ] ], [ [ 55.9457936, 54.7342921 ], [ 55.9463335, 54.7342033 ] ], [ [ 55.9463335, 54.7342033 ], [ 55.9457936, 54.7342921 ] ], [ [ 55.9463335, 54.7342033 ], [ 55.946504, 54.7341754 ] ], [ [ 55.946504, 54.7341754 ], [ 55.9463335, 54.7342033 ] ], [ [ 55.946504, 54.7341754 ], [ 55.9473424, 54.7340407 ] ], [ [ 55.9473424, 54.7340407 ], [ 55.946504, 54.7341754 ] ], [ [ 55.9473424, 54.7340407 ], [ 55.9477654, 54.7339746 ] ], [ [ 55.9477654, 54.7339746 ], [ 55.9473424, 54.7340407 ] ], [ [ 55.9477654, 54.7339746 ], [ 55.9479692, 54.7339451 ] ], [ [ 55.9479692, 54.7339451 ], [ 55.9477654, 54.7339746 ] ], [ [ 55.9479692, 54.7339451 ], [ 55.948176, 54.7339152 ] ], [ [ 55.948176, 54.7339152 ], [ 55.9479692, 54.7339451 ] ], [ [ 55.948176, 54.7339152 ], [ 55.9486233, 54.73384 ] ], [ [ 55.9486233, 54.73384 ], [ 55.948176, 54.7339152 ] ], [ [ 55.9486233, 54.73384 ], [ 55.9498756, 54.73364 ] ], [ [ 55.9498756, 54.73364 ], [ 55.9486233, 54.73384 ] ], [ [ 55.9498756, 54.73364 ], [ 55.950532996577586, 54.733527034666984 ] ], [ [ 55.9507072, 54.7334971 ], [ 55.950532996577586, 54.733527034666984 ] ], [ [ 55.9507072, 54.7334971 ], [ 55.9509697, 54.7334556 ] ], [ [ 55.9509697, 54.7334556 ], [ 55.9507072, 54.7334971 ] ], [ [ 55.9509697, 54.7334556 ], [ 55.9509153, 54.7333549 ] ], [ [ 55.9509697, 54.7334556 ], [ 55.9511299, 54.7334305 ] ], [ [ 55.9509697, 54.7334556 ], [ 55.9510143, 54.7335432 ] ], [ [ 55.9600573, 54.7353531 ], [ 55.9597052, 54.7353401 ] ], [ [ 55.9600573, 54.7353531 ], [ 55.9598052, 54.7352778 ] ], [ [ 55.9600573, 54.7353531 ], [ 55.9601736, 54.7353713 ] ], [ [ 55.9597052, 54.7353401 ], [ 55.9600573, 54.7353531 ] ], [ [ 55.9597052, 54.7353401 ], [ 55.9594122, 54.7353474 ] ], [ [ 55.9594122, 54.7353474 ], [ 55.9597052, 54.7353401 ] ], [ [ 55.9594122, 54.7353474 ], [ 55.9589377, 54.7353988 ] ], [ [ 55.9589377, 54.7353988 ], [ 55.9594122, 54.7353474 ] ], [ [ 55.9589377, 54.7353988 ], [ 55.9590338, 54.7353188 ] ], [ [ 55.9589377, 54.7353988 ], [ 55.9587152, 54.7354324 ] ], [ [ 55.9601736, 54.7353713 ], [ 55.9606202, 54.7354503 ] ], [ [ 55.9601736, 54.7353713 ], [ 55.9600573, 54.7353531 ] ], [ [ 55.9606202, 54.7354503 ], [ 55.9601736, 54.7353713 ] ], [ [ 55.9606202, 54.7354503 ], [ 55.9607959, 54.7354791 ] ], [ [ 55.9400161, 54.7374617 ], [ 55.9401605, 54.7375502 ] ], [ [ 55.9400161, 54.7374617 ], [ 55.939988, 54.737393 ] ], [ [ 55.9400161, 54.7374617 ], [ 55.9400599, 54.7375691 ] ], [ [ 55.9401605, 54.7375502 ], [ 55.9400161, 54.7374617 ] ], [ [ 55.9401605, 54.7375502 ], [ 55.940305, 54.737596 ] ], [ [ 55.940305, 54.737596 ], [ 55.9401605, 54.7375502 ] ], [ [ 55.940305, 54.737596 ], [ 55.9404453, 54.7376074 ] ], [ [ 55.9404453, 54.7376074 ], [ 55.940305, 54.737596 ] ], [ [ 55.9404453, 54.7376074 ], [ 55.9405856, 54.7375975 ] ], [ [ 55.9405856, 54.7375975 ], [ 55.9404453, 54.7376074 ] ], [ [ 55.9405856, 54.7375975 ], [ 55.9408725, 54.7375499 ] ], [ [ 55.9405856, 54.7375975 ], [ 55.940585, 54.7376259 ] ], [ [ 55.9408725, 54.7375499 ], [ 55.9405856, 54.7375975 ] ], [ [ 55.9408725, 54.7375499 ], [ 55.9430628, 54.7372141 ] ], [ [ 55.9405829, 54.7377252 ], [ 55.9401383, 54.7380841 ] ], [ [ 55.9405829, 54.7377252 ], [ 55.940932, 54.7376716 ] ], [ [ 55.9405829, 54.7377252 ], [ 55.9401266, 54.7377324 ] ], [ [ 55.9405829, 54.7377252 ], [ 55.9405845, 54.737647 ] ], [ [ 55.9401383, 54.7380841 ], [ 55.9405829, 54.7377252 ] ], [ [ 55.9401383, 54.7380841 ], [ 55.9401015, 54.7381207 ] ], [ [ 55.9401383, 54.7380841 ], [ 55.9399584, 54.7377351 ] ], [ [ 55.9401383, 54.7380841 ], [ 55.9401266, 54.7377324 ] ], [ [ 55.9600398, 54.739458 ], [ 55.960172976988375, 54.739740071210569 ] ], [ [ 55.9600398, 54.739458 ], [ 55.95991915070308, 54.739174048291744 ] ], [ [ 55.9598599, 54.7390346 ], [ 55.9600398, 54.739458 ] ], [ [ 55.9598599, 54.7390346 ], [ 55.9597721, 54.7388033 ] ], [ [ 55.9597721, 54.7388033 ], [ 55.9598599, 54.7390346 ] ], [ [ 55.9597721, 54.7388033 ], [ 55.9597106, 54.7386694 ] ], [ [ 55.9597106, 54.7386694 ], [ 55.9597721, 54.7388033 ] ], [ [ 55.9597106, 54.7386694 ], [ 55.959509, 54.7382103 ] ], [ [ 55.959509, 54.7382103 ], [ 55.9597106, 54.7386694 ] ], [ [ 55.959509, 54.7382103 ], [ 55.9594733, 54.7381162 ] ], [ [ 55.9594733, 54.7381162 ], [ 55.959509, 54.7382103 ] ], [ [ 55.9594733, 54.7381162 ], [ 55.9594473, 54.7380631 ] ], [ [ 55.9594473, 54.7380631 ], [ 55.9594733, 54.7381162 ] ], [ [ 55.9594473, 54.7380631 ], [ 55.9594198, 54.7380069 ] ], [ [ 55.9594198, 54.7380069 ], [ 55.9594473, 54.7380631 ] ], [ [ 55.9594198, 54.7380069 ], [ 55.9593943, 54.7379551 ] ], [ [ 55.9593943, 54.7379551 ], [ 55.9594198, 54.7380069 ] ], [ [ 55.9593943, 54.7379551 ], [ 55.959273, 54.7376842 ] ], [ [ 55.959273, 54.7376842 ], [ 55.9593943, 54.7379551 ] ], [ [ 55.959273, 54.7376842 ], [ 55.9590584, 54.737206 ] ], [ [ 55.9590584, 54.737206 ], [ 55.959273, 54.7376842 ] ], [ [ 55.9590584, 54.737206 ], [ 55.9584478, 54.735898 ] ], [ [ 55.9584478, 54.735898 ], [ 55.9590584, 54.737206 ] ], [ [ 55.9584478, 54.735898 ], [ 55.9584231, 54.735845 ] ], [ [ 55.9584231, 54.735845 ], [ 55.9584478, 54.735898 ] ], [ [ 55.9584231, 54.735845 ], [ 55.9583986, 54.7357929 ] ], [ [ 55.9583986, 54.7357929 ], [ 55.9584231, 54.735845 ] ], [ [ 55.9583986, 54.7357929 ], [ 55.9583403, 54.7356232 ] ], [ [ 55.956886, 54.732508 ], [ 55.9569316, 54.7326012 ] ], [ [ 55.956886, 54.732508 ], [ 55.9566378, 54.7325478 ] ], [ [ 55.956886, 54.732508 ], [ 55.95715, 54.7324675 ] ], [ [ 55.956886, 54.732508 ], [ 55.9568293, 54.7323916 ] ], [ [ 55.9569316, 54.7326012 ], [ 55.956886, 54.732508 ] ], [ [ 55.9569316, 54.7326012 ], [ 55.9570674, 54.7329034 ] ], [ [ 55.9572073, 54.743668 ], [ 55.957282863203602, 54.743782792413086 ] ], [ [ 55.9572073, 54.743668 ], [ 55.957136871252331, 54.743552120141921 ] ], [ [ 55.9569493, 54.7432435 ], [ 55.9572073, 54.743668 ] ], [ [ 55.9569493, 54.7432435 ], [ 55.9567733, 54.7429539 ] ], [ [ 55.9567733, 54.7429539 ], [ 55.9569493, 54.7432435 ] ], [ [ 55.9567733, 54.7429539 ], [ 55.9567531, 54.7429139 ] ], [ [ 55.9567531, 54.7429139 ], [ 55.9567733, 54.7429539 ] ], [ [ 55.9567531, 54.7429139 ], [ 55.9566914, 54.7426527 ] ], [ [ 55.9567531, 54.7429139 ], [ 55.9566649, 54.742938 ] ], [ [ 55.9567531, 54.7429139 ], [ 55.9567998, 54.7429042 ] ], [ [ 55.9580196, 54.7349109 ], [ 55.9576939, 54.7349578 ] ], [ [ 55.9580196, 54.7349109 ], [ 55.9580839, 54.7350082 ] ], [ [ 55.9580196, 54.7349109 ], [ 55.957988, 54.7348492 ] ], [ [ 55.9576939, 54.7349578 ], [ 55.9580196, 54.7349109 ] ], [ [ 55.9576939, 54.7349578 ], [ 55.9574129, 54.7350035 ] ], [ [ 55.9574129, 54.7350035 ], [ 55.9576939, 54.7349578 ] ], [ [ 55.9574129, 54.7350035 ], [ 55.9561142, 54.7352043 ] ], [ [ 55.9561142, 54.7352043 ], [ 55.9574129, 54.7350035 ] ], [ [ 55.9561142, 54.7352043 ], [ 55.9552132, 54.7353479 ] ], [ [ 55.9552132, 54.7353479 ], [ 55.9561142, 54.7352043 ] ], [ [ 55.9552132, 54.7353479 ], [ 55.9543073, 54.7354902 ] ], [ [ 55.9543073, 54.7354902 ], [ 55.9552132, 54.7353479 ] ], [ [ 55.9543073, 54.7354902 ], [ 55.9532531, 54.7356613 ] ], [ [ 55.9532531, 54.7356613 ], [ 55.9543073, 54.7354902 ] ], [ [ 55.9532531, 54.7356613 ], [ 55.9525934, 54.7357638 ] ], [ [ 55.9525934, 54.7357638 ], [ 55.9532531, 54.7356613 ] ], [ [ 55.9525934, 54.7357638 ], [ 55.9521876, 54.7358324 ] ], [ [ 55.9521876, 54.7358324 ], [ 55.9525934, 54.7357638 ] ], [ [ 55.9521876, 54.7358324 ], [ 55.9518376, 54.7358876 ] ], [ [ 55.9521876, 54.7358324 ], [ 55.9522506, 54.7359478 ] ], [ [ 55.9521876, 54.7358324 ], [ 55.9521566, 54.7357775 ] ], [ [ 55.9486096, 54.72403 ], [ 55.949203034052779, 54.723920320367888 ] ], [ [ 55.9486096, 54.72403 ], [ 55.9482449, 54.7240973 ] ], [ [ 55.9482449, 54.7240973 ], [ 55.9486096, 54.72403 ] ], [ [ 55.9482449, 54.7240973 ], [ 55.9481247, 54.7241196 ] ], [ [ 55.9481247, 54.7241196 ], [ 55.9482449, 54.7240973 ] ], [ [ 55.9481247, 54.7241196 ], [ 55.9471881, 54.7242926 ] ], [ [ 55.9471881, 54.7242926 ], [ 55.9481247, 54.7241196 ] ], [ [ 55.9471881, 54.7242926 ], [ 55.9467499, 54.7243736 ] ], [ [ 55.9467499, 54.7243736 ], [ 55.9471881, 54.7242926 ] ], [ [ 55.9467499, 54.7243736 ], [ 55.9466287, 54.724396 ] ], [ [ 55.9466287, 54.724396 ], [ 55.9467499, 54.7243736 ] ], [ [ 55.9466287, 54.724396 ], [ 55.9467095, 54.7245702 ] ], [ [ 55.9466287, 54.724396 ], [ 55.9465387, 54.7242117 ] ], [ [ 55.9497969, 54.7310673 ], [ 55.9498666, 54.7312078 ] ], [ [ 55.9497969, 54.7310673 ], [ 55.9499619, 54.7310402 ] ], [ [ 55.9497969, 54.7310673 ], [ 55.949737, 54.7309234 ] ], [ [ 55.9498666, 54.7312078 ], [ 55.9497969, 54.7310673 ] ], [ [ 55.9498666, 54.7312078 ], [ 55.9503212, 54.7321762 ] ], [ [ 55.9503212, 54.7321762 ], [ 55.9498666, 54.7312078 ] ], [ [ 55.9503212, 54.7321762 ], [ 55.9506543, 54.7328589 ] ], [ [ 55.9506543, 54.7328589 ], [ 55.9503212, 54.7321762 ] ], [ [ 55.9506543, 54.7328589 ], [ 55.9509153, 54.7333549 ] ], [ [ 55.9509153, 54.7333549 ], [ 55.9506543, 54.7328589 ] ], [ [ 55.9509153, 54.7333549 ], [ 55.9509697, 54.7334556 ] ], [ [ 55.9511299, 54.7334305 ], [ 55.9509697, 54.7334556 ] ], [ [ 55.9511299, 54.7334305 ], [ 55.9526132, 54.7331927 ] ], [ [ 55.9526132, 54.7331927 ], [ 55.9511299, 54.7334305 ] ], [ [ 55.9526132, 54.7331927 ], [ 55.9538856, 54.7329888 ] ], [ [ 55.9538856, 54.7329888 ], [ 55.9526132, 54.7331927 ] ], [ [ 55.9538856, 54.7329888 ], [ 55.9540359, 54.7329647 ] ], [ [ 55.9540359, 54.7329647 ], [ 55.9538856, 54.7329888 ] ], [ [ 55.9540359, 54.7329647 ], [ 55.9541054, 54.7329536 ] ], [ [ 55.9541054, 54.7329536 ], [ 55.9540359, 54.7329647 ] ], [ [ 55.9541054, 54.7329536 ], [ 55.9549068, 54.7328252 ] ], [ [ 55.9549068, 54.7328252 ], [ 55.9541054, 54.7329536 ] ], [ [ 55.9549068, 54.7328252 ], [ 55.9550973, 54.7327946 ] ], [ [ 55.9550973, 54.7327946 ], [ 55.9549068, 54.7328252 ] ], [ [ 55.9550973, 54.7327946 ], [ 55.9557623, 54.7326881 ] ], [ [ 55.9557623, 54.7326881 ], [ 55.9550973, 54.7327946 ] ], [ [ 55.9557623, 54.7326881 ], [ 55.9566378, 54.7325478 ] ], [ [ 55.9566378, 54.7325478 ], [ 55.9557623, 54.7326881 ] ], [ [ 55.9566378, 54.7325478 ], [ 55.956886, 54.732508 ] ], [ [ 55.9462189, 54.7235471 ], [ 55.945895215334907, 54.722890587868342 ] ], [ [ 55.9462189, 54.7235471 ], [ 55.9462959, 54.7237073 ] ], [ [ 55.9462959, 54.7237073 ], [ 55.9462189, 54.7235471 ] ], [ [ 55.9462959, 54.7237073 ], [ 55.9463784, 54.7238787 ] ], [ [ 55.95715, 54.7324675 ], [ 55.956886, 54.732508 ] ], [ [ 55.95715, 54.7324675 ], [ 55.9579197, 54.7323493 ] ], [ [ 55.9579197, 54.7323493 ], [ 55.95715, 54.7324675 ] ], [ [ 55.9579197, 54.7323493 ], [ 55.9593127, 54.7321353 ] ], [ [ 55.9593127, 54.7321353 ], [ 55.9579197, 54.7323493 ] ], [ [ 55.9593127, 54.7321353 ], [ 55.9593992, 54.732122 ] ], [ [ 55.9593992, 54.732122 ], [ 55.9593127, 54.7321353 ] ], [ [ 55.9593992, 54.732122 ], [ 55.9602247, 54.7319953 ] ], [ [ 55.9602247, 54.7319953 ], [ 55.9593992, 54.732122 ] ], [ [ 55.9602247, 54.7319953 ], [ 55.9611224, 54.7318574 ] ], [ [ 55.9611224, 54.7318574 ], [ 55.9602247, 54.7319953 ] ], [ [ 55.9611224, 54.7318574 ], [ 55.9615449, 54.7317925 ] ], [ [ 55.9615449, 54.7317925 ], [ 55.9611224, 54.7318574 ] ], [ [ 55.9615449, 54.7317925 ], [ 55.9622151, 54.7316896 ] ], [ [ 55.9622151, 54.7316896 ], [ 55.9615449, 54.7317925 ] ], [ [ 55.9622151, 54.7316896 ], [ 55.962439, 54.7316552 ] ], [ [ 55.962439, 54.7316552 ], [ 55.9622151, 54.7316896 ] ], [ [ 55.962439, 54.7316552 ], [ 55.962912, 54.7315826 ] ], [ [ 55.962912, 54.7315826 ], [ 55.962439, 54.7316552 ] ], [ [ 55.962912, 54.7315826 ], [ 55.9630986, 54.7315539 ] ], [ [ 55.9630986, 54.7315539 ], [ 55.962912, 54.7315826 ] ], [ [ 55.9630986, 54.7315539 ], [ 55.9631308, 54.7316384 ] ], [ [ 55.9630986, 54.7315539 ], [ 55.96307, 54.7314779 ] ], [ [ 55.9650439, 54.7361719 ], [ 55.965505, 54.7362441 ] ], [ [ 55.9650439, 54.7361719 ], [ 55.9649802, 54.7359971 ] ], [ [ 55.9650439, 54.7361719 ], [ 55.9650991, 54.7363198 ] ], [ [ 55.9650439, 54.7361719 ], [ 55.9648156, 54.736136 ] ], [ [ 55.965505, 54.7362441 ], [ 55.9650439, 54.7361719 ] ], [ [ 55.965505, 54.7362441 ], [ 55.9657127, 54.7362733 ] ], [ [ 55.9657127, 54.7362733 ], [ 55.965505, 54.7362441 ] ], [ [ 55.9657127, 54.7362733 ], [ 55.966056888999979, 54.736323656460023 ] ], [ [ 55.9640406, 54.733929 ], [ 55.9640683, 54.7339947 ] ], [ [ 55.9640406, 54.733929 ], [ 55.9640229, 54.7338819 ] ], [ [ 55.9640406, 54.733929 ], [ 55.9638216, 54.7339643 ] ], [ [ 55.9640406, 54.733929 ], [ 55.9641586, 54.7339081 ] ], [ [ 55.9640683, 54.7339947 ], [ 55.9640406, 54.733929 ] ], [ [ 55.9640683, 54.7339947 ], [ 55.9641676, 54.7342222 ] ], [ [ 55.9641676, 54.7342222 ], [ 55.9640683, 54.7339947 ] ], [ [ 55.9641676, 54.7342222 ], [ 55.9643712, 54.7347067 ] ], [ [ 55.9643712, 54.7347067 ], [ 55.9641676, 54.7342222 ] ], [ [ 55.9643712, 54.7347067 ], [ 55.9644769, 54.734917 ] ], [ [ 55.9644769, 54.734917 ], [ 55.9643712, 54.7347067 ] ], [ [ 55.9644769, 54.734917 ], [ 55.964644386676156, 54.735270747927586 ] ], [ [ 55.9649802, 54.7359971 ], [ 55.96478987622794, 54.735584680911266 ] ], [ [ 55.9649802, 54.7359971 ], [ 55.9650439, 54.7361719 ] ], [ [ 55.9631308, 54.7316384 ], [ 55.9630986, 54.7315539 ] ], [ [ 55.9631308, 54.7316384 ], [ 55.9633046, 54.7320751 ] ], [ [ 55.9633046, 54.7320751 ], [ 55.9631308, 54.7316384 ] ], [ [ 55.9633046, 54.7320751 ], [ 55.9633994, 54.7323149 ] ], [ [ 55.9633994, 54.7323149 ], [ 55.9633046, 54.7320751 ] ], [ [ 55.9633994, 54.7323149 ], [ 55.9635215, 54.7325974 ] ], [ [ 55.9635215, 54.7325974 ], [ 55.9633994, 54.7323149 ] ], [ [ 55.9635215, 54.7325974 ], [ 55.9637134, 54.7330388 ] ], [ [ 55.9637134, 54.7330388 ], [ 55.9635215, 54.7325974 ] ], [ [ 55.9637134, 54.7330388 ], [ 55.9639643, 54.7337311 ] ], [ [ 55.9639643, 54.7337311 ], [ 55.9637134, 54.7330388 ] ], [ [ 55.9639643, 54.7337311 ], [ 55.9640052, 54.7338371 ] ], [ [ 55.9640052, 54.7338371 ], [ 55.9639643, 54.7337311 ] ], [ [ 55.9640052, 54.7338371 ], [ 55.9640144, 54.7338636 ] ], [ [ 55.9640052, 54.7338371 ], [ 55.9637808, 54.7338697 ] ], [ [ 55.9640052, 54.7338371 ], [ 55.9641469, 54.7338143 ] ], [ [ 55.9640144, 54.7338636 ], [ 55.9640052, 54.7338371 ] ], [ [ 55.9640144, 54.7338636 ], [ 55.9640229, 54.7338819 ] ], [ [ 55.9640229, 54.7338819 ], [ 55.9640144, 54.7338636 ] ], [ [ 55.9640229, 54.7338819 ], [ 55.9640406, 54.733929 ] ], [ [ 55.9586442, 54.734671 ], [ 55.9587251, 54.7347088 ] ], [ [ 55.9586442, 54.734671 ], [ 55.9592941, 54.7345647 ] ], [ [ 55.9586442, 54.734671 ], [ 55.9584442, 54.7347022 ] ], [ [ 55.9587251, 54.7347088 ], [ 55.9586442, 54.734671 ] ], [ [ 55.9587251, 54.7347088 ], [ 55.958766, 54.7347281 ] ], [ [ 55.958766, 54.7347281 ], [ 55.9587251, 54.7347088 ] ], [ [ 55.958766, 54.7347281 ], [ 55.9589415, 54.7348439 ] ], [ [ 55.9589415, 54.7348439 ], [ 55.958766, 54.7347281 ] ], [ [ 55.9589415, 54.7348439 ], [ 55.9591589, 54.7350178 ] ], [ [ 55.9591589, 54.7350178 ], [ 55.9589415, 54.7348439 ] ], [ [ 55.9591589, 54.7350178 ], [ 55.9591661, 54.7350553 ] ], [ [ 55.9591589, 54.7350178 ], [ 55.9594355, 54.7351579 ] ], [ [ 55.9591589, 54.7350178 ], [ 55.9592379, 54.7348326 ] ], [ [ 55.9591589, 54.7350178 ], [ 55.9590177, 54.7349536 ] ], [ [ 55.9638216, 54.7339643 ], [ 55.9640406, 54.733929 ] ], [ [ 55.9638216, 54.7339643 ], [ 55.9634065, 54.7340296 ] ], [ [ 55.9634065, 54.7340296 ], [ 55.9638216, 54.7339643 ] ], [ [ 55.9634065, 54.7340296 ], [ 55.9631352, 54.7340732 ] ], [ [ 55.9631352, 54.7340732 ], [ 55.9634065, 54.7340296 ] ], [ [ 55.9631352, 54.7340732 ], [ 55.9621828, 54.7342137 ] ], [ [ 55.9621828, 54.7342137 ], [ 55.9631352, 54.7340732 ] ], [ [ 55.9621828, 54.7342137 ], [ 55.9618184, 54.7342741 ] ], [ [ 55.9618184, 54.7342741 ], [ 55.9621828, 54.7342137 ] ], [ [ 55.9618184, 54.7342741 ], [ 55.96068, 54.7344545 ] ], [ [ 55.96068, 54.7344545 ], [ 55.9618184, 54.7342741 ] ], [ [ 55.96068, 54.7344545 ], [ 55.9599854, 54.7345667 ] ], [ [ 55.9599854, 54.7345667 ], [ 55.96068, 54.7344545 ] ], [ [ 55.9599854, 54.7345667 ], [ 55.9599512, 54.734573 ] ], [ [ 55.9599512, 54.734573 ], [ 55.9599854, 54.7345667 ] ], [ [ 55.9599512, 54.734573 ], [ 55.9595879, 54.7346347 ] ], [ [ 55.9595879, 54.7346347 ], [ 55.9599512, 54.734573 ] ], [ [ 55.9595879, 54.7346347 ], [ 55.9595286, 54.7346448 ] ], [ [ 55.9595286, 54.7346448 ], [ 55.9595879, 54.7346347 ] ], [ [ 55.9595286, 54.7346448 ], [ 55.9594704, 54.7346531 ] ], [ [ 55.9594704, 54.7346531 ], [ 55.9595286, 54.7346448 ] ], [ [ 55.9594704, 54.7346531 ], [ 55.9592851, 54.7347722 ] ], [ [ 55.9576944, 54.7272343 ], [ 55.9579059, 54.7276743 ] ], [ [ 55.9579059, 54.7276743 ], [ 55.9576944, 54.7272343 ] ], [ [ 55.9579059, 54.7276743 ], [ 55.9584123614205, 54.728728121553075 ] ], [ [ 55.9587814, 54.729496 ], [ 55.9579059, 54.7276743 ] ], [ [ 55.9587814, 54.729496 ], [ 55.9588415, 54.729621 ] ], [ [ 55.9588415, 54.729621 ], [ 55.9587814, 54.729496 ] ], [ [ 55.9588415, 54.729621 ], [ 55.9586529, 54.7296496 ] ], [ [ 55.9588415, 54.729621 ], [ 55.9590144, 54.7295913 ] ], [ [ 55.96307, 54.7314779 ], [ 55.9630986, 54.7315539 ] ], [ [ 55.96307, 54.7314779 ], [ 55.9631004, 54.7311867 ] ], [ [ 55.9631004, 54.7311867 ], [ 55.96307, 54.7314779 ] ], [ [ 55.9631004, 54.7311867 ], [ 55.9631043, 54.7305214 ] ], [ [ 55.9631043, 54.7305214 ], [ 55.9631004, 54.7311867 ] ], [ [ 55.9631043, 54.7305214 ], [ 55.9631105, 54.7298358 ] ], [ [ 55.9631105, 54.7298358 ], [ 55.9631043, 54.7305214 ] ], [ [ 55.9631105, 54.7298358 ], [ 55.9631058, 54.7297248 ] ], [ [ 55.9631058, 54.7297248 ], [ 55.9631105, 54.7298358 ] ], [ [ 55.9631058, 54.7297248 ], [ 55.9630929, 54.7291081 ] ], [ [ 55.9630929, 54.7291081 ], [ 55.9631058, 54.7297248 ] ], [ [ 55.9630929, 54.7291081 ], [ 55.9631226, 54.7289287 ] ], [ [ 55.9631226, 54.7289287 ], [ 55.9630929, 54.7291081 ] ], [ [ 55.9631226, 54.7289287 ], [ 55.9629131, 54.7289624 ] ], [ [ 55.9631226, 54.7289287 ], [ 55.9632926, 54.7289012 ] ], [ [ 55.9631226, 54.7289287 ], [ 55.9630603, 54.7287914 ] ], [ [ 55.9401015, 54.7381207 ], [ 55.9401383, 54.7380841 ] ], [ [ 55.9401015, 54.7381207 ], [ 55.9400643, 54.7381496 ] ], [ [ 55.9400643, 54.7381496 ], [ 55.9401015, 54.7381207 ] ], [ [ 55.9400643, 54.7381496 ], [ 55.9397954, 54.7383585 ] ], [ [ 55.9397954, 54.7383585 ], [ 55.9400643, 54.7381496 ] ], [ [ 55.9397954, 54.7383585 ], [ 55.9395125, 54.7385533 ] ], [ [ 55.9395125, 54.7385533 ], [ 55.9397954, 54.7383585 ] ], [ [ 55.9395125, 54.7385533 ], [ 55.9392328, 54.7387531 ] ], [ [ 55.9551969, 54.7430339 ], [ 55.954815649493206, 54.74311729437062 ] ], [ [ 55.9551969, 54.7430339 ], [ 55.9553224, 54.7430049 ] ], [ [ 55.9553224, 54.7430049 ], [ 55.9551969, 54.7430339 ] ], [ [ 55.9553224, 54.7430049 ], [ 55.955822943156718, 54.742883530225519 ] ], [ [ 55.9561398, 54.7428067 ], [ 55.9553224, 54.7430049 ] ], [ [ 55.9561398, 54.7428067 ], [ 55.9565431, 54.7427214 ] ], [ [ 55.9565431, 54.7427214 ], [ 55.9561398, 54.7428067 ] ], [ [ 55.9565431, 54.7427214 ], [ 55.9566914, 54.7426527 ] ], [ [ 55.9566914, 54.7426527 ], [ 55.9565431, 54.7427214 ] ], [ [ 55.9566914, 54.7426527 ], [ 55.9567531, 54.7429139 ] ], [ [ 55.9566914, 54.7426527 ], [ 55.9568616, 54.7426138 ] ], [ [ 55.9566914, 54.7426527 ], [ 55.9566656, 54.7426261 ] ], [ [ 55.9566914, 54.7426527 ], [ 55.956815, 54.7427742 ] ], [ [ 55.9499619, 54.7310402 ], [ 55.9497969, 54.7310673 ] ], [ [ 55.9499619, 54.7310402 ], [ 55.9505214, 54.7309487 ] ], [ [ 55.9505214, 54.7309487 ], [ 55.9499619, 54.7310402 ] ], [ [ 55.9505214, 54.7309487 ], [ 55.95075453643976, 54.730907740582957 ] ], [ [ 55.9514617, 54.7307835 ], [ 55.95075453643976, 54.730907740582957 ] ], [ [ 55.9514617, 54.7307835 ], [ 55.951872, 54.730718 ] ], [ [ 55.951872, 54.730718 ], [ 55.9514617, 54.7307835 ] ], [ [ 55.951872, 54.730718 ], [ 55.9525876, 54.7306037 ] ], [ [ 55.9525876, 54.7306037 ], [ 55.951872, 54.730718 ] ], [ [ 55.9525876, 54.7306037 ], [ 55.9528123, 54.7305713 ] ], [ [ 55.9528123, 54.7305713 ], [ 55.9525876, 54.7306037 ] ], [ [ 55.9528123, 54.7305713 ], [ 55.9529415, 54.7305477 ] ], [ [ 55.9529415, 54.7305477 ], [ 55.9528123, 54.7305713 ] ], [ [ 55.9529415, 54.7305477 ], [ 55.9538427, 54.7304069 ] ], [ [ 55.9538427, 54.7304069 ], [ 55.9529415, 54.7305477 ] ], [ [ 55.9538427, 54.7304069 ], [ 55.954117, 54.7303636 ] ], [ [ 55.954117, 54.7303636 ], [ 55.9538427, 54.7304069 ] ], [ [ 55.954117, 54.7303636 ], [ 55.9544956, 54.7303039 ] ], [ [ 55.9544956, 54.7303039 ], [ 55.954117, 54.7303636 ] ], [ [ 55.9544956, 54.7303039 ], [ 55.955464, 54.7301579 ] ], [ [ 55.955464, 54.7301579 ], [ 55.9544956, 54.7303039 ] ], [ [ 55.955464, 54.7301579 ], [ 55.9558111, 54.730108 ] ], [ [ 55.9558111, 54.730108 ], [ 55.955464, 54.7301579 ] ], [ [ 55.9558111, 54.730108 ], [ 55.9560951, 54.7300622 ] ], [ [ 55.9558111, 54.730108 ], [ 55.9558873, 54.730262 ] ], [ [ 55.9558111, 54.730108 ], [ 55.95574, 54.7299649 ] ], [ [ 55.9591661, 54.7350553 ], [ 55.9591589, 54.7350178 ] ], [ [ 55.9591661, 54.7350553 ], [ 55.9591645, 54.7351024 ] ], [ [ 55.9591645, 54.7351024 ], [ 55.9591661, 54.7350553 ] ], [ [ 55.9591645, 54.7351024 ], [ 55.9591531, 54.7351484 ] ], [ [ 55.9591531, 54.7351484 ], [ 55.9591645, 54.7351024 ] ], [ [ 55.9591531, 54.7351484 ], [ 55.9591414, 54.7351906 ] ], [ [ 55.9591414, 54.7351906 ], [ 55.9591531, 54.7351484 ] ], [ [ 55.9591414, 54.7351906 ], [ 55.9591229, 54.7352333 ] ], [ [ 55.9591229, 54.7352333 ], [ 55.9591414, 54.7351906 ] ], [ [ 55.9591229, 54.7352333 ], [ 55.9590855, 54.7352807 ] ], [ [ 55.9590855, 54.7352807 ], [ 55.9591229, 54.7352333 ] ], [ [ 55.9590855, 54.7352807 ], [ 55.9590338, 54.7353188 ] ], [ [ 55.9590338, 54.7353188 ], [ 55.9590855, 54.7352807 ] ], [ [ 55.9590338, 54.7353188 ], [ 55.9589377, 54.7353988 ] ], [ [ 55.9594355, 54.7351579 ], [ 55.9591589, 54.7350178 ] ], [ [ 55.9594355, 54.7351579 ], [ 55.9594297, 54.735157 ] ], [ [ 55.9594297, 54.735157 ], [ 55.9594355, 54.7351579 ] ], [ [ 55.9594297, 54.735157 ], [ 55.9595807, 54.7352044 ] ], [ [ 55.9595807, 54.7352044 ], [ 55.9594297, 54.735157 ] ], [ [ 55.9595807, 54.7352044 ], [ 55.9598052, 54.7352778 ] ], [ [ 55.9598052, 54.7352778 ], [ 55.9595807, 54.7352044 ] ], [ [ 55.9598052, 54.7352778 ], [ 55.9600573, 54.7353531 ] ], [ [ 55.9592851, 54.7347722 ], [ 55.9592379, 54.7348326 ] ], [ [ 55.9592851, 54.7347722 ], [ 55.9594704, 54.7346531 ] ], [ [ 55.9592379, 54.7348326 ], [ 55.9592851, 54.7347722 ] ], [ [ 55.9592379, 54.7348326 ], [ 55.9591589, 54.7350178 ] ], [ [ 55.9651624, 54.7364397 ], [ 55.9650991, 54.7363198 ] ], [ [ 55.9651624, 54.7364397 ], [ 55.9652076, 54.7365286 ] ], [ [ 55.9650991, 54.7363198 ], [ 55.9651624, 54.7364397 ] ], [ [ 55.9650991, 54.7363198 ], [ 55.9650439, 54.7361719 ] ], [ [ 55.9583403, 54.7356232 ], [ 55.9582134, 54.7352953 ] ], [ [ 55.9583403, 54.7356232 ], [ 55.9584042, 54.7355768 ] ], [ [ 55.9583403, 54.7356232 ], [ 55.9583986, 54.7357929 ] ], [ [ 55.9582134, 54.7352953 ], [ 55.9583403, 54.7356232 ] ], [ [ 55.9582134, 54.7352953 ], [ 55.958158, 54.7351769 ] ], [ [ 55.9582134, 54.7352953 ], [ 55.9582697, 54.7351209 ] ], [ [ 55.9582134, 54.7352953 ], [ 55.9583728, 54.7353892 ] ], [ [ 55.958158, 54.7351769 ], [ 55.9582134, 54.7352953 ] ], [ [ 55.958158, 54.7351769 ], [ 55.9580839, 54.7350082 ] ], [ [ 55.9580839, 54.7350082 ], [ 55.958158, 54.7351769 ] ], [ [ 55.9580839, 54.7350082 ], [ 55.9580196, 54.7349109 ] ], [ [ 55.9560951, 54.7300622 ], [ 55.9558111, 54.730108 ] ], [ [ 55.9560951, 54.7300622 ], [ 55.9563258, 54.7300249 ] ], [ [ 55.9563258, 54.7300249 ], [ 55.9560951, 54.7300622 ] ], [ [ 55.9563258, 54.7300249 ], [ 55.9565343, 54.7299913 ] ], [ [ 55.9565343, 54.7299913 ], [ 55.9563258, 54.7300249 ] ], [ [ 55.9565343, 54.7299913 ], [ 55.9569247, 54.7299284 ] ], [ [ 55.9569247, 54.7299284 ], [ 55.9565343, 54.7299913 ] ], [ [ 55.9569247, 54.7299284 ], [ 55.957211, 54.7298822 ] ], [ [ 55.957211, 54.7298822 ], [ 55.9569247, 54.7299284 ] ], [ [ 55.957211, 54.7298822 ], [ 55.9585178, 54.7296729 ] ], [ [ 55.9585178, 54.7296729 ], [ 55.957211, 54.7298822 ] ], [ [ 55.9585178, 54.7296729 ], [ 55.9586529, 54.7296496 ] ], [ [ 55.9586529, 54.7296496 ], [ 55.9585178, 54.7296729 ] ], [ [ 55.9586529, 54.7296496 ], [ 55.9588415, 54.729621 ] ], [ [ 55.9590144, 54.7295913 ], [ 55.9588415, 54.729621 ] ], [ [ 55.9590144, 54.7295913 ], [ 55.9591692, 54.7295663 ] ], [ [ 55.9591692, 54.7295663 ], [ 55.9590144, 54.7295913 ] ], [ [ 55.9591692, 54.7295663 ], [ 55.9605437, 54.7293446 ] ], [ [ 55.9605437, 54.7293446 ], [ 55.9591692, 54.7295663 ] ], [ [ 55.9605437, 54.7293446 ], [ 55.960780988846601, 54.729306322915399 ] ], [ [ 55.962339, 54.729055 ], [ 55.960780988846601, 54.729306322915399 ] ], [ [ 55.962339, 54.729055 ], [ 55.962467, 54.7290344 ] ], [ [ 55.962467, 54.7290344 ], [ 55.962339, 54.729055 ] ], [ [ 55.962467, 54.7290344 ], [ 55.962617, 54.7290102 ] ], [ [ 55.962617, 54.7290102 ], [ 55.962467, 54.7290344 ] ], [ [ 55.962617, 54.7290102 ], [ 55.9629131, 54.7289624 ] ], [ [ 55.9629131, 54.7289624 ], [ 55.962617, 54.7290102 ] ], [ [ 55.9629131, 54.7289624 ], [ 55.9631226, 54.7289287 ] ], [ [ 55.9632926, 54.7289012 ], [ 55.9631226, 54.7289287 ] ], [ [ 55.9632926, 54.7289012 ], [ 55.9640749, 54.728775 ] ], [ [ 55.9640749, 54.728775 ], [ 55.9632926, 54.7289012 ] ], [ [ 55.9640749, 54.728775 ], [ 55.9648154, 54.7286556 ] ], [ [ 55.9648154, 54.7286556 ], [ 55.96473406591673, 54.728668714503101 ] ], [ [ 55.9648154, 54.7286556 ], [ 55.964896731356731, 54.728642480653704 ] ], [ [ 55.9510143, 54.7335432 ], [ 55.9509697, 54.7334556 ] ], [ [ 55.9510143, 54.7335432 ], [ 55.9512737, 54.7340522 ] ], [ [ 55.9512737, 54.7340522 ], [ 55.9510143, 54.7335432 ] ], [ [ 55.9512737, 54.7340522 ], [ 55.9515508, 54.7345958 ] ], [ [ 55.9515508, 54.7345958 ], [ 55.9512737, 54.7340522 ] ], [ [ 55.9515508, 54.7345958 ], [ 55.9519261, 54.7353321 ] ], [ [ 55.9519261, 54.7353321 ], [ 55.9515508, 54.7345958 ] ], [ [ 55.9519261, 54.7353321 ], [ 55.9519405, 54.7353603 ] ], [ [ 55.9519405, 54.7353603 ], [ 55.9519261, 54.7353321 ] ], [ [ 55.9519405, 54.7353603 ], [ 55.952025, 54.7355336 ] ], [ [ 55.952025, 54.7355336 ], [ 55.9519405, 54.7353603 ] ], [ [ 55.952025, 54.7355336 ], [ 55.9521218, 54.7357161 ] ], [ [ 55.9467095, 54.7245702 ], [ 55.9466287, 54.724396 ] ], [ [ 55.9467095, 54.7245702 ], [ 55.9469353, 54.7250501 ] ], [ [ 55.9469353, 54.7250501 ], [ 55.9467095, 54.7245702 ] ], [ [ 55.9469353, 54.7250501 ], [ 55.9473767, 54.7259873 ] ], [ [ 55.9473767, 54.7259873 ], [ 55.9469353, 54.7250501 ] ], [ [ 55.9473767, 54.7259873 ], [ 55.9474304, 54.7261015 ] ], [ [ 55.9474304, 54.7261015 ], [ 55.9473767, 54.7259873 ] ], [ [ 55.9474304, 54.7261015 ], [ 55.9472251, 54.7261344 ] ], [ [ 55.9474304, 54.7261015 ], [ 55.9476377, 54.726069 ] ], [ [ 55.9474304, 54.7261015 ], [ 55.9474745, 54.7261956 ] ], [ [ 55.9558873, 54.730262 ], [ 55.9558111, 54.730108 ] ], [ [ 55.9558873, 54.730262 ], [ 55.9561598, 54.7308687 ] ], [ [ 55.9561598, 54.7308687 ], [ 55.9558873, 54.730262 ] ], [ [ 55.9561598, 54.7308687 ], [ 55.9564423, 54.7314981 ] ], [ [ 55.9564423, 54.7314981 ], [ 55.9561598, 54.7308687 ] ], [ [ 55.9564423, 54.7314981 ], [ 55.9568293, 54.7323916 ] ], [ [ 55.9568293, 54.7323916 ], [ 55.9564423, 54.7314981 ] ], [ [ 55.9568293, 54.7323916 ], [ 55.956886, 54.732508 ] ], [ [ 55.9485787, 54.7285496 ], [ 55.948633, 54.7286453 ] ], [ [ 55.9485787, 54.7285496 ], [ 55.9487546, 54.7285222 ] ], [ [ 55.9485787, 54.7285496 ], [ 55.9485377, 54.7284623 ] ], [ [ 55.9485787, 54.7285496 ], [ 55.948361, 54.7285856 ] ], [ [ 55.948633, 54.7286453 ], [ 55.9485787, 54.7285496 ] ], [ [ 55.948633, 54.7286453 ], [ 55.9490026, 54.7293807 ] ], [ [ 55.9490026, 54.7293807 ], [ 55.948633, 54.7286453 ] ], [ [ 55.9490026, 54.7293807 ], [ 55.9496701, 54.7307523 ] ], [ [ 55.9496701, 54.7307523 ], [ 55.9490026, 54.7293807 ] ], [ [ 55.9496701, 54.7307523 ], [ 55.949737, 54.7309234 ] ], [ [ 55.949737, 54.7309234 ], [ 55.9496701, 54.7307523 ] ], [ [ 55.949737, 54.7309234 ], [ 55.9497969, 54.7310673 ] ], [ [ 55.9566649, 54.742938 ], [ 55.9567531, 54.7429139 ] ], [ [ 55.9566649, 54.742938 ], [ 55.955469, 54.7432016 ] ], [ [ 55.955469, 54.7432016 ], [ 55.955670322643385, 54.743157224509744 ] ], [ [ 55.955469, 54.7432016 ], [ 55.9552998, 54.7432393 ] ], [ [ 55.9552998, 54.7432393 ], [ 55.955331645262959, 54.743232204453818 ] ], [ [ 55.9552998, 54.7432393 ], [ 55.955267821237427, 54.743246191815125 ] ], [ [ 55.9568616, 54.7426138 ], [ 55.9566914, 54.7426527 ] ], [ [ 55.9568616, 54.7426138 ], [ 55.9583838, 54.7422692 ] ], [ [ 55.9583838, 54.7422692 ], [ 55.958168867789453, 54.742317856970018 ] ], [ [ 55.9583838, 54.7422692 ], [ 55.9585103, 54.7422378 ] ], [ [ 55.9585103, 54.7422378 ], [ 55.95842469761638, 54.742259048338703 ] ], [ [ 55.9585103, 54.7422378 ], [ 55.958597677069889, 54.74221912604267 ] ], [ [ 55.9493756, 54.7417451 ], [ 55.949451814077698, 54.741856878409479 ] ], [ [ 55.9493756, 54.7417451 ], [ 55.94927261469789, 54.741640751943415 ] ], [ [ 55.9490053, 54.7413699 ], [ 55.9493756, 54.7417451 ] ], [ [ 55.9490053, 54.7413699 ], [ 55.948485902108473, 54.740906605492064 ] ], [ [ 55.9483878, 54.7408191 ], [ 55.9490053, 54.7413699 ] ], [ [ 55.9483878, 54.7408191 ], [ 55.9482136, 54.7406224 ] ], [ [ 55.9482136, 54.7406224 ], [ 55.9483878, 54.7408191 ] ], [ [ 55.9482136, 54.7406224 ], [ 55.9479336, 54.7402472 ] ], [ [ 55.9479336, 54.7402472 ], [ 55.9482136, 54.7406224 ] ], [ [ 55.9479336, 54.7402472 ], [ 55.9478405, 54.7401138 ] ], [ [ 55.9478405, 54.7401138 ], [ 55.9479336, 54.7402472 ] ], [ [ 55.9478405, 54.7401138 ], [ 55.9476481, 54.7398464 ] ], [ [ 55.9476481, 54.7398464 ], [ 55.9478405, 54.7401138 ] ], [ [ 55.9476481, 54.7398464 ], [ 55.9475974, 54.7397789 ] ], [ [ 55.9475974, 54.7397789 ], [ 55.9476481, 54.7398464 ] ], [ [ 55.9475974, 54.7397789 ], [ 55.9474318, 54.7395232 ] ], [ [ 55.9474318, 54.7395232 ], [ 55.9475974, 54.7397789 ] ], [ [ 55.9474318, 54.7395232 ], [ 55.947403, 54.7394683 ] ], [ [ 55.947403, 54.7394683 ], [ 55.9474318, 54.7395232 ] ], [ [ 55.947403, 54.7394683 ], [ 55.9472564, 54.7392098 ] ], [ [ 55.9472564, 54.7392098 ], [ 55.947403, 54.7394683 ] ], [ [ 55.9472564, 54.7392098 ], [ 55.9468263, 54.7383131 ] ], [ [ 55.9468263, 54.7383131 ], [ 55.9472564, 54.7392098 ] ], [ [ 55.9468263, 54.7383131 ], [ 55.9467945, 54.7382465 ] ], [ [ 55.9467945, 54.7382465 ], [ 55.9468263, 54.7383131 ] ], [ [ 55.9467945, 54.7382465 ], [ 55.9464879, 54.7375759 ] ], [ [ 55.9464879, 54.7375759 ], [ 55.9467945, 54.7382465 ] ], [ [ 55.9464879, 54.7375759 ], [ 55.9464333, 54.737454 ] ], [ [ 55.9464333, 54.737454 ], [ 55.9464879, 54.7375759 ] ], [ [ 55.9464333, 54.737454 ], [ 55.9462703, 54.737101 ] ], [ [ 55.9462703, 54.737101 ], [ 55.9464333, 54.737454 ] ], [ [ 55.9462703, 54.737101 ], [ 55.9461874, 54.7369386 ] ], [ [ 55.9461874, 54.7369386 ], [ 55.9462703, 54.737101 ] ], [ [ 55.9461874, 54.7369386 ], [ 55.9461447, 54.7368421 ] ], [ [ 55.9461447, 54.7368421 ], [ 55.9461874, 54.7369386 ] ], [ [ 55.9461447, 54.7368421 ], [ 55.9462207, 54.736797 ] ], [ [ 55.9461447, 54.7368421 ], [ 55.9461081, 54.7367945 ] ], [ [ 55.9461447, 54.7368421 ], [ 55.945953, 54.7368726 ] ], [ [ 55.9566656, 54.7426261 ], [ 55.9566914, 54.7426527 ] ], [ [ 55.9566656, 54.7426261 ], [ 55.9565039, 54.742391 ] ], [ [ 55.9565039, 54.742391 ], [ 55.9566656, 54.7426261 ] ], [ [ 55.9565039, 54.742391 ], [ 55.9563623, 54.7421852 ] ], [ [ 55.9563623, 54.7421852 ], [ 55.9565039, 54.742391 ] ], [ [ 55.9563623, 54.7421852 ], [ 55.9561209, 54.7418327 ] ], [ [ 55.9561209, 54.7418327 ], [ 55.9563623, 54.7421852 ] ], [ [ 55.9561209, 54.7418327 ], [ 55.9560799, 54.7417692 ] ], [ [ 55.9560799, 54.7417692 ], [ 55.9561209, 54.7418327 ] ], [ [ 55.9560799, 54.7417692 ], [ 55.9556466, 54.7411401 ] ], [ [ 55.9556466, 54.7411401 ], [ 55.9560799, 54.7417692 ] ], [ [ 55.9556466, 54.7411401 ], [ 55.9556232, 54.7411052 ] ], [ [ 55.954573, 54.7276147 ], [ 55.9543371, 54.7276515 ] ], [ [ 55.954573, 54.7276147 ], [ 55.9545266, 54.7275146 ] ], [ [ 55.954573, 54.7276147 ], [ 55.9548038, 54.7275789 ] ], [ [ 55.954573, 54.7276147 ], [ 55.9546387, 54.7277471 ] ], [ [ 55.9543371, 54.7276515 ], [ 55.954573, 54.7276147 ] ], [ [ 55.9543371, 54.7276515 ], [ 55.9533473, 54.7278059 ] ], [ [ 55.9533473, 54.7278059 ], [ 55.9543371, 54.7276515 ] ], [ [ 55.9533473, 54.7278059 ], [ 55.953219, 54.7278259 ] ], [ [ 55.953219, 54.7278259 ], [ 55.9533473, 54.7278059 ] ], [ [ 55.953219, 54.7278259 ], [ 55.9526473, 54.727915 ] ], [ [ 55.9526473, 54.727915 ], [ 55.953219, 54.7278259 ] ], [ [ 55.9526473, 54.727915 ], [ 55.9522785, 54.7279726 ] ], [ [ 55.9522785, 54.7279726 ], [ 55.9526473, 54.727915 ] ], [ [ 55.9522785, 54.7279726 ], [ 55.9519136, 54.7280295 ] ], [ [ 55.9519136, 54.7280295 ], [ 55.9522785, 54.7279726 ] ], [ [ 55.9519136, 54.7280295 ], [ 55.9516537, 54.72807 ] ], [ [ 55.9516537, 54.72807 ], [ 55.9519136, 54.7280295 ] ], [ [ 55.9516537, 54.72807 ], [ 55.9515115, 54.7280919 ] ], [ [ 55.9515115, 54.7280919 ], [ 55.9516537, 54.72807 ] ], [ [ 55.9515115, 54.7280919 ], [ 55.9513084, 54.7281235 ] ], [ [ 55.9513084, 54.7281235 ], [ 55.9515115, 54.7280919 ] ], [ [ 55.9513084, 54.7281235 ], [ 55.9512006, 54.7281407 ] ], [ [ 55.9512006, 54.7281407 ], [ 55.9513084, 54.7281235 ] ], [ [ 55.9512006, 54.7281407 ], [ 55.9498132, 54.7283571 ] ], [ [ 55.9498132, 54.7283571 ], [ 55.9512006, 54.7281407 ] ], [ [ 55.9498132, 54.7283571 ], [ 55.9487546, 54.7285222 ] ], [ [ 55.9487546, 54.7285222 ], [ 55.9498132, 54.7283571 ] ], [ [ 55.9487546, 54.7285222 ], [ 55.9485787, 54.7285496 ] ], [ [ 55.9518376, 54.7358876 ], [ 55.9521876, 54.7358324 ] ], [ [ 55.9518376, 54.7358876 ], [ 55.9492772, 54.7362916 ] ], [ [ 55.9492772, 54.7362916 ], [ 55.9518376, 54.7358876 ] ], [ [ 55.9492772, 54.7362916 ], [ 55.9490981, 54.7363196 ] ], [ [ 55.9490981, 54.7363196 ], [ 55.9492772, 54.7362916 ] ], [ [ 55.9490981, 54.7363196 ], [ 55.9489332, 54.7363458 ] ], [ [ 55.9463605, 54.7367517 ], [ 55.9462207, 54.736797 ] ], [ [ 55.9463605, 54.7367517 ], [ 55.9466295, 54.7367093 ] ], [ [ 55.9462207, 54.736797 ], [ 55.9463605, 54.7367517 ] ], [ [ 55.9462207, 54.736797 ], [ 55.9461447, 54.7368421 ] ], [ [ 55.9449574, 54.7342998 ], [ 55.9450153, 54.7344171 ] ], [ [ 55.9449574, 54.7342998 ], [ 55.9444578, 54.7332659 ] ], [ [ 55.9444578, 54.7332659 ], [ 55.9449574, 54.7342998 ] ], [ [ 55.9444578, 54.7332659 ], [ 55.944438, 54.7332217 ] ], [ [ 55.9461081, 54.7367945 ], [ 55.9461447, 54.7368421 ] ], [ [ 55.9461081, 54.7367945 ], [ 55.9460889, 54.7367656 ] ], [ [ 55.9460889, 54.7367656 ], [ 55.9461081, 54.7367945 ] ], [ [ 55.9460889, 54.7367656 ], [ 55.9460656, 54.7367237 ] ], [ [ 55.9460656, 54.7367237 ], [ 55.9460889, 54.7367656 ] ], [ [ 55.9460656, 54.7367237 ], [ 55.9459858, 54.7365338 ] ], [ [ 55.9460656, 54.7367237 ], [ 55.9459125, 54.7367772 ] ], [ [ 55.9460656, 54.7367237 ], [ 55.9462629, 54.7366368 ] ], [ [ 55.9459858, 54.7365338 ], [ 55.9460656, 54.7367237 ] ], [ [ 55.9459858, 54.7365338 ], [ 55.9459437, 54.7364555 ] ], [ [ 55.9459437, 54.7364555 ], [ 55.9459858, 54.7365338 ] ], [ [ 55.9459437, 54.7364555 ], [ 55.9457647, 54.7360638 ] ], [ [ 55.9459437, 54.7364555 ], [ 55.9458821, 54.7365523 ] ], [ [ 55.9457647, 54.7360638 ], [ 55.9459437, 54.7364555 ] ], [ [ 55.9457647, 54.7360638 ], [ 55.9450542, 54.7344986 ] ], [ [ 55.9450542, 54.7344986 ], [ 55.9457647, 54.7360638 ] ], [ [ 55.9450542, 54.7344986 ], [ 55.9450153, 54.7344171 ] ], [ [ 55.9426289, 54.7295267 ], [ 55.9425699, 54.7294017 ] ], [ [ 55.9426289, 54.7295267 ], [ 55.9428447, 54.7294915 ] ], [ [ 55.9426289, 54.7295267 ], [ 55.9424414, 54.7295564 ] ], [ [ 55.9426289, 54.7295267 ], [ 55.9426779, 54.729629 ] ], [ [ 55.9425699, 54.7294017 ], [ 55.9426289, 54.7295267 ] ], [ [ 55.9425699, 54.7294017 ], [ 55.9422013, 54.7286207 ] ], [ [ 55.9422013, 54.7286207 ], [ 55.9425699, 54.7294017 ] ], [ [ 55.9422013, 54.7286207 ], [ 55.9421519, 54.728516 ] ], [ [ 55.9421519, 54.728516 ], [ 55.9422013, 54.7286207 ] ], [ [ 55.9421519, 54.728516 ], [ 55.9421383, 54.7284872 ] ], [ [ 55.9421383, 54.7284872 ], [ 55.9421519, 54.728516 ] ], [ [ 55.9421383, 54.7284872 ], [ 55.9420887, 54.728382 ] ], [ [ 55.9420887, 54.728382 ], [ 55.9421383, 54.7284872 ] ], [ [ 55.9420887, 54.728382 ], [ 55.9420794, 54.7283624 ] ], [ [ 55.9420794, 54.7283624 ], [ 55.9420887, 54.728382 ] ], [ [ 55.9420794, 54.7283624 ], [ 55.9418772, 54.7279339 ] ], [ [ 55.9418772, 54.7279339 ], [ 55.9420794, 54.7283624 ] ], [ [ 55.9418772, 54.7279339 ], [ 55.9416013, 54.7273493 ] ], [ [ 55.9416013, 54.7273493 ], [ 55.941776696604236, 54.727720944997593 ] ], [ [ 55.9416013, 54.7273493 ], [ 55.9415171, 54.727171 ] ], [ [ 55.9415171, 54.727171 ], [ 55.9416013, 54.7273493 ] ], [ [ 55.9415171, 54.727171 ], [ 55.941464, 54.7270584 ] ], [ [ 55.941464, 54.7270584 ], [ 55.941502078969783, 54.727139147495237 ] ], [ [ 55.941464, 54.7270584 ], [ 55.941429555931336, 54.726977107567848 ] ], [ [ 55.941464, 54.7270584 ], [ 55.94160292992386, 54.72703515468114 ] ], [ [ 55.941464, 54.7270584 ], [ 55.941325460172671, 54.727082412816728 ] ], [ [ 55.9444974, 54.7265719 ], [ 55.9443132, 54.7266015 ] ], [ [ 55.9444974, 54.7265719 ], [ 55.9446249, 54.7265515 ] ], [ [ 55.9443132, 54.7266015 ], [ 55.9444974, 54.7265719 ] ], [ [ 55.9443132, 54.7266015 ], [ 55.9430264, 54.7268078 ] ], [ [ 55.9430264, 54.7268078 ], [ 55.944169731443075, 54.726624500904023 ] ], [ [ 55.9430264, 54.7268078 ], [ 55.942150986791773, 54.726947161417847 ] ], [ [ 55.9399584, 54.7377351 ], [ 55.9401383, 54.7380841 ] ], [ [ 55.9399584, 54.7377351 ], [ 55.9397872, 54.73742 ] ], [ [ 55.9399584, 54.7377351 ], [ 55.9401266, 54.7377324 ] ], [ [ 55.9397872, 54.73742 ], [ 55.9399584, 54.7377351 ] ], [ [ 55.9397872, 54.73742 ], [ 55.938891915234606, 54.735385252967646 ] ], [ [ 55.9392328, 54.7387531 ], [ 55.9395125, 54.7385533 ] ], [ [ 55.9392328, 54.7387531 ], [ 55.9390596, 54.738928 ] ], [ [ 55.9390596, 54.738928 ], [ 55.9392328, 54.7387531 ] ], [ [ 55.9390596, 54.738928 ], [ 55.9389819, 54.7391684 ] ], [ [ 55.9389819, 54.7391684 ], [ 55.9390596, 54.738928 ] ], [ [ 55.9389819, 54.7391684 ], [ 55.9389119, 54.7394171 ] ], [ [ 55.9389119, 54.7394171 ], [ 55.9389819, 54.7391684 ] ], [ [ 55.9389119, 54.7394171 ], [ 55.938813976803601, 54.73971322826759 ] ], [ [ 55.945953, 54.7368726 ], [ 55.9461447, 54.7368421 ] ], [ [ 55.945953, 54.7368726 ], [ 55.9452485, 54.7369847 ] ], [ [ 55.9452485, 54.7369847 ], [ 55.945953, 54.7368726 ] ], [ [ 55.9452485, 54.7369847 ], [ 55.9431118, 54.7373247 ] ], [ [ 55.9431118, 54.7373247 ], [ 55.9452485, 54.7369847 ] ], [ [ 55.9431118, 54.7373247 ], [ 55.9410324, 54.7376556 ] ], [ [ 55.9410324, 54.7376556 ], [ 55.9431118, 54.7373247 ] ], [ [ 55.9410324, 54.7376556 ], [ 55.940932, 54.7376716 ] ], [ [ 55.940932, 54.7376716 ], [ 55.9410324, 54.7376556 ] ], [ [ 55.940932, 54.7376716 ], [ 55.9405829, 54.7377252 ] ], [ [ 55.9472251, 54.7261344 ], [ 55.9474304, 54.7261015 ] ], [ [ 55.9472251, 54.7261344 ], [ 55.9459398, 54.7263406 ] ], [ [ 55.9459398, 54.7263406 ], [ 55.9472251, 54.7261344 ] ], [ [ 55.9459398, 54.7263406 ], [ 55.9456208, 54.7263917 ] ], [ [ 55.9456208, 54.7263917 ], [ 55.9459398, 54.7263406 ] ], [ [ 55.9456208, 54.7263917 ], [ 55.9453504, 54.7264351 ] ], [ [ 55.9453504, 54.7264351 ], [ 55.9456208, 54.7263917 ] ], [ [ 55.9453504, 54.7264351 ], [ 55.945184, 54.7264618 ] ], [ [ 55.945184, 54.7264618 ], [ 55.9453504, 54.7264351 ] ], [ [ 55.945184, 54.7264618 ], [ 55.9446249, 54.7265515 ] ], [ [ 55.9446249, 54.7265515 ], [ 55.945184, 54.7264618 ] ], [ [ 55.9446249, 54.7265515 ], [ 55.9444974, 54.7265719 ] ], [ [ 55.9518181, 54.7254126 ], [ 55.952985498197407, 54.725228533548474 ] ], [ [ 55.9518181, 54.7254126 ], [ 55.950650362812148, 54.725595957491485 ] ], [ [ 55.950417, 54.7256326 ], [ 55.9518181, 54.7254126 ] ], [ [ 55.950417, 54.7256326 ], [ 55.9495431, 54.7257698 ] ], [ [ 55.9495431, 54.7257698 ], [ 55.950417, 54.7256326 ] ], [ [ 55.9495431, 54.7257698 ], [ 55.9494536, 54.7257838 ] ], [ [ 55.9494536, 54.7257838 ], [ 55.9495431, 54.7257698 ] ], [ [ 55.9494536, 54.7257838 ], [ 55.9484346, 54.7259438 ] ], [ [ 55.9484346, 54.7259438 ], [ 55.9494536, 54.7257838 ] ], [ [ 55.9484346, 54.7259438 ], [ 55.9476377, 54.726069 ] ], [ [ 55.9476377, 54.726069 ], [ 55.9484346, 54.7259438 ] ], [ [ 55.9476377, 54.726069 ], [ 55.9474304, 54.7261015 ] ], [ [ 55.9474745, 54.7261956 ], [ 55.9474304, 54.7261015 ] ], [ [ 55.9474745, 54.7261956 ], [ 55.9477333, 54.7267474 ] ], [ [ 55.9477333, 54.7267474 ], [ 55.9474745, 54.7261956 ] ], [ [ 55.9477333, 54.7267474 ], [ 55.9485377, 54.7284623 ] ], [ [ 55.9485377, 54.7284623 ], [ 55.9477333, 54.7267474 ] ], [ [ 55.9485377, 54.7284623 ], [ 55.9485787, 54.7285496 ] ], [ [ 55.9537312, 54.7258476 ], [ 55.953479556055719, 54.725361657372368 ] ], [ [ 55.9537312, 54.7258476 ], [ 55.9539376, 54.7262688 ] ], [ [ 55.9539376, 54.7262688 ], [ 55.9537312, 54.7258476 ] ], [ [ 55.9539376, 54.7262688 ], [ 55.9541405, 54.7266828 ] ], [ [ 55.9541405, 54.7266828 ], [ 55.9539376, 54.7262688 ] ], [ [ 55.9541405, 54.7266828 ], [ 55.9545266, 54.7275146 ] ], [ [ 55.9545266, 54.7275146 ], [ 55.9541405, 54.7266828 ] ], [ [ 55.9545266, 54.7275146 ], [ 55.954573, 54.7276147 ] ], [ [ 55.9550898, 54.7286555 ], [ 55.9552005, 54.7288784 ] ], [ [ 55.9550898, 54.7286555 ], [ 55.9546387, 54.7277471 ] ], [ [ 55.9552005, 54.7288784 ], [ 55.9550898, 54.7286555 ] ], [ [ 55.9552005, 54.7288784 ], [ 55.9554423, 54.7293653 ] ], [ [ 55.9554423, 54.7293653 ], [ 55.9552005, 54.7288784 ] ], [ [ 55.9554423, 54.7293653 ], [ 55.9556028, 54.7296885 ] ], [ [ 55.9556028, 54.7296885 ], [ 55.9554423, 54.7293653 ] ], [ [ 55.9556028, 54.7296885 ], [ 55.95574, 54.7299649 ] ], [ [ 55.95574, 54.7299649 ], [ 55.9556028, 54.7296885 ] ], [ [ 55.95574, 54.7299649 ], [ 55.9558111, 54.730108 ] ], [ [ 55.9456395, 54.7290361 ], [ 55.9454184, 54.7290721 ] ], [ [ 55.9456395, 54.7290361 ], [ 55.9457916, 54.7290102 ] ], [ [ 55.9454184, 54.7290721 ], [ 55.9456395, 54.7290361 ] ], [ [ 55.9454184, 54.7290721 ], [ 55.9442147, 54.7292683 ] ], [ [ 55.9442147, 54.7292683 ], [ 55.9454184, 54.7290721 ] ], [ [ 55.9442147, 54.7292683 ], [ 55.9440573, 54.7292939 ] ], [ [ 55.9440573, 54.7292939 ], [ 55.9442147, 54.7292683 ] ], [ [ 55.9440573, 54.7292939 ], [ 55.9439493, 54.7293115 ] ], [ [ 55.9439493, 54.7293115 ], [ 55.9440573, 54.7292939 ] ], [ [ 55.9439493, 54.7293115 ], [ 55.9428447, 54.7294915 ] ], [ [ 55.9428447, 54.7294915 ], [ 55.9439493, 54.7293115 ] ], [ [ 55.9428447, 54.7294915 ], [ 55.9426289, 54.7295267 ] ], [ [ 55.948361, 54.7285856 ], [ 55.9485787, 54.7285496 ] ], [ [ 55.948361, 54.7285856 ], [ 55.9479746, 54.7286494 ] ], [ [ 55.9479746, 54.7286494 ], [ 55.948361, 54.7285856 ] ], [ [ 55.9479746, 54.7286494 ], [ 55.9475756, 54.7287154 ] ], [ [ 55.9475756, 54.7287154 ], [ 55.9479746, 54.7286494 ] ], [ [ 55.9475756, 54.7287154 ], [ 55.947296260095136, 54.728761552162098 ] ], [ [ 55.946885, 54.7288295 ], [ 55.947296260095136, 54.728761552162098 ] ], [ [ 55.946885, 54.7288295 ], [ 55.9457916, 54.7290102 ] ], [ [ 55.9457916, 54.7290102 ], [ 55.946885, 54.7288295 ] ], [ [ 55.9457916, 54.7290102 ], [ 55.9456395, 54.7290361 ] ], [ [ 55.9424414, 54.7295564 ], [ 55.9426289, 54.7295267 ] ], [ [ 55.9424414, 54.7295564 ], [ 55.9420568, 54.7296173 ] ], [ [ 55.9420568, 54.7296173 ], [ 55.9424414, 54.7295564 ] ], [ [ 55.9420568, 54.7296173 ], [ 55.9410019, 54.7297845 ] ], [ [ 55.9410019, 54.7297845 ], [ 55.9420568, 54.7296173 ] ], [ [ 55.9410019, 54.7297845 ], [ 55.9407725, 54.7298208 ] ], [ [ 55.9407725, 54.7298208 ], [ 55.9410019, 54.7297845 ] ], [ [ 55.9407725, 54.7298208 ], [ 55.9398726, 54.7299634 ] ], [ [ 55.9398726, 54.7299634 ], [ 55.9407725, 54.7298208 ] ], [ [ 55.9398726, 54.7299634 ], [ 55.9397163, 54.7299882 ] ], [ [ 55.9397163, 54.7299882 ], [ 55.9398726, 54.7299634 ] ], [ [ 55.9397163, 54.7299882 ], [ 55.9395072, 54.7300234 ] ], [ [ 55.9572871, 54.7427972 ], [ 55.958410228948253, 54.742549892675981 ] ], [ [ 55.9572871, 54.7427972 ], [ 55.957018, 54.7428564 ] ], [ [ 55.957018, 54.7428564 ], [ 55.9572871, 54.7427972 ] ], [ [ 55.957018, 54.7428564 ], [ 55.956921, 54.7428793 ] ], [ [ 55.956921, 54.7428793 ], [ 55.957018, 54.7428564 ] ], [ [ 55.956921, 54.7428793 ], [ 55.9567998, 54.7429042 ] ], [ [ 55.956921, 54.7428793 ], [ 55.956815, 54.7427742 ] ], [ [ 55.956921, 54.7428793 ], [ 55.9569506, 54.7429182 ] ], [ [ 55.9567998, 54.7429042 ], [ 55.956921, 54.7428793 ] ], [ [ 55.9567998, 54.7429042 ], [ 55.9567531, 54.7429139 ] ], [ [ 55.9556232, 54.7411052 ], [ 55.9556466, 54.7411401 ] ], [ [ 55.9556232, 54.7411052 ], [ 55.9552124, 54.7404934 ] ], [ [ 55.9552124, 54.7404934 ], [ 55.9556232, 54.7411052 ] ], [ [ 55.9552124, 54.7404934 ], [ 55.95501, 54.7401864 ] ], [ [ 55.95501, 54.7401864 ], [ 55.9552124, 54.7404934 ] ], [ [ 55.95501, 54.7401864 ], [ 55.9545485, 54.7394835 ] ], [ [ 55.9545485, 54.7394835 ], [ 55.95501, 54.7401864 ] ], [ [ 55.9545485, 54.7394835 ], [ 55.9544205, 54.7392792 ] ], [ [ 55.9544205, 54.7392792 ], [ 55.9545485, 54.7394835 ] ], [ [ 55.9544205, 54.7392792 ], [ 55.9538892, 54.7384579 ] ], [ [ 55.9538892, 54.7384579 ], [ 55.9544205, 54.7392792 ] ], [ [ 55.9538892, 54.7384579 ], [ 55.9536933, 54.7381489 ] ], [ [ 55.9536933, 54.7381489 ], [ 55.9538892, 54.7384579 ] ], [ [ 55.9536933, 54.7381489 ], [ 55.9536263, 54.7380531 ] ], [ [ 55.9536263, 54.7380531 ], [ 55.9536933, 54.7381489 ] ], [ [ 55.9536263, 54.7380531 ], [ 55.9535506, 54.7379418 ] ], [ [ 55.9535506, 54.7379418 ], [ 55.9536263, 54.7380531 ] ], [ [ 55.9535506, 54.7379418 ], [ 55.9532218, 54.7374389 ] ], [ [ 55.9532218, 54.7374389 ], [ 55.9535506, 54.7379418 ] ], [ [ 55.9532218, 54.7374389 ], [ 55.9529174, 54.7369772 ] ], [ [ 55.9529174, 54.7369772 ], [ 55.9532218, 54.7374389 ] ], [ [ 55.9529174, 54.7369772 ], [ 55.9526803, 54.7366354 ] ], [ [ 55.9526803, 54.7366354 ], [ 55.9529174, 54.7369772 ] ], [ [ 55.9526803, 54.7366354 ], [ 55.9526113, 54.7365241 ] ], [ [ 55.9526113, 54.7365241 ], [ 55.9526803, 54.7366354 ] ], [ [ 55.9526113, 54.7365241 ], [ 55.9522506, 54.7359478 ] ], [ [ 55.9522506, 54.7359478 ], [ 55.9526113, 54.7365241 ] ], [ [ 55.9522506, 54.7359478 ], [ 55.9521876, 54.7358324 ] ], [ [ 55.9652076, 54.7365286 ], [ 55.965326545081552, 54.736754515826036 ] ], [ [ 55.9652076, 54.7365286 ], [ 55.9651624, 54.7364397 ] ], [ [ 55.934961, 54.7334645 ], [ 55.934826235567378, 54.733486662587374 ] ], [ [ 55.934961, 54.7334645 ], [ 55.9350775, 54.7334453 ] ], [ [ 55.9350775, 54.7334453 ], [ 55.934961, 54.7334645 ] ], [ [ 55.9350775, 54.7334453 ], [ 55.935328808842918, 54.733404028664943 ] ], [ [ 55.9356237, 54.7333556 ], [ 55.9350775, 54.7334453 ] ], [ [ 55.9356237, 54.7333556 ], [ 55.936421169353096, 54.733224553522106 ] ], [ [ 55.9367069, 54.7331776 ], [ 55.9356237, 54.7333556 ] ], [ [ 55.9367069, 54.7331776 ], [ 55.9373234, 54.7330763 ] ], [ [ 55.9373234, 54.7330763 ], [ 55.9367069, 54.7331776 ] ], [ [ 55.9373234, 54.7330763 ], [ 55.9376869, 54.7330166 ] ], [ [ 55.9376869, 54.7330166 ], [ 55.9373234, 54.7330763 ] ], [ [ 55.9376869, 54.7330166 ], [ 55.9378278, 54.7329935 ] ], [ [ 55.9378278, 54.7329935 ], [ 55.9376869, 54.7330166 ] ], [ [ 55.9378278, 54.7329935 ], [ 55.9378748, 54.7330973 ] ], [ [ 55.9378278, 54.7329935 ], [ 55.9377679, 54.7328605 ] ], [ [ 55.9630603, 54.7287914 ], [ 55.9631226, 54.7289287 ] ], [ [ 55.9630603, 54.7287914 ], [ 55.96265645170849, 54.727897489526171 ] ], [ [ 55.9582697, 54.7351209 ], [ 55.9582134, 54.7352953 ] ], [ [ 55.9582697, 54.7351209 ], [ 55.9582939, 54.7350685 ] ], [ [ 55.9582939, 54.7350685 ], [ 55.9582697, 54.7351209 ] ], [ [ 55.9582939, 54.7350685 ], [ 55.9583245, 54.7350357 ] ], [ [ 55.9583245, 54.7350357 ], [ 55.9582939, 54.7350685 ] ], [ [ 55.9583245, 54.7350357 ], [ 55.958374, 54.734992 ] ], [ [ 55.958374, 54.734992 ], [ 55.9583245, 54.7350357 ] ], [ [ 55.958374, 54.734992 ], [ 55.9584222, 54.7349532 ] ], [ [ 55.9584222, 54.7349532 ], [ 55.958374, 54.734992 ] ], [ [ 55.9584222, 54.7349532 ], [ 55.9584832, 54.734921 ] ], [ [ 55.9584832, 54.734921 ], [ 55.9584222, 54.7349532 ] ], [ [ 55.9584832, 54.734921 ], [ 55.9585544, 54.7348966 ] ], [ [ 55.9585544, 54.7348966 ], [ 55.9584832, 54.734921 ] ], [ [ 55.9585544, 54.7348966 ], [ 55.9586327, 54.7348813 ] ], [ [ 55.9586327, 54.7348813 ], [ 55.9585544, 54.7348966 ] ], [ [ 55.9586327, 54.7348813 ], [ 55.9587148, 54.7348755 ] ], [ [ 55.9587148, 54.7348755 ], [ 55.9586327, 54.7348813 ] ], [ [ 55.9587148, 54.7348755 ], [ 55.9587972, 54.7348796 ] ], [ [ 55.9587972, 54.7348796 ], [ 55.9587148, 54.7348755 ] ], [ [ 55.9587972, 54.7348796 ], [ 55.9588764, 54.7348934 ] ], [ [ 55.9588764, 54.7348934 ], [ 55.9587972, 54.7348796 ] ], [ [ 55.9588764, 54.7348934 ], [ 55.9590177, 54.7349536 ] ], [ [ 55.9590177, 54.7349536 ], [ 55.9588764, 54.7348934 ] ], [ [ 55.9590177, 54.7349536 ], [ 55.9591589, 54.7350178 ] ], [ [ 55.9587152, 54.7354324 ], [ 55.9584744, 54.7355333 ] ], [ [ 55.9587152, 54.7354324 ], [ 55.9589377, 54.7353988 ] ], [ [ 55.9587152, 54.7354324 ], [ 55.9585622, 54.7354213 ] ], [ [ 55.9584744, 54.7355333 ], [ 55.9587152, 54.7354324 ] ], [ [ 55.9584744, 54.7355333 ], [ 55.9584042, 54.7355768 ] ], [ [ 55.9584042, 54.7355768 ], [ 55.9584744, 54.7355333 ] ], [ [ 55.9584042, 54.7355768 ], [ 55.9583403, 54.7356232 ] ], [ [ 55.9441596, 54.732778 ], [ 55.944140458970629, 54.732763918542091 ] ], [ [ 55.9441596, 54.732778 ], [ 55.9442321, 54.7328574 ] ], [ [ 55.9440654, 54.7327087 ], [ 55.944140458970629, 54.732763918542091 ] ], [ [ 55.9440654, 54.7327087 ], [ 55.9438087, 54.7325723 ] ], [ [ 55.9438087, 54.7325723 ], [ 55.9440654, 54.7327087 ] ], [ [ 55.9438087, 54.7325723 ], [ 55.943516, 54.7324398 ] ], [ [ 55.943516, 54.7324398 ], [ 55.9438087, 54.7325723 ] ], [ [ 55.943516, 54.7324398 ], [ 55.9434258, 54.7323806 ] ], [ [ 55.9570674, 54.7329034 ], [ 55.9569316, 54.7326012 ] ], [ [ 55.9570674, 54.7329034 ], [ 55.9572886, 54.7333974 ] ], [ [ 55.9572886, 54.7333974 ], [ 55.9570674, 54.7329034 ] ], [ [ 55.9572886, 54.7333974 ], [ 55.957846, 54.7345577 ] ], [ [ 55.957846, 54.7345577 ], [ 55.9572886, 54.7333974 ] ], [ [ 55.957846, 54.7345577 ], [ 55.9579542, 54.7347829 ] ], [ [ 55.9579542, 54.7347829 ], [ 55.957846, 54.7345577 ] ], [ [ 55.9579542, 54.7347829 ], [ 55.9576395, 54.7348331 ] ], [ [ 55.9579542, 54.7347829 ], [ 55.9584442, 54.7347022 ] ], [ [ 55.9579542, 54.7347829 ], [ 55.9579754, 54.7348244 ] ], [ [ 55.9653413, 54.7337165 ], [ 55.966346220213879, 54.733551394354912 ] ], [ [ 55.9653413, 54.7337165 ], [ 55.9649963, 54.733768 ] ], [ [ 55.9649963, 54.733768 ], [ 55.9653413, 54.7337165 ] ], [ [ 55.9649963, 54.733768 ], [ 55.9641586, 54.7339081 ] ], [ [ 55.9641586, 54.7339081 ], [ 55.9649963, 54.733768 ] ], [ [ 55.9641586, 54.7339081 ], [ 55.9640406, 54.733929 ] ], [ [ 55.9578863, 54.7271011 ], [ 55.958479105269532, 54.727009297252202 ] ], [ [ 55.9578863, 54.7271011 ], [ 55.9577642, 54.7271201 ] ], [ [ 55.9577642, 54.7271201 ], [ 55.9578863, 54.7271011 ] ], [ [ 55.9577642, 54.7271201 ], [ 55.957681, 54.727133 ] ], [ [ 55.957681, 54.727133 ], [ 55.9577642, 54.7271201 ] ], [ [ 55.957681, 54.727133 ], [ 55.9575317, 54.7271561 ] ], [ [ 55.9575317, 54.7271561 ], [ 55.957681, 54.727133 ] ], [ [ 55.9575317, 54.7271561 ], [ 55.9574094, 54.7271753 ] ], [ [ 55.9574094, 54.7271753 ], [ 55.9575317, 54.7271561 ] ], [ [ 55.9574094, 54.7271753 ], [ 55.956339539831717, 54.72734098053413 ] ], [ [ 55.9560159, 54.7273911 ], [ 55.9574094, 54.7271753 ] ], [ [ 55.9560159, 54.7273911 ], [ 55.9548038, 54.7275789 ] ], [ [ 55.9548038, 54.7275789 ], [ 55.9560159, 54.7273911 ] ], [ [ 55.9548038, 54.7275789 ], [ 55.954573, 54.7276147 ] ], [ [ 55.9489332, 54.7363458 ], [ 55.9490981, 54.7363196 ] ], [ [ 55.9489332, 54.7363458 ], [ 55.9479827, 54.7364958 ] ], [ [ 55.9479827, 54.7364958 ], [ 55.9489332, 54.7363458 ] ], [ [ 55.9479827, 54.7364958 ], [ 55.9466295, 54.7367093 ] ], [ [ 55.9466295, 54.7367093 ], [ 55.9479827, 54.7364958 ] ], [ [ 55.9466295, 54.7367093 ], [ 55.9463605, 54.7367517 ] ], [ [ 55.9388458, 54.7352807 ], [ 55.9379513, 54.7332584 ] ], [ [ 55.9388458, 54.7352807 ], [ 55.9388757, 54.7353484 ] ], [ [ 55.9379513, 54.7332584 ], [ 55.938842580212487, 54.73527342065254 ] ], [ [ 55.9379513, 54.7332584 ], [ 55.9378748, 54.7330973 ] ], [ [ 55.9378748, 54.7330973 ], [ 55.9379513, 54.7332584 ] ], [ [ 55.9378748, 54.7330973 ], [ 55.9378278, 54.7329935 ] ], [ [ 55.9377679, 54.7328605 ], [ 55.9378278, 54.7329935 ] ], [ [ 55.9377679, 54.7328605 ], [ 55.9374535, 54.73216 ] ], [ [ 55.9374535, 54.73216 ], [ 55.9377679, 54.7328605 ] ], [ [ 55.9374535, 54.73216 ], [ 55.9372582, 54.7317465 ] ], [ [ 55.9372582, 54.7317465 ], [ 55.9374535, 54.73216 ] ], [ [ 55.9372582, 54.7317465 ], [ 55.9371934, 54.7315984 ] ], [ [ 55.9371934, 54.7315984 ], [ 55.9372582, 54.7317465 ] ], [ [ 55.9371934, 54.7315984 ], [ 55.937022549886812, 54.731249148792436 ] ], [ [ 55.944438, 54.7332217 ], [ 55.9444578, 54.7332659 ] ], [ [ 55.944438, 54.7332217 ], [ 55.944351, 54.7330414 ] ], [ [ 55.944351, 54.7330414 ], [ 55.944438, 54.7332217 ] ], [ [ 55.944351, 54.7330414 ], [ 55.9442872, 54.7329339 ] ], [ [ 55.9442872, 54.7329339 ], [ 55.944351, 54.7330414 ] ], [ [ 55.9442872, 54.7329339 ], [ 55.9442321, 54.7328574 ] ], [ [ 55.9442321, 54.7328574 ], [ 55.9442872, 54.7329339 ] ], [ [ 55.9442321, 54.7328574 ], [ 55.9441596, 54.732778 ] ], [ [ 55.9450367, 54.7369115 ], [ 55.9453925, 54.7368015 ] ], [ [ 55.9450367, 54.7369115 ], [ 55.9430628, 54.7372141 ] ], [ [ 55.9450367, 54.7369115 ], [ 55.9459125, 54.7367772 ] ], [ [ 55.9453925, 54.7368015 ], [ 55.9450367, 54.7369115 ] ], [ [ 55.9453925, 54.7368015 ], [ 55.9458235, 54.7366225 ] ], [ [ 55.9458235, 54.7366225 ], [ 55.9453925, 54.7368015 ] ], [ [ 55.9458235, 54.7366225 ], [ 55.9458821, 54.7365523 ] ], [ [ 55.9458821, 54.7365523 ], [ 55.9458235, 54.7366225 ] ], [ [ 55.9458821, 54.7365523 ], [ 55.9459437, 54.7364555 ] ], [ [ 55.9592941, 54.7345647 ], [ 55.9586442, 54.734671 ] ], [ [ 55.9592941, 54.7345647 ], [ 55.9593611, 54.7345554 ] ], [ [ 55.956815, 54.7427742 ], [ 55.9566914, 54.7426527 ] ], [ [ 55.956815, 54.7427742 ], [ 55.956921, 54.7428793 ] ], [ [ 55.9569506, 54.7429182 ], [ 55.956921, 54.7428793 ] ], [ [ 55.9569506, 54.7429182 ], [ 55.9571266, 54.7432079 ] ], [ [ 55.9571266, 54.7432079 ], [ 55.9569506, 54.7429182 ] ], [ [ 55.9571266, 54.7432079 ], [ 55.9571631, 54.7432681 ] ], [ [ 55.9571631, 54.7432681 ], [ 55.9571266, 54.7432079 ] ], [ [ 55.9571631, 54.7432681 ], [ 55.9573849, 54.7436281 ] ], [ [ 55.9573849, 54.7436281 ], [ 55.957311272236247, 54.743508595965054 ] ], [ [ 55.9573849, 54.7436281 ], [ 55.957462345707825, 54.743746793751647 ] ], [ [ 55.9395072, 54.7300234 ], [ 55.9397163, 54.7299882 ] ], [ [ 55.9395072, 54.7300234 ], [ 55.938446, 54.730202 ] ], [ [ 55.938446, 54.730202 ], [ 55.938660295335524, 54.730165934086955 ] ], [ [ 55.938446, 54.730202 ], [ 55.9384042, 54.730209 ] ], [ [ 55.9384042, 54.730209 ], [ 55.938446, 54.730202 ] ], [ [ 55.9384042, 54.730209 ], [ 55.93823168261563, 54.73023802345503 ] ], [ [ 55.9607959, 54.7354791 ], [ 55.9617733, 54.7356361 ] ], [ [ 55.9607959, 54.7354791 ], [ 55.9606202, 54.7354503 ] ], [ [ 55.9617733, 54.7356361 ], [ 55.9607959, 54.7354791 ] ], [ [ 55.9617733, 54.7356361 ], [ 55.9619917, 54.7356756 ] ], [ [ 55.9619917, 54.7356756 ], [ 55.9629946, 54.7358381 ] ], [ [ 55.9619917, 54.7356756 ], [ 55.9617733, 54.7356361 ] ], [ [ 55.9629946, 54.7358381 ], [ 55.9619917, 54.7356756 ] ], [ [ 55.9629946, 54.7358381 ], [ 55.9642203, 54.7360394 ] ], [ [ 55.9521218, 54.7357161 ], [ 55.952025, 54.7355336 ] ], [ [ 55.9521218, 54.7357161 ], [ 55.9517799, 54.735767 ] ], [ [ 55.9521218, 54.7357161 ], [ 55.9525343, 54.7356501 ] ], [ [ 55.9521218, 54.7357161 ], [ 55.9521406, 54.7357494 ] ], [ [ 55.9642203, 54.7360394 ], [ 55.9648156, 54.736136 ] ], [ [ 55.9642203, 54.7360394 ], [ 55.9629946, 54.7358381 ] ], [ [ 55.9648156, 54.736136 ], [ 55.9642203, 54.7360394 ] ], [ [ 55.9648156, 54.736136 ], [ 55.9650439, 54.7361719 ] ], [ [ 55.9463784, 54.7238787 ], [ 55.9462959, 54.7237073 ] ], [ [ 55.9463784, 54.7238787 ], [ 55.9465387, 54.7242117 ] ], [ [ 55.9465387, 54.7242117 ], [ 55.9463784, 54.7238787 ] ], [ [ 55.9465387, 54.7242117 ], [ 55.9466287, 54.724396 ] ], [ [ 55.9546387, 54.7277471 ], [ 55.954573, 54.7276147 ] ], [ [ 55.9546387, 54.7277471 ], [ 55.9550898, 54.7286555 ] ], [ [ 55.9430628, 54.7372141 ], [ 55.9408725, 54.7375499 ] ], [ [ 55.9430628, 54.7372141 ], [ 55.9450367, 54.7369115 ] ], [ [ 55.9459125, 54.7367772 ], [ 55.9450367, 54.7369115 ] ], [ [ 55.9459125, 54.7367772 ], [ 55.9460656, 54.7367237 ] ], [ [ 55.9488647, 54.7362005 ], [ 55.9490058, 54.7361793 ] ], [ [ 55.9488647, 54.7362005 ], [ 55.9476541, 54.7364035 ] ], [ [ 55.9490058, 54.7361793 ], [ 55.9488647, 54.7362005 ] ], [ [ 55.9490058, 54.7361793 ], [ 55.9492106, 54.7361491 ] ], [ [ 55.9492106, 54.7361491 ], [ 55.9490058, 54.7361793 ] ], [ [ 55.9492106, 54.7361491 ], [ 55.9502649, 54.7359923 ] ], [ [ 55.9502649, 54.7359923 ], [ 55.9492106, 54.7361491 ] ], [ [ 55.9502649, 54.7359923 ], [ 55.9513429, 54.7358319 ] ], [ [ 55.9513429, 54.7358319 ], [ 55.9502649, 54.7359923 ] ], [ [ 55.9513429, 54.7358319 ], [ 55.9517799, 54.735767 ] ], [ [ 55.9517799, 54.735767 ], [ 55.9513429, 54.7358319 ] ], [ [ 55.9517799, 54.735767 ], [ 55.9521218, 54.7357161 ] ], [ [ 55.9373806, 54.7315668 ], [ 55.937155039912348, 54.73109903531671 ] ], [ [ 55.9373806, 54.7315668 ], [ 55.937596485458045, 54.732036091913038 ] ], [ [ 55.93796, 54.7328263 ], [ 55.9373806, 54.7315668 ] ], [ [ 55.93796, 54.7328263 ], [ 55.9380239, 54.7329562 ] ], [ [ 55.9380239, 54.7329562 ], [ 55.93796, 54.7328263 ] ], [ [ 55.9380239, 54.7329562 ], [ 55.9380637, 54.733047 ] ], [ [ 55.9380637, 54.733047 ], [ 55.9380239, 54.7329562 ] ], [ [ 55.9380637, 54.733047 ], [ 55.938948399100845, 54.734998711667082 ] ], [ [ 55.9390153, 54.7351463 ], [ 55.9380637, 54.733047 ] ], [ [ 55.9390153, 54.7351463 ], [ 55.9390614, 54.7352479 ] ], [ [ 55.9390614, 54.7352479 ], [ 55.9390153, 54.7351463 ] ], [ [ 55.9390614, 54.7352479 ], [ 55.9390977, 54.7353207 ] ], [ [ 55.9390991, 54.7354142 ], [ 55.9390977, 54.7353207 ] ], [ [ 55.9390991, 54.7354142 ], [ 55.9398287, 54.7370385 ] ], [ [ 55.9398287, 54.7370385 ], [ 55.9390991, 54.7354142 ] ], [ [ 55.9398287, 54.7370385 ], [ 55.9399722, 54.7373578 ] ], [ [ 55.9399722, 54.7373578 ], [ 55.9398287, 54.7370385 ] ], [ [ 55.9399722, 54.7373578 ], [ 55.939988, 54.737393 ] ], [ [ 55.939988, 54.737393 ], [ 55.9399722, 54.7373578 ] ], [ [ 55.939988, 54.737393 ], [ 55.9400161, 54.7374617 ] ], [ [ 55.9525343, 54.7356501 ], [ 55.9521218, 54.7357161 ] ], [ [ 55.9525343, 54.7356501 ], [ 55.9536885, 54.7354654 ] ], [ [ 55.9536885, 54.7354654 ], [ 55.9525343, 54.7356501 ] ], [ [ 55.9536885, 54.7354654 ], [ 55.954438, 54.7353457 ] ], [ [ 55.954438, 54.7353457 ], [ 55.9536885, 54.7354654 ] ], [ [ 55.954438, 54.7353457 ], [ 55.9552834, 54.7352102 ] ], [ [ 55.9552834, 54.7352102 ], [ 55.954438, 54.7353457 ] ], [ [ 55.9552834, 54.7352102 ], [ 55.957551, 54.7348474 ] ], [ [ 55.957551, 54.7348474 ], [ 55.9552834, 54.7352102 ] ], [ [ 55.957551, 54.7348474 ], [ 55.9576395, 54.7348331 ] ], [ [ 55.9576395, 54.7348331 ], [ 55.957551, 54.7348474 ] ], [ [ 55.9576395, 54.7348331 ], [ 55.9579542, 54.7347829 ] ], [ [ 55.9521406, 54.7357494 ], [ 55.9521218, 54.7357161 ] ], [ [ 55.9521406, 54.7357494 ], [ 55.9521566, 54.7357775 ] ], [ [ 55.9521566, 54.7357775 ], [ 55.9521406, 54.7357494 ] ], [ [ 55.9521566, 54.7357775 ], [ 55.9521876, 54.7358324 ] ], [ [ 55.9401266, 54.7377324 ], [ 55.9405829, 54.7377252 ] ], [ [ 55.9401266, 54.7377324 ], [ 55.9401383, 54.7380841 ] ], [ [ 55.9401266, 54.7377324 ], [ 55.9399584, 54.7377351 ] ], [ [ 55.9401266, 54.7377324 ], [ 55.9400731, 54.7376015 ] ], [ [ 55.9593611, 54.7345554 ], [ 55.9592941, 54.7345647 ] ], [ [ 55.9593611, 54.7345554 ], [ 55.9594719, 54.7345401 ] ], [ [ 55.9594719, 54.7345401 ], [ 55.9593611, 54.7345554 ] ], [ [ 55.9594719, 54.7345401 ], [ 55.9599348, 54.7344649 ] ], [ [ 55.9599348, 54.7344649 ], [ 55.9594719, 54.7345401 ] ], [ [ 55.9599348, 54.7344649 ], [ 55.9617749, 54.7341853 ] ], [ [ 55.9617749, 54.7341853 ], [ 55.9599348, 54.7344649 ] ], [ [ 55.9617749, 54.7341853 ], [ 55.9621409, 54.7341258 ] ], [ [ 55.9621409, 54.7341258 ], [ 55.9617749, 54.7341853 ] ], [ [ 55.9621409, 54.7341258 ], [ 55.9633635, 54.7339361 ] ], [ [ 55.9633635, 54.7339361 ], [ 55.9621409, 54.7341258 ] ], [ [ 55.9633635, 54.7339361 ], [ 55.9637808, 54.7338697 ] ], [ [ 55.9584442, 54.7347022 ], [ 55.9579542, 54.7347829 ] ], [ [ 55.9584442, 54.7347022 ], [ 55.9586442, 54.734671 ] ], [ [ 55.9649718, 54.7336865 ], [ 55.966478524390205, 54.733457017339255 ] ], [ [ 55.9649718, 54.7336865 ], [ 55.9641469, 54.7338143 ] ], [ [ 55.9637808, 54.7338697 ], [ 55.9633635, 54.7339361 ] ], [ [ 55.9637808, 54.7338697 ], [ 55.9640052, 54.7338371 ] ], [ [ 55.9641469, 54.7338143 ], [ 55.9640052, 54.7338371 ] ], [ [ 55.9641469, 54.7338143 ], [ 55.9649718, 54.7336865 ] ], [ [ 55.9434258, 54.7323806 ], [ 55.943516, 54.7324398 ] ], [ [ 55.9434258, 54.7323806 ], [ 55.9433619, 54.7323296 ] ], [ [ 55.9433619, 54.7323296 ], [ 55.9434258, 54.7323806 ] ], [ [ 55.9433619, 54.7323296 ], [ 55.9433091, 54.7322823 ] ], [ [ 55.9433091, 54.7322823 ], [ 55.9433619, 54.7323296 ] ], [ [ 55.9433091, 54.7322823 ], [ 55.9432394, 54.7322089 ] ], [ [ 55.9432394, 54.7322089 ], [ 55.9433091, 54.7322823 ] ], [ [ 55.9432394, 54.7322089 ], [ 55.9432007, 54.7321349 ] ], [ [ 55.9432007, 54.7321349 ], [ 55.9432394, 54.7322089 ] ], [ [ 55.9432007, 54.7321349 ], [ 55.9431646, 54.7320621 ] ], [ [ 55.9431646, 54.7320621 ], [ 55.9432007, 54.7321349 ] ], [ [ 55.9431646, 54.7320621 ], [ 55.9431504, 54.7320018 ] ], [ [ 55.9431504, 54.7320018 ], [ 55.9431646, 54.7320621 ] ], [ [ 55.9431504, 54.7320018 ], [ 55.9431336, 54.7319288 ] ], [ [ 55.9431336, 54.7319288 ], [ 55.9431504, 54.7320018 ] ], [ [ 55.9431336, 54.7319288 ], [ 55.9431338, 54.7318497 ] ], [ [ 55.9431338, 54.7318497 ], [ 55.9431336, 54.7319288 ] ], [ [ 55.9431338, 54.7318497 ], [ 55.9431587, 54.7317574 ] ], [ [ 55.9431587, 54.7317574 ], [ 55.9431338, 54.7318497 ] ], [ [ 55.9431587, 54.7317574 ], [ 55.9432184, 54.7316422 ] ], [ [ 55.9432184, 54.7316422 ], [ 55.9431587, 54.7317574 ] ], [ [ 55.9432184, 54.7316422 ], [ 55.943273018424343, 54.731539119563301 ] ], [ [ 55.9432876, 54.7315116 ], [ 55.943273018424343, 54.731539119563301 ] ], [ [ 55.9432876, 54.7315116 ], [ 55.9433682, 54.7313629 ] ], [ [ 55.9433682, 54.7313629 ], [ 55.9432876, 54.7315116 ] ], [ [ 55.9433682, 54.7313629 ], [ 55.943393, 54.7312998 ] ], [ [ 55.943393, 54.7312998 ], [ 55.9433682, 54.7313629 ] ], [ [ 55.943393, 54.7312998 ], [ 55.9434025, 54.7312191 ] ], [ [ 55.9434025, 54.7312191 ], [ 55.943393, 54.7312998 ] ], [ [ 55.9434025, 54.7312191 ], [ 55.943384, 54.73114 ] ], [ [ 55.943384, 54.73114 ], [ 55.9434025, 54.7312191 ] ], [ [ 55.943384, 54.73114 ], [ 55.9433582, 54.7310497 ] ], [ [ 55.9433582, 54.7310497 ], [ 55.943384, 54.73114 ] ], [ [ 55.9433582, 54.7310497 ], [ 55.9430462, 54.7303983 ] ], [ [ 55.9430462, 54.7303983 ], [ 55.9433582, 54.7310497 ] ], [ [ 55.9430462, 54.7303983 ], [ 55.9427615, 54.7298004 ] ], [ [ 55.9427615, 54.7298004 ], [ 55.9430462, 54.7303983 ] ], [ [ 55.9427615, 54.7298004 ], [ 55.9426779, 54.729629 ] ], [ [ 55.9426779, 54.729629 ], [ 55.9427615, 54.7298004 ] ], [ [ 55.9426779, 54.729629 ], [ 55.9426289, 54.7295267 ] ], [ [ 55.9462629, 54.7366368 ], [ 55.9476541, 54.7364035 ] ], [ [ 55.9462629, 54.7366368 ], [ 55.9460656, 54.7367237 ] ], [ [ 55.9476541, 54.7364035 ], [ 55.9462629, 54.7366368 ] ], [ [ 55.9476541, 54.7364035 ], [ 55.9488647, 54.7362005 ] ], [ [ 55.957988, 54.7348492 ], [ 55.9580196, 54.7349109 ] ], [ [ 55.957988, 54.7348492 ], [ 55.9579754, 54.7348244 ] ], [ [ 55.9579754, 54.7348244 ], [ 55.957988, 54.7348492 ] ], [ [ 55.9579754, 54.7348244 ], [ 55.9579542, 54.7347829 ] ], [ [ 55.9585622, 54.7354213 ], [ 55.9587152, 54.7354324 ] ], [ [ 55.9585622, 54.7354213 ], [ 55.9584598, 54.7354104 ] ], [ [ 55.9584598, 54.7354104 ], [ 55.9585622, 54.7354213 ] ], [ [ 55.9584598, 54.7354104 ], [ 55.9583728, 54.7353892 ] ], [ [ 55.9583728, 54.7353892 ], [ 55.9584598, 54.7354104 ] ], [ [ 55.9583728, 54.7353892 ], [ 55.9582134, 54.7352953 ] ], [ [ 55.9405845, 54.737647 ], [ 55.9405829, 54.7377252 ] ], [ [ 55.9405845, 54.737647 ], [ 55.940585, 54.7376259 ] ], [ [ 55.940585, 54.7376259 ], [ 55.9405845, 54.737647 ] ], [ [ 55.940585, 54.7376259 ], [ 55.9405856, 54.7375975 ] ], [ [ 55.9400599, 54.7375691 ], [ 55.9400161, 54.7374617 ] ], [ [ 55.9400599, 54.7375691 ], [ 55.9400731, 54.7376015 ] ], [ [ 55.9400731, 54.7376015 ], [ 55.9400599, 54.7375691 ] ], [ [ 55.9400731, 54.7376015 ], [ 55.9401266, 54.7377324 ] ], [ [ 55.947296260095136, 54.728761552162098 ], [ 55.9475756, 54.7287154 ] ], [ [ 55.947296260095136, 54.728761552162098 ], [ 55.946885, 54.7288295 ] ], [ [ 55.942150986791773, 54.726947161417847 ], [ 55.942419479775253, 54.726904418673612 ] ], [ [ 55.942150986791773, 54.726947161417847 ], [ 55.941882493157244, 54.726989904265729 ] ], [ [ 55.950532996577586, 54.733527034666984 ], [ 55.9498756, 54.73364 ] ], [ [ 55.950532996577586, 54.733527034666984 ], [ 55.9507072, 54.7334971 ] ], [ [ 55.960780988846601, 54.729306322915399 ], [ 55.9605437, 54.7293446 ] ], [ [ 55.960780988846601, 54.729306322915399 ], [ 55.962339, 54.729055 ] ], [ [ 55.944140458970629, 54.732763918542091 ], [ 55.9441596, 54.732778 ] ], [ [ 55.944140458970629, 54.732763918542091 ], [ 55.9440654, 54.7327087 ] ], [ [ 55.943273018424343, 54.731539119563301 ], [ 55.9432184, 54.7316422 ] ], [ [ 55.943273018424343, 54.731539119563301 ], [ 55.9432876, 54.7315116 ] ], [ [ 55.95075453643976, 54.730907740582957 ], [ 55.9505214, 54.7309487 ] ], [ [ 55.95075453643976, 54.730907740582957 ], [ 55.9514617, 54.7307835 ] ] ] } },
{ "type": "Feature", "properties": { "full_id": "n11634304284", "osm_id": "11634304284", "osm_type": "node", "amenity": "community_centre", "entrance": null, "full_name": "Республиканский детский образовательный технопарк", "community_centre": "youth_centre", "check_date": "2024-08-24", "operator": null, "contact:phone": null, "opening_hours": null, "name": "Детский технопарк", "type": "lines", "start": "55.9608232, 54.729568" }, "geometry": { "type": "MultiLineString", "coordinates": [ [ [ 55.9473424, 54.7340407 ], [ 55.9472889811261, 54.734049282445511 ] ], [ [ 55.9473424, 54.7340407 ], [ 55.947395922281522, 54.734032336352698 ] ], [ [ 55.9477654, 54.7339746 ], [ 55.9473424, 54.7340407 ] ], [ [ 55.9477654, 54.7339746 ], [ 55.9479692, 54.7339451 ] ], [ [ 55.9479692, 54.7339451 ], [ 55.9477654, 54.7339746 ] ], [ [ 55.9479692, 54.7339451 ], [ 55.948176, 54.7339152 ] ], [ [ 55.948176, 54.7339152 ], [ 55.9479692, 54.7339451 ] ], [ [ 55.948176, 54.7339152 ], [ 55.9486233, 54.73384 ] ], [ [ 55.9486233, 54.73384 ], [ 55.948176, 54.7339152 ] ], [ [ 55.9486233, 54.73384 ], [ 55.9498756, 54.73364 ] ], [ [ 55.9498756, 54.73364 ], [ 55.9486233, 54.73384 ] ], [ [ 55.9498756, 54.73364 ], [ 55.950532996577586, 54.733527034666984 ] ], [ [ 55.9507072, 54.7334971 ], [ 55.950532996577586, 54.733527034666984 ] ], [ [ 55.9507072, 54.7334971 ], [ 55.9509697, 54.7334556 ] ], [ [ 55.9509697, 54.7334556 ], [ 55.9507072, 54.7334971 ] ], [ [ 55.9509697, 54.7334556 ], [ 55.9509153, 54.7333549 ] ], [ [ 55.9509697, 54.7334556 ], [ 55.9511299, 54.7334305 ] ], [ [ 55.9509697, 54.7334556 ], [ 55.9510143, 54.7335432 ] ], [ [ 55.9600573, 54.7353531 ], [ 55.9597052, 54.7353401 ] ], [ [ 55.9600573, 54.7353531 ], [ 55.9598052, 54.7352778 ] ], [ [ 55.9600573, 54.7353531 ], [ 55.9601736, 54.7353713 ] ], [ [ 55.9597052, 54.7353401 ], [ 55.9600573, 54.7353531 ] ], [ [ 55.9597052, 54.7353401 ], [ 55.9594122, 54.7353474 ] ], [ [ 55.9594122, 54.7353474 ], [ 55.9597052, 54.7353401 ] ], [ [ 55.9594122, 54.7353474 ], [ 55.9589377, 54.7353988 ] ], [ [ 55.9589377, 54.7353988 ], [ 55.9594122, 54.7353474 ] ], [ [ 55.9589377, 54.7353988 ], [ 55.9590338, 54.7353188 ] ], [ [ 55.9589377, 54.7353988 ], [ 55.9587152, 54.7354324 ] ], [ [ 55.9601736, 54.7353713 ], [ 55.9606202, 54.7354503 ] ], [ [ 55.9601736, 54.7353713 ], [ 55.9600573, 54.7353531 ] ], [ [ 55.9606202, 54.7354503 ], [ 55.9601736, 54.7353713 ] ], [ [ 55.9606202, 54.7354503 ], [ 55.9607959, 54.7354791 ] ], [ [ 55.9725259, 54.7247917 ], [ 55.974049709490274, 54.724549739946333 ] ], [ [ 55.9725259, 54.7247917 ], [ 55.9712076, 54.7250011 ] ], [ [ 55.9712076, 54.7250011 ], [ 55.9725259, 54.7247917 ] ], [ [ 55.9712076, 54.7250011 ], [ 55.969647, 54.7252489 ] ], [ [ 55.969647, 54.7252489 ], [ 55.9712076, 54.7250011 ] ], [ [ 55.969647, 54.7252489 ], [ 55.9678917, 54.7255277 ] ], [ [ 55.9678917, 54.7255277 ], [ 55.969647, 54.7252489 ] ], [ [ 55.9678917, 54.7255277 ], [ 55.9666519, 54.7257245 ] ], [ [ 55.9666519, 54.7257245 ], [ 55.9678917, 54.7255277 ] ], [ [ 55.9666519, 54.7257245 ], [ 55.9666233, 54.7257291 ] ], [ [ 55.9666233, 54.7257291 ], [ 55.9666519, 54.7257245 ] ], [ [ 55.9666233, 54.7257291 ], [ 55.9665728, 54.7257367 ] ], [ [ 55.9665728, 54.7257367 ], [ 55.9666233, 54.7257291 ] ], [ [ 55.9665728, 54.7257367 ], [ 55.9657315, 54.7258707 ] ], [ [ 55.9657315, 54.7258707 ], [ 55.9665728, 54.7257367 ] ], [ [ 55.9657315, 54.7258707 ], [ 55.965045, 54.7259797 ] ], [ [ 55.965045, 54.7259797 ], [ 55.9657315, 54.7258707 ] ], [ [ 55.965045, 54.7259797 ], [ 55.9637566, 54.7261843 ] ], [ [ 55.9637566, 54.7261843 ], [ 55.965045, 54.7259797 ] ], [ [ 55.9637566, 54.7261843 ], [ 55.9632168, 54.72627 ] ], [ [ 55.9632168, 54.72627 ], [ 55.9637566, 54.7261843 ] ], [ [ 55.9632168, 54.72627 ], [ 55.9619336, 54.7264738 ] ], [ [ 55.9619336, 54.7264738 ], [ 55.9632168, 54.72627 ] ], [ [ 55.9619336, 54.7264738 ], [ 55.9620235, 54.7266171 ] ], [ [ 55.9619336, 54.7264738 ], [ 55.9601003, 54.726758 ] ], [ [ 55.9748962, 54.727043 ], [ 55.9752767, 54.727901 ] ], [ [ 55.9748962, 54.727043 ], [ 55.974594, 54.7262672 ] ], [ [ 55.9748962, 54.727043 ], [ 55.9764586, 54.726801 ] ], [ [ 55.9752767, 54.727901 ], [ 55.9748962, 54.727043 ] ], [ [ 55.9752767, 54.727901 ], [ 55.9740661, 54.728104 ] ], [ [ 55.9594473, 54.7380631 ], [ 55.959453368521913, 54.738075493788983 ] ], [ [ 55.9594473, 54.7380631 ], [ 55.959441235131202, 54.738050705613581 ] ], [ [ 55.9594198, 54.7380069 ], [ 55.9594473, 54.7380631 ] ], [ [ 55.9594198, 54.7380069 ], [ 55.9593943, 54.7379551 ] ], [ [ 55.9593943, 54.7379551 ], [ 55.9594198, 54.7380069 ] ], [ [ 55.9593943, 54.7379551 ], [ 55.959340052613626, 54.737833948994478 ] ], [ [ 55.959273, 54.7376842 ], [ 55.9593943, 54.7379551 ] ], [ [ 55.959273, 54.7376842 ], [ 55.959097085575863, 54.737292204298122 ] ], [ [ 55.9590584, 54.737206 ], [ 55.959273, 54.7376842 ] ], [ [ 55.9590584, 54.737206 ], [ 55.958653225125175, 54.736338052511826 ] ], [ [ 55.9584478, 54.735898 ], [ 55.9590584, 54.737206 ] ], [ [ 55.9584478, 54.735898 ], [ 55.9584231, 54.735845 ] ], [ [ 55.9584231, 54.735845 ], [ 55.9584478, 54.735898 ] ], [ [ 55.9584231, 54.735845 ], [ 55.9583986, 54.7357929 ] ], [ [ 55.9583986, 54.7357929 ], [ 55.9584231, 54.735845 ] ], [ [ 55.9583986, 54.7357929 ], [ 55.9583403, 54.7356232 ] ], [ [ 55.956886, 54.732508 ], [ 55.9569316, 54.7326012 ] ], [ [ 55.956886, 54.732508 ], [ 55.9566378, 54.7325478 ] ], [ [ 55.956886, 54.732508 ], [ 55.95715, 54.7324675 ] ], [ [ 55.956886, 54.732508 ], [ 55.9568293, 54.7323916 ] ], [ [ 55.9569316, 54.7326012 ], [ 55.956886, 54.732508 ] ], [ [ 55.9569316, 54.7326012 ], [ 55.9570674, 54.7329034 ] ], [ [ 55.9580196, 54.7349109 ], [ 55.9576939, 54.7349578 ] ], [ [ 55.9580196, 54.7349109 ], [ 55.9580839, 54.7350082 ] ], [ [ 55.9580196, 54.7349109 ], [ 55.957988, 54.7348492 ] ], [ [ 55.9576939, 54.7349578 ], [ 55.9580196, 54.7349109 ] ], [ [ 55.9576939, 54.7349578 ], [ 55.9574129, 54.7350035 ] ], [ [ 55.9574129, 54.7350035 ], [ 55.9576939, 54.7349578 ] ], [ [ 55.9574129, 54.7350035 ], [ 55.9561142, 54.7352043 ] ], [ [ 55.9561142, 54.7352043 ], [ 55.9574129, 54.7350035 ] ], [ [ 55.9561142, 54.7352043 ], [ 55.9552132, 54.7353479 ] ], [ [ 55.9552132, 54.7353479 ], [ 55.9561142, 54.7352043 ] ], [ [ 55.9552132, 54.7353479 ], [ 55.9543073, 54.7354902 ] ], [ [ 55.9543073, 54.7354902 ], [ 55.9552132, 54.7353479 ] ], [ [ 55.9543073, 54.7354902 ], [ 55.9532531, 54.7356613 ] ], [ [ 55.9532531, 54.7356613 ], [ 55.953942437319348, 54.735549418369054 ] ], [ [ 55.9532531, 54.7356613 ], [ 55.9525934, 54.7357638 ] ], [ [ 55.9525934, 54.7357638 ], [ 55.952625149880184, 54.73575886690508 ] ], [ [ 55.9525934, 54.7357638 ], [ 55.952561844456341, 54.735769134426555 ] ], [ [ 55.9516168, 54.7234743 ], [ 55.9513738, 54.7235212 ] ], [ [ 55.9516168, 54.7234743 ], [ 55.9515375, 54.7233182 ] ], [ [ 55.9516168, 54.7234743 ], [ 55.9516389, 54.7234952 ] ], [ [ 55.9516168, 54.7234743 ], [ 55.9518171, 54.723367 ] ], [ [ 55.9513738, 54.7235212 ], [ 55.9516168, 54.7234743 ] ], [ [ 55.9513738, 54.7235212 ], [ 55.94975580436224, 54.723818273061376 ] ], [ [ 55.9497969, 54.7310673 ], [ 55.9498666, 54.7312078 ] ], [ [ 55.9497969, 54.7310673 ], [ 55.9499619, 54.7310402 ] ], [ [ 55.9497969, 54.7310673 ], [ 55.949737, 54.7309234 ] ], [ [ 55.9498666, 54.7312078 ], [ 55.9497969, 54.7310673 ] ], [ [ 55.9498666, 54.7312078 ], [ 55.9503212, 54.7321762 ] ], [ [ 55.9503212, 54.7321762 ], [ 55.9498666, 54.7312078 ] ], [ [ 55.9503212, 54.7321762 ], [ 55.9506543, 54.7328589 ] ], [ [ 55.9506543, 54.7328589 ], [ 55.9503212, 54.7321762 ] ], [ [ 55.9506543, 54.7328589 ], [ 55.9509153, 54.7333549 ] ], [ [ 55.9509153, 54.7333549 ], [ 55.9506543, 54.7328589 ] ], [ [ 55.9509153, 54.7333549 ], [ 55.9509697, 54.7334556 ] ], [ [ 55.9511299, 54.7334305 ], [ 55.9509697, 54.7334556 ] ], [ [ 55.9511299, 54.7334305 ], [ 55.9526132, 54.7331927 ] ], [ [ 55.9526132, 54.7331927 ], [ 55.9511299, 54.7334305 ] ], [ [ 55.9526132, 54.7331927 ], [ 55.9538856, 54.7329888 ] ], [ [ 55.9538856, 54.7329888 ], [ 55.9526132, 54.7331927 ] ], [ [ 55.9538856, 54.7329888 ], [ 55.9540359, 54.7329647 ] ], [ [ 55.9540359, 54.7329647 ], [ 55.9538856, 54.7329888 ] ], [ [ 55.9540359, 54.7329647 ], [ 55.9541054, 54.7329536 ] ], [ [ 55.9541054, 54.7329536 ], [ 55.9540359, 54.7329647 ] ], [ [ 55.9541054, 54.7329536 ], [ 55.9549068, 54.7328252 ] ], [ [ 55.9549068, 54.7328252 ], [ 55.9541054, 54.7329536 ] ], [ [ 55.9549068, 54.7328252 ], [ 55.9550973, 54.7327946 ] ], [ [ 55.9550973, 54.7327946 ], [ 55.9549068, 54.7328252 ] ], [ [ 55.9550973, 54.7327946 ], [ 55.9557623, 54.7326881 ] ], [ [ 55.9557623, 54.7326881 ], [ 55.9550973, 54.7327946 ] ], [ [ 55.9557623, 54.7326881 ], [ 55.9566378, 54.7325478 ] ], [ [ 55.9566378, 54.7325478 ], [ 55.9557623, 54.7326881 ] ], [ [ 55.9566378, 54.7325478 ], [ 55.956886, 54.732508 ] ], [ [ 55.9512918, 54.7227574 ], [ 55.951120374692373, 54.72238073145801 ] ], [ [ 55.9512918, 54.7227574 ], [ 55.9513889, 54.7229778 ] ], [ [ 55.9513889, 54.7229778 ], [ 55.9512918, 54.7227574 ] ], [ [ 55.9513889, 54.7229778 ], [ 55.9515375, 54.7233182 ] ], [ [ 55.9515375, 54.7233182 ], [ 55.9513889, 54.7229778 ] ], [ [ 55.9515375, 54.7233182 ], [ 55.9516168, 54.7234743 ] ], [ [ 55.9516389, 54.7234952 ], [ 55.9516168, 54.7234743 ] ], [ [ 55.9516389, 54.7234952 ], [ 55.9516764, 54.7235334 ] ], [ [ 55.9516389, 54.7234952 ], [ 55.9518368, 54.7233888 ] ], [ [ 55.9516764, 54.7235334 ], [ 55.9516389, 54.7234952 ] ], [ [ 55.9516764, 54.7235334 ], [ 55.9527524850185, 54.724558187134015 ] ], [ [ 55.9532392, 54.7250217 ], [ 55.9516764, 54.7235334 ] ], [ [ 55.9532392, 54.7250217 ], [ 55.9533569, 54.7251709 ] ], [ [ 55.9533569, 54.7251709 ], [ 55.9532392, 54.7250217 ] ], [ [ 55.9533569, 54.7251709 ], [ 55.9530726, 54.7252148 ] ], [ [ 55.9533569, 54.7251709 ], [ 55.953457, 54.7253181 ] ], [ [ 55.9533569, 54.7251709 ], [ 55.9536343, 54.7251284 ] ], [ [ 55.95715, 54.7324675 ], [ 55.956886, 54.732508 ] ], [ [ 55.95715, 54.7324675 ], [ 55.9579197, 54.7323493 ] ], [ [ 55.9579197, 54.7323493 ], [ 55.95715, 54.7324675 ] ], [ [ 55.9579197, 54.7323493 ], [ 55.9593127, 54.7321353 ] ], [ [ 55.9593127, 54.7321353 ], [ 55.9579197, 54.7323493 ] ], [ [ 55.9593127, 54.7321353 ], [ 55.9593992, 54.732122 ] ], [ [ 55.9593992, 54.732122 ], [ 55.9593127, 54.7321353 ] ], [ [ 55.9593992, 54.732122 ], [ 55.9602247, 54.7319953 ] ], [ [ 55.9602247, 54.7319953 ], [ 55.9593992, 54.732122 ] ], [ [ 55.9602247, 54.7319953 ], [ 55.9611224, 54.7318574 ] ], [ [ 55.9611224, 54.7318574 ], [ 55.9602247, 54.7319953 ] ], [ [ 55.9611224, 54.7318574 ], [ 55.9615449, 54.7317925 ] ], [ [ 55.9615449, 54.7317925 ], [ 55.9611224, 54.7318574 ] ], [ [ 55.9615449, 54.7317925 ], [ 55.9622151, 54.7316896 ] ], [ [ 55.9622151, 54.7316896 ], [ 55.9615449, 54.7317925 ] ], [ [ 55.9622151, 54.7316896 ], [ 55.962439, 54.7316552 ] ], [ [ 55.962439, 54.7316552 ], [ 55.9622151, 54.7316896 ] ], [ [ 55.962439, 54.7316552 ], [ 55.962912, 54.7315826 ] ], [ [ 55.962912, 54.7315826 ], [ 55.962439, 54.7316552 ] ], [ [ 55.962912, 54.7315826 ], [ 55.9630986, 54.7315539 ] ], [ [ 55.9630986, 54.7315539 ], [ 55.962912, 54.7315826 ] ], [ [ 55.9630986, 54.7315539 ], [ 55.9631308, 54.7316384 ] ], [ [ 55.9630986, 54.7315539 ], [ 55.96307, 54.7314779 ] ], [ [ 55.9688717, 54.7306664 ], [ 55.9689405, 54.7306563 ] ], [ [ 55.9688717, 54.7306664 ], [ 55.9689113, 54.7307507 ] ], [ [ 55.9688717, 54.7306664 ], [ 55.9688184, 54.7305533 ] ], [ [ 55.9689405, 54.7306563 ], [ 55.9688717, 54.7306664 ] ], [ [ 55.9689405, 54.7306563 ], [ 55.9689619, 54.7306531 ] ], [ [ 55.9689619, 54.7306531 ], [ 55.9689405, 54.7306563 ] ], [ [ 55.9689619, 54.7306531 ], [ 55.9710381, 54.7303377 ] ], [ [ 55.9710381, 54.7303377 ], [ 55.9689619, 54.7306531 ] ], [ [ 55.9710381, 54.7303377 ], [ 55.9718126, 54.7302201 ] ], [ [ 55.9718126, 54.7302201 ], [ 55.9710381, 54.7303377 ] ], [ [ 55.9718126, 54.7302201 ], [ 55.9719045, 54.7302061 ] ], [ [ 55.9719045, 54.7302061 ], [ 55.9718126, 54.7302201 ] ], [ [ 55.9719045, 54.7302061 ], [ 55.9719978, 54.7301914 ] ], [ [ 55.9650439, 54.7361719 ], [ 55.965505, 54.7362441 ] ], [ [ 55.9650439, 54.7361719 ], [ 55.9649802, 54.7359971 ] ], [ [ 55.9650439, 54.7361719 ], [ 55.9650991, 54.7363198 ] ], [ [ 55.9650439, 54.7361719 ], [ 55.9648156, 54.736136 ] ], [ [ 55.965505, 54.7362441 ], [ 55.9650439, 54.7361719 ] ], [ [ 55.965505, 54.7362441 ], [ 55.9657127, 54.7362733 ] ], [ [ 55.9657127, 54.7362733 ], [ 55.965505, 54.7362441 ] ], [ [ 55.9657127, 54.7362733 ], [ 55.966442, 54.73638 ] ], [ [ 55.9640406, 54.733929 ], [ 55.9640683, 54.7339947 ] ], [ [ 55.9640406, 54.733929 ], [ 55.9640229, 54.7338819 ] ], [ [ 55.9640406, 54.733929 ], [ 55.9638216, 54.7339643 ] ], [ [ 55.9640406, 54.733929 ], [ 55.9641586, 54.7339081 ] ], [ [ 55.9640683, 54.7339947 ], [ 55.9640406, 54.733929 ] ], [ [ 55.9640683, 54.7339947 ], [ 55.9641676, 54.7342222 ] ], [ [ 55.9641676, 54.7342222 ], [ 55.9640683, 54.7339947 ] ], [ [ 55.9641676, 54.7342222 ], [ 55.9643712, 54.7347067 ] ], [ [ 55.9643712, 54.7347067 ], [ 55.9641676, 54.7342222 ] ], [ [ 55.9643712, 54.7347067 ], [ 55.9644769, 54.734917 ] ], [ [ 55.9644769, 54.734917 ], [ 55.9643712, 54.7347067 ] ], [ [ 55.9644769, 54.734917 ], [ 55.9646687, 54.7353221 ] ], [ [ 55.9646687, 54.7353221 ], [ 55.9644769, 54.734917 ] ], [ [ 55.9646687, 54.7353221 ], [ 55.9649802, 54.7359971 ] ], [ [ 55.9649802, 54.7359971 ], [ 55.9646687, 54.7353221 ] ], [ [ 55.9649802, 54.7359971 ], [ 55.9650439, 54.7361719 ] ], [ [ 55.9631308, 54.7316384 ], [ 55.9630986, 54.7315539 ] ], [ [ 55.9631308, 54.7316384 ], [ 55.9633046, 54.7320751 ] ], [ [ 55.9633046, 54.7320751 ], [ 55.9631308, 54.7316384 ] ], [ [ 55.9633046, 54.7320751 ], [ 55.9633994, 54.7323149 ] ], [ [ 55.9633994, 54.7323149 ], [ 55.9633046, 54.7320751 ] ], [ [ 55.9633994, 54.7323149 ], [ 55.9635215, 54.7325974 ] ], [ [ 55.9635215, 54.7325974 ], [ 55.9633994, 54.7323149 ] ], [ [ 55.9635215, 54.7325974 ], [ 55.9637134, 54.7330388 ] ], [ [ 55.9637134, 54.7330388 ], [ 55.9635215, 54.7325974 ] ], [ [ 55.9637134, 54.7330388 ], [ 55.9639643, 54.7337311 ] ], [ [ 55.9639643, 54.7337311 ], [ 55.9637134, 54.7330388 ] ], [ [ 55.9639643, 54.7337311 ], [ 55.9640052, 54.7338371 ] ], [ [ 55.9640052, 54.7338371 ], [ 55.9639643, 54.7337311 ] ], [ [ 55.9640052, 54.7338371 ], [ 55.9640144, 54.7338636 ] ], [ [ 55.9640052, 54.7338371 ], [ 55.9637808, 54.7338697 ] ], [ [ 55.9640052, 54.7338371 ], [ 55.9641469, 54.7338143 ] ], [ [ 55.9640144, 54.7338636 ], [ 55.9640052, 54.7338371 ] ], [ [ 55.9640144, 54.7338636 ], [ 55.9640229, 54.7338819 ] ], [ [ 55.9640229, 54.7338819 ], [ 55.9640144, 54.7338636 ] ], [ [ 55.9640229, 54.7338819 ], [ 55.9640406, 54.733929 ] ], [ [ 55.9586442, 54.734671 ], [ 55.9587251, 54.7347088 ] ], [ [ 55.9586442, 54.734671 ], [ 55.9592941, 54.7345647 ] ], [ [ 55.9586442, 54.734671 ], [ 55.9584442, 54.7347022 ] ], [ [ 55.9587251, 54.7347088 ], [ 55.9586442, 54.734671 ] ], [ [ 55.9587251, 54.7347088 ], [ 55.958766, 54.7347281 ] ], [ [ 55.958766, 54.7347281 ], [ 55.9587251, 54.7347088 ] ], [ [ 55.958766, 54.7347281 ], [ 55.9589415, 54.7348439 ] ], [ [ 55.9589415, 54.7348439 ], [ 55.958766, 54.7347281 ] ], [ [ 55.9589415, 54.7348439 ], [ 55.9591589, 54.7350178 ] ], [ [ 55.9591589, 54.7350178 ], [ 55.9589415, 54.7348439 ] ], [ [ 55.9591589, 54.7350178 ], [ 55.9591661, 54.7350553 ] ], [ [ 55.9591589, 54.7350178 ], [ 55.9594355, 54.7351579 ] ], [ [ 55.9591589, 54.7350178 ], [ 55.9592379, 54.7348326 ] ], [ [ 55.9591589, 54.7350178 ], [ 55.9590177, 54.7349536 ] ], [ [ 55.9638216, 54.7339643 ], [ 55.9640406, 54.733929 ] ], [ [ 55.9638216, 54.7339643 ], [ 55.9634065, 54.7340296 ] ], [ [ 55.9634065, 54.7340296 ], [ 55.9638216, 54.7339643 ] ], [ [ 55.9634065, 54.7340296 ], [ 55.9631352, 54.7340732 ] ], [ [ 55.9631352, 54.7340732 ], [ 55.9634065, 54.7340296 ] ], [ [ 55.9631352, 54.7340732 ], [ 55.9621828, 54.7342137 ] ], [ [ 55.9621828, 54.7342137 ], [ 55.9631352, 54.7340732 ] ], [ [ 55.9621828, 54.7342137 ], [ 55.9618184, 54.7342741 ] ], [ [ 55.9618184, 54.7342741 ], [ 55.9621828, 54.7342137 ] ], [ [ 55.9618184, 54.7342741 ], [ 55.96068, 54.7344545 ] ], [ [ 55.96068, 54.7344545 ], [ 55.9618184, 54.7342741 ] ], [ [ 55.96068, 54.7344545 ], [ 55.9599854, 54.7345667 ] ], [ [ 55.9599854, 54.7345667 ], [ 55.96068, 54.7344545 ] ], [ [ 55.9599854, 54.7345667 ], [ 55.9599512, 54.734573 ] ], [ [ 55.9599512, 54.734573 ], [ 55.9599854, 54.7345667 ] ], [ [ 55.9599512, 54.734573 ], [ 55.9595879, 54.7346347 ] ], [ [ 55.9595879, 54.7346347 ], [ 55.9599512, 54.734573 ] ], [ [ 55.9595879, 54.7346347 ], [ 55.9595286, 54.7346448 ] ], [ [ 55.9595286, 54.7346448 ], [ 55.9595879, 54.7346347 ] ], [ [ 55.9595286, 54.7346448 ], [ 55.9594704, 54.7346531 ] ], [ [ 55.9594704, 54.7346531 ], [ 55.9595286, 54.7346448 ] ], [ [ 55.9594704, 54.7346531 ], [ 55.9592851, 54.7347722 ] ], [ [ 55.9723558, 54.7274654 ], [ 55.9719588, 54.7266793 ] ], [ [ 55.9723558, 54.7274654 ], [ 55.9707712, 54.7277235 ] ], [ [ 55.9723558, 54.7274654 ], [ 55.9726261, 54.7280511 ] ], [ [ 55.9719588, 54.7266793 ], [ 55.9723558, 54.7274654 ] ], [ [ 55.9719588, 54.7266793 ], [ 55.9733077, 54.7264591 ] ], [ [ 55.9733077, 54.7264591 ], [ 55.9719588, 54.7266793 ] ], [ [ 55.9733077, 54.7264591 ], [ 55.974594, 54.7262672 ] ], [ [ 55.974594, 54.7262672 ], [ 55.9733077, 54.7264591 ] ], [ [ 55.974594, 54.7262672 ], [ 55.9748962, 54.727043 ] ], [ [ 55.9764586, 54.726801 ], [ 55.976206354726017, 54.726840070248535 ] ], [ [ 55.9764586, 54.726801 ], [ 55.9766345, 54.7267721 ] ], [ [ 55.9766345, 54.7267721 ], [ 55.976559203994839, 54.726784470975268 ] ], [ [ 55.9766345, 54.7267721 ], [ 55.976613118013269, 54.726728521882755 ] ], [ [ 55.9766345, 54.7267721 ], [ 55.976709856978736, 54.726759854168698 ] ], [ [ 55.9766345, 54.7267721 ], [ 55.976654872513649, 54.726815839826202 ] ], [ [ 55.9576944, 54.7272343 ], [ 55.9579059, 54.7276743 ] ], [ [ 55.9579059, 54.7276743 ], [ 55.9576944, 54.7272343 ] ], [ [ 55.9579059, 54.7276743 ], [ 55.9587814, 54.729496 ] ], [ [ 55.9587814, 54.729496 ], [ 55.9579059, 54.7276743 ] ], [ [ 55.9587814, 54.729496 ], [ 55.9588415, 54.729621 ] ], [ [ 55.9588415, 54.729621 ], [ 55.9587814, 54.729496 ] ], [ [ 55.9588415, 54.729621 ], [ 55.9586529, 54.7296496 ] ], [ [ 55.9588415, 54.729621 ], [ 55.9590144, 54.7295913 ] ], [ [ 55.96307, 54.7314779 ], [ 55.9630986, 54.7315539 ] ], [ [ 55.96307, 54.7314779 ], [ 55.9631004, 54.7311867 ] ], [ [ 55.9631004, 54.7311867 ], [ 55.96307, 54.7314779 ] ], [ [ 55.9631004, 54.7311867 ], [ 55.9631043, 54.7305214 ] ], [ [ 55.9631043, 54.7305214 ], [ 55.9631004, 54.7311867 ] ], [ [ 55.9631043, 54.7305214 ], [ 55.9631105, 54.7298358 ] ], [ [ 55.9631105, 54.7298358 ], [ 55.9631043, 54.7305214 ] ], [ [ 55.9631105, 54.7298358 ], [ 55.9631058, 54.7297248 ] ], [ [ 55.9631058, 54.7297248 ], [ 55.9631105, 54.7298358 ] ], [ [ 55.9631058, 54.7297248 ], [ 55.9630929, 54.7291081 ] ], [ [ 55.9630929, 54.7291081 ], [ 55.9631058, 54.7297248 ] ], [ [ 55.9630929, 54.7291081 ], [ 55.9631226, 54.7289287 ] ], [ [ 55.9631226, 54.7289287 ], [ 55.9630929, 54.7291081 ] ], [ [ 55.9631226, 54.7289287 ], [ 55.9629131, 54.7289624 ] ], [ [ 55.9631226, 54.7289287 ], [ 55.9632926, 54.7289012 ] ], [ [ 55.9631226, 54.7289287 ], [ 55.9630603, 54.7287914 ] ], [ [ 55.9499619, 54.7310402 ], [ 55.9497969, 54.7310673 ] ], [ [ 55.9499619, 54.7310402 ], [ 55.9505214, 54.7309487 ] ], [ [ 55.9505214, 54.7309487 ], [ 55.9499619, 54.7310402 ] ], [ [ 55.9505214, 54.7309487 ], [ 55.95075453643976, 54.730907740582957 ] ], [ [ 55.9514617, 54.7307835 ], [ 55.95075453643976, 54.730907740582957 ] ], [ [ 55.9514617, 54.7307835 ], [ 55.951872, 54.730718 ] ], [ [ 55.951872, 54.730718 ], [ 55.9514617, 54.7307835 ] ], [ [ 55.951872, 54.730718 ], [ 55.9525876, 54.7306037 ] ], [ [ 55.9525876, 54.7306037 ], [ 55.951872, 54.730718 ] ], [ [ 55.9525876, 54.7306037 ], [ 55.9528123, 54.7305713 ] ], [ [ 55.9528123, 54.7305713 ], [ 55.9525876, 54.7306037 ] ], [ [ 55.9528123, 54.7305713 ], [ 55.9529415, 54.7305477 ] ], [ [ 55.9529415, 54.7305477 ], [ 55.9528123, 54.7305713 ] ], [ [ 55.9529415, 54.7305477 ], [ 55.9538427, 54.7304069 ] ], [ [ 55.9538427, 54.7304069 ], [ 55.9529415, 54.7305477 ] ], [ [ 55.9538427, 54.7304069 ], [ 55.954117, 54.7303636 ] ], [ [ 55.954117, 54.7303636 ], [ 55.9538427, 54.7304069 ] ], [ [ 55.954117, 54.7303636 ], [ 55.9544956, 54.7303039 ] ], [ [ 55.9544956, 54.7303039 ], [ 55.954117, 54.7303636 ] ], [ [ 55.9544956, 54.7303039 ], [ 55.955464, 54.7301579 ] ], [ [ 55.955464, 54.7301579 ], [ 55.9544956, 54.7303039 ] ], [ [ 55.955464, 54.7301579 ], [ 55.9558111, 54.730108 ] ], [ [ 55.9558111, 54.730108 ], [ 55.955464, 54.7301579 ] ], [ [ 55.9558111, 54.730108 ], [ 55.9560951, 54.7300622 ] ], [ [ 55.9558111, 54.730108 ], [ 55.9558873, 54.730262 ] ], [ [ 55.9558111, 54.730108 ], [ 55.95574, 54.7299649 ] ], [ [ 55.9573158, 54.7238823 ], [ 55.957680334355018, 54.723607336176968 ] ], [ [ 55.9573158, 54.7238823 ], [ 55.956949898618852, 54.724156657446507 ] ], [ [ 55.9569157, 54.7241823 ], [ 55.9573158, 54.7238823 ] ], [ [ 55.9569157, 54.7241823 ], [ 55.9568566, 54.7242266 ] ], [ [ 55.9568566, 54.7242266 ], [ 55.9569157, 54.7241823 ] ], [ [ 55.9568566, 54.7242266 ], [ 55.9567179, 54.7243306 ] ], [ [ 55.9567179, 54.7243306 ], [ 55.9568566, 54.7242266 ] ], [ [ 55.9567179, 54.7243306 ], [ 55.9563413, 54.7246127 ] ], [ [ 55.9563413, 54.7246127 ], [ 55.9567179, 54.7243306 ] ], [ [ 55.9563413, 54.7246127 ], [ 55.9560761, 54.7247506 ] ], [ [ 55.9560761, 54.7247506 ], [ 55.9563413, 54.7246127 ] ], [ [ 55.9560761, 54.7247506 ], [ 55.9560039, 54.7247641 ] ], [ [ 55.9560039, 54.7247641 ], [ 55.9560761, 54.7247506 ] ], [ [ 55.9560039, 54.7247641 ], [ 55.9558159, 54.724793 ] ], [ [ 55.9591661, 54.7350553 ], [ 55.9591589, 54.7350178 ] ], [ [ 55.9591661, 54.7350553 ], [ 55.9591645, 54.7351024 ] ], [ [ 55.9591645, 54.7351024 ], [ 55.9591661, 54.7350553 ] ], [ [ 55.9591645, 54.7351024 ], [ 55.9591531, 54.7351484 ] ], [ [ 55.9591531, 54.7351484 ], [ 55.9591645, 54.7351024 ] ], [ [ 55.9591531, 54.7351484 ], [ 55.9591414, 54.7351906 ] ], [ [ 55.9591414, 54.7351906 ], [ 55.9591531, 54.7351484 ] ], [ [ 55.9591414, 54.7351906 ], [ 55.9591229, 54.7352333 ] ], [ [ 55.9591229, 54.7352333 ], [ 55.9591414, 54.7351906 ] ], [ [ 55.9591229, 54.7352333 ], [ 55.9590855, 54.7352807 ] ], [ [ 55.9590855, 54.7352807 ], [ 55.9591229, 54.7352333 ] ], [ [ 55.9590855, 54.7352807 ], [ 55.9590338, 54.7353188 ] ], [ [ 55.9590338, 54.7353188 ], [ 55.9590855, 54.7352807 ] ], [ [ 55.9590338, 54.7353188 ], [ 55.9589377, 54.7353988 ] ], [ [ 55.9594355, 54.7351579 ], [ 55.9591589, 54.7350178 ] ], [ [ 55.9594355, 54.7351579 ], [ 55.9594297, 54.735157 ] ], [ [ 55.9594297, 54.735157 ], [ 55.9594355, 54.7351579 ] ], [ [ 55.9594297, 54.735157 ], [ 55.9595807, 54.7352044 ] ], [ [ 55.9595807, 54.7352044 ], [ 55.9594297, 54.735157 ] ], [ [ 55.9595807, 54.7352044 ], [ 55.9598052, 54.7352778 ] ], [ [ 55.9598052, 54.7352778 ], [ 55.9595807, 54.7352044 ] ], [ [ 55.9598052, 54.7352778 ], [ 55.9600573, 54.7353531 ] ], [ [ 55.9592851, 54.7347722 ], [ 55.9592379, 54.7348326 ] ], [ [ 55.9592851, 54.7347722 ], [ 55.9594704, 54.7346531 ] ], [ [ 55.9592379, 54.7348326 ], [ 55.9592851, 54.7347722 ] ], [ [ 55.9592379, 54.7348326 ], [ 55.9591589, 54.7350178 ] ], [ [ 55.970207, 54.7330485 ], [ 55.9706136, 54.7339288 ] ], [ [ 55.970207, 54.7330485 ], [ 55.9700622, 54.7329348 ] ], [ [ 55.9706136, 54.7339288 ], [ 55.970207, 54.7330485 ] ], [ [ 55.9706136, 54.7339288 ], [ 55.9709165, 54.7345655 ] ], [ [ 55.9709165, 54.7345655 ], [ 55.970730564993936, 54.734174662039081 ] ], [ [ 55.9709165, 54.7345655 ], [ 55.9710649, 54.7348755 ] ], [ [ 55.9710649, 54.7348755 ], [ 55.971026284582457, 54.734794834370362 ] ], [ [ 55.9710649, 54.7348755 ], [ 55.971100077160571, 54.734956690557283 ] ], [ [ 55.9651624, 54.7364397 ], [ 55.9650991, 54.7363198 ] ], [ [ 55.9651624, 54.7364397 ], [ 55.9652076, 54.7365286 ] ], [ [ 55.9650991, 54.7363198 ], [ 55.9651624, 54.7364397 ] ], [ [ 55.9650991, 54.7363198 ], [ 55.9650439, 54.7361719 ] ], [ [ 55.9583403, 54.7356232 ], [ 55.9582134, 54.7352953 ] ], [ [ 55.9583403, 54.7356232 ], [ 55.9584042, 54.7355768 ] ], [ [ 55.9583403, 54.7356232 ], [ 55.9583986, 54.7357929 ] ], [ [ 55.9582134, 54.7352953 ], [ 55.9583403, 54.7356232 ] ], [ [ 55.9582134, 54.7352953 ], [ 55.958158, 54.7351769 ] ], [ [ 55.9582134, 54.7352953 ], [ 55.9582697, 54.7351209 ] ], [ [ 55.9582134, 54.7352953 ], [ 55.9583728, 54.7353892 ] ], [ [ 55.958158, 54.7351769 ], [ 55.9582134, 54.7352953 ] ], [ [ 55.958158, 54.7351769 ], [ 55.9580839, 54.7350082 ] ], [ [ 55.9580839, 54.7350082 ], [ 55.958158, 54.7351769 ] ], [ [ 55.9580839, 54.7350082 ], [ 55.9580196, 54.7349109 ] ], [ [ 55.9560951, 54.7300622 ], [ 55.9558111, 54.730108 ] ], [ [ 55.9560951, 54.7300622 ], [ 55.9563258, 54.7300249 ] ], [ [ 55.9563258, 54.7300249 ], [ 55.9560951, 54.7300622 ] ], [ [ 55.9563258, 54.7300249 ], [ 55.9565343, 54.7299913 ] ], [ [ 55.9565343, 54.7299913 ], [ 55.9563258, 54.7300249 ] ], [ [ 55.9565343, 54.7299913 ], [ 55.9569247, 54.7299284 ] ], [ [ 55.9569247, 54.7299284 ], [ 55.9565343, 54.7299913 ] ], [ [ 55.9569247, 54.7299284 ], [ 55.957211, 54.7298822 ] ], [ [ 55.957211, 54.7298822 ], [ 55.9569247, 54.7299284 ] ], [ [ 55.957211, 54.7298822 ], [ 55.9585178, 54.7296729 ] ], [ [ 55.9585178, 54.7296729 ], [ 55.957211, 54.7298822 ] ], [ [ 55.9585178, 54.7296729 ], [ 55.9586529, 54.7296496 ] ], [ [ 55.9586529, 54.7296496 ], [ 55.9585178, 54.7296729 ] ], [ [ 55.9586529, 54.7296496 ], [ 55.9588415, 54.729621 ] ], [ [ 55.9590144, 54.7295913 ], [ 55.9588415, 54.729621 ] ], [ [ 55.9590144, 54.7295913 ], [ 55.9591692, 54.7295663 ] ], [ [ 55.9591692, 54.7295663 ], [ 55.9590144, 54.7295913 ] ], [ [ 55.9591692, 54.7295663 ], [ 55.9605437, 54.7293446 ] ], [ [ 55.9605437, 54.7293446 ], [ 55.9591692, 54.7295663 ] ], [ [ 55.9605437, 54.7293446 ], [ 55.960780988846601, 54.729306322915399 ] ], [ [ 55.962339, 54.729055 ], [ 55.960780988846601, 54.729306322915399 ] ], [ [ 55.962339, 54.729055 ], [ 55.962467, 54.7290344 ] ], [ [ 55.962467, 54.7290344 ], [ 55.962339, 54.729055 ] ], [ [ 55.962467, 54.7290344 ], [ 55.962617, 54.7290102 ] ], [ [ 55.962617, 54.7290102 ], [ 55.962467, 54.7290344 ] ], [ [ 55.962617, 54.7290102 ], [ 55.9629131, 54.7289624 ] ], [ [ 55.9629131, 54.7289624 ], [ 55.962617, 54.7290102 ] ], [ [ 55.9629131, 54.7289624 ], [ 55.9631226, 54.7289287 ] ], [ [ 55.9632926, 54.7289012 ], [ 55.9631226, 54.7289287 ] ], [ [ 55.9632926, 54.7289012 ], [ 55.9640749, 54.728775 ] ], [ [ 55.9640749, 54.728775 ], [ 55.9632926, 54.7289012 ] ], [ [ 55.9640749, 54.728775 ], [ 55.9648154, 54.7286556 ] ], [ [ 55.9648154, 54.7286556 ], [ 55.9640749, 54.728775 ] ], [ [ 55.9648154, 54.7286556 ], [ 55.9665196, 54.7283807 ] ], [ [ 55.9665196, 54.7283807 ], [ 55.9648154, 54.7286556 ] ], [ [ 55.9665196, 54.7283807 ], [ 55.9675065, 54.7282215 ] ], [ [ 55.9675065, 54.7282215 ], [ 55.9665196, 54.7283807 ] ], [ [ 55.9675065, 54.7282215 ], [ 55.9677052, 54.7281895 ] ], [ [ 55.9677052, 54.7281895 ], [ 55.9675065, 54.7282215 ] ], [ [ 55.9677052, 54.7281895 ], [ 55.967775, 54.7281783 ] ], [ [ 55.9677052, 54.7281895 ], [ 55.9677581, 54.728301 ] ], [ [ 55.9510143, 54.7335432 ], [ 55.9509697, 54.7334556 ] ], [ [ 55.9510143, 54.7335432 ], [ 55.9512737, 54.7340522 ] ], [ [ 55.9512737, 54.7340522 ], [ 55.9510143, 54.7335432 ] ], [ [ 55.9512737, 54.7340522 ], [ 55.9515508, 54.7345958 ] ], [ [ 55.9515508, 54.7345958 ], [ 55.9512737, 54.7340522 ] ], [ [ 55.9515508, 54.7345958 ], [ 55.9519261, 54.7353321 ] ], [ [ 55.9519261, 54.7353321 ], [ 55.951801479793943, 54.735087607973043 ] ], [ [ 55.9519261, 54.7353321 ], [ 55.9519405, 54.7353603 ] ], [ [ 55.9519405, 54.7353603 ], [ 55.9519261, 54.7353321 ] ], [ [ 55.9519405, 54.7353603 ], [ 55.952025, 54.7355336 ] ], [ [ 55.952025, 54.7355336 ], [ 55.95200367914461, 54.735489873322607 ] ], [ [ 55.952025, 54.7355336 ], [ 55.952048037918779, 54.735577034092728 ] ], [ [ 55.9558873, 54.730262 ], [ 55.9558111, 54.730108 ] ], [ [ 55.9558873, 54.730262 ], [ 55.9561598, 54.7308687 ] ], [ [ 55.9561598, 54.7308687 ], [ 55.9558873, 54.730262 ] ], [ [ 55.9561598, 54.7308687 ], [ 55.9564423, 54.7314981 ] ], [ [ 55.9564423, 54.7314981 ], [ 55.9561598, 54.7308687 ] ], [ [ 55.9564423, 54.7314981 ], [ 55.9568293, 54.7323916 ] ], [ [ 55.9568293, 54.7323916 ], [ 55.9564423, 54.7314981 ] ], [ [ 55.9568293, 54.7323916 ], [ 55.956886, 54.732508 ] ], [ [ 55.9485787, 54.7285496 ], [ 55.948633, 54.7286453 ] ], [ [ 55.9485787, 54.7285496 ], [ 55.9487546, 54.7285222 ] ], [ [ 55.9485787, 54.7285496 ], [ 55.9485377, 54.7284623 ] ], [ [ 55.9485787, 54.7285496 ], [ 55.948361, 54.7285856 ] ], [ [ 55.948633, 54.7286453 ], [ 55.9485787, 54.7285496 ] ], [ [ 55.948633, 54.7286453 ], [ 55.9490026, 54.7293807 ] ], [ [ 55.9490026, 54.7293807 ], [ 55.948633, 54.7286453 ] ], [ [ 55.9490026, 54.7293807 ], [ 55.9496701, 54.7307523 ] ], [ [ 55.9496701, 54.7307523 ], [ 55.9490026, 54.7293807 ] ], [ [ 55.9496701, 54.7307523 ], [ 55.949737, 54.7309234 ] ], [ [ 55.949737, 54.7309234 ], [ 55.9496701, 54.7307523 ] ], [ [ 55.949737, 54.7309234 ], [ 55.9497969, 54.7310673 ] ], [ [ 55.954573, 54.7276147 ], [ 55.9543371, 54.7276515 ] ], [ [ 55.954573, 54.7276147 ], [ 55.9545266, 54.7275146 ] ], [ [ 55.954573, 54.7276147 ], [ 55.9548038, 54.7275789 ] ], [ [ 55.954573, 54.7276147 ], [ 55.9546387, 54.7277471 ] ], [ [ 55.9543371, 54.7276515 ], [ 55.954573, 54.7276147 ] ], [ [ 55.9543371, 54.7276515 ], [ 55.9533473, 54.7278059 ] ], [ [ 55.9533473, 54.7278059 ], [ 55.9543371, 54.7276515 ] ], [ [ 55.9533473, 54.7278059 ], [ 55.953219, 54.7278259 ] ], [ [ 55.953219, 54.7278259 ], [ 55.9533473, 54.7278059 ] ], [ [ 55.953219, 54.7278259 ], [ 55.9526473, 54.727915 ] ], [ [ 55.9526473, 54.727915 ], [ 55.953219, 54.7278259 ] ], [ [ 55.9526473, 54.727915 ], [ 55.9522785, 54.7279726 ] ], [ [ 55.9522785, 54.7279726 ], [ 55.9526473, 54.727915 ] ], [ [ 55.9522785, 54.7279726 ], [ 55.9519136, 54.7280295 ] ], [ [ 55.9519136, 54.7280295 ], [ 55.9522785, 54.7279726 ] ], [ [ 55.9519136, 54.7280295 ], [ 55.9516537, 54.72807 ] ], [ [ 55.9516537, 54.72807 ], [ 55.9519136, 54.7280295 ] ], [ [ 55.9516537, 54.72807 ], [ 55.9515115, 54.7280919 ] ], [ [ 55.9515115, 54.7280919 ], [ 55.9516537, 54.72807 ] ], [ [ 55.9515115, 54.7280919 ], [ 55.9513084, 54.7281235 ] ], [ [ 55.9513084, 54.7281235 ], [ 55.9515115, 54.7280919 ] ], [ [ 55.9513084, 54.7281235 ], [ 55.9512006, 54.7281407 ] ], [ [ 55.9512006, 54.7281407 ], [ 55.9513084, 54.7281235 ] ], [ [ 55.9512006, 54.7281407 ], [ 55.9498132, 54.7283571 ] ], [ [ 55.9498132, 54.7283571 ], [ 55.9512006, 54.7281407 ] ], [ [ 55.9498132, 54.7283571 ], [ 55.9487546, 54.7285222 ] ], [ [ 55.9487546, 54.7285222 ], [ 55.9498132, 54.7283571 ] ], [ [ 55.9487546, 54.7285222 ], [ 55.9485787, 54.7285496 ] ], [ [ 55.9719978, 54.7301914 ], [ 55.9719045, 54.7302061 ] ], [ [ 55.9719978, 54.7301914 ], [ 55.9734652, 54.7299601 ] ], [ [ 55.9734652, 54.7299601 ], [ 55.9719978, 54.7301914 ] ], [ [ 55.9734652, 54.7299601 ], [ 55.9748748, 54.7297379 ] ], [ [ 55.9748748, 54.7297379 ], [ 55.9734652, 54.7299601 ] ], [ [ 55.9748748, 54.7297379 ], [ 55.9754484, 54.7296475 ] ], [ [ 55.9754484, 54.7296475 ], [ 55.9748748, 54.7297379 ] ], [ [ 55.9754484, 54.7296475 ], [ 55.976384601084959, 54.729499958849495 ] ], [ [ 55.9707712, 54.7277235 ], [ 55.9723558, 54.7274654 ] ], [ [ 55.9707712, 54.7277235 ], [ 55.9687686, 54.7280276 ] ], [ [ 55.9530726, 54.7252148 ], [ 55.9533569, 54.7251709 ] ], [ [ 55.9530726, 54.7252148 ], [ 55.9518181, 54.7254126 ] ], [ [ 55.9518181, 54.7254126 ], [ 55.9530726, 54.7252148 ] ], [ [ 55.9518181, 54.7254126 ], [ 55.950417, 54.7256326 ] ], [ [ 55.950417, 54.7256326 ], [ 55.9518181, 54.7254126 ] ], [ [ 55.950417, 54.7256326 ], [ 55.9495431, 54.7257698 ] ], [ [ 55.9495431, 54.7257698 ], [ 55.950417, 54.7256326 ] ], [ [ 55.9495431, 54.7257698 ], [ 55.9494536, 54.7257838 ] ], [ [ 55.9494536, 54.7257838 ], [ 55.9495431, 54.7257698 ] ], [ [ 55.9494536, 54.7257838 ], [ 55.9484346, 54.7259438 ] ], [ [ 55.9484346, 54.7259438 ], [ 55.948689557614117, 54.725903767401121 ] ], [ [ 55.9484346, 54.7259438 ], [ 55.948179651808275, 54.725983854603598 ] ], [ [ 55.9477333, 54.7267474 ], [ 55.947647991170413, 54.726565508917432 ] ], [ [ 55.9477333, 54.7267474 ], [ 55.947818618251432, 54.726929289942035 ] ], [ [ 55.9485377, 54.7284623 ], [ 55.9477333, 54.7267474 ] ], [ [ 55.9485377, 54.7284623 ], [ 55.9485787, 54.7285496 ] ], [ [ 55.953457, 54.7253181 ], [ 55.9533569, 54.7251709 ] ], [ [ 55.953457, 54.7253181 ], [ 55.9537312, 54.7258476 ] ], [ [ 55.9537312, 54.7258476 ], [ 55.953457, 54.7253181 ] ], [ [ 55.9537312, 54.7258476 ], [ 55.9539376, 54.7262688 ] ], [ [ 55.9539376, 54.7262688 ], [ 55.9537312, 54.7258476 ] ], [ [ 55.9539376, 54.7262688 ], [ 55.9541405, 54.7266828 ] ], [ [ 55.9541405, 54.7266828 ], [ 55.9539376, 54.7262688 ] ], [ [ 55.9541405, 54.7266828 ], [ 55.9545266, 54.7275146 ] ], [ [ 55.9545266, 54.7275146 ], [ 55.9541405, 54.7266828 ] ], [ [ 55.9545266, 54.7275146 ], [ 55.954573, 54.7276147 ] ], [ [ 55.9558159, 54.724793 ], [ 55.9560039, 54.7247641 ] ], [ [ 55.9558159, 54.724793 ], [ 55.9556363, 54.7248206 ] ], [ [ 55.9556363, 54.7248206 ], [ 55.9558159, 54.724793 ] ], [ [ 55.9556363, 54.7248206 ], [ 55.9553373, 54.7248665 ] ], [ [ 55.9553373, 54.7248665 ], [ 55.9556363, 54.7248206 ] ], [ [ 55.9553373, 54.7248665 ], [ 55.954616, 54.7249774 ] ], [ [ 55.954616, 54.7249774 ], [ 55.9553373, 54.7248665 ] ], [ [ 55.954616, 54.7249774 ], [ 55.9540739, 54.7250607 ] ], [ [ 55.9540739, 54.7250607 ], [ 55.954616, 54.7249774 ] ], [ [ 55.9540739, 54.7250607 ], [ 55.9536343, 54.7251284 ] ], [ [ 55.9536343, 54.7251284 ], [ 55.9540739, 54.7250607 ] ], [ [ 55.9536343, 54.7251284 ], [ 55.9533569, 54.7251709 ] ], [ [ 55.9550898, 54.7286555 ], [ 55.9552005, 54.7288784 ] ], [ [ 55.9550898, 54.7286555 ], [ 55.9546387, 54.7277471 ] ], [ [ 55.9552005, 54.7288784 ], [ 55.9550898, 54.7286555 ] ], [ [ 55.9552005, 54.7288784 ], [ 55.9554423, 54.7293653 ] ], [ [ 55.9554423, 54.7293653 ], [ 55.9552005, 54.7288784 ] ], [ [ 55.9554423, 54.7293653 ], [ 55.9556028, 54.7296885 ] ], [ [ 55.9556028, 54.7296885 ], [ 55.9554423, 54.7293653 ] ], [ [ 55.9556028, 54.7296885 ], [ 55.95574, 54.7299649 ] ], [ [ 55.95574, 54.7299649 ], [ 55.9556028, 54.7296885 ] ], [ [ 55.95574, 54.7299649 ], [ 55.9558111, 54.730108 ] ], [ [ 55.9456395, 54.7290361 ], [ 55.9454184, 54.7290721 ] ], [ [ 55.9456395, 54.7290361 ], [ 55.9457916, 54.7290102 ] ], [ [ 55.9454184, 54.7290721 ], [ 55.9456395, 54.7290361 ] ], [ [ 55.9454184, 54.7290721 ], [ 55.945162716616608, 54.729113775733012 ] ], [ [ 55.948361, 54.7285856 ], [ 55.9485787, 54.7285496 ] ], [ [ 55.948361, 54.7285856 ], [ 55.9479746, 54.7286494 ] ], [ [ 55.9479746, 54.7286494 ], [ 55.948361, 54.7285856 ] ], [ [ 55.9479746, 54.7286494 ], [ 55.9475756, 54.7287154 ] ], [ [ 55.9475756, 54.7287154 ], [ 55.9479746, 54.7286494 ] ], [ [ 55.9475756, 54.7287154 ], [ 55.947296260095136, 54.728761552162098 ] ], [ [ 55.946885, 54.7288295 ], [ 55.947296260095136, 54.728761552162098 ] ], [ [ 55.946885, 54.7288295 ], [ 55.9457916, 54.7290102 ] ], [ [ 55.9457916, 54.7290102 ], [ 55.946420326609918, 54.728906293928652 ] ], [ [ 55.9457916, 54.7290102 ], [ 55.9456395, 54.7290361 ] ], [ [ 55.966069, 54.738515 ], [ 55.966077476135709, 54.738535634212724 ] ], [ [ 55.966069, 54.738515 ], [ 55.966060215631657, 54.738494409006137 ] ], [ [ 55.9657455, 54.7377567 ], [ 55.966069, 54.738515 ] ], [ [ 55.9657455, 54.7377567 ], [ 55.965446, 54.7369814 ] ], [ [ 55.965446, 54.7369814 ], [ 55.9657455, 54.7377567 ] ], [ [ 55.965446, 54.7369814 ], [ 55.9652076, 54.7365286 ] ], [ [ 55.9652076, 54.7365286 ], [ 55.965446, 54.7369814 ] ], [ [ 55.9652076, 54.7365286 ], [ 55.9651624, 54.7364397 ] ], [ [ 55.966442, 54.73638 ], [ 55.9657127, 54.7362733 ] ], [ [ 55.966442, 54.73638 ], [ 55.9671466, 54.7365051 ] ], [ [ 55.967775, 54.7281783 ], [ 55.9677052, 54.7281895 ] ], [ [ 55.967775, 54.7281783 ], [ 55.9677909, 54.728175 ] ], [ [ 55.9677909, 54.728175 ], [ 55.967775, 54.7281783 ] ], [ [ 55.9677909, 54.728175 ], [ 55.9678752, 54.7281596 ] ], [ [ 55.9678752, 54.7281596 ], [ 55.9677909, 54.728175 ] ], [ [ 55.9678752, 54.7281596 ], [ 55.9687686, 54.7280276 ] ], [ [ 55.9687686, 54.7280276 ], [ 55.9678752, 54.7281596 ] ], [ [ 55.9687686, 54.7280276 ], [ 55.9707712, 54.7277235 ] ], [ [ 55.9630603, 54.7287914 ], [ 55.9631226, 54.7289287 ] ], [ [ 55.9630603, 54.7287914 ], [ 55.9625633, 54.7276913 ] ], [ [ 55.9625633, 54.7276913 ], [ 55.9630603, 54.7287914 ] ], [ [ 55.9625633, 54.7276913 ], [ 55.9622105, 54.7269583 ] ], [ [ 55.9622105, 54.7269583 ], [ 55.9625633, 54.7276913 ] ], [ [ 55.9622105, 54.7269583 ], [ 55.9620235, 54.7266171 ] ], [ [ 55.9620235, 54.7266171 ], [ 55.9622105, 54.7269583 ] ], [ [ 55.9620235, 54.7266171 ], [ 55.9619336, 54.7264738 ] ], [ [ 55.9582697, 54.7351209 ], [ 55.9582134, 54.7352953 ] ], [ [ 55.9582697, 54.7351209 ], [ 55.9582939, 54.7350685 ] ], [ [ 55.9582939, 54.7350685 ], [ 55.9582697, 54.7351209 ] ], [ [ 55.9582939, 54.7350685 ], [ 55.9583245, 54.7350357 ] ], [ [ 55.9583245, 54.7350357 ], [ 55.9582939, 54.7350685 ] ], [ [ 55.9583245, 54.7350357 ], [ 55.958374, 54.734992 ] ], [ [ 55.958374, 54.734992 ], [ 55.9583245, 54.7350357 ] ], [ [ 55.958374, 54.734992 ], [ 55.9584222, 54.7349532 ] ], [ [ 55.9584222, 54.7349532 ], [ 55.958374, 54.734992 ] ], [ [ 55.9584222, 54.7349532 ], [ 55.9584832, 54.734921 ] ], [ [ 55.9584832, 54.734921 ], [ 55.9584222, 54.7349532 ] ], [ [ 55.9584832, 54.734921 ], [ 55.9585544, 54.7348966 ] ], [ [ 55.9585544, 54.7348966 ], [ 55.9584832, 54.734921 ] ], [ [ 55.9585544, 54.7348966 ], [ 55.9586327, 54.7348813 ] ], [ [ 55.9586327, 54.7348813 ], [ 55.9585544, 54.7348966 ] ], [ [ 55.9586327, 54.7348813 ], [ 55.9587148, 54.7348755 ] ], [ [ 55.9587148, 54.7348755 ], [ 55.9586327, 54.7348813 ] ], [ [ 55.9587148, 54.7348755 ], [ 55.9587972, 54.7348796 ] ], [ [ 55.9587972, 54.7348796 ], [ 55.9587148, 54.7348755 ] ], [ [ 55.9587972, 54.7348796 ], [ 55.9588764, 54.7348934 ] ], [ [ 55.9588764, 54.7348934 ], [ 55.9587972, 54.7348796 ] ], [ [ 55.9588764, 54.7348934 ], [ 55.9590177, 54.7349536 ] ], [ [ 55.9590177, 54.7349536 ], [ 55.9588764, 54.7348934 ] ], [ [ 55.9590177, 54.7349536 ], [ 55.9591589, 54.7350178 ] ], [ [ 55.9587152, 54.7354324 ], [ 55.9584744, 54.7355333 ] ], [ [ 55.9587152, 54.7354324 ], [ 55.9589377, 54.7353988 ] ], [ [ 55.9587152, 54.7354324 ], [ 55.9585622, 54.7354213 ] ], [ [ 55.9584744, 54.7355333 ], [ 55.9587152, 54.7354324 ] ], [ [ 55.9584744, 54.7355333 ], [ 55.9584042, 54.7355768 ] ], [ [ 55.9584042, 54.7355768 ], [ 55.9584744, 54.7355333 ] ], [ [ 55.9584042, 54.7355768 ], [ 55.9583403, 54.7356232 ] ], [ [ 55.9518171, 54.723367 ], [ 55.953052552366515, 54.722707480033506 ] ], [ [ 55.9518171, 54.723367 ], [ 55.9516168, 54.7234743 ] ], [ [ 55.9570674, 54.7329034 ], [ 55.9569316, 54.7326012 ] ], [ [ 55.9570674, 54.7329034 ], [ 55.9572886, 54.7333974 ] ], [ [ 55.9572886, 54.7333974 ], [ 55.9570674, 54.7329034 ] ], [ [ 55.9572886, 54.7333974 ], [ 55.957846, 54.7345577 ] ], [ [ 55.957846, 54.7345577 ], [ 55.9572886, 54.7333974 ] ], [ [ 55.957846, 54.7345577 ], [ 55.9579542, 54.7347829 ] ], [ [ 55.9579542, 54.7347829 ], [ 55.957846, 54.7345577 ] ], [ [ 55.9579542, 54.7347829 ], [ 55.9576395, 54.7348331 ] ], [ [ 55.9579542, 54.7347829 ], [ 55.9584442, 54.7347022 ] ], [ [ 55.9579542, 54.7347829 ], [ 55.9579754, 54.7348244 ] ], [ [ 55.9740661, 54.728104 ], [ 55.9752767, 54.727901 ] ], [ [ 55.9740661, 54.728104 ], [ 55.9729826, 54.7282892 ] ], [ [ 55.9729826, 54.7282892 ], [ 55.9740661, 54.728104 ] ], [ [ 55.9729826, 54.7282892 ], [ 55.9727531, 54.7283262 ] ], [ [ 55.9727531, 54.7283262 ], [ 55.9729826, 54.7282892 ] ], [ [ 55.9727531, 54.7283262 ], [ 55.9726261, 54.7280511 ] ], [ [ 55.9726261, 54.7280511 ], [ 55.9727531, 54.7283262 ] ], [ [ 55.9726261, 54.7280511 ], [ 55.9723558, 54.7274654 ] ], [ [ 55.9700441, 54.7329376 ], [ 55.9700181, 54.7329451 ] ], [ [ 55.9700441, 54.7329376 ], [ 55.9700622, 54.7329348 ] ], [ [ 55.9700441, 54.7329376 ], [ 55.9700118, 54.7329342 ] ], [ [ 55.9700181, 54.7329451 ], [ 55.9700441, 54.7329376 ] ], [ [ 55.9700181, 54.7329451 ], [ 55.9698904, 54.7329803 ] ], [ [ 55.9698904, 54.7329803 ], [ 55.9700181, 54.7329451 ] ], [ [ 55.9698904, 54.7329803 ], [ 55.9698612, 54.7329871 ] ], [ [ 55.9698612, 54.7329871 ], [ 55.9698904, 54.7329803 ] ], [ [ 55.9698612, 54.7329871 ], [ 55.9697108, 54.733012 ] ], [ [ 55.9697108, 54.733012 ], [ 55.9698612, 54.7329871 ] ], [ [ 55.9697108, 54.733012 ], [ 55.9696189, 54.7330273 ] ], [ [ 55.9696189, 54.7330273 ], [ 55.9697108, 54.733012 ] ], [ [ 55.9696189, 54.7330273 ], [ 55.9687468, 54.7331703 ] ], [ [ 55.9687468, 54.7331703 ], [ 55.9696189, 54.7330273 ] ], [ [ 55.9687468, 54.7331703 ], [ 55.9670209, 54.7334489 ] ], [ [ 55.9670209, 54.7334489 ], [ 55.9687468, 54.7331703 ] ], [ [ 55.9670209, 54.7334489 ], [ 55.966516, 54.7335235 ] ], [ [ 55.966516, 54.7335235 ], [ 55.9670209, 54.7334489 ] ], [ [ 55.966516, 54.7335235 ], [ 55.9653413, 54.7337165 ] ], [ [ 55.9653413, 54.7337165 ], [ 55.966516, 54.7335235 ] ], [ [ 55.9653413, 54.7337165 ], [ 55.9649963, 54.733768 ] ], [ [ 55.9649963, 54.733768 ], [ 55.9653413, 54.7337165 ] ], [ [ 55.9649963, 54.733768 ], [ 55.9641586, 54.7339081 ] ], [ [ 55.9641586, 54.7339081 ], [ 55.9649963, 54.733768 ] ], [ [ 55.9641586, 54.7339081 ], [ 55.9640406, 54.733929 ] ], [ [ 55.9601003, 54.726758 ], [ 55.9619336, 54.7264738 ] ], [ [ 55.9601003, 54.726758 ], [ 55.9593518, 54.726874 ] ], [ [ 55.9593518, 54.726874 ], [ 55.9601003, 54.726758 ] ], [ [ 55.9593518, 54.726874 ], [ 55.9585075, 54.7270049 ] ], [ [ 55.9585075, 54.7270049 ], [ 55.9593518, 54.726874 ] ], [ [ 55.9585075, 54.7270049 ], [ 55.9578863, 54.7271011 ] ], [ [ 55.9578863, 54.7271011 ], [ 55.9585075, 54.7270049 ] ], [ [ 55.9578863, 54.7271011 ], [ 55.9577642, 54.7271201 ] ], [ [ 55.9577642, 54.7271201 ], [ 55.9578863, 54.7271011 ] ], [ [ 55.9577642, 54.7271201 ], [ 55.957681, 54.727133 ] ], [ [ 55.957681, 54.727133 ], [ 55.9577642, 54.7271201 ] ], [ [ 55.957681, 54.727133 ], [ 55.9575317, 54.7271561 ] ], [ [ 55.9575317, 54.7271561 ], [ 55.957681, 54.727133 ] ], [ [ 55.9575317, 54.7271561 ], [ 55.9574094, 54.7271753 ] ], [ [ 55.9574094, 54.7271753 ], [ 55.9575317, 54.7271561 ] ], [ [ 55.9574094, 54.7271753 ], [ 55.9560159, 54.7273911 ] ], [ [ 55.9560159, 54.7273911 ], [ 55.9574094, 54.7271753 ] ], [ [ 55.9560159, 54.7273911 ], [ 55.9548038, 54.7275789 ] ], [ [ 55.9548038, 54.7275789 ], [ 55.9560159, 54.7273911 ] ], [ [ 55.9548038, 54.7275789 ], [ 55.954573, 54.7276147 ] ], [ [ 55.9700622, 54.7329348 ], [ 55.9700441, 54.7329376 ] ], [ [ 55.9700622, 54.7329348 ], [ 55.9702851, 54.7329002 ] ], [ [ 55.9700622, 54.7329348 ], [ 55.970207, 54.7330485 ] ], [ [ 55.9700622, 54.7329348 ], [ 55.9700329, 54.7329154 ] ], [ [ 55.9700622, 54.7329348 ], [ 55.9700577, 54.7329627 ] ], [ [ 55.9702851, 54.7329002 ], [ 55.9700622, 54.7329348 ] ], [ [ 55.9702851, 54.7329002 ], [ 55.9704271, 54.7328782 ] ], [ [ 55.9704271, 54.7328782 ], [ 55.9702851, 54.7329002 ] ], [ [ 55.9704271, 54.7328782 ], [ 55.9709827, 54.7327919 ] ], [ [ 55.9709827, 54.7327919 ], [ 55.9704271, 54.7328782 ] ], [ [ 55.9709827, 54.7327919 ], [ 55.9722969, 54.732588 ] ], [ [ 55.9722969, 54.732588 ], [ 55.970996142998075, 54.732789814299721 ] ], [ [ 55.9722969, 54.732588 ], [ 55.9728619, 54.7325003 ] ], [ [ 55.9728619, 54.7325003 ], [ 55.9722969, 54.732588 ] ], [ [ 55.9728619, 54.7325003 ], [ 55.9729894, 54.7324805 ] ], [ [ 55.9729894, 54.7324805 ], [ 55.9728619, 54.7325003 ] ], [ [ 55.9729894, 54.7324805 ], [ 55.9730659, 54.7324686 ] ], [ [ 55.9730659, 54.7324686 ], [ 55.9729894, 54.7324805 ] ], [ [ 55.9730659, 54.7324686 ], [ 55.97359760700801, 54.732386093740132 ] ], [ [ 55.9695276, 54.7320602 ], [ 55.9694806, 54.7319639 ] ], [ [ 55.9695276, 54.7320602 ], [ 55.9696775, 54.7323787 ] ], [ [ 55.9694806, 54.7319639 ], [ 55.9695276, 54.7320602 ] ], [ [ 55.9694806, 54.7319639 ], [ 55.9689113, 54.7307507 ] ], [ [ 55.9689113, 54.7307507 ], [ 55.9694806, 54.7319639 ] ], [ [ 55.9689113, 54.7307507 ], [ 55.9688717, 54.7306664 ] ], [ [ 55.9698931, 54.7328159 ], [ 55.9698843, 54.7328031 ] ], [ [ 55.9698931, 54.7328159 ], [ 55.9699919, 54.7328888 ] ], [ [ 55.9698843, 54.7328031 ], [ 55.9698931, 54.7328159 ] ], [ [ 55.9698843, 54.7328031 ], [ 55.9698756, 54.7327869 ] ], [ [ 55.9698756, 54.7327869 ], [ 55.9698843, 54.7328031 ] ], [ [ 55.9698756, 54.7327869 ], [ 55.9698281, 54.7326987 ] ], [ [ 55.9698281, 54.7326987 ], [ 55.9698756, 54.7327869 ] ], [ [ 55.9698281, 54.7326987 ], [ 55.9696775, 54.7323787 ] ], [ [ 55.9698281, 54.7326987 ], [ 55.9698101, 54.7328019 ] ], [ [ 55.9696775, 54.7323787 ], [ 55.9698281, 54.7326987 ] ], [ [ 55.9696775, 54.7323787 ], [ 55.9695276, 54.7320602 ] ], [ [ 55.9688184, 54.7305533 ], [ 55.9688717, 54.7306664 ] ], [ [ 55.9688184, 54.7305533 ], [ 55.9679418, 54.7286913 ] ], [ [ 55.9679418, 54.7286913 ], [ 55.9688184, 54.7305533 ] ], [ [ 55.9679418, 54.7286913 ], [ 55.9679121, 54.7286282 ] ], [ [ 55.9679121, 54.7286282 ], [ 55.9679418, 54.7286913 ] ], [ [ 55.9679121, 54.7286282 ], [ 55.9677581, 54.728301 ] ], [ [ 55.9677581, 54.728301 ], [ 55.9679121, 54.7286282 ] ], [ [ 55.9677581, 54.728301 ], [ 55.9677052, 54.7281895 ] ], [ [ 55.9592941, 54.7345647 ], [ 55.9586442, 54.734671 ] ], [ [ 55.9592941, 54.7345647 ], [ 55.9593611, 54.7345554 ] ], [ [ 55.9607959, 54.7354791 ], [ 55.9617733, 54.7356361 ] ], [ [ 55.9607959, 54.7354791 ], [ 55.9606202, 54.7354503 ] ], [ [ 55.9617733, 54.7356361 ], [ 55.9607959, 54.7354791 ] ], [ [ 55.9617733, 54.7356361 ], [ 55.9619917, 54.7356756 ] ], [ [ 55.9619917, 54.7356756 ], [ 55.9629946, 54.7358381 ] ], [ [ 55.9619917, 54.7356756 ], [ 55.9617733, 54.7356361 ] ], [ [ 55.9629946, 54.7358381 ], [ 55.9619917, 54.7356756 ] ], [ [ 55.9629946, 54.7358381 ], [ 55.9642203, 54.7360394 ] ], [ [ 55.9689192, 54.7368041 ], [ 55.96910016616129, 54.73683503061406 ] ], [ [ 55.9689192, 54.7368041 ], [ 55.96873804521568, 54.736773543032548 ] ], [ [ 55.9671466, 54.7365051 ], [ 55.9689192, 54.7368041 ] ], [ [ 55.9671466, 54.7365051 ], [ 55.966442, 54.73638 ] ], [ [ 55.9642203, 54.7360394 ], [ 55.9648156, 54.736136 ] ], [ [ 55.9642203, 54.7360394 ], [ 55.9629946, 54.7358381 ] ], [ [ 55.9648156, 54.736136 ], [ 55.9642203, 54.7360394 ] ], [ [ 55.9648156, 54.736136 ], [ 55.9650439, 54.7361719 ] ], [ [ 55.9546387, 54.7277471 ], [ 55.954573, 54.7276147 ] ], [ [ 55.9546387, 54.7277471 ], [ 55.9550898, 54.7286555 ] ], [ [ 55.9525343, 54.7356501 ], [ 55.952280600678954, 54.735690691891364 ] ], [ [ 55.9525343, 54.7356501 ], [ 55.952787995861662, 54.735609502507671 ] ], [ [ 55.9536885, 54.7354654 ], [ 55.9525343, 54.7356501 ] ], [ [ 55.9536885, 54.7354654 ], [ 55.954438, 54.7353457 ] ], [ [ 55.954438, 54.7353457 ], [ 55.9536885, 54.7354654 ] ], [ [ 55.954438, 54.7353457 ], [ 55.9552834, 54.7352102 ] ], [ [ 55.9552834, 54.7352102 ], [ 55.954438, 54.7353457 ] ], [ [ 55.9552834, 54.7352102 ], [ 55.957551, 54.7348474 ] ], [ [ 55.957551, 54.7348474 ], [ 55.9552834, 54.7352102 ] ], [ [ 55.957551, 54.7348474 ], [ 55.9576395, 54.7348331 ] ], [ [ 55.9576395, 54.7348331 ], [ 55.957551, 54.7348474 ] ], [ [ 55.9576395, 54.7348331 ], [ 55.9579542, 54.7347829 ] ], [ [ 55.9593611, 54.7345554 ], [ 55.9592941, 54.7345647 ] ], [ [ 55.9593611, 54.7345554 ], [ 55.9594719, 54.7345401 ] ], [ [ 55.9594719, 54.7345401 ], [ 55.9593611, 54.7345554 ] ], [ [ 55.9594719, 54.7345401 ], [ 55.9599348, 54.7344649 ] ], [ [ 55.9599348, 54.7344649 ], [ 55.9594719, 54.7345401 ] ], [ [ 55.9599348, 54.7344649 ], [ 55.9617749, 54.7341853 ] ], [ [ 55.9617749, 54.7341853 ], [ 55.9599348, 54.7344649 ] ], [ [ 55.9617749, 54.7341853 ], [ 55.9621409, 54.7341258 ] ], [ [ 55.9621409, 54.7341258 ], [ 55.9617749, 54.7341853 ] ], [ [ 55.9621409, 54.7341258 ], [ 55.9633635, 54.7339361 ] ], [ [ 55.9633635, 54.7339361 ], [ 55.9621409, 54.7341258 ] ], [ [ 55.9633635, 54.7339361 ], [ 55.9637808, 54.7338697 ] ], [ [ 55.9584442, 54.7347022 ], [ 55.9579542, 54.7347829 ] ], [ [ 55.9584442, 54.7347022 ], [ 55.9586442, 54.734671 ] ], [ [ 55.9669925, 54.7333734 ], [ 55.968628, 54.7331204 ] ], [ [ 55.9669925, 54.7333734 ], [ 55.9664898, 54.7334553 ] ], [ [ 55.968628, 54.7331204 ], [ 55.9669925, 54.7333734 ] ], [ [ 55.968628, 54.7331204 ], [ 55.9688967, 54.7330381 ] ], [ [ 55.9688967, 54.7330381 ], [ 55.968628, 54.7331204 ] ], [ [ 55.9688967, 54.7330381 ], [ 55.9696652, 54.7329242 ] ], [ [ 55.9696652, 54.7329242 ], [ 55.9688967, 54.7330381 ] ], [ [ 55.9696652, 54.7329242 ], [ 55.9696851, 54.7329202 ] ], [ [ 55.9696851, 54.7329202 ], [ 55.9696652, 54.7329242 ] ], [ [ 55.9696851, 54.7329202 ], [ 55.9697874, 54.73291 ] ], [ [ 55.9696851, 54.7329202 ], [ 55.9698101, 54.7328019 ] ], [ [ 55.9697874, 54.73291 ], [ 55.9696851, 54.7329202 ] ], [ [ 55.9697874, 54.73291 ], [ 55.969814, 54.7329114 ] ], [ [ 55.969814, 54.7329114 ], [ 55.9697874, 54.73291 ] ], [ [ 55.969814, 54.7329114 ], [ 55.9700118, 54.7329342 ] ], [ [ 55.9700118, 54.7329342 ], [ 55.969814, 54.7329114 ] ], [ [ 55.9700118, 54.7329342 ], [ 55.9700441, 54.7329376 ] ], [ [ 55.9664898, 54.7334553 ], [ 55.9669925, 54.7333734 ] ], [ [ 55.9664898, 54.7334553 ], [ 55.9649718, 54.7336865 ] ], [ [ 55.9649718, 54.7336865 ], [ 55.9664898, 54.7334553 ] ], [ [ 55.9649718, 54.7336865 ], [ 55.9641469, 54.7338143 ] ], [ [ 55.9637808, 54.7338697 ], [ 55.9633635, 54.7339361 ] ], [ [ 55.9637808, 54.7338697 ], [ 55.9640052, 54.7338371 ] ], [ [ 55.9641469, 54.7338143 ], [ 55.9640052, 54.7338371 ] ], [ [ 55.9641469, 54.7338143 ], [ 55.9649718, 54.7336865 ] ], [ [ 55.9698101, 54.7328019 ], [ 55.9696851, 54.7329202 ] ], [ [ 55.9698101, 54.7328019 ], [ 55.9698281, 54.7326987 ] ], [ [ 55.9699919, 54.7328888 ], [ 55.9698931, 54.7328159 ] ], [ [ 55.9699919, 54.7328888 ], [ 55.9700329, 54.7329154 ] ], [ [ 55.9700329, 54.7329154 ], [ 55.9699919, 54.7328888 ] ], [ [ 55.9700329, 54.7329154 ], [ 55.9700622, 54.7329348 ] ], [ [ 55.9707312, 54.7346252 ], [ 55.970897576752378, 54.734987491616707 ] ], [ [ 55.9707312, 54.7346252 ], [ 55.970564780082732, 54.734262915390268 ] ], [ [ 55.9704243, 54.7339571 ], [ 55.9707312, 54.7346252 ] ], [ [ 55.9704243, 54.7339571 ], [ 55.970039, 54.7331181 ] ], [ [ 55.970039, 54.7331181 ], [ 55.9704243, 54.7339571 ] ], [ [ 55.970039, 54.7331181 ], [ 55.9700414, 54.7330734 ] ], [ [ 55.9700414, 54.7330734 ], [ 55.970039, 54.7331181 ] ], [ [ 55.9700414, 54.7330734 ], [ 55.9700445, 54.7330509 ] ], [ [ 55.9700445, 54.7330509 ], [ 55.9700414, 54.7330734 ] ], [ [ 55.9700445, 54.7330509 ], [ 55.9700459, 54.7330217 ] ], [ [ 55.9700459, 54.7330217 ], [ 55.9700445, 54.7330509 ] ], [ [ 55.9700459, 54.7330217 ], [ 55.9700484, 54.7330094 ] ], [ [ 55.9700484, 54.7330094 ], [ 55.9700459, 54.7330217 ] ], [ [ 55.9700484, 54.7330094 ], [ 55.9700577, 54.7329627 ] ], [ [ 55.9700577, 54.7329627 ], [ 55.9700484, 54.7330094 ] ], [ [ 55.9700577, 54.7329627 ], [ 55.9700622, 54.7329348 ] ], [ [ 55.9518368, 54.7233888 ], [ 55.953118143293601, 54.722719620360394 ] ], [ [ 55.9518368, 54.7233888 ], [ 55.9516389, 54.7234952 ] ], [ [ 55.957988, 54.7348492 ], [ 55.9580196, 54.7349109 ] ], [ [ 55.957988, 54.7348492 ], [ 55.9579754, 54.7348244 ] ], [ [ 55.9579754, 54.7348244 ], [ 55.957988, 54.7348492 ] ], [ [ 55.9579754, 54.7348244 ], [ 55.9579542, 54.7347829 ] ], [ [ 55.9585622, 54.7354213 ], [ 55.9587152, 54.7354324 ] ], [ [ 55.9585622, 54.7354213 ], [ 55.9584598, 54.7354104 ] ], [ [ 55.9584598, 54.7354104 ], [ 55.9585622, 54.7354213 ] ], [ [ 55.9584598, 54.7354104 ], [ 55.9583728, 54.7353892 ] ], [ [ 55.9583728, 54.7353892 ], [ 55.9584598, 54.7354104 ] ], [ [ 55.9583728, 54.7353892 ], [ 55.9582134, 54.7352953 ] ], [ [ 55.947296260095136, 54.728761552162098 ], [ 55.9475756, 54.7287154 ] ], [ [ 55.947296260095136, 54.728761552162098 ], [ 55.946885, 54.7288295 ] ], [ [ 55.950532996577586, 54.733527034666984 ], [ 55.9498756, 54.73364 ] ], [ [ 55.950532996577586, 54.733527034666984 ], [ 55.9507072, 54.7334971 ] ], [ [ 55.960780988846601, 54.729306322915399 ], [ 55.9605437, 54.7293446 ] ], [ [ 55.960780988846601, 54.729306322915399 ], [ 55.962339, 54.729055 ] ], [ [ 55.95075453643976, 54.730907740582957 ], [ 55.9505214, 54.7309487 ] ], [ [ 55.95075453643976, 54.730907740582957 ], [ 55.9514617, 54.7307835 ] ] ] } },
{ "type": "Feature", "properties": { "full_id": "n12070982684", "osm_id": "12070982684", "osm_type": "node", "amenity": null, "entrance": "yes", "full_name": null, "community_centre": null, "check_date": null, "operator": null, "contact:phone": null, "opening_hours": null, "name": null, "type": "lines", "start": "55.9447833, 54.7318901" }, "geometry": { "type": "MultiLineString", "coordinates": [ [ [ 55.9388757, 54.7353484 ], [ 55.9389334, 54.7353398 ] ], [ [ 55.9388757, 54.7353484 ], [ 55.9397872, 54.73742 ] ], [ [ 55.9388757, 54.7353484 ], [ 55.9388458, 54.7352807 ] ], [ [ 55.9389334, 54.7353398 ], [ 55.9388757, 54.7353484 ] ], [ [ 55.9389334, 54.7353398 ], [ 55.9389755, 54.7353332 ] ], [ [ 55.9389755, 54.7353332 ], [ 55.9389334, 54.7353398 ] ], [ [ 55.9389755, 54.7353332 ], [ 55.9390977, 54.7353207 ] ], [ [ 55.9390977, 54.7353207 ], [ 55.9389755, 54.7353332 ] ], [ [ 55.9390977, 54.7353207 ], [ 55.9391947, 54.7353168 ] ], [ [ 55.9390977, 54.7353207 ], [ 55.9390614, 54.7352479 ] ], [ [ 55.9390977, 54.7353207 ], [ 55.9390991, 54.7354142 ] ], [ [ 55.9391947, 54.7353168 ], [ 55.9390977, 54.7353207 ] ], [ [ 55.9391947, 54.7353168 ], [ 55.9395291, 54.7352983 ] ], [ [ 55.9395291, 54.7352983 ], [ 55.9391947, 54.7353168 ] ], [ [ 55.9395291, 54.7352983 ], [ 55.9409436, 54.7350711 ] ], [ [ 55.9409436, 54.7350711 ], [ 55.9395291, 54.7352983 ] ], [ [ 55.9409436, 54.7350711 ], [ 55.9413536, 54.7350052 ] ], [ [ 55.9413536, 54.7350052 ], [ 55.9409436, 54.7350711 ] ], [ [ 55.9413536, 54.7350052 ], [ 55.9420615, 54.7348915 ] ], [ [ 55.9420615, 54.7348915 ], [ 55.9413536, 54.7350052 ] ], [ [ 55.9420615, 54.7348915 ], [ 55.9427451, 54.7347817 ] ], [ [ 55.9427451, 54.7347817 ], [ 55.9420615, 54.7348915 ] ], [ [ 55.9427451, 54.7347817 ], [ 55.9447812, 54.7344547 ] ], [ [ 55.9447812, 54.7344547 ], [ 55.9427451, 54.7347817 ] ], [ [ 55.9447812, 54.7344547 ], [ 55.9450153, 54.7344171 ] ], [ [ 55.9450153, 54.7344171 ], [ 55.9447812, 54.7344547 ] ], [ [ 55.9450153, 54.7344171 ], [ 55.9452017, 54.7343871 ] ], [ [ 55.9450153, 54.7344171 ], [ 55.9449574, 54.7342998 ] ], [ [ 55.9450153, 54.7344171 ], [ 55.9450542, 54.7344986 ] ], [ [ 55.9452017, 54.7343871 ], [ 55.9450153, 54.7344171 ] ], [ [ 55.9452017, 54.7343871 ], [ 55.9457936, 54.7342921 ] ], [ [ 55.9457936, 54.7342921 ], [ 55.9452017, 54.7343871 ] ], [ [ 55.9457936, 54.7342921 ], [ 55.9463335, 54.7342033 ] ], [ [ 55.9463335, 54.7342033 ], [ 55.9457936, 54.7342921 ] ], [ [ 55.9463335, 54.7342033 ], [ 55.946504, 54.7341754 ] ], [ [ 55.946504, 54.7341754 ], [ 55.9463335, 54.7342033 ] ], [ [ 55.946504, 54.7341754 ], [ 55.9473424, 54.7340407 ] ], [ [ 55.9473424, 54.7340407 ], [ 55.946504, 54.7341754 ] ], [ [ 55.9473424, 54.7340407 ], [ 55.9477654, 54.7339746 ] ], [ [ 55.9477654, 54.7339746 ], [ 55.9473424, 54.7340407 ] ], [ [ 55.9477654, 54.7339746 ], [ 55.9479692, 54.7339451 ] ], [ [ 55.9479692, 54.7339451 ], [ 55.9477654, 54.7339746 ] ], [ [ 55.9479692, 54.7339451 ], [ 55.948176, 54.7339152 ] ], [ [ 55.948176, 54.7339152 ], [ 55.9479692, 54.7339451 ] ], [ [ 55.948176, 54.7339152 ], [ 55.9486233, 54.73384 ] ], [ [ 55.9486233, 54.73384 ], [ 55.948176, 54.7339152 ] ], [ [ 55.9486233, 54.73384 ], [ 55.9498756, 54.73364 ] ], [ [ 55.9498756, 54.73364 ], [ 55.9486233, 54.73384 ] ], [ [ 55.9498756, 54.73364 ], [ 55.950532996577586, 54.733527034666984 ] ], [ [ 55.9507072, 54.7334971 ], [ 55.950532996577586, 54.733527034666984 ] ], [ [ 55.9507072, 54.7334971 ], [ 55.9509697, 54.7334556 ] ], [ [ 55.9509697, 54.7334556 ], [ 55.9507072, 54.7334971 ] ], [ [ 55.9509697, 54.7334556 ], [ 55.9509153, 54.7333549 ] ], [ [ 55.9509697, 54.7334556 ], [ 55.9511299, 54.7334305 ] ], [ [ 55.9509697, 54.7334556 ], [ 55.9510143, 54.7335432 ] ], [ [ 55.9400161, 54.7374617 ], [ 55.9401605, 54.7375502 ] ], [ [ 55.9400161, 54.7374617 ], [ 55.939988, 54.737393 ] ], [ [ 55.9400161, 54.7374617 ], [ 55.9400599, 54.7375691 ] ], [ [ 55.9401605, 54.7375502 ], [ 55.9400161, 54.7374617 ] ], [ [ 55.9401605, 54.7375502 ], [ 55.940305, 54.737596 ] ], [ [ 55.940305, 54.737596 ], [ 55.9401605, 54.7375502 ] ], [ [ 55.940305, 54.737596 ], [ 55.9404453, 54.7376074 ] ], [ [ 55.9404453, 54.7376074 ], [ 55.940305, 54.737596 ] ], [ [ 55.9404453, 54.7376074 ], [ 55.9405856, 54.7375975 ] ], [ [ 55.9405856, 54.7375975 ], [ 55.9404453, 54.7376074 ] ], [ [ 55.9405856, 54.7375975 ], [ 55.9408725, 54.7375499 ] ], [ [ 55.9405856, 54.7375975 ], [ 55.940585, 54.7376259 ] ], [ [ 55.9408725, 54.7375499 ], [ 55.9405856, 54.7375975 ] ], [ [ 55.9408725, 54.7375499 ], [ 55.9430628, 54.7372141 ] ], [ [ 55.9405829, 54.7377252 ], [ 55.9401383, 54.7380841 ] ], [ [ 55.9405829, 54.7377252 ], [ 55.940932, 54.7376716 ] ], [ [ 55.9405829, 54.7377252 ], [ 55.9401266, 54.7377324 ] ], [ [ 55.9405829, 54.7377252 ], [ 55.9405845, 54.737647 ] ], [ [ 55.9401383, 54.7380841 ], [ 55.9405829, 54.7377252 ] ], [ [ 55.9401383, 54.7380841 ], [ 55.9401015, 54.7381207 ] ], [ [ 55.9401383, 54.7380841 ], [ 55.9399584, 54.7377351 ] ], [ [ 55.9401383, 54.7380841 ], [ 55.9401266, 54.7377324 ] ], [ [ 55.956886, 54.732508 ], [ 55.9569316, 54.7326012 ] ], [ [ 55.956886, 54.732508 ], [ 55.9566378, 54.7325478 ] ], [ [ 55.956886, 54.732508 ], [ 55.95715, 54.7324675 ] ], [ [ 55.956886, 54.732508 ], [ 55.9568293, 54.7323916 ] ], [ [ 55.9569316, 54.7326012 ], [ 55.956886, 54.732508 ] ], [ [ 55.9569316, 54.7326012 ], [ 55.9570674, 54.7329034 ] ], [ [ 55.9576939, 54.7349578 ], [ 55.95792126018614, 54.734925060691651 ] ], [ [ 55.9576939, 54.7349578 ], [ 55.957468344746651, 54.734994482829457 ] ], [ [ 55.9574129, 54.7350035 ], [ 55.9576939, 54.7349578 ] ], [ [ 55.9574129, 54.7350035 ], [ 55.956904550774318, 54.735082099002476 ] ], [ [ 55.9561142, 54.7352043 ], [ 55.9574129, 54.7350035 ] ], [ [ 55.9561142, 54.7352043 ], [ 55.9552132, 54.7353479 ] ], [ [ 55.9552132, 54.7353479 ], [ 55.9561142, 54.7352043 ] ], [ [ 55.9552132, 54.7353479 ], [ 55.9543073, 54.7354902 ] ], [ [ 55.9543073, 54.7354902 ], [ 55.9552132, 54.7353479 ] ], [ [ 55.9543073, 54.7354902 ], [ 55.9532531, 54.7356613 ] ], [ [ 55.9532531, 54.7356613 ], [ 55.9543073, 54.7354902 ] ], [ [ 55.9532531, 54.7356613 ], [ 55.9525934, 54.7357638 ] ], [ [ 55.9525934, 54.7357638 ], [ 55.9532531, 54.7356613 ] ], [ [ 55.9525934, 54.7357638 ], [ 55.9521876, 54.7358324 ] ], [ [ 55.9521876, 54.7358324 ], [ 55.9525934, 54.7357638 ] ], [ [ 55.9521876, 54.7358324 ], [ 55.9518376, 54.7358876 ] ], [ [ 55.9521876, 54.7358324 ], [ 55.9522506, 54.7359478 ] ], [ [ 55.9521876, 54.7358324 ], [ 55.9521566, 54.7357775 ] ], [ [ 55.9497969, 54.7310673 ], [ 55.9498666, 54.7312078 ] ], [ [ 55.9497969, 54.7310673 ], [ 55.9499619, 54.7310402 ] ], [ [ 55.9497969, 54.7310673 ], [ 55.949737, 54.7309234 ] ], [ [ 55.9498666, 54.7312078 ], [ 55.9497969, 54.7310673 ] ], [ [ 55.9498666, 54.7312078 ], [ 55.9503212, 54.7321762 ] ], [ [ 55.9503212, 54.7321762 ], [ 55.9498666, 54.7312078 ] ], [ [ 55.9503212, 54.7321762 ], [ 55.9506543, 54.7328589 ] ], [ [ 55.9506543, 54.7328589 ], [ 55.9503212, 54.7321762 ] ], [ [ 55.9506543, 54.7328589 ], [ 55.9509153, 54.7333549 ] ], [ [ 55.9509153, 54.7333549 ], [ 55.9506543, 54.7328589 ] ], [ [ 55.9509153, 54.7333549 ], [ 55.9509697, 54.7334556 ] ], [ [ 55.9511299, 54.7334305 ], [ 55.9509697, 54.7334556 ] ], [ [ 55.9511299, 54.7334305 ], [ 55.9526132, 54.7331927 ] ], [ [ 55.9526132, 54.7331927 ], [ 55.9511299, 54.7334305 ] ], [ [ 55.9526132, 54.7331927 ], [ 55.9538856, 54.7329888 ] ], [ [ 55.9538856, 54.7329888 ], [ 55.9526132, 54.7331927 ] ], [ [ 55.9538856, 54.7329888 ], [ 55.9540359, 54.7329647 ] ], [ [ 55.9540359, 54.7329647 ], [ 55.9538856, 54.7329888 ] ], [ [ 55.9540359, 54.7329647 ], [ 55.9541054, 54.7329536 ] ], [ [ 55.9541054, 54.7329536 ], [ 55.9540359, 54.7329647 ] ], [ [ 55.9541054, 54.7329536 ], [ 55.9549068, 54.7328252 ] ], [ [ 55.9549068, 54.7328252 ], [ 55.9541054, 54.7329536 ] ], [ [ 55.9549068, 54.7328252 ], [ 55.9550973, 54.7327946 ] ], [ [ 55.9550973, 54.7327946 ], [ 55.9549068, 54.7328252 ] ], [ [ 55.9550973, 54.7327946 ], [ 55.9557623, 54.7326881 ] ], [ [ 55.9557623, 54.7326881 ], [ 55.9550973, 54.7327946 ] ], [ [ 55.9557623, 54.7326881 ], [ 55.9566378, 54.7325478 ] ], [ [ 55.9566378, 54.7325478 ], [ 55.9557623, 54.7326881 ] ], [ [ 55.9566378, 54.7325478 ], [ 55.956886, 54.732508 ] ], [ [ 55.9406744, 54.7226476 ], [ 55.940764961853191, 54.722632093114839 ] ], [ [ 55.9406744, 54.7226476 ], [ 55.940583841920599, 54.722663115131716 ] ], [ [ 55.9396804, 54.7228179 ], [ 55.9406744, 54.7226476 ] ], [ [ 55.9396804, 54.7228179 ], [ 55.9394891, 54.7228506 ] ], [ [ 55.9394891, 54.7228506 ], [ 55.9396804, 54.7228179 ] ], [ [ 55.9394891, 54.7228506 ], [ 55.9394156, 54.7227313 ] ], [ [ 55.9394891, 54.7228506 ], [ 55.9395452, 54.7229362 ] ], [ [ 55.9394891, 54.7228506 ], [ 55.9392805, 54.7228798 ] ], [ [ 55.95715, 54.7324675 ], [ 55.956886, 54.732508 ] ], [ [ 55.95715, 54.7324675 ], [ 55.9579197, 54.7323493 ] ], [ [ 55.9579197, 54.7323493 ], [ 55.95715, 54.7324675 ] ], [ [ 55.9579197, 54.7323493 ], [ 55.9593127, 54.7321353 ] ], [ [ 55.9593127, 54.7321353 ], [ 55.9579197, 54.7323493 ] ], [ [ 55.9593127, 54.7321353 ], [ 55.9593992, 54.732122 ] ], [ [ 55.9593992, 54.732122 ], [ 55.9593127, 54.7321353 ] ], [ [ 55.9593992, 54.732122 ], [ 55.9602247, 54.7319953 ] ], [ [ 55.9602247, 54.7319953 ], [ 55.959610816435386, 54.732089520530145 ] ], [ [ 55.9602247, 54.7319953 ], [ 55.960838546973712, 54.731901004023982 ] ], [ [ 55.9401015, 54.7381207 ], [ 55.9401383, 54.7380841 ] ], [ [ 55.9401015, 54.7381207 ], [ 55.9400643, 54.7381496 ] ], [ [ 55.9400643, 54.7381496 ], [ 55.9401015, 54.7381207 ] ], [ [ 55.9400643, 54.7381496 ], [ 55.9397954, 54.7383585 ] ], [ [ 55.9397954, 54.7383585 ], [ 55.9400643, 54.7381496 ] ], [ [ 55.9397954, 54.7383585 ], [ 55.9395125, 54.7385533 ] ], [ [ 55.9395125, 54.7385533 ], [ 55.9397954, 54.7383585 ] ], [ [ 55.9395125, 54.7385533 ], [ 55.9392328, 54.7387531 ] ], [ [ 55.9307835, 54.7315048 ], [ 55.9308349, 54.731603 ] ], [ [ 55.9307835, 54.7315048 ], [ 55.9307281, 54.7313945 ] ], [ [ 55.9307835, 54.7315048 ], [ 55.9309313, 54.7314764 ] ], [ [ 55.9308349, 54.731603 ], [ 55.9307835, 54.7315048 ] ], [ [ 55.9308349, 54.731603 ], [ 55.931047132481638, 54.732038183969173 ] ], [ [ 55.930582, 54.7310687 ], [ 55.93053704590092, 54.730968696846247 ] ], [ [ 55.930582, 54.7310687 ], [ 55.930626851790336, 54.731168718571475 ] ], [ [ 55.9307281, 54.7313945 ], [ 55.930582, 54.7310687 ] ], [ [ 55.9307281, 54.7313945 ], [ 55.9307835, 54.7315048 ] ], [ [ 55.9499619, 54.7310402 ], [ 55.9497969, 54.7310673 ] ], [ [ 55.9499619, 54.7310402 ], [ 55.9505214, 54.7309487 ] ], [ [ 55.9505214, 54.7309487 ], [ 55.9499619, 54.7310402 ] ], [ [ 55.9505214, 54.7309487 ], [ 55.95075453643976, 54.730907740582957 ] ], [ [ 55.9514617, 54.7307835 ], [ 55.95075453643976, 54.730907740582957 ] ], [ [ 55.9514617, 54.7307835 ], [ 55.951872, 54.730718 ] ], [ [ 55.951872, 54.730718 ], [ 55.9514617, 54.7307835 ] ], [ [ 55.951872, 54.730718 ], [ 55.9525876, 54.7306037 ] ], [ [ 55.9525876, 54.7306037 ], [ 55.951872, 54.730718 ] ], [ [ 55.9525876, 54.7306037 ], [ 55.9528123, 54.7305713 ] ], [ [ 55.9528123, 54.7305713 ], [ 55.9525876, 54.7306037 ] ], [ [ 55.9528123, 54.7305713 ], [ 55.9529415, 54.7305477 ] ], [ [ 55.9529415, 54.7305477 ], [ 55.9528123, 54.7305713 ] ], [ [ 55.9529415, 54.7305477 ], [ 55.9538427, 54.7304069 ] ], [ [ 55.9538427, 54.7304069 ], [ 55.9529415, 54.7305477 ] ], [ [ 55.9538427, 54.7304069 ], [ 55.954117, 54.7303636 ] ], [ [ 55.954117, 54.7303636 ], [ 55.9538427, 54.7304069 ] ], [ [ 55.954117, 54.7303636 ], [ 55.9544956, 54.7303039 ] ], [ [ 55.9544956, 54.7303039 ], [ 55.954117, 54.7303636 ] ], [ [ 55.9544956, 54.7303039 ], [ 55.955464, 54.7301579 ] ], [ [ 55.955464, 54.7301579 ], [ 55.95541037504551, 54.730165984720529 ] ], [ [ 55.955464, 54.7301579 ], [ 55.955517780098951, 54.730150168432907 ] ], [ [ 55.9510143, 54.7335432 ], [ 55.9509697, 54.7334556 ] ], [ [ 55.9510143, 54.7335432 ], [ 55.9512737, 54.7340522 ] ], [ [ 55.9512737, 54.7340522 ], [ 55.9510143, 54.7335432 ] ], [ [ 55.9512737, 54.7340522 ], [ 55.9515508, 54.7345958 ] ], [ [ 55.9515508, 54.7345958 ], [ 55.9512737, 54.7340522 ] ], [ [ 55.9515508, 54.7345958 ], [ 55.9519261, 54.7353321 ] ], [ [ 55.9519261, 54.7353321 ], [ 55.9515508, 54.7345958 ] ], [ [ 55.9519261, 54.7353321 ], [ 55.9519405, 54.7353603 ] ], [ [ 55.9519405, 54.7353603 ], [ 55.9519261, 54.7353321 ] ], [ [ 55.9519405, 54.7353603 ], [ 55.952025, 54.7355336 ] ], [ [ 55.952025, 54.7355336 ], [ 55.9519405, 54.7353603 ] ], [ [ 55.952025, 54.7355336 ], [ 55.9521218, 54.7357161 ] ], [ [ 55.9469353, 54.7250501 ], [ 55.946715516569213, 54.724582987208002 ] ], [ [ 55.9469353, 54.7250501 ], [ 55.947155284856855, 54.72551718157645 ] ], [ [ 55.9473767, 54.7259873 ], [ 55.9469353, 54.7250501 ] ], [ [ 55.9473767, 54.7259873 ], [ 55.9474304, 54.7261015 ] ], [ [ 55.9474304, 54.7261015 ], [ 55.9473767, 54.7259873 ] ], [ [ 55.9474304, 54.7261015 ], [ 55.9472251, 54.7261344 ] ], [ [ 55.9474304, 54.7261015 ], [ 55.9476377, 54.726069 ] ], [ [ 55.9474304, 54.7261015 ], [ 55.9474745, 54.7261956 ] ], [ [ 55.9558873, 54.730262 ], [ 55.955864813671347, 54.730216555188818 ] ], [ [ 55.9558873, 54.730262 ], [ 55.955907849120429, 54.730307751014188 ] ], [ [ 55.9561598, 54.7308687 ], [ 55.9558873, 54.730262 ] ], [ [ 55.9561598, 54.7308687 ], [ 55.9564423, 54.7314981 ] ], [ [ 55.9564423, 54.7314981 ], [ 55.9561598, 54.7308687 ] ], [ [ 55.9564423, 54.7314981 ], [ 55.9568293, 54.7323916 ] ], [ [ 55.9568293, 54.7323916 ], [ 55.9564423, 54.7314981 ] ], [ [ 55.9568293, 54.7323916 ], [ 55.956886, 54.732508 ] ], [ [ 55.9485787, 54.7285496 ], [ 55.948633, 54.7286453 ] ], [ [ 55.9485787, 54.7285496 ], [ 55.9487546, 54.7285222 ] ], [ [ 55.9485787, 54.7285496 ], [ 55.9485377, 54.7284623 ] ], [ [ 55.9485787, 54.7285496 ], [ 55.948361, 54.7285856 ] ], [ [ 55.948633, 54.7286453 ], [ 55.9485787, 54.7285496 ] ], [ [ 55.948633, 54.7286453 ], [ 55.9490026, 54.7293807 ] ], [ [ 55.9490026, 54.7293807 ], [ 55.948633, 54.7286453 ] ], [ [ 55.9490026, 54.7293807 ], [ 55.9496701, 54.7307523 ] ], [ [ 55.9496701, 54.7307523 ], [ 55.9490026, 54.7293807 ] ], [ [ 55.9496701, 54.7307523 ], [ 55.949737, 54.7309234 ] ], [ [ 55.949737, 54.7309234 ], [ 55.9496701, 54.7307523 ] ], [ [ 55.949737, 54.7309234 ], [ 55.9497969, 54.7310673 ] ], [ [ 55.9498297, 54.7424111 ], [ 55.950424379402527, 54.743335540041009 ] ], [ [ 55.9498297, 54.7424111 ], [ 55.9493756, 54.7417451 ] ], [ [ 55.9493756, 54.7417451 ], [ 55.9498297, 54.7424111 ] ], [ [ 55.9493756, 54.7417451 ], [ 55.9490053, 54.7413699 ] ], [ [ 55.9490053, 54.7413699 ], [ 55.9493756, 54.7417451 ] ], [ [ 55.9490053, 54.7413699 ], [ 55.9483878, 54.7408191 ] ], [ [ 55.9483878, 54.7408191 ], [ 55.9490053, 54.7413699 ] ], [ [ 55.9483878, 54.7408191 ], [ 55.9482136, 54.7406224 ] ], [ [ 55.9482136, 54.7406224 ], [ 55.9483878, 54.7408191 ] ], [ [ 55.9482136, 54.7406224 ], [ 55.9479336, 54.7402472 ] ], [ [ 55.9479336, 54.7402472 ], [ 55.9482136, 54.7406224 ] ], [ [ 55.9479336, 54.7402472 ], [ 55.9478405, 54.7401138 ] ], [ [ 55.9478405, 54.7401138 ], [ 55.9479336, 54.7402472 ] ], [ [ 55.9478405, 54.7401138 ], [ 55.9476481, 54.7398464 ] ], [ [ 55.9476481, 54.7398464 ], [ 55.9478405, 54.7401138 ] ], [ [ 55.9476481, 54.7398464 ], [ 55.9475974, 54.7397789 ] ], [ [ 55.9475974, 54.7397789 ], [ 55.9476481, 54.7398464 ] ], [ [ 55.9475974, 54.7397789 ], [ 55.9474318, 54.7395232 ] ], [ [ 55.9474318, 54.7395232 ], [ 55.9475974, 54.7397789 ] ], [ [ 55.9474318, 54.7395232 ], [ 55.947403, 54.7394683 ] ], [ [ 55.947403, 54.7394683 ], [ 55.9474318, 54.7395232 ] ], [ [ 55.947403, 54.7394683 ], [ 55.9472564, 54.7392098 ] ], [ [ 55.9472564, 54.7392098 ], [ 55.947403, 54.7394683 ] ], [ [ 55.9472564, 54.7392098 ], [ 55.9468263, 54.7383131 ] ], [ [ 55.9468263, 54.7383131 ], [ 55.9472564, 54.7392098 ] ], [ [ 55.9468263, 54.7383131 ], [ 55.9467945, 54.7382465 ] ], [ [ 55.9467945, 54.7382465 ], [ 55.9468263, 54.7383131 ] ], [ [ 55.9467945, 54.7382465 ], [ 55.9464879, 54.7375759 ] ], [ [ 55.9464879, 54.7375759 ], [ 55.9467945, 54.7382465 ] ], [ [ 55.9464879, 54.7375759 ], [ 55.9464333, 54.737454 ] ], [ [ 55.9464333, 54.737454 ], [ 55.9464879, 54.7375759 ] ], [ [ 55.9464333, 54.737454 ], [ 55.9462703, 54.737101 ] ], [ [ 55.9462703, 54.737101 ], [ 55.9464333, 54.737454 ] ], [ [ 55.9462703, 54.737101 ], [ 55.9461874, 54.7369386 ] ], [ [ 55.9461874, 54.7369386 ], [ 55.9462703, 54.737101 ] ], [ [ 55.9461874, 54.7369386 ], [ 55.9461447, 54.7368421 ] ], [ [ 55.9461447, 54.7368421 ], [ 55.9461874, 54.7369386 ] ], [ [ 55.9461447, 54.7368421 ], [ 55.9462207, 54.736797 ] ], [ [ 55.9461447, 54.7368421 ], [ 55.9461081, 54.7367945 ] ], [ [ 55.9461447, 54.7368421 ], [ 55.945953, 54.7368726 ] ], [ [ 55.954573, 54.7276147 ], [ 55.9543371, 54.7276515 ] ], [ [ 55.954573, 54.7276147 ], [ 55.9545266, 54.7275146 ] ], [ [ 55.954573, 54.7276147 ], [ 55.9548038, 54.7275789 ] ], [ [ 55.954573, 54.7276147 ], [ 55.9546387, 54.7277471 ] ], [ [ 55.9543371, 54.7276515 ], [ 55.954573, 54.7276147 ] ], [ [ 55.9543371, 54.7276515 ], [ 55.9533473, 54.7278059 ] ], [ [ 55.9533473, 54.7278059 ], [ 55.9543371, 54.7276515 ] ], [ [ 55.9533473, 54.7278059 ], [ 55.953219, 54.7278259 ] ], [ [ 55.953219, 54.7278259 ], [ 55.9533473, 54.7278059 ] ], [ [ 55.953219, 54.7278259 ], [ 55.9526473, 54.727915 ] ], [ [ 55.9526473, 54.727915 ], [ 55.953219, 54.7278259 ] ], [ [ 55.9526473, 54.727915 ], [ 55.9522785, 54.7279726 ] ], [ [ 55.9522785, 54.7279726 ], [ 55.9526473, 54.727915 ] ], [ [ 55.9522785, 54.7279726 ], [ 55.9519136, 54.7280295 ] ], [ [ 55.9519136, 54.7280295 ], [ 55.9522785, 54.7279726 ] ], [ [ 55.9519136, 54.7280295 ], [ 55.9516537, 54.72807 ] ], [ [ 55.9516537, 54.72807 ], [ 55.9519136, 54.7280295 ] ], [ [ 55.9516537, 54.72807 ], [ 55.9515115, 54.7280919 ] ], [ [ 55.9515115, 54.7280919 ], [ 55.9516537, 54.72807 ] ], [ [ 55.9515115, 54.7280919 ], [ 55.9513084, 54.7281235 ] ], [ [ 55.9513084, 54.7281235 ], [ 55.9515115, 54.7280919 ] ], [ [ 55.9513084, 54.7281235 ], [ 55.9512006, 54.7281407 ] ], [ [ 55.9512006, 54.7281407 ], [ 55.9513084, 54.7281235 ] ], [ [ 55.9512006, 54.7281407 ], [ 55.9498132, 54.7283571 ] ], [ [ 55.9498132, 54.7283571 ], [ 55.9512006, 54.7281407 ] ], [ [ 55.9498132, 54.7283571 ], [ 55.9487546, 54.7285222 ] ], [ [ 55.9487546, 54.7285222 ], [ 55.9498132, 54.7283571 ] ], [ [ 55.9487546, 54.7285222 ], [ 55.9485787, 54.7285496 ] ], [ [ 55.9366575, 54.7305029 ], [ 55.9365106, 54.7305279 ] ], [ [ 55.9366575, 54.7305029 ], [ 55.9367273, 54.7306456 ] ], [ [ 55.9366575, 54.7305029 ], [ 55.9366001, 54.7303856 ] ], [ [ 55.9366575, 54.7305029 ], [ 55.9367091, 54.7304942 ] ], [ [ 55.9365106, 54.7305279 ], [ 55.9366575, 54.7305029 ] ], [ [ 55.9365106, 54.7305279 ], [ 55.9345025, 54.7308693 ] ], [ [ 55.9345025, 54.7308693 ], [ 55.9365106, 54.7305279 ] ], [ [ 55.9345025, 54.7308693 ], [ 55.933927, 54.7309671 ] ], [ [ 55.933927, 54.7309671 ], [ 55.9345025, 54.7308693 ] ], [ [ 55.933927, 54.7309671 ], [ 55.9337462, 54.7309979 ] ], [ [ 55.9337462, 54.7309979 ], [ 55.933927, 54.7309671 ] ], [ [ 55.9337462, 54.7309979 ], [ 55.9335973, 54.7310232 ] ], [ [ 55.9335973, 54.7310232 ], [ 55.9337462, 54.7309979 ] ], [ [ 55.9335973, 54.7310232 ], [ 55.9335035, 54.7310391 ] ], [ [ 55.9335035, 54.7310391 ], [ 55.9335973, 54.7310232 ] ], [ [ 55.9335035, 54.7310391 ], [ 55.9322749, 54.7312479 ] ], [ [ 55.9322749, 54.7312479 ], [ 55.9335035, 54.7310391 ] ], [ [ 55.9322749, 54.7312479 ], [ 55.9321011, 54.7312775 ] ], [ [ 55.9321011, 54.7312775 ], [ 55.9322749, 54.7312479 ] ], [ [ 55.9321011, 54.7312775 ], [ 55.9319192, 54.7313084 ] ], [ [ 55.9319192, 54.7313084 ], [ 55.9321011, 54.7312775 ] ], [ [ 55.9319192, 54.7313084 ], [ 55.9309313, 54.7314764 ] ], [ [ 55.9309313, 54.7314764 ], [ 55.9319192, 54.7313084 ] ], [ [ 55.9309313, 54.7314764 ], [ 55.9307835, 54.7315048 ] ], [ [ 55.9518376, 54.7358876 ], [ 55.9521876, 54.7358324 ] ], [ [ 55.9518376, 54.7358876 ], [ 55.9492772, 54.7362916 ] ], [ [ 55.9492772, 54.7362916 ], [ 55.9518376, 54.7358876 ] ], [ [ 55.9492772, 54.7362916 ], [ 55.9490981, 54.7363196 ] ], [ [ 55.9490981, 54.7363196 ], [ 55.9492772, 54.7362916 ] ], [ [ 55.9490981, 54.7363196 ], [ 55.9489332, 54.7363458 ] ], [ [ 55.9463605, 54.7367517 ], [ 55.9462207, 54.736797 ] ], [ [ 55.9463605, 54.7367517 ], [ 55.9466295, 54.7367093 ] ], [ [ 55.9462207, 54.736797 ], [ 55.9463605, 54.7367517 ] ], [ [ 55.9462207, 54.736797 ], [ 55.9461447, 54.7368421 ] ], [ [ 55.9449574, 54.7342998 ], [ 55.9450153, 54.7344171 ] ], [ [ 55.9449574, 54.7342998 ], [ 55.9444578, 54.7332659 ] ], [ [ 55.9444578, 54.7332659 ], [ 55.9449574, 54.7342998 ] ], [ [ 55.9444578, 54.7332659 ], [ 55.944438, 54.7332217 ] ], [ [ 55.9461081, 54.7367945 ], [ 55.9461447, 54.7368421 ] ], [ [ 55.9461081, 54.7367945 ], [ 55.9460889, 54.7367656 ] ], [ [ 55.9460889, 54.7367656 ], [ 55.9461081, 54.7367945 ] ], [ [ 55.9460889, 54.7367656 ], [ 55.9460656, 54.7367237 ] ], [ [ 55.9460656, 54.7367237 ], [ 55.9460889, 54.7367656 ] ], [ [ 55.9460656, 54.7367237 ], [ 55.9459858, 54.7365338 ] ], [ [ 55.9460656, 54.7367237 ], [ 55.9459125, 54.7367772 ] ], [ [ 55.9460656, 54.7367237 ], [ 55.9462629, 54.7366368 ] ], [ [ 55.9459858, 54.7365338 ], [ 55.9460656, 54.7367237 ] ], [ [ 55.9459858, 54.7365338 ], [ 55.9459437, 54.7364555 ] ], [ [ 55.9459437, 54.7364555 ], [ 55.9459858, 54.7365338 ] ], [ [ 55.9459437, 54.7364555 ], [ 55.9457647, 54.7360638 ] ], [ [ 55.9459437, 54.7364555 ], [ 55.9458821, 54.7365523 ] ], [ [ 55.9457647, 54.7360638 ], [ 55.9459437, 54.7364555 ] ], [ [ 55.9457647, 54.7360638 ], [ 55.9450542, 54.7344986 ] ], [ [ 55.9450542, 54.7344986 ], [ 55.9457647, 54.7360638 ] ], [ [ 55.9450542, 54.7344986 ], [ 55.9450153, 54.7344171 ] ], [ [ 55.9394156, 54.7227313 ], [ 55.9394891, 54.7228506 ] ], [ [ 55.9394156, 54.7227313 ], [ 55.9392362, 54.7223805 ] ], [ [ 55.9392362, 54.7223805 ], [ 55.939372351503991, 54.722646731591979 ] ], [ [ 55.9392362, 54.7223805 ], [ 55.9391548, 54.7222012 ] ], [ [ 55.9391548, 54.7222012 ], [ 55.939195311115725, 54.722290433944103 ] ], [ [ 55.9391548, 54.7222012 ], [ 55.939111889522763, 54.722112342679921 ] ], [ [ 55.9426289, 54.7295267 ], [ 55.9425699, 54.7294017 ] ], [ [ 55.9426289, 54.7295267 ], [ 55.9428447, 54.7294915 ] ], [ [ 55.9426289, 54.7295267 ], [ 55.9424414, 54.7295564 ] ], [ [ 55.9426289, 54.7295267 ], [ 55.9426779, 54.729629 ] ], [ [ 55.9425699, 54.7294017 ], [ 55.9426289, 54.7295267 ] ], [ [ 55.9425699, 54.7294017 ], [ 55.9422013, 54.7286207 ] ], [ [ 55.9422013, 54.7286207 ], [ 55.9425699, 54.7294017 ] ], [ [ 55.9422013, 54.7286207 ], [ 55.9421519, 54.728516 ] ], [ [ 55.9421519, 54.728516 ], [ 55.9422013, 54.7286207 ] ], [ [ 55.9421519, 54.728516 ], [ 55.9421383, 54.7284872 ] ], [ [ 55.9421383, 54.7284872 ], [ 55.9421519, 54.728516 ] ], [ [ 55.9421383, 54.7284872 ], [ 55.9420887, 54.728382 ] ], [ [ 55.9420887, 54.728382 ], [ 55.9421383, 54.7284872 ] ], [ [ 55.9420887, 54.728382 ], [ 55.9420794, 54.7283624 ] ], [ [ 55.9420794, 54.7283624 ], [ 55.9420887, 54.728382 ] ], [ [ 55.9420794, 54.7283624 ], [ 55.9418772, 54.7279339 ] ], [ [ 55.9418772, 54.7279339 ], [ 55.9420794, 54.7283624 ] ], [ [ 55.9418772, 54.7279339 ], [ 55.9416013, 54.7273493 ] ], [ [ 55.9416013, 54.7273493 ], [ 55.9418772, 54.7279339 ] ], [ [ 55.9416013, 54.7273493 ], [ 55.9415171, 54.727171 ] ], [ [ 55.9415171, 54.727171 ], [ 55.9416013, 54.7273493 ] ], [ [ 55.9415171, 54.727171 ], [ 55.941464, 54.7270584 ] ], [ [ 55.941464, 54.7270584 ], [ 55.9415171, 54.727171 ] ], [ [ 55.941464, 54.7270584 ], [ 55.9414018, 54.7269116 ] ], [ [ 55.941464, 54.7270584 ], [ 55.9416947, 54.7270198 ] ], [ [ 55.941464, 54.7270584 ], [ 55.9412188, 54.7271009 ] ], [ [ 55.9414018, 54.7269116 ], [ 55.941464, 54.7270584 ] ], [ [ 55.9414018, 54.7269116 ], [ 55.9412768, 54.7266278 ] ], [ [ 55.9412768, 54.7266278 ], [ 55.9414018, 54.7269116 ] ], [ [ 55.9412768, 54.7266278 ], [ 55.9411401, 54.7263125 ] ], [ [ 55.9411401, 54.7263125 ], [ 55.9412768, 54.7266278 ] ], [ [ 55.9411401, 54.7263125 ], [ 55.9407369, 54.7254132 ] ], [ [ 55.9407369, 54.7254132 ], [ 55.9411401, 54.7263125 ] ], [ [ 55.9407369, 54.7254132 ], [ 55.9406959, 54.7253301 ] ], [ [ 55.9406959, 54.7253301 ], [ 55.9407369, 54.7254132 ] ], [ [ 55.9406959, 54.7253301 ], [ 55.9406759, 54.7252905 ] ], [ [ 55.9406759, 54.7252905 ], [ 55.9406959, 54.7253301 ] ], [ [ 55.9406759, 54.7252905 ], [ 55.9406314, 54.7252018 ] ], [ [ 55.9406314, 54.7252018 ], [ 55.9406759, 54.7252905 ] ], [ [ 55.9406314, 54.7252018 ], [ 55.9402219, 54.7243151 ] ], [ [ 55.9402219, 54.7243151 ], [ 55.9406314, 54.7252018 ] ], [ [ 55.9402219, 54.7243151 ], [ 55.9395452, 54.7229362 ] ], [ [ 55.9395452, 54.7229362 ], [ 55.939951993305009, 54.723765115750375 ] ], [ [ 55.9395452, 54.7229362 ], [ 55.9394891, 54.7228506 ] ], [ [ 55.9392805, 54.7228798 ], [ 55.9394891, 54.7228506 ] ], [ [ 55.9392805, 54.7228798 ], [ 55.9384379, 54.7230266 ] ], [ [ 55.9384379, 54.7230266 ], [ 55.938663874879467, 54.722987230058976 ] ], [ [ 55.9384379, 54.7230266 ], [ 55.938210770222661, 54.723063678610082 ] ], [ [ 55.9444974, 54.7265719 ], [ 55.9443132, 54.7266015 ] ], [ [ 55.9444974, 54.7265719 ], [ 55.9446249, 54.7265515 ] ], [ [ 55.9443132, 54.7266015 ], [ 55.9444974, 54.7265719 ] ], [ [ 55.9443132, 54.7266015 ], [ 55.9430264, 54.7268078 ] ], [ [ 55.9430264, 54.7268078 ], [ 55.9443132, 54.7266015 ] ], [ [ 55.9430264, 54.7268078 ], [ 55.942150986791773, 54.726947161417847 ] ], [ [ 55.9416947, 54.7270198 ], [ 55.942150986791773, 54.726947161417847 ] ], [ [ 55.9416947, 54.7270198 ], [ 55.941464, 54.7270584 ] ], [ [ 55.9412188, 54.7271009 ], [ 55.941464, 54.7270584 ] ], [ [ 55.9412188, 54.7271009 ], [ 55.9406929, 54.7271906 ] ], [ [ 55.9406929, 54.7271906 ], [ 55.9412188, 54.7271009 ] ], [ [ 55.9406929, 54.7271906 ], [ 55.9401367, 54.7272884 ] ], [ [ 55.9401367, 54.7272884 ], [ 55.9406929, 54.7271906 ] ], [ [ 55.9401367, 54.7272884 ], [ 55.9400617, 54.7273014 ] ], [ [ 55.9400617, 54.7273014 ], [ 55.9401367, 54.7272884 ] ], [ [ 55.9400617, 54.7273014 ], [ 55.9398587, 54.7273365 ] ], [ [ 55.9398587, 54.7273365 ], [ 55.9400617, 54.7273014 ] ], [ [ 55.9398587, 54.7273365 ], [ 55.9386706, 54.7275424 ] ], [ [ 55.9386706, 54.7275424 ], [ 55.9398587, 54.7273365 ] ], [ [ 55.9386706, 54.7275424 ], [ 55.9385639, 54.7275609 ] ], [ [ 55.9385639, 54.7275609 ], [ 55.9386706, 54.7275424 ] ], [ [ 55.9385639, 54.7275609 ], [ 55.9383432, 54.7275993 ] ], [ [ 55.9383432, 54.7275993 ], [ 55.9385639, 54.7275609 ] ], [ [ 55.9383432, 54.7275993 ], [ 55.9374027, 54.727762 ] ], [ [ 55.9374027, 54.727762 ], [ 55.9383432, 54.7275993 ] ], [ [ 55.9374027, 54.727762 ], [ 55.9357639, 54.7280459 ] ], [ [ 55.9357639, 54.7280459 ], [ 55.9374027, 54.727762 ] ], [ [ 55.9357639, 54.7280459 ], [ 55.935693, 54.7280582 ] ], [ [ 55.935693, 54.7280582 ], [ 55.9357639, 54.7280459 ] ], [ [ 55.935693, 54.7280582 ], [ 55.9355878, 54.7280764 ] ], [ [ 55.935693, 54.7280582 ], [ 55.9356503, 54.7279582 ] ], [ [ 55.935693, 54.7280582 ], [ 55.9357351, 54.728143 ] ], [ [ 55.9355878, 54.7280764 ], [ 55.935693, 54.7280582 ] ], [ [ 55.9355878, 54.7280764 ], [ 55.9355535, 54.7280824 ] ], [ [ 55.9355535, 54.7280824 ], [ 55.9355878, 54.7280764 ] ], [ [ 55.9355535, 54.7280824 ], [ 55.9354984, 54.7280919 ] ], [ [ 55.9354984, 54.7280919 ], [ 55.9355535, 54.7280824 ] ], [ [ 55.9354984, 54.7280919 ], [ 55.9353509, 54.7281175 ] ], [ [ 55.9354984, 54.7280919 ], [ 55.9355487, 54.7281749 ] ], [ [ 55.9354984, 54.7280919 ], [ 55.9354532, 54.7279892 ] ], [ [ 55.9353509, 54.7281175 ], [ 55.9354984, 54.7280919 ] ], [ [ 55.9353509, 54.7281175 ], [ 55.932856646371143, 54.728549651217193 ] ], [ [ 55.9399584, 54.7377351 ], [ 55.9401383, 54.7380841 ] ], [ [ 55.9399584, 54.7377351 ], [ 55.9397872, 54.73742 ] ], [ [ 55.9399584, 54.7377351 ], [ 55.9401266, 54.7377324 ] ], [ [ 55.9397872, 54.73742 ], [ 55.9399584, 54.7377351 ] ], [ [ 55.9397872, 54.73742 ], [ 55.9388757, 54.7353484 ] ], [ [ 55.9392328, 54.7387531 ], [ 55.9395125, 54.7385533 ] ], [ [ 55.9392328, 54.7387531 ], [ 55.9390596, 54.738928 ] ], [ [ 55.9390596, 54.738928 ], [ 55.9392328, 54.7387531 ] ], [ [ 55.9390596, 54.738928 ], [ 55.9389819, 54.7391684 ] ], [ [ 55.9389819, 54.7391684 ], [ 55.9390596, 54.738928 ] ], [ [ 55.9389819, 54.7391684 ], [ 55.9389119, 54.7394171 ] ], [ [ 55.9389119, 54.7394171 ], [ 55.9389819, 54.7391684 ] ], [ [ 55.9389119, 54.7394171 ], [ 55.9387832, 54.7398063 ] ], [ [ 55.9387832, 54.7398063 ], [ 55.9389119, 54.7394171 ] ], [ [ 55.9387832, 54.7398063 ], [ 55.9386998, 54.7399395 ] ], [ [ 55.9386998, 54.7399395 ], [ 55.9387832, 54.7398063 ] ], [ [ 55.9386998, 54.7399395 ], [ 55.9386549, 54.7399892 ] ], [ [ 55.9386549, 54.7399892 ], [ 55.9386998, 54.7399395 ] ], [ [ 55.9386549, 54.7399892 ], [ 55.9385701, 54.7400526 ] ], [ [ 55.9385701, 54.7400526 ], [ 55.9386549, 54.7399892 ] ], [ [ 55.9385701, 54.7400526 ], [ 55.9383909, 54.7401849 ] ], [ [ 55.9383909, 54.7401849 ], [ 55.9385701, 54.7400526 ] ], [ [ 55.9383909, 54.7401849 ], [ 55.9381509, 54.7402807 ] ], [ [ 55.9381509, 54.7402807 ], [ 55.9383909, 54.7401849 ] ], [ [ 55.9381509, 54.7402807 ], [ 55.9379163, 54.7403555 ] ], [ [ 55.9379163, 54.7403555 ], [ 55.9381509, 54.7402807 ] ], [ [ 55.9379163, 54.7403555 ], [ 55.9378151, 54.7403749 ] ], [ [ 55.945953, 54.7368726 ], [ 55.9461447, 54.7368421 ] ], [ [ 55.945953, 54.7368726 ], [ 55.9452485, 54.7369847 ] ], [ [ 55.9452485, 54.7369847 ], [ 55.945953, 54.7368726 ] ], [ [ 55.9452485, 54.7369847 ], [ 55.9431118, 54.7373247 ] ], [ [ 55.9431118, 54.7373247 ], [ 55.9452485, 54.7369847 ] ], [ [ 55.9431118, 54.7373247 ], [ 55.9410324, 54.7376556 ] ], [ [ 55.9410324, 54.7376556 ], [ 55.9431118, 54.7373247 ] ], [ [ 55.9410324, 54.7376556 ], [ 55.940932, 54.7376716 ] ], [ [ 55.940932, 54.7376716 ], [ 55.9410324, 54.7376556 ] ], [ [ 55.940932, 54.7376716 ], [ 55.9405829, 54.7377252 ] ], [ [ 55.9472251, 54.7261344 ], [ 55.9474304, 54.7261015 ] ], [ [ 55.9472251, 54.7261344 ], [ 55.9459398, 54.7263406 ] ], [ [ 55.9459398, 54.7263406 ], [ 55.9472251, 54.7261344 ] ], [ [ 55.9459398, 54.7263406 ], [ 55.9456208, 54.7263917 ] ], [ [ 55.9456208, 54.7263917 ], [ 55.9459398, 54.7263406 ] ], [ [ 55.9456208, 54.7263917 ], [ 55.9453504, 54.7264351 ] ], [ [ 55.9453504, 54.7264351 ], [ 55.9456208, 54.7263917 ] ], [ [ 55.9453504, 54.7264351 ], [ 55.945184, 54.7264618 ] ], [ [ 55.945184, 54.7264618 ], [ 55.9453504, 54.7264351 ] ], [ [ 55.945184, 54.7264618 ], [ 55.9446249, 54.7265515 ] ], [ [ 55.9446249, 54.7265515 ], [ 55.945184, 54.7264618 ] ], [ [ 55.9446249, 54.7265515 ], [ 55.9444974, 54.7265719 ] ], [ [ 55.9495431, 54.7257698 ], [ 55.95005482647192, 54.72568946029071 ] ], [ [ 55.9495431, 54.7257698 ], [ 55.9494536, 54.7257838 ] ], [ [ 55.9494536, 54.7257838 ], [ 55.9495431, 54.7257698 ] ], [ [ 55.9494536, 54.7257838 ], [ 55.948852398852694, 54.725878198609983 ] ], [ [ 55.9484346, 54.7259438 ], [ 55.9494536, 54.7257838 ] ], [ [ 55.9484346, 54.7259438 ], [ 55.9476377, 54.726069 ] ], [ [ 55.9476377, 54.726069 ], [ 55.9484346, 54.7259438 ] ], [ [ 55.9476377, 54.726069 ], [ 55.9474304, 54.7261015 ] ], [ [ 55.9474745, 54.7261956 ], [ 55.9474304, 54.7261015 ] ], [ [ 55.9474745, 54.7261956 ], [ 55.9477333, 54.7267474 ] ], [ [ 55.9477333, 54.7267474 ], [ 55.9474745, 54.7261956 ] ], [ [ 55.9477333, 54.7267474 ], [ 55.9485377, 54.7284623 ] ], [ [ 55.9485377, 54.7284623 ], [ 55.9477333, 54.7267474 ] ], [ [ 55.9485377, 54.7284623 ], [ 55.9485787, 54.7285496 ] ], [ [ 55.9545266, 54.7275146 ], [ 55.954341036508978, 54.727114828666586 ] ], [ [ 55.9545266, 54.7275146 ], [ 55.954573, 54.7276147 ] ], [ [ 55.9456395, 54.7290361 ], [ 55.9454184, 54.7290721 ] ], [ [ 55.9456395, 54.7290361 ], [ 55.9457916, 54.7290102 ] ], [ [ 55.9454184, 54.7290721 ], [ 55.9456395, 54.7290361 ] ], [ [ 55.9454184, 54.7290721 ], [ 55.9442147, 54.7292683 ] ], [ [ 55.9442147, 54.7292683 ], [ 55.9454184, 54.7290721 ] ], [ [ 55.9442147, 54.7292683 ], [ 55.9440573, 54.7292939 ] ], [ [ 55.9440573, 54.7292939 ], [ 55.9442147, 54.7292683 ] ], [ [ 55.9440573, 54.7292939 ], [ 55.9439493, 54.7293115 ] ], [ [ 55.9439493, 54.7293115 ], [ 55.9440573, 54.7292939 ] ], [ [ 55.9439493, 54.7293115 ], [ 55.9428447, 54.7294915 ] ], [ [ 55.9428447, 54.7294915 ], [ 55.9439493, 54.7293115 ] ], [ [ 55.9428447, 54.7294915 ], [ 55.9426289, 54.7295267 ] ], [ [ 55.948361, 54.7285856 ], [ 55.9485787, 54.7285496 ] ], [ [ 55.948361, 54.7285856 ], [ 55.9479746, 54.7286494 ] ], [ [ 55.9479746, 54.7286494 ], [ 55.948361, 54.7285856 ] ], [ [ 55.9479746, 54.7286494 ], [ 55.9475756, 54.7287154 ] ], [ [ 55.9475756, 54.7287154 ], [ 55.9479746, 54.7286494 ] ], [ [ 55.9475756, 54.7287154 ], [ 55.947296260095136, 54.728761552162098 ] ], [ [ 55.946885, 54.7288295 ], [ 55.947296260095136, 54.728761552162098 ] ], [ [ 55.946885, 54.7288295 ], [ 55.9457916, 54.7290102 ] ], [ [ 55.9457916, 54.7290102 ], [ 55.946885, 54.7288295 ] ], [ [ 55.9457916, 54.7290102 ], [ 55.9456395, 54.7290361 ] ], [ [ 55.9424414, 54.7295564 ], [ 55.9426289, 54.7295267 ] ], [ [ 55.9424414, 54.7295564 ], [ 55.9420568, 54.7296173 ] ], [ [ 55.9420568, 54.7296173 ], [ 55.9424414, 54.7295564 ] ], [ [ 55.9420568, 54.7296173 ], [ 55.9410019, 54.7297845 ] ], [ [ 55.9410019, 54.7297845 ], [ 55.9420568, 54.7296173 ] ], [ [ 55.9410019, 54.7297845 ], [ 55.9407725, 54.7298208 ] ], [ [ 55.9407725, 54.7298208 ], [ 55.9410019, 54.7297845 ] ], [ [ 55.9407725, 54.7298208 ], [ 55.9398726, 54.7299634 ] ], [ [ 55.9398726, 54.7299634 ], [ 55.9407725, 54.7298208 ] ], [ [ 55.9398726, 54.7299634 ], [ 55.9397163, 54.7299882 ] ], [ [ 55.9397163, 54.7299882 ], [ 55.9398726, 54.7299634 ] ], [ [ 55.9397163, 54.7299882 ], [ 55.9395072, 54.7300234 ] ], [ [ 55.9538892, 54.7384579 ], [ 55.954274095936661, 54.739052884063213 ] ], [ [ 55.9538892, 54.7384579 ], [ 55.9536933, 54.7381489 ] ], [ [ 55.9536933, 54.7381489 ], [ 55.9538892, 54.7384579 ] ], [ [ 55.9536933, 54.7381489 ], [ 55.9536263, 54.7380531 ] ], [ [ 55.9536263, 54.7380531 ], [ 55.9536933, 54.7381489 ] ], [ [ 55.9536263, 54.7380531 ], [ 55.9535506, 54.7379418 ] ], [ [ 55.9535506, 54.7379418 ], [ 55.9536263, 54.7380531 ] ], [ [ 55.9535506, 54.7379418 ], [ 55.9532218, 54.7374389 ] ], [ [ 55.9532218, 54.7374389 ], [ 55.9535506, 54.7379418 ] ], [ [ 55.9532218, 54.7374389 ], [ 55.9529174, 54.7369772 ] ], [ [ 55.9529174, 54.7369772 ], [ 55.9532218, 54.7374389 ] ], [ [ 55.9529174, 54.7369772 ], [ 55.9526803, 54.7366354 ] ], [ [ 55.9526803, 54.7366354 ], [ 55.9529174, 54.7369772 ] ], [ [ 55.9526803, 54.7366354 ], [ 55.9526113, 54.7365241 ] ], [ [ 55.9526113, 54.7365241 ], [ 55.9526803, 54.7366354 ] ], [ [ 55.9526113, 54.7365241 ], [ 55.9522506, 54.7359478 ] ], [ [ 55.9522506, 54.7359478 ], [ 55.9526113, 54.7365241 ] ], [ [ 55.9522506, 54.7359478 ], [ 55.9521876, 54.7358324 ] ], [ [ 55.933202, 54.7337535 ], [ 55.932196100374682, 54.733918878932649 ] ], [ [ 55.933202, 54.7337535 ], [ 55.934207951256525, 54.73358823746451 ] ], [ [ 55.9348254, 54.7334868 ], [ 55.933202, 54.7337535 ] ], [ [ 55.9348254, 54.7334868 ], [ 55.934961, 54.7334645 ] ], [ [ 55.934961, 54.7334645 ], [ 55.9348254, 54.7334868 ] ], [ [ 55.934961, 54.7334645 ], [ 55.9350775, 54.7334453 ] ], [ [ 55.9350775, 54.7334453 ], [ 55.934961, 54.7334645 ] ], [ [ 55.9350775, 54.7334453 ], [ 55.9356237, 54.7333556 ] ], [ [ 55.9356237, 54.7333556 ], [ 55.9350775, 54.7334453 ] ], [ [ 55.9356237, 54.7333556 ], [ 55.9367069, 54.7331776 ] ], [ [ 55.9367069, 54.7331776 ], [ 55.9356237, 54.7333556 ] ], [ [ 55.9367069, 54.7331776 ], [ 55.9373234, 54.7330763 ] ], [ [ 55.9373234, 54.7330763 ], [ 55.9367069, 54.7331776 ] ], [ [ 55.9373234, 54.7330763 ], [ 55.9376869, 54.7330166 ] ], [ [ 55.9376869, 54.7330166 ], [ 55.9373234, 54.7330763 ] ], [ [ 55.9376869, 54.7330166 ], [ 55.9378278, 54.7329935 ] ], [ [ 55.9378278, 54.7329935 ], [ 55.9376869, 54.7330166 ] ], [ [ 55.9378278, 54.7329935 ], [ 55.9378748, 54.7330973 ] ], [ [ 55.9378278, 54.7329935 ], [ 55.9377679, 54.7328605 ] ], [ [ 55.9441596, 54.732778 ], [ 55.944140458970629, 54.732763918542091 ] ], [ [ 55.9441596, 54.732778 ], [ 55.9442321, 54.7328574 ] ], [ [ 55.9440654, 54.7327087 ], [ 55.944140458970629, 54.732763918542091 ] ], [ [ 55.9440654, 54.7327087 ], [ 55.9438087, 54.7325723 ] ], [ [ 55.9438087, 54.7325723 ], [ 55.9440654, 54.7327087 ] ], [ [ 55.9438087, 54.7325723 ], [ 55.943516, 54.7324398 ] ], [ [ 55.943516, 54.7324398 ], [ 55.9438087, 54.7325723 ] ], [ [ 55.943516, 54.7324398 ], [ 55.9434258, 54.7323806 ] ], [ [ 55.9570674, 54.7329034 ], [ 55.9569316, 54.7326012 ] ], [ [ 55.9570674, 54.7329034 ], [ 55.9572886, 54.7333974 ] ], [ [ 55.9572886, 54.7333974 ], [ 55.9570674, 54.7329034 ] ], [ [ 55.9572886, 54.7333974 ], [ 55.957846, 54.7345577 ] ], [ [ 55.957846, 54.7345577 ], [ 55.95773363786035, 54.734323803712535 ] ], [ [ 55.957846, 54.7345577 ], [ 55.9579542, 54.7347829 ] ], [ [ 55.9579542, 54.7347829 ], [ 55.957926182505055, 54.734724586322905 ] ], [ [ 55.9579542, 54.7347829 ], [ 55.957853365037003, 54.734798984890823 ] ], [ [ 55.9579542, 54.7347829 ], [ 55.9580548007633, 54.734766331670208 ] ], [ [ 55.9579542, 54.7347829 ], [ 55.9579754, 54.7348244 ] ], [ [ 55.9548038, 54.7275789 ], [ 55.955436859157182, 54.727480815263 ] ], [ [ 55.9548038, 54.7275789 ], [ 55.954573, 54.7276147 ] ], [ [ 55.9489332, 54.7363458 ], [ 55.9490981, 54.7363196 ] ], [ [ 55.9489332, 54.7363458 ], [ 55.9479827, 54.7364958 ] ], [ [ 55.9479827, 54.7364958 ], [ 55.9489332, 54.7363458 ] ], [ [ 55.9479827, 54.7364958 ], [ 55.9466295, 54.7367093 ] ], [ [ 55.9466295, 54.7367093 ], [ 55.9479827, 54.7364958 ] ], [ [ 55.9466295, 54.7367093 ], [ 55.9463605, 54.7367517 ] ], [ [ 55.9388458, 54.7352807 ], [ 55.9379513, 54.7332584 ] ], [ [ 55.9388458, 54.7352807 ], [ 55.9388757, 54.7353484 ] ], [ [ 55.9379513, 54.7332584 ], [ 55.9388458, 54.7352807 ] ], [ [ 55.9379513, 54.7332584 ], [ 55.9378748, 54.7330973 ] ], [ [ 55.9378748, 54.7330973 ], [ 55.9379513, 54.7332584 ] ], [ [ 55.9378748, 54.7330973 ], [ 55.9378278, 54.7329935 ] ], [ [ 55.9377679, 54.7328605 ], [ 55.9378278, 54.7329935 ] ], [ [ 55.9377679, 54.7328605 ], [ 55.9374535, 54.73216 ] ], [ [ 55.9374535, 54.73216 ], [ 55.9377679, 54.7328605 ] ], [ [ 55.9374535, 54.73216 ], [ 55.9372582, 54.7317465 ] ], [ [ 55.9372582, 54.7317465 ], [ 55.9374535, 54.73216 ] ], [ [ 55.9372582, 54.7317465 ], [ 55.9371934, 54.7315984 ] ], [ [ 55.9371934, 54.7315984 ], [ 55.9372582, 54.7317465 ] ], [ [ 55.9371934, 54.7315984 ], [ 55.9367273, 54.7306456 ] ], [ [ 55.9367273, 54.7306456 ], [ 55.9371934, 54.7315984 ] ], [ [ 55.9367273, 54.7306456 ], [ 55.9366575, 54.7305029 ] ], [ [ 55.9366001, 54.7303856 ], [ 55.9366575, 54.7305029 ] ], [ [ 55.9366001, 54.7303856 ], [ 55.9363146, 54.7298018 ] ], [ [ 55.9363146, 54.7298018 ], [ 55.9366001, 54.7303856 ] ], [ [ 55.9363146, 54.7298018 ], [ 55.9355487, 54.7281749 ] ], [ [ 55.9355487, 54.7281749 ], [ 55.936313567584598, 54.729799606976599 ] ], [ [ 55.9355487, 54.7281749 ], [ 55.9354984, 54.7280919 ] ], [ [ 55.9354532, 54.7279892 ], [ 55.9354984, 54.7280919 ] ], [ [ 55.9354532, 54.7279892 ], [ 55.934793372160158, 54.726548975945242 ] ], [ [ 55.944438, 54.7332217 ], [ 55.9444578, 54.7332659 ] ], [ [ 55.944438, 54.7332217 ], [ 55.944351, 54.7330414 ] ], [ [ 55.944351, 54.7330414 ], [ 55.944438, 54.7332217 ] ], [ [ 55.944351, 54.7330414 ], [ 55.9442872, 54.7329339 ] ], [ [ 55.9442872, 54.7329339 ], [ 55.944351, 54.7330414 ] ], [ [ 55.9442872, 54.7329339 ], [ 55.9442321, 54.7328574 ] ], [ [ 55.9442321, 54.7328574 ], [ 55.9442872, 54.7329339 ] ], [ [ 55.9442321, 54.7328574 ], [ 55.9441596, 54.732778 ] ], [ [ 55.9450367, 54.7369115 ], [ 55.9453925, 54.7368015 ] ], [ [ 55.9450367, 54.7369115 ], [ 55.9430628, 54.7372141 ] ], [ [ 55.9450367, 54.7369115 ], [ 55.9459125, 54.7367772 ] ], [ [ 55.9453925, 54.7368015 ], [ 55.9450367, 54.7369115 ] ], [ [ 55.9453925, 54.7368015 ], [ 55.9458235, 54.7366225 ] ], [ [ 55.9458235, 54.7366225 ], [ 55.9453925, 54.7368015 ] ], [ [ 55.9458235, 54.7366225 ], [ 55.9458821, 54.7365523 ] ], [ [ 55.9458821, 54.7365523 ], [ 55.9458235, 54.7366225 ] ], [ [ 55.9458821, 54.7365523 ], [ 55.9459437, 54.7364555 ] ], [ [ 55.9395072, 54.7300234 ], [ 55.9397163, 54.7299882 ] ], [ [ 55.9395072, 54.7300234 ], [ 55.938446, 54.730202 ] ], [ [ 55.938446, 54.730202 ], [ 55.9395072, 54.7300234 ] ], [ [ 55.938446, 54.730202 ], [ 55.9384042, 54.730209 ] ], [ [ 55.9384042, 54.730209 ], [ 55.938446, 54.730202 ] ], [ [ 55.9384042, 54.730209 ], [ 55.9377028, 54.730327 ] ], [ [ 55.9377028, 54.730327 ], [ 55.9384042, 54.730209 ] ], [ [ 55.9377028, 54.730327 ], [ 55.9376712, 54.7303323 ] ], [ [ 55.9376712, 54.7303323 ], [ 55.9377028, 54.730327 ] ], [ [ 55.9376712, 54.7303323 ], [ 55.9369854, 54.7304477 ] ], [ [ 55.9369854, 54.7304477 ], [ 55.9376712, 54.7303323 ] ], [ [ 55.9369854, 54.7304477 ], [ 55.9368519, 54.7304702 ] ], [ [ 55.9368519, 54.7304702 ], [ 55.9369854, 54.7304477 ] ], [ [ 55.9368519, 54.7304702 ], [ 55.9367487, 54.7304876 ] ], [ [ 55.9368519, 54.7304702 ], [ 55.9367954, 54.7303527 ] ], [ [ 55.9368519, 54.7304702 ], [ 55.9369212, 54.7306141 ] ], [ [ 55.9367487, 54.7304876 ], [ 55.9368519, 54.7304702 ] ], [ [ 55.9367487, 54.7304876 ], [ 55.9367091, 54.7304942 ] ], [ [ 55.9367091, 54.7304942 ], [ 55.9367487, 54.7304876 ] ], [ [ 55.9367091, 54.7304942 ], [ 55.9366575, 54.7305029 ] ], [ [ 55.9521218, 54.7357161 ], [ 55.952025, 54.7355336 ] ], [ [ 55.9521218, 54.7357161 ], [ 55.9517799, 54.735767 ] ], [ [ 55.9521218, 54.7357161 ], [ 55.9525343, 54.7356501 ] ], [ [ 55.9521218, 54.7357161 ], [ 55.9521406, 54.7357494 ] ], [ [ 55.9546387, 54.7277471 ], [ 55.954573, 54.7276147 ] ], [ [ 55.9546387, 54.7277471 ], [ 55.954819982294403, 54.728112156165459 ] ], [ [ 55.9430628, 54.7372141 ], [ 55.9408725, 54.7375499 ] ], [ [ 55.9430628, 54.7372141 ], [ 55.9450367, 54.7369115 ] ], [ [ 55.9459125, 54.7367772 ], [ 55.9450367, 54.7369115 ] ], [ [ 55.9459125, 54.7367772 ], [ 55.9460656, 54.7367237 ] ], [ [ 55.9488647, 54.7362005 ], [ 55.9490058, 54.7361793 ] ], [ [ 55.9488647, 54.7362005 ], [ 55.9476541, 54.7364035 ] ], [ [ 55.9490058, 54.7361793 ], [ 55.9488647, 54.7362005 ] ], [ [ 55.9490058, 54.7361793 ], [ 55.9492106, 54.7361491 ] ], [ [ 55.9492106, 54.7361491 ], [ 55.9490058, 54.7361793 ] ], [ [ 55.9492106, 54.7361491 ], [ 55.9502649, 54.7359923 ] ], [ [ 55.9502649, 54.7359923 ], [ 55.9492106, 54.7361491 ] ], [ [ 55.9502649, 54.7359923 ], [ 55.9513429, 54.7358319 ] ], [ [ 55.9513429, 54.7358319 ], [ 55.9502649, 54.7359923 ] ], [ [ 55.9513429, 54.7358319 ], [ 55.9517799, 54.735767 ] ], [ [ 55.9517799, 54.735767 ], [ 55.9513429, 54.7358319 ] ], [ [ 55.9517799, 54.735767 ], [ 55.9521218, 54.7357161 ] ], [ [ 55.9365805, 54.7299066 ], [ 55.9367954, 54.7303527 ] ], [ [ 55.9365805, 54.7299066 ], [ 55.9363641, 54.7294001 ] ], [ [ 55.9367954, 54.7303527 ], [ 55.9365805, 54.7299066 ] ], [ [ 55.9367954, 54.7303527 ], [ 55.9368519, 54.7304702 ] ], [ [ 55.9369212, 54.7306141 ], [ 55.9368519, 54.7304702 ] ], [ [ 55.9369212, 54.7306141 ], [ 55.9373806, 54.7315668 ] ], [ [ 55.9373806, 54.7315668 ], [ 55.9369212, 54.7306141 ] ], [ [ 55.9373806, 54.7315668 ], [ 55.93796, 54.7328263 ] ], [ [ 55.93796, 54.7328263 ], [ 55.9373806, 54.7315668 ] ], [ [ 55.93796, 54.7328263 ], [ 55.9380239, 54.7329562 ] ], [ [ 55.9380239, 54.7329562 ], [ 55.93796, 54.7328263 ] ], [ [ 55.9380239, 54.7329562 ], [ 55.9380637, 54.733047 ] ], [ [ 55.9380637, 54.733047 ], [ 55.9380239, 54.7329562 ] ], [ [ 55.9380637, 54.733047 ], [ 55.9390153, 54.7351463 ] ], [ [ 55.9390153, 54.7351463 ], [ 55.9380637, 54.733047 ] ], [ [ 55.9390153, 54.7351463 ], [ 55.9390614, 54.7352479 ] ], [ [ 55.9390614, 54.7352479 ], [ 55.9390153, 54.7351463 ] ], [ [ 55.9390614, 54.7352479 ], [ 55.9390977, 54.7353207 ] ], [ [ 55.9390991, 54.7354142 ], [ 55.9390977, 54.7353207 ] ], [ [ 55.9390991, 54.7354142 ], [ 55.9398287, 54.7370385 ] ], [ [ 55.9398287, 54.7370385 ], [ 55.9390991, 54.7354142 ] ], [ [ 55.9398287, 54.7370385 ], [ 55.9399722, 54.7373578 ] ], [ [ 55.9399722, 54.7373578 ], [ 55.9398287, 54.7370385 ] ], [ [ 55.9399722, 54.7373578 ], [ 55.939988, 54.737393 ] ], [ [ 55.939988, 54.737393 ], [ 55.9399722, 54.7373578 ] ], [ [ 55.939988, 54.737393 ], [ 55.9400161, 54.7374617 ] ], [ [ 55.9525343, 54.7356501 ], [ 55.9521218, 54.7357161 ] ], [ [ 55.9525343, 54.7356501 ], [ 55.9536885, 54.7354654 ] ], [ [ 55.9536885, 54.7354654 ], [ 55.9525343, 54.7356501 ] ], [ [ 55.9536885, 54.7354654 ], [ 55.954438, 54.7353457 ] ], [ [ 55.954438, 54.7353457 ], [ 55.9536885, 54.7354654 ] ], [ [ 55.954438, 54.7353457 ], [ 55.9552834, 54.7352102 ] ], [ [ 55.9552834, 54.7352102 ], [ 55.954438, 54.7353457 ] ], [ [ 55.9552834, 54.7352102 ], [ 55.957551, 54.7348474 ] ], [ [ 55.957551, 54.7348474 ], [ 55.957046987514673, 54.734928038441382 ] ], [ [ 55.957551, 54.7348474 ], [ 55.9576395, 54.7348331 ] ], [ [ 55.9576395, 54.7348331 ], [ 55.957551, 54.7348474 ] ], [ [ 55.9576395, 54.7348331 ], [ 55.9579542, 54.7347829 ] ], [ [ 55.9521406, 54.7357494 ], [ 55.9521218, 54.7357161 ] ], [ [ 55.9521406, 54.7357494 ], [ 55.9521566, 54.7357775 ] ], [ [ 55.9521566, 54.7357775 ], [ 55.9521406, 54.7357494 ] ], [ [ 55.9521566, 54.7357775 ], [ 55.9521876, 54.7358324 ] ], [ [ 55.9401266, 54.7377324 ], [ 55.9405829, 54.7377252 ] ], [ [ 55.9401266, 54.7377324 ], [ 55.9401383, 54.7380841 ] ], [ [ 55.9401266, 54.7377324 ], [ 55.9399584, 54.7377351 ] ], [ [ 55.9401266, 54.7377324 ], [ 55.9400731, 54.7376015 ] ], [ [ 55.9351821, 54.7269711 ], [ 55.934903843217548, 54.726408209717164 ] ], [ [ 55.9351821, 54.7269711 ], [ 55.935449894811114, 54.727535688334157 ] ], [ [ 55.9356503, 54.7279582 ], [ 55.9351821, 54.7269711 ] ], [ [ 55.9356503, 54.7279582 ], [ 55.935693, 54.7280582 ] ], [ [ 55.9357351, 54.728143 ], [ 55.935693, 54.7280582 ] ], [ [ 55.9357351, 54.728143 ], [ 55.9362054, 54.7290957 ] ], [ [ 55.9362054, 54.7290957 ], [ 55.9357351, 54.728143 ] ], [ [ 55.9362054, 54.7290957 ], [ 55.9363641, 54.7294001 ] ], [ [ 55.9363641, 54.7294001 ], [ 55.9362054, 54.7290957 ] ], [ [ 55.9363641, 54.7294001 ], [ 55.9365805, 54.7299066 ] ], [ [ 55.9434258, 54.7323806 ], [ 55.943516, 54.7324398 ] ], [ [ 55.9434258, 54.7323806 ], [ 55.9433619, 54.7323296 ] ], [ [ 55.9433619, 54.7323296 ], [ 55.9434258, 54.7323806 ] ], [ [ 55.9433619, 54.7323296 ], [ 55.9433091, 54.7322823 ] ], [ [ 55.9433091, 54.7322823 ], [ 55.9433619, 54.7323296 ] ], [ [ 55.9433091, 54.7322823 ], [ 55.9432394, 54.7322089 ] ], [ [ 55.9432394, 54.7322089 ], [ 55.9433091, 54.7322823 ] ], [ [ 55.9432394, 54.7322089 ], [ 55.9432007, 54.7321349 ] ], [ [ 55.9432007, 54.7321349 ], [ 55.9432394, 54.7322089 ] ], [ [ 55.9432007, 54.7321349 ], [ 55.9431646, 54.7320621 ] ], [ [ 55.9431646, 54.7320621 ], [ 55.9432007, 54.7321349 ] ], [ [ 55.9431646, 54.7320621 ], [ 55.9431504, 54.7320018 ] ], [ [ 55.9431504, 54.7320018 ], [ 55.9431646, 54.7320621 ] ], [ [ 55.9431504, 54.7320018 ], [ 55.9431336, 54.7319288 ] ], [ [ 55.9431336, 54.7319288 ], [ 55.9431504, 54.7320018 ] ], [ [ 55.9431336, 54.7319288 ], [ 55.9431338, 54.7318497 ] ], [ [ 55.9431338, 54.7318497 ], [ 55.9431336, 54.7319288 ] ], [ [ 55.9431338, 54.7318497 ], [ 55.9431587, 54.7317574 ] ], [ [ 55.9431587, 54.7317574 ], [ 55.9431338, 54.7318497 ] ], [ [ 55.9431587, 54.7317574 ], [ 55.9432184, 54.7316422 ] ], [ [ 55.9432184, 54.7316422 ], [ 55.9431587, 54.7317574 ] ], [ [ 55.9432184, 54.7316422 ], [ 55.943273018424343, 54.731539119563301 ] ], [ [ 55.9432876, 54.7315116 ], [ 55.943273018424343, 54.731539119563301 ] ], [ [ 55.9432876, 54.7315116 ], [ 55.9433682, 54.7313629 ] ], [ [ 55.9433682, 54.7313629 ], [ 55.9432876, 54.7315116 ] ], [ [ 55.9433682, 54.7313629 ], [ 55.943393, 54.7312998 ] ], [ [ 55.943393, 54.7312998 ], [ 55.9433682, 54.7313629 ] ], [ [ 55.943393, 54.7312998 ], [ 55.9434025, 54.7312191 ] ], [ [ 55.9434025, 54.7312191 ], [ 55.943393, 54.7312998 ] ], [ [ 55.9434025, 54.7312191 ], [ 55.943384, 54.73114 ] ], [ [ 55.943384, 54.73114 ], [ 55.9434025, 54.7312191 ] ], [ [ 55.943384, 54.73114 ], [ 55.9433582, 54.7310497 ] ], [ [ 55.9433582, 54.7310497 ], [ 55.943384, 54.73114 ] ], [ [ 55.9433582, 54.7310497 ], [ 55.9430462, 54.7303983 ] ], [ [ 55.9430462, 54.7303983 ], [ 55.9433582, 54.7310497 ] ], [ [ 55.9430462, 54.7303983 ], [ 55.9427615, 54.7298004 ] ], [ [ 55.9427615, 54.7298004 ], [ 55.9430462, 54.7303983 ] ], [ [ 55.9427615, 54.7298004 ], [ 55.9426779, 54.729629 ] ], [ [ 55.9426779, 54.729629 ], [ 55.9427615, 54.7298004 ] ], [ [ 55.9426779, 54.729629 ], [ 55.9426289, 54.7295267 ] ], [ [ 55.9462629, 54.7366368 ], [ 55.9476541, 54.7364035 ] ], [ [ 55.9462629, 54.7366368 ], [ 55.9460656, 54.7367237 ] ], [ [ 55.9476541, 54.7364035 ], [ 55.9462629, 54.7366368 ] ], [ [ 55.9476541, 54.7364035 ], [ 55.9488647, 54.7362005 ] ], [ [ 55.9378151, 54.7403749 ], [ 55.9379163, 54.7403555 ] ], [ [ 55.9378151, 54.7403749 ], [ 55.9371759, 54.7404973 ] ], [ [ 55.9371759, 54.7404973 ], [ 55.937613163771097, 54.740413568639575 ] ], [ [ 55.9371759, 54.7404973 ], [ 55.9369593, 54.7405388 ] ], [ [ 55.9369593, 54.7405388 ], [ 55.9371759, 54.7404973 ] ], [ [ 55.9369593, 54.7405388 ], [ 55.936757536022043, 54.740605555279885 ] ], [ [ 55.9579754, 54.7348244 ], [ 55.957983808400769, 54.734840949868179 ] ], [ [ 55.9579754, 54.7348244 ], [ 55.957966949296498, 54.734807857349267 ] ], [ [ 55.9405845, 54.737647 ], [ 55.9405829, 54.7377252 ] ], [ [ 55.9405845, 54.737647 ], [ 55.940585, 54.7376259 ] ], [ [ 55.940585, 54.7376259 ], [ 55.9405845, 54.737647 ] ], [ [ 55.940585, 54.7376259 ], [ 55.9405856, 54.7375975 ] ], [ [ 55.9400599, 54.7375691 ], [ 55.9400161, 54.7374617 ] ], [ [ 55.9400599, 54.7375691 ], [ 55.9400731, 54.7376015 ] ], [ [ 55.9400731, 54.7376015 ], [ 55.9400599, 54.7375691 ] ], [ [ 55.9400731, 54.7376015 ], [ 55.9401266, 54.7377324 ] ], [ [ 55.947296260095136, 54.728761552162098 ], [ 55.9475756, 54.7287154 ] ], [ [ 55.947296260095136, 54.728761552162098 ], [ 55.946885, 54.7288295 ] ], [ [ 55.942150986791773, 54.726947161417847 ], [ 55.9430264, 54.7268078 ] ], [ [ 55.942150986791773, 54.726947161417847 ], [ 55.9416947, 54.7270198 ] ], [ [ 55.950532996577586, 54.733527034666984 ], [ 55.9498756, 54.73364 ] ], [ [ 55.950532996577586, 54.733527034666984 ], [ 55.9507072, 54.7334971 ] ], [ [ 55.944140458970629, 54.732763918542091 ], [ 55.9441596, 54.732778 ] ], [ [ 55.944140458970629, 54.732763918542091 ], [ 55.9440654, 54.7327087 ] ], [ [ 55.943273018424343, 54.731539119563301 ], [ 55.9432184, 54.7316422 ] ], [ [ 55.943273018424343, 54.731539119563301 ], [ 55.9432876, 54.7315116 ] ], [ [ 55.95075453643976, 54.730907740582957 ], [ 55.9505214, 54.7309487 ] ], [ [ 55.95075453643976, 54.730907740582957 ], [ 55.9514617, 54.7307835 ] ] ] } },
{ "type": "Feature", "properties": { "full_id": "n12070982685", "osm_id": "12070982685", "osm_type": "node", "amenity": null, "entrance": "yes", "full_name": null, "community_centre": null, "check_date": null, "operator": null, "contact:phone": null, "opening_hours": null, "name": null, "type": "lines", "start": "55.9437214, 54.7317767" }, "geometry": { "type": "MultiLineString", "coordinates": [ [ [ 55.9388757, 54.7353484 ], [ 55.9389334, 54.7353398 ] ], [ [ 55.9388757, 54.7353484 ], [ 55.9397872, 54.73742 ] ], [ [ 55.9388757, 54.7353484 ], [ 55.9388458, 54.7352807 ] ], [ [ 55.9389334, 54.7353398 ], [ 55.9388757, 54.7353484 ] ], [ [ 55.9389334, 54.7353398 ], [ 55.9389755, 54.7353332 ] ], [ [ 55.9389755, 54.7353332 ], [ 55.9389334, 54.7353398 ] ], [ [ 55.9389755, 54.7353332 ], [ 55.9390977, 54.7353207 ] ], [ [ 55.9390977, 54.7353207 ], [ 55.9389755, 54.7353332 ] ], [ [ 55.9390977, 54.7353207 ], [ 55.9391947, 54.7353168 ] ], [ [ 55.9390977, 54.7353207 ], [ 55.9390614, 54.7352479 ] ], [ [ 55.9390977, 54.7353207 ], [ 55.9390991, 54.7354142 ] ], [ [ 55.9391947, 54.7353168 ], [ 55.9390977, 54.7353207 ] ], [ [ 55.9391947, 54.7353168 ], [ 55.9395291, 54.7352983 ] ], [ [ 55.9395291, 54.7352983 ], [ 55.9391947, 54.7353168 ] ], [ [ 55.9395291, 54.7352983 ], [ 55.9409436, 54.7350711 ] ], [ [ 55.9409436, 54.7350711 ], [ 55.9395291, 54.7352983 ] ], [ [ 55.9409436, 54.7350711 ], [ 55.9413536, 54.7350052 ] ], [ [ 55.9413536, 54.7350052 ], [ 55.9409436, 54.7350711 ] ], [ [ 55.9413536, 54.7350052 ], [ 55.9420615, 54.7348915 ] ], [ [ 55.9420615, 54.7348915 ], [ 55.9413536, 54.7350052 ] ], [ [ 55.9420615, 54.7348915 ], [ 55.9427451, 54.7347817 ] ], [ [ 55.9427451, 54.7347817 ], [ 55.9420615, 54.7348915 ] ], [ [ 55.9427451, 54.7347817 ], [ 55.9447812, 54.7344547 ] ], [ [ 55.9447812, 54.7344547 ], [ 55.9427451, 54.7347817 ] ], [ [ 55.9447812, 54.7344547 ], [ 55.9450153, 54.7344171 ] ], [ [ 55.9450153, 54.7344171 ], [ 55.9447812, 54.7344547 ] ], [ [ 55.9450153, 54.7344171 ], [ 55.9452017, 54.7343871 ] ], [ [ 55.9450153, 54.7344171 ], [ 55.9449574, 54.7342998 ] ], [ [ 55.9450153, 54.7344171 ], [ 55.9450542, 54.7344986 ] ], [ [ 55.9452017, 54.7343871 ], [ 55.9450153, 54.7344171 ] ], [ [ 55.9452017, 54.7343871 ], [ 55.9457936, 54.7342921 ] ], [ [ 55.9457936, 54.7342921 ], [ 55.9452017, 54.7343871 ] ], [ [ 55.9457936, 54.7342921 ], [ 55.9463335, 54.7342033 ] ], [ [ 55.9463335, 54.7342033 ], [ 55.9457936, 54.7342921 ] ], [ [ 55.9463335, 54.7342033 ], [ 55.946504, 54.7341754 ] ], [ [ 55.946504, 54.7341754 ], [ 55.9463335, 54.7342033 ] ], [ [ 55.946504, 54.7341754 ], [ 55.9473424, 54.7340407 ] ], [ [ 55.9473424, 54.7340407 ], [ 55.946504, 54.7341754 ] ], [ [ 55.9473424, 54.7340407 ], [ 55.9477654, 54.7339746 ] ], [ [ 55.9477654, 54.7339746 ], [ 55.9473424, 54.7340407 ] ], [ [ 55.9477654, 54.7339746 ], [ 55.9479692, 54.7339451 ] ], [ [ 55.9479692, 54.7339451 ], [ 55.9477654, 54.7339746 ] ], [ [ 55.9479692, 54.7339451 ], [ 55.948176, 54.7339152 ] ], [ [ 55.948176, 54.7339152 ], [ 55.9479692, 54.7339451 ] ], [ [ 55.948176, 54.7339152 ], [ 55.9486233, 54.73384 ] ], [ [ 55.9486233, 54.73384 ], [ 55.948176, 54.7339152 ] ], [ [ 55.9486233, 54.73384 ], [ 55.9498756, 54.73364 ] ], [ [ 55.9498756, 54.73364 ], [ 55.9486233, 54.73384 ] ], [ [ 55.9498756, 54.73364 ], [ 55.950532996577586, 54.733527034666984 ] ], [ [ 55.9507072, 54.7334971 ], [ 55.950532996577586, 54.733527034666984 ] ], [ [ 55.9507072, 54.7334971 ], [ 55.9509697, 54.7334556 ] ], [ [ 55.9509697, 54.7334556 ], [ 55.9507072, 54.7334971 ] ], [ [ 55.9509697, 54.7334556 ], [ 55.9509153, 54.7333549 ] ], [ [ 55.9509697, 54.7334556 ], [ 55.9511299, 54.7334305 ] ], [ [ 55.9509697, 54.7334556 ], [ 55.9510143, 54.7335432 ] ], [ [ 55.9400161, 54.7374617 ], [ 55.9401605, 54.7375502 ] ], [ [ 55.9400161, 54.7374617 ], [ 55.939988, 54.737393 ] ], [ [ 55.9400161, 54.7374617 ], [ 55.9400599, 54.7375691 ] ], [ [ 55.9401605, 54.7375502 ], [ 55.9400161, 54.7374617 ] ], [ [ 55.9401605, 54.7375502 ], [ 55.940305, 54.737596 ] ], [ [ 55.940305, 54.737596 ], [ 55.9401605, 54.7375502 ] ], [ [ 55.940305, 54.737596 ], [ 55.9404453, 54.7376074 ] ], [ [ 55.9404453, 54.7376074 ], [ 55.940305, 54.737596 ] ], [ [ 55.9404453, 54.7376074 ], [ 55.9405856, 54.7375975 ] ], [ [ 55.9405856, 54.7375975 ], [ 55.9404453, 54.7376074 ] ], [ [ 55.9405856, 54.7375975 ], [ 55.9408725, 54.7375499 ] ], [ [ 55.9405856, 54.7375975 ], [ 55.940585, 54.7376259 ] ], [ [ 55.9408725, 54.7375499 ], [ 55.9405856, 54.7375975 ] ], [ [ 55.9408725, 54.7375499 ], [ 55.9430628, 54.7372141 ] ], [ [ 55.9405829, 54.7377252 ], [ 55.9401383, 54.7380841 ] ], [ [ 55.9405829, 54.7377252 ], [ 55.940932, 54.7376716 ] ], [ [ 55.9405829, 54.7377252 ], [ 55.9401266, 54.7377324 ] ], [ [ 55.9405829, 54.7377252 ], [ 55.9405845, 54.737647 ] ], [ [ 55.9401383, 54.7380841 ], [ 55.9405829, 54.7377252 ] ], [ [ 55.9401383, 54.7380841 ], [ 55.9401015, 54.7381207 ] ], [ [ 55.9401383, 54.7380841 ], [ 55.9399584, 54.7377351 ] ], [ [ 55.9401383, 54.7380841 ], [ 55.9401266, 54.7377324 ] ], [ [ 55.956886, 54.732508 ], [ 55.9569316, 54.7326012 ] ], [ [ 55.956886, 54.732508 ], [ 55.9566378, 54.7325478 ] ], [ [ 55.956886, 54.732508 ], [ 55.95715, 54.7324675 ] ], [ [ 55.956886, 54.732508 ], [ 55.9568293, 54.7323916 ] ], [ [ 55.9569316, 54.7326012 ], [ 55.956886, 54.732508 ] ], [ [ 55.9569316, 54.7326012 ], [ 55.9570674, 54.7329034 ] ], [ [ 55.9552132, 54.7353479 ], [ 55.955489773523922, 54.735303820135364 ] ], [ [ 55.9552132, 54.7353479 ], [ 55.954936346090662, 54.735391388587374 ] ], [ [ 55.9543073, 54.7354902 ], [ 55.9552132, 54.7353479 ] ], [ [ 55.9543073, 54.7354902 ], [ 55.9532531, 54.7356613 ] ], [ [ 55.9532531, 54.7356613 ], [ 55.9543073, 54.7354902 ] ], [ [ 55.9532531, 54.7356613 ], [ 55.9525934, 54.7357638 ] ], [ [ 55.9525934, 54.7357638 ], [ 55.9532531, 54.7356613 ] ], [ [ 55.9525934, 54.7357638 ], [ 55.9521876, 54.7358324 ] ], [ [ 55.9521876, 54.7358324 ], [ 55.9525934, 54.7357638 ] ], [ [ 55.9521876, 54.7358324 ], [ 55.9518376, 54.7358876 ] ], [ [ 55.9521876, 54.7358324 ], [ 55.9522506, 54.7359478 ] ], [ [ 55.9521876, 54.7358324 ], [ 55.9521566, 54.7357775 ] ], [ [ 55.9486096, 54.72403 ], [ 55.948708245034254, 54.724011768233524 ] ], [ [ 55.9486096, 54.72403 ], [ 55.948510940527207, 54.724048206148936 ] ], [ [ 55.9482449, 54.7240973 ], [ 55.9486096, 54.72403 ] ], [ [ 55.9482449, 54.7240973 ], [ 55.9481247, 54.7241196 ] ], [ [ 55.9481247, 54.7241196 ], [ 55.9482449, 54.7240973 ] ], [ [ 55.9481247, 54.7241196 ], [ 55.947541130421833, 54.724227391519349 ] ], [ [ 55.9471881, 54.7242926 ], [ 55.9481247, 54.7241196 ] ], [ [ 55.9471881, 54.7242926 ], [ 55.9467499, 54.7243736 ] ], [ [ 55.9467499, 54.7243736 ], [ 55.9471881, 54.7242926 ] ], [ [ 55.9467499, 54.7243736 ], [ 55.9466287, 54.724396 ] ], [ [ 55.9466287, 54.724396 ], [ 55.9467499, 54.7243736 ] ], [ [ 55.9466287, 54.724396 ], [ 55.9467095, 54.7245702 ] ], [ [ 55.9466287, 54.724396 ], [ 55.9465387, 54.7242117 ] ], [ [ 55.9497969, 54.7310673 ], [ 55.9498666, 54.7312078 ] ], [ [ 55.9497969, 54.7310673 ], [ 55.9499619, 54.7310402 ] ], [ [ 55.9497969, 54.7310673 ], [ 55.949737, 54.7309234 ] ], [ [ 55.9498666, 54.7312078 ], [ 55.9497969, 54.7310673 ] ], [ [ 55.9498666, 54.7312078 ], [ 55.9503212, 54.7321762 ] ], [ [ 55.9503212, 54.7321762 ], [ 55.9498666, 54.7312078 ] ], [ [ 55.9503212, 54.7321762 ], [ 55.9506543, 54.7328589 ] ], [ [ 55.9506543, 54.7328589 ], [ 55.9503212, 54.7321762 ] ], [ [ 55.9506543, 54.7328589 ], [ 55.9509153, 54.7333549 ] ], [ [ 55.9509153, 54.7333549 ], [ 55.9506543, 54.7328589 ] ], [ [ 55.9509153, 54.7333549 ], [ 55.9509697, 54.7334556 ] ], [ [ 55.9511299, 54.7334305 ], [ 55.9509697, 54.7334556 ] ], [ [ 55.9511299, 54.7334305 ], [ 55.9526132, 54.7331927 ] ], [ [ 55.9526132, 54.7331927 ], [ 55.9511299, 54.7334305 ] ], [ [ 55.9526132, 54.7331927 ], [ 55.9538856, 54.7329888 ] ], [ [ 55.9538856, 54.7329888 ], [ 55.9526132, 54.7331927 ] ], [ [ 55.9538856, 54.7329888 ], [ 55.9540359, 54.7329647 ] ], [ [ 55.9540359, 54.7329647 ], [ 55.9538856, 54.7329888 ] ], [ [ 55.9540359, 54.7329647 ], [ 55.9541054, 54.7329536 ] ], [ [ 55.9541054, 54.7329536 ], [ 55.9540359, 54.7329647 ] ], [ [ 55.9541054, 54.7329536 ], [ 55.9549068, 54.7328252 ] ], [ [ 55.9549068, 54.7328252 ], [ 55.9541054, 54.7329536 ] ], [ [ 55.9549068, 54.7328252 ], [ 55.9550973, 54.7327946 ] ], [ [ 55.9550973, 54.7327946 ], [ 55.9549068, 54.7328252 ] ], [ [ 55.9550973, 54.7327946 ], [ 55.9557623, 54.7326881 ] ], [ [ 55.9557623, 54.7326881 ], [ 55.9550973, 54.7327946 ] ], [ [ 55.9557623, 54.7326881 ], [ 55.9566378, 54.7325478 ] ], [ [ 55.9566378, 54.7325478 ], [ 55.9557623, 54.7326881 ] ], [ [ 55.9566378, 54.7325478 ], [ 55.956886, 54.732508 ] ], [ [ 55.9426663, 54.7223066 ], [ 55.943178921222597, 54.722218812399738 ] ], [ [ 55.9426663, 54.7223066 ], [ 55.9424992, 54.7223352 ] ], [ [ 55.9424992, 54.7223352 ], [ 55.9426663, 54.7223066 ] ], [ [ 55.9424992, 54.7223352 ], [ 55.9421581, 54.7223936 ] ], [ [ 55.9421581, 54.7223936 ], [ 55.9424992, 54.7223352 ] ], [ [ 55.9421581, 54.7223936 ], [ 55.9419966, 54.7224212 ] ], [ [ 55.9419966, 54.7224212 ], [ 55.9421581, 54.7223936 ] ], [ [ 55.9419966, 54.7224212 ], [ 55.94081430156178, 54.722623644687957 ] ], [ [ 55.9406744, 54.7226476 ], [ 55.9419966, 54.7224212 ] ], [ [ 55.9406744, 54.7226476 ], [ 55.9396804, 54.7228179 ] ], [ [ 55.9396804, 54.7228179 ], [ 55.9406744, 54.7226476 ] ], [ [ 55.9396804, 54.7228179 ], [ 55.9394891, 54.7228506 ] ], [ [ 55.9394891, 54.7228506 ], [ 55.9396804, 54.7228179 ] ], [ [ 55.9394891, 54.7228506 ], [ 55.9394156, 54.7227313 ] ], [ [ 55.9394891, 54.7228506 ], [ 55.9395452, 54.7229362 ] ], [ [ 55.9394891, 54.7228506 ], [ 55.9392805, 54.7228798 ] ], [ [ 55.9462189, 54.7235471 ], [ 55.94603774984764, 54.723179682925604 ] ], [ [ 55.9462189, 54.7235471 ], [ 55.9462959, 54.7237073 ] ], [ [ 55.9462959, 54.7237073 ], [ 55.9462189, 54.7235471 ] ], [ [ 55.9462959, 54.7237073 ], [ 55.9463784, 54.7238787 ] ], [ [ 55.95715, 54.7324675 ], [ 55.956886, 54.732508 ] ], [ [ 55.95715, 54.7324675 ], [ 55.9579197, 54.7323493 ] ], [ [ 55.9579197, 54.7323493 ], [ 55.957434528411319, 54.732423806017643 ] ], [ [ 55.9579197, 54.7323493 ], [ 55.958404857482591, 54.732274767551132 ] ], [ [ 55.9401015, 54.7381207 ], [ 55.9401383, 54.7380841 ] ], [ [ 55.9401015, 54.7381207 ], [ 55.9400643, 54.7381496 ] ], [ [ 55.9400643, 54.7381496 ], [ 55.9401015, 54.7381207 ] ], [ [ 55.9400643, 54.7381496 ], [ 55.9397954, 54.7383585 ] ], [ [ 55.9397954, 54.7383585 ], [ 55.9400643, 54.7381496 ] ], [ [ 55.9397954, 54.7383585 ], [ 55.9395125, 54.7385533 ] ], [ [ 55.9395125, 54.7385533 ], [ 55.9397954, 54.7383585 ] ], [ [ 55.9395125, 54.7385533 ], [ 55.9392328, 54.7387531 ] ], [ [ 55.9307835, 54.7315048 ], [ 55.9308349, 54.731603 ] ], [ [ 55.9307835, 54.7315048 ], [ 55.9307281, 54.7313945 ] ], [ [ 55.9307835, 54.7315048 ], [ 55.9309313, 54.7314764 ] ], [ [ 55.9308349, 54.731603 ], [ 55.9307835, 54.7315048 ] ], [ [ 55.9308349, 54.731603 ], [ 55.931731035042418, 54.733440530248245 ] ], [ [ 55.9300679, 54.7299265 ], [ 55.929902343954197, 54.72955863088017 ] ], [ [ 55.9300679, 54.7299265 ], [ 55.930233518545805, 54.730294359911802 ] ], [ [ 55.9302506, 54.7303323 ], [ 55.9300679, 54.7299265 ] ], [ [ 55.9302506, 54.7303323 ], [ 55.930525, 54.7309419 ] ], [ [ 55.930525, 54.7309419 ], [ 55.9302506, 54.7303323 ] ], [ [ 55.930525, 54.7309419 ], [ 55.930582, 54.7310687 ] ], [ [ 55.930582, 54.7310687 ], [ 55.930525, 54.7309419 ] ], [ [ 55.930582, 54.7310687 ], [ 55.9307281, 54.7313945 ] ], [ [ 55.9307281, 54.7313945 ], [ 55.930582, 54.7310687 ] ], [ [ 55.9307281, 54.7313945 ], [ 55.9307835, 54.7315048 ] ], [ [ 55.9499619, 54.7310402 ], [ 55.9497969, 54.7310673 ] ], [ [ 55.9499619, 54.7310402 ], [ 55.9505214, 54.7309487 ] ], [ [ 55.9505214, 54.7309487 ], [ 55.9499619, 54.7310402 ] ], [ [ 55.9505214, 54.7309487 ], [ 55.95075453643976, 54.730907740582957 ] ], [ [ 55.9514617, 54.7307835 ], [ 55.95075453643976, 54.730907740582957 ] ], [ [ 55.9514617, 54.7307835 ], [ 55.951872, 54.730718 ] ], [ [ 55.951872, 54.730718 ], [ 55.9514617, 54.7307835 ] ], [ [ 55.951872, 54.730718 ], [ 55.9525876, 54.7306037 ] ], [ [ 55.9525876, 54.7306037 ], [ 55.951872, 54.730718 ] ], [ [ 55.9525876, 54.7306037 ], [ 55.9528123, 54.7305713 ] ], [ [ 55.9528123, 54.7305713 ], [ 55.9525876, 54.7306037 ] ], [ [ 55.9528123, 54.7305713 ], [ 55.9529415, 54.7305477 ] ], [ [ 55.9529415, 54.7305477 ], [ 55.9528123, 54.7305713 ] ], [ [ 55.9529415, 54.7305477 ], [ 55.9538427, 54.7304069 ] ], [ [ 55.9538427, 54.7304069 ], [ 55.952975704049706, 54.730542356091661 ] ], [ [ 55.9538427, 54.7304069 ], [ 55.954117, 54.7303636 ] ], [ [ 55.954117, 54.7303636 ], [ 55.9538427, 54.7304069 ] ], [ [ 55.954117, 54.7303636 ], [ 55.9544956, 54.7303039 ] ], [ [ 55.9544956, 54.7303039 ], [ 55.954282075695779, 54.730337569838781 ] ], [ [ 55.9544956, 54.7303039 ], [ 55.954709760201013, 54.730271612319967 ] ], [ [ 55.9510143, 54.7335432 ], [ 55.9509697, 54.7334556 ] ], [ [ 55.9510143, 54.7335432 ], [ 55.9512737, 54.7340522 ] ], [ [ 55.9512737, 54.7340522 ], [ 55.9510143, 54.7335432 ] ], [ [ 55.9512737, 54.7340522 ], [ 55.9515508, 54.7345958 ] ], [ [ 55.9515508, 54.7345958 ], [ 55.9512737, 54.7340522 ] ], [ [ 55.9515508, 54.7345958 ], [ 55.9519261, 54.7353321 ] ], [ [ 55.9519261, 54.7353321 ], [ 55.9515508, 54.7345958 ] ], [ [ 55.9519261, 54.7353321 ], [ 55.9519405, 54.7353603 ] ], [ [ 55.9519405, 54.7353603 ], [ 55.9519261, 54.7353321 ] ], [ [ 55.9519405, 54.7353603 ], [ 55.952025, 54.7355336 ] ], [ [ 55.952025, 54.7355336 ], [ 55.9519405, 54.7353603 ] ], [ [ 55.952025, 54.7355336 ], [ 55.9521218, 54.7357161 ] ], [ [ 55.9467095, 54.7245702 ], [ 55.9466287, 54.724396 ] ], [ [ 55.9467095, 54.7245702 ], [ 55.9469353, 54.7250501 ] ], [ [ 55.9469353, 54.7250501 ], [ 55.9467095, 54.7245702 ] ], [ [ 55.9469353, 54.7250501 ], [ 55.9473767, 54.7259873 ] ], [ [ 55.9473767, 54.7259873 ], [ 55.9469353, 54.7250501 ] ], [ [ 55.9473767, 54.7259873 ], [ 55.9474304, 54.7261015 ] ], [ [ 55.9474304, 54.7261015 ], [ 55.9473767, 54.7259873 ] ], [ [ 55.9474304, 54.7261015 ], [ 55.9472251, 54.7261344 ] ], [ [ 55.9474304, 54.7261015 ], [ 55.9476377, 54.726069 ] ], [ [ 55.9474304, 54.7261015 ], [ 55.9474745, 54.7261956 ] ], [ [ 55.9568293, 54.7323916 ], [ 55.956498053460962, 54.731626822783902 ] ], [ [ 55.9568293, 54.7323916 ], [ 55.956886, 54.732508 ] ], [ [ 55.9485787, 54.7285496 ], [ 55.948633, 54.7286453 ] ], [ [ 55.9485787, 54.7285496 ], [ 55.9487546, 54.7285222 ] ], [ [ 55.9485787, 54.7285496 ], [ 55.9485377, 54.7284623 ] ], [ [ 55.9485787, 54.7285496 ], [ 55.948361, 54.7285856 ] ], [ [ 55.948633, 54.7286453 ], [ 55.9485787, 54.7285496 ] ], [ [ 55.948633, 54.7286453 ], [ 55.9490026, 54.7293807 ] ], [ [ 55.9490026, 54.7293807 ], [ 55.948633, 54.7286453 ] ], [ [ 55.9490026, 54.7293807 ], [ 55.9496701, 54.7307523 ] ], [ [ 55.9496701, 54.7307523 ], [ 55.9490026, 54.7293807 ] ], [ [ 55.9496701, 54.7307523 ], [ 55.949737, 54.7309234 ] ], [ [ 55.949737, 54.7309234 ], [ 55.9496701, 54.7307523 ] ], [ [ 55.949737, 54.7309234 ], [ 55.9497969, 54.7310673 ] ], [ [ 55.9493756, 54.7417451 ], [ 55.949531129449021, 54.741973205291885 ] ], [ [ 55.9493756, 54.7417451 ], [ 55.949165438730851, 54.74153215776888 ] ], [ [ 55.9490053, 54.7413699 ], [ 55.9493756, 54.7417451 ] ], [ [ 55.9490053, 54.7413699 ], [ 55.9483878, 54.7408191 ] ], [ [ 55.9483878, 54.7408191 ], [ 55.9490053, 54.7413699 ] ], [ [ 55.9483878, 54.7408191 ], [ 55.9482136, 54.7406224 ] ], [ [ 55.9482136, 54.7406224 ], [ 55.9483878, 54.7408191 ] ], [ [ 55.9482136, 54.7406224 ], [ 55.9479336, 54.7402472 ] ], [ [ 55.9479336, 54.7402472 ], [ 55.9482136, 54.7406224 ] ], [ [ 55.9479336, 54.7402472 ], [ 55.9478405, 54.7401138 ] ], [ [ 55.9478405, 54.7401138 ], [ 55.9479336, 54.7402472 ] ], [ [ 55.9478405, 54.7401138 ], [ 55.9476481, 54.7398464 ] ], [ [ 55.9476481, 54.7398464 ], [ 55.9478405, 54.7401138 ] ], [ [ 55.9476481, 54.7398464 ], [ 55.9475974, 54.7397789 ] ], [ [ 55.9475974, 54.7397789 ], [ 55.9476481, 54.7398464 ] ], [ [ 55.9475974, 54.7397789 ], [ 55.9474318, 54.7395232 ] ], [ [ 55.9474318, 54.7395232 ], [ 55.9475974, 54.7397789 ] ], [ [ 55.9474318, 54.7395232 ], [ 55.947403, 54.7394683 ] ], [ [ 55.947403, 54.7394683 ], [ 55.9474318, 54.7395232 ] ], [ [ 55.947403, 54.7394683 ], [ 55.9472564, 54.7392098 ] ], [ [ 55.9472564, 54.7392098 ], [ 55.947403, 54.7394683 ] ], [ [ 55.9472564, 54.7392098 ], [ 55.9468263, 54.7383131 ] ], [ [ 55.9468263, 54.7383131 ], [ 55.9472564, 54.7392098 ] ], [ [ 55.9468263, 54.7383131 ], [ 55.9467945, 54.7382465 ] ], [ [ 55.9467945, 54.7382465 ], [ 55.9468263, 54.7383131 ] ], [ [ 55.9467945, 54.7382465 ], [ 55.9464879, 54.7375759 ] ], [ [ 55.9464879, 54.7375759 ], [ 55.9467945, 54.7382465 ] ], [ [ 55.9464879, 54.7375759 ], [ 55.9464333, 54.737454 ] ], [ [ 55.9464333, 54.737454 ], [ 55.9464879, 54.7375759 ] ], [ [ 55.9464333, 54.737454 ], [ 55.9462703, 54.737101 ] ], [ [ 55.9462703, 54.737101 ], [ 55.9464333, 54.737454 ] ], [ [ 55.9462703, 54.737101 ], [ 55.9461874, 54.7369386 ] ], [ [ 55.9461874, 54.7369386 ], [ 55.9462703, 54.737101 ] ], [ [ 55.9461874, 54.7369386 ], [ 55.9461447, 54.7368421 ] ], [ [ 55.9461447, 54.7368421 ], [ 55.9461874, 54.7369386 ] ], [ [ 55.9461447, 54.7368421 ], [ 55.9462207, 54.736797 ] ], [ [ 55.9461447, 54.7368421 ], [ 55.9461081, 54.7367945 ] ], [ [ 55.9461447, 54.7368421 ], [ 55.945953, 54.7368726 ] ], [ [ 55.954573, 54.7276147 ], [ 55.9543371, 54.7276515 ] ], [ [ 55.954573, 54.7276147 ], [ 55.9545266, 54.7275146 ] ], [ [ 55.954573, 54.7276147 ], [ 55.9548038, 54.7275789 ] ], [ [ 55.954573, 54.7276147 ], [ 55.9546387, 54.7277471 ] ], [ [ 55.9543371, 54.7276515 ], [ 55.954573, 54.7276147 ] ], [ [ 55.9543371, 54.7276515 ], [ 55.9533473, 54.7278059 ] ], [ [ 55.9533473, 54.7278059 ], [ 55.9543371, 54.7276515 ] ], [ [ 55.9533473, 54.7278059 ], [ 55.953219, 54.7278259 ] ], [ [ 55.953219, 54.7278259 ], [ 55.9533473, 54.7278059 ] ], [ [ 55.953219, 54.7278259 ], [ 55.9526473, 54.727915 ] ], [ [ 55.9526473, 54.727915 ], [ 55.953219, 54.7278259 ] ], [ [ 55.9526473, 54.727915 ], [ 55.9522785, 54.7279726 ] ], [ [ 55.9522785, 54.7279726 ], [ 55.9526473, 54.727915 ] ], [ [ 55.9522785, 54.7279726 ], [ 55.9519136, 54.7280295 ] ], [ [ 55.9519136, 54.7280295 ], [ 55.9522785, 54.7279726 ] ], [ [ 55.9519136, 54.7280295 ], [ 55.9516537, 54.72807 ] ], [ [ 55.9516537, 54.72807 ], [ 55.9519136, 54.7280295 ] ], [ [ 55.9516537, 54.72807 ], [ 55.9515115, 54.7280919 ] ], [ [ 55.9515115, 54.7280919 ], [ 55.9516537, 54.72807 ] ], [ [ 55.9515115, 54.7280919 ], [ 55.9513084, 54.7281235 ] ], [ [ 55.9513084, 54.7281235 ], [ 55.9515115, 54.7280919 ] ], [ [ 55.9513084, 54.7281235 ], [ 55.9512006, 54.7281407 ] ], [ [ 55.9512006, 54.7281407 ], [ 55.9513084, 54.7281235 ] ], [ [ 55.9512006, 54.7281407 ], [ 55.9498132, 54.7283571 ] ], [ [ 55.9498132, 54.7283571 ], [ 55.9512006, 54.7281407 ] ], [ [ 55.9498132, 54.7283571 ], [ 55.9487546, 54.7285222 ] ], [ [ 55.9487546, 54.7285222 ], [ 55.9498132, 54.7283571 ] ], [ [ 55.9487546, 54.7285222 ], [ 55.9485787, 54.7285496 ] ], [ [ 55.9366575, 54.7305029 ], [ 55.9365106, 54.7305279 ] ], [ [ 55.9366575, 54.7305029 ], [ 55.9367273, 54.7306456 ] ], [ [ 55.9366575, 54.7305029 ], [ 55.9366001, 54.7303856 ] ], [ [ 55.9366575, 54.7305029 ], [ 55.9367091, 54.7304942 ] ], [ [ 55.9365106, 54.7305279 ], [ 55.9366575, 54.7305029 ] ], [ [ 55.9365106, 54.7305279 ], [ 55.9345025, 54.7308693 ] ], [ [ 55.9345025, 54.7308693 ], [ 55.9365106, 54.7305279 ] ], [ [ 55.9345025, 54.7308693 ], [ 55.933927, 54.7309671 ] ], [ [ 55.933927, 54.7309671 ], [ 55.9345025, 54.7308693 ] ], [ [ 55.933927, 54.7309671 ], [ 55.9337462, 54.7309979 ] ], [ [ 55.9337462, 54.7309979 ], [ 55.933927, 54.7309671 ] ], [ [ 55.9337462, 54.7309979 ], [ 55.9335973, 54.7310232 ] ], [ [ 55.9335973, 54.7310232 ], [ 55.9337462, 54.7309979 ] ], [ [ 55.9335973, 54.7310232 ], [ 55.9335035, 54.7310391 ] ], [ [ 55.9335035, 54.7310391 ], [ 55.9335973, 54.7310232 ] ], [ [ 55.9335035, 54.7310391 ], [ 55.9322749, 54.7312479 ] ], [ [ 55.9322749, 54.7312479 ], [ 55.9335035, 54.7310391 ] ], [ [ 55.9322749, 54.7312479 ], [ 55.9321011, 54.7312775 ] ], [ [ 55.9321011, 54.7312775 ], [ 55.9322749, 54.7312479 ] ], [ [ 55.9321011, 54.7312775 ], [ 55.9319192, 54.7313084 ] ], [ [ 55.9319192, 54.7313084 ], [ 55.9321011, 54.7312775 ] ], [ [ 55.9319192, 54.7313084 ], [ 55.9309313, 54.7314764 ] ], [ [ 55.9309313, 54.7314764 ], [ 55.9319192, 54.7313084 ] ], [ [ 55.9309313, 54.7314764 ], [ 55.9307835, 54.7315048 ] ], [ [ 55.9518376, 54.7358876 ], [ 55.9521876, 54.7358324 ] ], [ [ 55.9518376, 54.7358876 ], [ 55.9492772, 54.7362916 ] ], [ [ 55.9492772, 54.7362916 ], [ 55.9518376, 54.7358876 ] ], [ [ 55.9492772, 54.7362916 ], [ 55.9490981, 54.7363196 ] ], [ [ 55.9490981, 54.7363196 ], [ 55.9492772, 54.7362916 ] ], [ [ 55.9490981, 54.7363196 ], [ 55.9489332, 54.7363458 ] ], [ [ 55.9463605, 54.7367517 ], [ 55.9462207, 54.736797 ] ], [ [ 55.9463605, 54.7367517 ], [ 55.9466295, 54.7367093 ] ], [ [ 55.9462207, 54.736797 ], [ 55.9463605, 54.7367517 ] ], [ [ 55.9462207, 54.736797 ], [ 55.9461447, 54.7368421 ] ], [ [ 55.9449574, 54.7342998 ], [ 55.9450153, 54.7344171 ] ], [ [ 55.9449574, 54.7342998 ], [ 55.9444578, 54.7332659 ] ], [ [ 55.9444578, 54.7332659 ], [ 55.9449574, 54.7342998 ] ], [ [ 55.9444578, 54.7332659 ], [ 55.944438, 54.7332217 ] ], [ [ 55.9461081, 54.7367945 ], [ 55.9461447, 54.7368421 ] ], [ [ 55.9461081, 54.7367945 ], [ 55.9460889, 54.7367656 ] ], [ [ 55.9460889, 54.7367656 ], [ 55.9461081, 54.7367945 ] ], [ [ 55.9460889, 54.7367656 ], [ 55.9460656, 54.7367237 ] ], [ [ 55.9460656, 54.7367237 ], [ 55.9460889, 54.7367656 ] ], [ [ 55.9460656, 54.7367237 ], [ 55.9459858, 54.7365338 ] ], [ [ 55.9460656, 54.7367237 ], [ 55.9459125, 54.7367772 ] ], [ [ 55.9460656, 54.7367237 ], [ 55.9462629, 54.7366368 ] ], [ [ 55.9459858, 54.7365338 ], [ 55.9460656, 54.7367237 ] ], [ [ 55.9459858, 54.7365338 ], [ 55.9459437, 54.7364555 ] ], [ [ 55.9459437, 54.7364555 ], [ 55.9459858, 54.7365338 ] ], [ [ 55.9459437, 54.7364555 ], [ 55.9457647, 54.7360638 ] ], [ [ 55.9459437, 54.7364555 ], [ 55.9458821, 54.7365523 ] ], [ [ 55.9457647, 54.7360638 ], [ 55.9459437, 54.7364555 ] ], [ [ 55.9457647, 54.7360638 ], [ 55.9450542, 54.7344986 ] ], [ [ 55.9450542, 54.7344986 ], [ 55.9457647, 54.7360638 ] ], [ [ 55.9450542, 54.7344986 ], [ 55.9450153, 54.7344171 ] ], [ [ 55.9394156, 54.7227313 ], [ 55.9394891, 54.7228506 ] ], [ [ 55.9394156, 54.7227313 ], [ 55.9392362, 54.7223805 ] ], [ [ 55.9392362, 54.7223805 ], [ 55.9394156, 54.7227313 ] ], [ [ 55.9392362, 54.7223805 ], [ 55.9391548, 54.7222012 ] ], [ [ 55.9391548, 54.7222012 ], [ 55.9392362, 54.7223805 ] ], [ [ 55.9391548, 54.7222012 ], [ 55.9389089, 54.721692 ] ], [ [ 55.9389089, 54.721692 ], [ 55.9391548, 54.7222012 ] ], [ [ 55.9389089, 54.721692 ], [ 55.9386149, 54.7210683 ] ], [ [ 55.9386149, 54.7210683 ], [ 55.938785054973494, 54.721429271622334 ] ], [ [ 55.9386149, 54.7210683 ], [ 55.938446918913101, 54.720706987773752 ] ], [ [ 55.9426289, 54.7295267 ], [ 55.9425699, 54.7294017 ] ], [ [ 55.9426289, 54.7295267 ], [ 55.9428447, 54.7294915 ] ], [ [ 55.9426289, 54.7295267 ], [ 55.9424414, 54.7295564 ] ], [ [ 55.9426289, 54.7295267 ], [ 55.9426779, 54.729629 ] ], [ [ 55.9425699, 54.7294017 ], [ 55.9426289, 54.7295267 ] ], [ [ 55.9425699, 54.7294017 ], [ 55.9422013, 54.7286207 ] ], [ [ 55.9422013, 54.7286207 ], [ 55.9425699, 54.7294017 ] ], [ [ 55.9422013, 54.7286207 ], [ 55.9421519, 54.728516 ] ], [ [ 55.9421519, 54.728516 ], [ 55.9422013, 54.7286207 ] ], [ [ 55.9421519, 54.728516 ], [ 55.9421383, 54.7284872 ] ], [ [ 55.9421383, 54.7284872 ], [ 55.9421519, 54.728516 ] ], [ [ 55.9421383, 54.7284872 ], [ 55.9420887, 54.728382 ] ], [ [ 55.9420887, 54.728382 ], [ 55.9421383, 54.7284872 ] ], [ [ 55.9420887, 54.728382 ], [ 55.9420794, 54.7283624 ] ], [ [ 55.9420794, 54.7283624 ], [ 55.9420887, 54.728382 ] ], [ [ 55.9420794, 54.7283624 ], [ 55.9418772, 54.7279339 ] ], [ [ 55.9418772, 54.7279339 ], [ 55.9420794, 54.7283624 ] ], [ [ 55.9418772, 54.7279339 ], [ 55.9416013, 54.7273493 ] ], [ [ 55.9416013, 54.7273493 ], [ 55.9418772, 54.7279339 ] ], [ [ 55.9416013, 54.7273493 ], [ 55.9415171, 54.727171 ] ], [ [ 55.9415171, 54.727171 ], [ 55.9416013, 54.7273493 ] ], [ [ 55.9415171, 54.727171 ], [ 55.941464, 54.7270584 ] ], [ [ 55.941464, 54.7270584 ], [ 55.9415171, 54.727171 ] ], [ [ 55.941464, 54.7270584 ], [ 55.9414018, 54.7269116 ] ], [ [ 55.941464, 54.7270584 ], [ 55.9416947, 54.7270198 ] ], [ [ 55.941464, 54.7270584 ], [ 55.9412188, 54.7271009 ] ], [ [ 55.9414018, 54.7269116 ], [ 55.941464, 54.7270584 ] ], [ [ 55.9414018, 54.7269116 ], [ 55.9412768, 54.7266278 ] ], [ [ 55.9412768, 54.7266278 ], [ 55.9414018, 54.7269116 ] ], [ [ 55.9412768, 54.7266278 ], [ 55.9411401, 54.7263125 ] ], [ [ 55.9411401, 54.7263125 ], [ 55.9412768, 54.7266278 ] ], [ [ 55.9411401, 54.7263125 ], [ 55.9407369, 54.7254132 ] ], [ [ 55.9407369, 54.7254132 ], [ 55.9411401, 54.7263125 ] ], [ [ 55.9407369, 54.7254132 ], [ 55.9406959, 54.7253301 ] ], [ [ 55.9406959, 54.7253301 ], [ 55.9407369, 54.7254132 ] ], [ [ 55.9406959, 54.7253301 ], [ 55.9406759, 54.7252905 ] ], [ [ 55.9406759, 54.7252905 ], [ 55.9406959, 54.7253301 ] ], [ [ 55.9406759, 54.7252905 ], [ 55.9406314, 54.7252018 ] ], [ [ 55.9406314, 54.7252018 ], [ 55.9406759, 54.7252905 ] ], [ [ 55.9406314, 54.7252018 ], [ 55.9402219, 54.7243151 ] ], [ [ 55.9402219, 54.7243151 ], [ 55.9406314, 54.7252018 ] ], [ [ 55.9402219, 54.7243151 ], [ 55.9395452, 54.7229362 ] ], [ [ 55.9395452, 54.7229362 ], [ 55.9402219, 54.7243151 ] ], [ [ 55.9395452, 54.7229362 ], [ 55.9394891, 54.7228506 ] ], [ [ 55.9392805, 54.7228798 ], [ 55.9394891, 54.7228506 ] ], [ [ 55.9392805, 54.7228798 ], [ 55.9384379, 54.7230266 ] ], [ [ 55.9384379, 54.7230266 ], [ 55.9392805, 54.7228798 ] ], [ [ 55.9384379, 54.7230266 ], [ 55.937097, 54.7232455 ] ], [ [ 55.937097, 54.7232455 ], [ 55.938406091282324, 54.72303179272749 ] ], [ [ 55.937097, 54.7232455 ], [ 55.9366494, 54.7233172 ] ], [ [ 55.9366494, 54.7233172 ], [ 55.937097, 54.7232455 ] ], [ [ 55.9366494, 54.7233172 ], [ 55.9364868, 54.7233405 ] ], [ [ 55.9364868, 54.7233405 ], [ 55.9366494, 54.7233172 ] ], [ [ 55.9364868, 54.7233405 ], [ 55.9363209, 54.7233644 ] ], [ [ 55.9363209, 54.7233644 ], [ 55.9364868, 54.7233405 ] ], [ [ 55.9363209, 54.7233644 ], [ 55.9359531, 54.7234271 ] ], [ [ 55.9359531, 54.7234271 ], [ 55.93611987014345, 54.723398670179463 ] ], [ [ 55.9359531, 54.7234271 ], [ 55.935786206650015, 54.7234552870516 ] ], [ [ 55.9444974, 54.7265719 ], [ 55.9443132, 54.7266015 ] ], [ [ 55.9444974, 54.7265719 ], [ 55.9446249, 54.7265515 ] ], [ [ 55.9443132, 54.7266015 ], [ 55.9444974, 54.7265719 ] ], [ [ 55.9443132, 54.7266015 ], [ 55.9430264, 54.7268078 ] ], [ [ 55.9430264, 54.7268078 ], [ 55.9443132, 54.7266015 ] ], [ [ 55.9430264, 54.7268078 ], [ 55.942150986791773, 54.726947161417847 ] ], [ [ 55.9416947, 54.7270198 ], [ 55.942150986791773, 54.726947161417847 ] ], [ [ 55.9416947, 54.7270198 ], [ 55.941464, 54.7270584 ] ], [ [ 55.9412188, 54.7271009 ], [ 55.941464, 54.7270584 ] ], [ [ 55.9412188, 54.7271009 ], [ 55.9406929, 54.7271906 ] ], [ [ 55.9406929, 54.7271906 ], [ 55.9412188, 54.7271009 ] ], [ [ 55.9406929, 54.7271906 ], [ 55.9401367, 54.7272884 ] ], [ [ 55.9401367, 54.7272884 ], [ 55.9406929, 54.7271906 ] ], [ [ 55.9401367, 54.7272884 ], [ 55.9400617, 54.7273014 ] ], [ [ 55.9400617, 54.7273014 ], [ 55.9401367, 54.7272884 ] ], [ [ 55.9400617, 54.7273014 ], [ 55.9398587, 54.7273365 ] ], [ [ 55.9398587, 54.7273365 ], [ 55.9400617, 54.7273014 ] ], [ [ 55.9398587, 54.7273365 ], [ 55.9386706, 54.7275424 ] ], [ [ 55.9386706, 54.7275424 ], [ 55.9398587, 54.7273365 ] ], [ [ 55.9386706, 54.7275424 ], [ 55.9385639, 54.7275609 ] ], [ [ 55.9385639, 54.7275609 ], [ 55.9386706, 54.7275424 ] ], [ [ 55.9385639, 54.7275609 ], [ 55.9383432, 54.7275993 ] ], [ [ 55.9383432, 54.7275993 ], [ 55.9385639, 54.7275609 ] ], [ [ 55.9383432, 54.7275993 ], [ 55.9374027, 54.727762 ] ], [ [ 55.9374027, 54.727762 ], [ 55.9383432, 54.7275993 ] ], [ [ 55.9374027, 54.727762 ], [ 55.9357639, 54.7280459 ] ], [ [ 55.9357639, 54.7280459 ], [ 55.9374027, 54.727762 ] ], [ [ 55.9357639, 54.7280459 ], [ 55.935693, 54.7280582 ] ], [ [ 55.935693, 54.7280582 ], [ 55.9357639, 54.7280459 ] ], [ [ 55.935693, 54.7280582 ], [ 55.9355878, 54.7280764 ] ], [ [ 55.935693, 54.7280582 ], [ 55.9356503, 54.7279582 ] ], [ [ 55.935693, 54.7280582 ], [ 55.9357351, 54.728143 ] ], [ [ 55.9355878, 54.7280764 ], [ 55.935693, 54.7280582 ] ], [ [ 55.9355878, 54.7280764 ], [ 55.9355535, 54.7280824 ] ], [ [ 55.9355535, 54.7280824 ], [ 55.9355878, 54.7280764 ] ], [ [ 55.9355535, 54.7280824 ], [ 55.9354984, 54.7280919 ] ], [ [ 55.9354984, 54.7280919 ], [ 55.9355535, 54.7280824 ] ], [ [ 55.9354984, 54.7280919 ], [ 55.9353509, 54.7281175 ] ], [ [ 55.9354984, 54.7280919 ], [ 55.9355487, 54.7281749 ] ], [ [ 55.9354984, 54.7280919 ], [ 55.9354532, 54.7279892 ] ], [ [ 55.9353509, 54.7281175 ], [ 55.9354984, 54.7280919 ] ], [ [ 55.9353509, 54.7281175 ], [ 55.9327594, 54.7285665 ] ], [ [ 55.9327594, 54.7285665 ], [ 55.935074094533569, 54.728165458963701 ] ], [ [ 55.9327594, 54.7285665 ], [ 55.9325867, 54.7285964 ] ], [ [ 55.9325867, 54.7285964 ], [ 55.9327594, 54.7285665 ] ], [ [ 55.9325867, 54.7285964 ], [ 55.9316698, 54.7287552 ] ], [ [ 55.9316698, 54.7287552 ], [ 55.9325867, 54.7285964 ] ], [ [ 55.9316698, 54.7287552 ], [ 55.9314649, 54.7287907 ] ], [ [ 55.9314649, 54.7287907 ], [ 55.9316698, 54.7287552 ] ], [ [ 55.9314649, 54.7287907 ], [ 55.9305805, 54.7289439 ] ], [ [ 55.9305805, 54.7289439 ], [ 55.930716372511291, 54.728920363513417 ] ], [ [ 55.9305805, 54.7289439 ], [ 55.930444622417539, 54.728967427362804 ] ], [ [ 55.9399584, 54.7377351 ], [ 55.9401383, 54.7380841 ] ], [ [ 55.9399584, 54.7377351 ], [ 55.9397872, 54.73742 ] ], [ [ 55.9399584, 54.7377351 ], [ 55.9401266, 54.7377324 ] ], [ [ 55.9397872, 54.73742 ], [ 55.9399584, 54.7377351 ] ], [ [ 55.9397872, 54.73742 ], [ 55.9388757, 54.7353484 ] ], [ [ 55.93443, 54.7256431 ], [ 55.934149353980011, 54.725035999648966 ] ], [ [ 55.93443, 54.7256431 ], [ 55.9346679, 54.7261678 ] ], [ [ 55.9346679, 54.7261678 ], [ 55.93443, 54.7256431 ] ], [ [ 55.9346679, 54.7261678 ], [ 55.9347192, 54.7262851 ] ], [ [ 55.9392328, 54.7387531 ], [ 55.9395125, 54.7385533 ] ], [ [ 55.9392328, 54.7387531 ], [ 55.9390596, 54.738928 ] ], [ [ 55.9390596, 54.738928 ], [ 55.9392328, 54.7387531 ] ], [ [ 55.9390596, 54.738928 ], [ 55.9389819, 54.7391684 ] ], [ [ 55.9389819, 54.7391684 ], [ 55.9390596, 54.738928 ] ], [ [ 55.9389819, 54.7391684 ], [ 55.9389119, 54.7394171 ] ], [ [ 55.9389119, 54.7394171 ], [ 55.9389819, 54.7391684 ] ], [ [ 55.9389119, 54.7394171 ], [ 55.9387832, 54.7398063 ] ], [ [ 55.9387832, 54.7398063 ], [ 55.938793038072255, 54.739776548813367 ] ], [ [ 55.9387832, 54.7398063 ], [ 55.938765368167537, 54.739834779617325 ] ], [ [ 55.945953, 54.7368726 ], [ 55.9461447, 54.7368421 ] ], [ [ 55.945953, 54.7368726 ], [ 55.9452485, 54.7369847 ] ], [ [ 55.9452485, 54.7369847 ], [ 55.945953, 54.7368726 ] ], [ [ 55.9452485, 54.7369847 ], [ 55.9431118, 54.7373247 ] ], [ [ 55.9431118, 54.7373247 ], [ 55.9452485, 54.7369847 ] ], [ [ 55.9431118, 54.7373247 ], [ 55.9410324, 54.7376556 ] ], [ [ 55.9410324, 54.7376556 ], [ 55.9431118, 54.7373247 ] ], [ [ 55.9410324, 54.7376556 ], [ 55.940932, 54.7376716 ] ], [ [ 55.940932, 54.7376716 ], [ 55.9410324, 54.7376556 ] ], [ [ 55.940932, 54.7376716 ], [ 55.9405829, 54.7377252 ] ], [ [ 55.9472251, 54.7261344 ], [ 55.9474304, 54.7261015 ] ], [ [ 55.9472251, 54.7261344 ], [ 55.9459398, 54.7263406 ] ], [ [ 55.9459398, 54.7263406 ], [ 55.9472251, 54.7261344 ] ], [ [ 55.9459398, 54.7263406 ], [ 55.9456208, 54.7263917 ] ], [ [ 55.9456208, 54.7263917 ], [ 55.9459398, 54.7263406 ] ], [ [ 55.9456208, 54.7263917 ], [ 55.9453504, 54.7264351 ] ], [ [ 55.9453504, 54.7264351 ], [ 55.9456208, 54.7263917 ] ], [ [ 55.9453504, 54.7264351 ], [ 55.945184, 54.7264618 ] ], [ [ 55.945184, 54.7264618 ], [ 55.9453504, 54.7264351 ] ], [ [ 55.945184, 54.7264618 ], [ 55.9446249, 54.7265515 ] ], [ [ 55.9446249, 54.7265515 ], [ 55.945184, 54.7264618 ] ], [ [ 55.9446249, 54.7265515 ], [ 55.9444974, 54.7265719 ] ], [ [ 55.9518181, 54.7254126 ], [ 55.952484342047399, 54.725307552031111 ] ], [ [ 55.9518181, 54.7254126 ], [ 55.951151664488457, 54.725517243360599 ] ], [ [ 55.950417, 54.7256326 ], [ 55.9518181, 54.7254126 ] ], [ [ 55.950417, 54.7256326 ], [ 55.9495431, 54.7257698 ] ], [ [ 55.9495431, 54.7257698 ], [ 55.950417, 54.7256326 ] ], [ [ 55.9495431, 54.7257698 ], [ 55.9494536, 54.7257838 ] ], [ [ 55.9494536, 54.7257838 ], [ 55.9495431, 54.7257698 ] ], [ [ 55.9494536, 54.7257838 ], [ 55.9484346, 54.7259438 ] ], [ [ 55.9484346, 54.7259438 ], [ 55.9494536, 54.7257838 ] ], [ [ 55.9484346, 54.7259438 ], [ 55.9476377, 54.726069 ] ], [ [ 55.9476377, 54.726069 ], [ 55.9484346, 54.7259438 ] ], [ [ 55.9476377, 54.726069 ], [ 55.9474304, 54.7261015 ] ], [ [ 55.9474745, 54.7261956 ], [ 55.9474304, 54.7261015 ] ], [ [ 55.9474745, 54.7261956 ], [ 55.9477333, 54.7267474 ] ], [ [ 55.9477333, 54.7267474 ], [ 55.9474745, 54.7261956 ] ], [ [ 55.9477333, 54.7267474 ], [ 55.9485377, 54.7284623 ] ], [ [ 55.9485377, 54.7284623 ], [ 55.9477333, 54.7267474 ] ], [ [ 55.9485377, 54.7284623 ], [ 55.9485787, 54.7285496 ] ], [ [ 55.9537312, 54.7258476 ], [ 55.953660945062801, 54.725711932643158 ] ], [ [ 55.9537312, 54.7258476 ], [ 55.953797969266098, 54.725983855886049 ] ], [ [ 55.9539376, 54.7262688 ], [ 55.9537312, 54.7258476 ] ], [ [ 55.9539376, 54.7262688 ], [ 55.9541405, 54.7266828 ] ], [ [ 55.9541405, 54.7266828 ], [ 55.9539376, 54.7262688 ] ], [ [ 55.9541405, 54.7266828 ], [ 55.9545266, 54.7275146 ] ], [ [ 55.9545266, 54.7275146 ], [ 55.9541405, 54.7266828 ] ], [ [ 55.9545266, 54.7275146 ], [ 55.954573, 54.7276147 ] ], [ [ 55.9550898, 54.7286555 ], [ 55.9552005, 54.7288784 ] ], [ [ 55.9550898, 54.7286555 ], [ 55.95466418012289, 54.727798410449196 ] ], [ [ 55.9552005, 54.7288784 ], [ 55.9550898, 54.7286555 ] ], [ [ 55.9552005, 54.7288784 ], [ 55.9554423, 54.7293653 ] ], [ [ 55.9554423, 54.7293653 ], [ 55.95536915571514, 54.729218013183214 ] ], [ [ 55.9554423, 54.7293653 ], [ 55.955515442338886, 54.729512587251882 ] ], [ [ 55.9456395, 54.7290361 ], [ 55.9454184, 54.7290721 ] ], [ [ 55.9456395, 54.7290361 ], [ 55.9457916, 54.7290102 ] ], [ [ 55.9454184, 54.7290721 ], [ 55.9456395, 54.7290361 ] ], [ [ 55.9454184, 54.7290721 ], [ 55.9442147, 54.7292683 ] ], [ [ 55.9442147, 54.7292683 ], [ 55.9454184, 54.7290721 ] ], [ [ 55.9442147, 54.7292683 ], [ 55.9440573, 54.7292939 ] ], [ [ 55.9440573, 54.7292939 ], [ 55.9442147, 54.7292683 ] ], [ [ 55.9440573, 54.7292939 ], [ 55.9439493, 54.7293115 ] ], [ [ 55.9439493, 54.7293115 ], [ 55.9440573, 54.7292939 ] ], [ [ 55.9439493, 54.7293115 ], [ 55.9428447, 54.7294915 ] ], [ [ 55.9428447, 54.7294915 ], [ 55.9439493, 54.7293115 ] ], [ [ 55.9428447, 54.7294915 ], [ 55.9426289, 54.7295267 ] ], [ [ 55.948361, 54.7285856 ], [ 55.9485787, 54.7285496 ] ], [ [ 55.948361, 54.7285856 ], [ 55.9479746, 54.7286494 ] ], [ [ 55.9479746, 54.7286494 ], [ 55.948361, 54.7285856 ] ], [ [ 55.9479746, 54.7286494 ], [ 55.9475756, 54.7287154 ] ], [ [ 55.9475756, 54.7287154 ], [ 55.9479746, 54.7286494 ] ], [ [ 55.9475756, 54.7287154 ], [ 55.947296260095136, 54.728761552162098 ] ], [ [ 55.946885, 54.7288295 ], [ 55.947296260095136, 54.728761552162098 ] ], [ [ 55.946885, 54.7288295 ], [ 55.9457916, 54.7290102 ] ], [ [ 55.9457916, 54.7290102 ], [ 55.946885, 54.7288295 ] ], [ [ 55.9457916, 54.7290102 ], [ 55.9456395, 54.7290361 ] ], [ [ 55.9424414, 54.7295564 ], [ 55.9426289, 54.7295267 ] ], [ [ 55.9424414, 54.7295564 ], [ 55.9420568, 54.7296173 ] ], [ [ 55.9420568, 54.7296173 ], [ 55.9424414, 54.7295564 ] ], [ [ 55.9420568, 54.7296173 ], [ 55.9410019, 54.7297845 ] ], [ [ 55.9410019, 54.7297845 ], [ 55.9420568, 54.7296173 ] ], [ [ 55.9410019, 54.7297845 ], [ 55.9407725, 54.7298208 ] ], [ [ 55.9407725, 54.7298208 ], [ 55.9410019, 54.7297845 ] ], [ [ 55.9407725, 54.7298208 ], [ 55.9398726, 54.7299634 ] ], [ [ 55.9398726, 54.7299634 ], [ 55.9407725, 54.7298208 ] ], [ [ 55.9398726, 54.7299634 ], [ 55.9397163, 54.7299882 ] ], [ [ 55.9397163, 54.7299882 ], [ 55.9398726, 54.7299634 ] ], [ [ 55.9397163, 54.7299882 ], [ 55.9395072, 54.7300234 ] ], [ [ 55.9532218, 54.7374389 ], [ 55.953385653333399, 54.737689513872773 ] ], [ [ 55.9532218, 54.7374389 ], [ 55.95305674416953, 54.737188550864232 ] ], [ [ 55.9529174, 54.7369772 ], [ 55.9532218, 54.7374389 ] ], [ [ 55.9529174, 54.7369772 ], [ 55.9526803, 54.7366354 ] ], [ [ 55.9526803, 54.7366354 ], [ 55.9529174, 54.7369772 ] ], [ [ 55.9526803, 54.7366354 ], [ 55.9526113, 54.7365241 ] ], [ [ 55.9526113, 54.7365241 ], [ 55.9526803, 54.7366354 ] ], [ [ 55.9526113, 54.7365241 ], [ 55.9522506, 54.7359478 ] ], [ [ 55.9522506, 54.7359478 ], [ 55.9526113, 54.7365241 ] ], [ [ 55.9522506, 54.7359478 ], [ 55.9521876, 54.7358324 ] ], [ [ 55.933202, 54.7337535 ], [ 55.932882727043896, 54.733805991341455 ] ], [ [ 55.933202, 54.7337535 ], [ 55.933521289343872, 54.733701045603048 ] ], [ [ 55.9348254, 54.7334868 ], [ 55.933202, 54.7337535 ] ], [ [ 55.9348254, 54.7334868 ], [ 55.934961, 54.7334645 ] ], [ [ 55.934961, 54.7334645 ], [ 55.9348254, 54.7334868 ] ], [ [ 55.934961, 54.7334645 ], [ 55.9350775, 54.7334453 ] ], [ [ 55.9350775, 54.7334453 ], [ 55.934961, 54.7334645 ] ], [ [ 55.9350775, 54.7334453 ], [ 55.9356237, 54.7333556 ] ], [ [ 55.9356237, 54.7333556 ], [ 55.9350775, 54.7334453 ] ], [ [ 55.9356237, 54.7333556 ], [ 55.9367069, 54.7331776 ] ], [ [ 55.9367069, 54.7331776 ], [ 55.9356237, 54.7333556 ] ], [ [ 55.9367069, 54.7331776 ], [ 55.9373234, 54.7330763 ] ], [ [ 55.9373234, 54.7330763 ], [ 55.9367069, 54.7331776 ] ], [ [ 55.9373234, 54.7330763 ], [ 55.9376869, 54.7330166 ] ], [ [ 55.9376869, 54.7330166 ], [ 55.9373234, 54.7330763 ] ], [ [ 55.9376869, 54.7330166 ], [ 55.9378278, 54.7329935 ] ], [ [ 55.9378278, 54.7329935 ], [ 55.9376869, 54.7330166 ] ], [ [ 55.9378278, 54.7329935 ], [ 55.9378748, 54.7330973 ] ], [ [ 55.9378278, 54.7329935 ], [ 55.9377679, 54.7328605 ] ], [ [ 55.9441596, 54.732778 ], [ 55.944140458970629, 54.732763918542091 ] ], [ [ 55.9441596, 54.732778 ], [ 55.9442321, 54.7328574 ] ], [ [ 55.9440654, 54.7327087 ], [ 55.944140458970629, 54.732763918542091 ] ], [ [ 55.9440654, 54.7327087 ], [ 55.9438087, 54.7325723 ] ], [ [ 55.9438087, 54.7325723 ], [ 55.9440654, 54.7327087 ] ], [ [ 55.9438087, 54.7325723 ], [ 55.943516, 54.7324398 ] ], [ [ 55.943516, 54.7324398 ], [ 55.9438087, 54.7325723 ] ], [ [ 55.943516, 54.7324398 ], [ 55.9434258, 54.7323806 ] ], [ [ 55.9570674, 54.7329034 ], [ 55.9569316, 54.7326012 ] ], [ [ 55.9570674, 54.7329034 ], [ 55.957284240290456, 54.733387663578149 ] ], [ [ 55.9577642, 54.7271201 ], [ 55.957868775379929, 54.727103827008854 ] ], [ [ 55.9577642, 54.7271201 ], [ 55.957681, 54.727133 ] ], [ [ 55.957681, 54.727133 ], [ 55.9577642, 54.7271201 ] ], [ [ 55.957681, 54.727133 ], [ 55.9575317, 54.7271561 ] ], [ [ 55.9575317, 54.7271561 ], [ 55.957681, 54.727133 ] ], [ [ 55.9575317, 54.7271561 ], [ 55.9574094, 54.7271753 ] ], [ [ 55.9574094, 54.7271753 ], [ 55.9575317, 54.7271561 ] ], [ [ 55.9574094, 54.7271753 ], [ 55.956949878517982, 54.727246462350784 ] ], [ [ 55.9560159, 54.7273911 ], [ 55.9574094, 54.7271753 ] ], [ [ 55.9560159, 54.7273911 ], [ 55.9548038, 54.7275789 ] ], [ [ 55.9548038, 54.7275789 ], [ 55.9560159, 54.7273911 ] ], [ [ 55.9548038, 54.7275789 ], [ 55.954573, 54.7276147 ] ], [ [ 55.9489332, 54.7363458 ], [ 55.9490981, 54.7363196 ] ], [ [ 55.9489332, 54.7363458 ], [ 55.9479827, 54.7364958 ] ], [ [ 55.9479827, 54.7364958 ], [ 55.9489332, 54.7363458 ] ], [ [ 55.9479827, 54.7364958 ], [ 55.9466295, 54.7367093 ] ], [ [ 55.9466295, 54.7367093 ], [ 55.9479827, 54.7364958 ] ], [ [ 55.9466295, 54.7367093 ], [ 55.9463605, 54.7367517 ] ], [ [ 55.9388458, 54.7352807 ], [ 55.9379513, 54.7332584 ] ], [ [ 55.9388458, 54.7352807 ], [ 55.9388757, 54.7353484 ] ], [ [ 55.9379513, 54.7332584 ], [ 55.9388458, 54.7352807 ] ], [ [ 55.9379513, 54.7332584 ], [ 55.9378748, 54.7330973 ] ], [ [ 55.9378748, 54.7330973 ], [ 55.9379513, 54.7332584 ] ], [ [ 55.9378748, 54.7330973 ], [ 55.9378278, 54.7329935 ] ], [ [ 55.9377679, 54.7328605 ], [ 55.9378278, 54.7329935 ] ], [ [ 55.9377679, 54.7328605 ], [ 55.9374535, 54.73216 ] ], [ [ 55.9374535, 54.73216 ], [ 55.9377679, 54.7328605 ] ], [ [ 55.9374535, 54.73216 ], [ 55.9372582, 54.7317465 ] ], [ [ 55.9372582, 54.7317465 ], [ 55.9374535, 54.73216 ] ], [ [ 55.9372582, 54.7317465 ], [ 55.9371934, 54.7315984 ] ], [ [ 55.9371934, 54.7315984 ], [ 55.9372582, 54.7317465 ] ], [ [ 55.9371934, 54.7315984 ], [ 55.9367273, 54.7306456 ] ], [ [ 55.9367273, 54.7306456 ], [ 55.9371934, 54.7315984 ] ], [ [ 55.9367273, 54.7306456 ], [ 55.9366575, 54.7305029 ] ], [ [ 55.9366001, 54.7303856 ], [ 55.9366575, 54.7305029 ] ], [ [ 55.9366001, 54.7303856 ], [ 55.9363146, 54.7298018 ] ], [ [ 55.9363146, 54.7298018 ], [ 55.9366001, 54.7303856 ] ], [ [ 55.9363146, 54.7298018 ], [ 55.9355487, 54.7281749 ] ], [ [ 55.9355487, 54.7281749 ], [ 55.9363146, 54.7298018 ] ], [ [ 55.9355487, 54.7281749 ], [ 55.9354984, 54.7280919 ] ], [ [ 55.9354532, 54.7279892 ], [ 55.9354984, 54.7280919 ] ], [ [ 55.9354532, 54.7279892 ], [ 55.934733, 54.7264172 ] ], [ [ 55.934733, 54.7264172 ], [ 55.935317899374049, 54.727693875667875 ] ], [ [ 55.934733, 54.7264172 ], [ 55.9347272, 54.7263606 ] ], [ [ 55.934733, 54.7264172 ], [ 55.9346695, 54.7263706 ] ], [ [ 55.944438, 54.7332217 ], [ 55.9444578, 54.7332659 ] ], [ [ 55.944438, 54.7332217 ], [ 55.944351, 54.7330414 ] ], [ [ 55.944351, 54.7330414 ], [ 55.944438, 54.7332217 ] ], [ [ 55.944351, 54.7330414 ], [ 55.9442872, 54.7329339 ] ], [ [ 55.9442872, 54.7329339 ], [ 55.944351, 54.7330414 ] ], [ [ 55.9442872, 54.7329339 ], [ 55.9442321, 54.7328574 ] ], [ [ 55.9442321, 54.7328574 ], [ 55.9442872, 54.7329339 ] ], [ [ 55.9442321, 54.7328574 ], [ 55.9441596, 54.732778 ] ], [ [ 55.9450367, 54.7369115 ], [ 55.9453925, 54.7368015 ] ], [ [ 55.9450367, 54.7369115 ], [ 55.9430628, 54.7372141 ] ], [ [ 55.9450367, 54.7369115 ], [ 55.9459125, 54.7367772 ] ], [ [ 55.9453925, 54.7368015 ], [ 55.9450367, 54.7369115 ] ], [ [ 55.9453925, 54.7368015 ], [ 55.9458235, 54.7366225 ] ], [ [ 55.9458235, 54.7366225 ], [ 55.9453925, 54.7368015 ] ], [ [ 55.9458235, 54.7366225 ], [ 55.9458821, 54.7365523 ] ], [ [ 55.9458821, 54.7365523 ], [ 55.9458235, 54.7366225 ] ], [ [ 55.9458821, 54.7365523 ], [ 55.9459437, 54.7364555 ] ], [ [ 55.9395072, 54.7300234 ], [ 55.9397163, 54.7299882 ] ], [ [ 55.9395072, 54.7300234 ], [ 55.938446, 54.730202 ] ], [ [ 55.938446, 54.730202 ], [ 55.9395072, 54.7300234 ] ], [ [ 55.938446, 54.730202 ], [ 55.9384042, 54.730209 ] ], [ [ 55.9384042, 54.730209 ], [ 55.938446, 54.730202 ] ], [ [ 55.9384042, 54.730209 ], [ 55.9377028, 54.730327 ] ], [ [ 55.9377028, 54.730327 ], [ 55.9384042, 54.730209 ] ], [ [ 55.9377028, 54.730327 ], [ 55.9376712, 54.7303323 ] ], [ [ 55.9376712, 54.7303323 ], [ 55.9377028, 54.730327 ] ], [ [ 55.9376712, 54.7303323 ], [ 55.9369854, 54.7304477 ] ], [ [ 55.9369854, 54.7304477 ], [ 55.9376712, 54.7303323 ] ], [ [ 55.9369854, 54.7304477 ], [ 55.9368519, 54.7304702 ] ], [ [ 55.9368519, 54.7304702 ], [ 55.9369854, 54.7304477 ] ], [ [ 55.9368519, 54.7304702 ], [ 55.9367487, 54.7304876 ] ], [ [ 55.9368519, 54.7304702 ], [ 55.9367954, 54.7303527 ] ], [ [ 55.9368519, 54.7304702 ], [ 55.9369212, 54.7306141 ] ], [ [ 55.9367487, 54.7304876 ], [ 55.9368519, 54.7304702 ] ], [ [ 55.9367487, 54.7304876 ], [ 55.9367091, 54.7304942 ] ], [ [ 55.9367091, 54.7304942 ], [ 55.9367487, 54.7304876 ] ], [ [ 55.9367091, 54.7304942 ], [ 55.9366575, 54.7305029 ] ], [ [ 55.9521218, 54.7357161 ], [ 55.952025, 54.7355336 ] ], [ [ 55.9521218, 54.7357161 ], [ 55.9517799, 54.735767 ] ], [ [ 55.9521218, 54.7357161 ], [ 55.9525343, 54.7356501 ] ], [ [ 55.9521218, 54.7357161 ], [ 55.9521406, 54.7357494 ] ], [ [ 55.9463784, 54.7238787 ], [ 55.9462959, 54.7237073 ] ], [ [ 55.9463784, 54.7238787 ], [ 55.9465387, 54.7242117 ] ], [ [ 55.9465387, 54.7242117 ], [ 55.9463784, 54.7238787 ] ], [ [ 55.9465387, 54.7242117 ], [ 55.9466287, 54.724396 ] ], [ [ 55.9546387, 54.7277471 ], [ 55.954573, 54.7276147 ] ], [ [ 55.9546387, 54.7277471 ], [ 55.9550898, 54.7286555 ] ], [ [ 55.9430628, 54.7372141 ], [ 55.9408725, 54.7375499 ] ], [ [ 55.9430628, 54.7372141 ], [ 55.9450367, 54.7369115 ] ], [ [ 55.9459125, 54.7367772 ], [ 55.9450367, 54.7369115 ] ], [ [ 55.9459125, 54.7367772 ], [ 55.9460656, 54.7367237 ] ], [ [ 55.9488647, 54.7362005 ], [ 55.9490058, 54.7361793 ] ], [ [ 55.9488647, 54.7362005 ], [ 55.9476541, 54.7364035 ] ], [ [ 55.9490058, 54.7361793 ], [ 55.9488647, 54.7362005 ] ], [ [ 55.9490058, 54.7361793 ], [ 55.9492106, 54.7361491 ] ], [ [ 55.9492106, 54.7361491 ], [ 55.9490058, 54.7361793 ] ], [ [ 55.9492106, 54.7361491 ], [ 55.9502649, 54.7359923 ] ], [ [ 55.9502649, 54.7359923 ], [ 55.9492106, 54.7361491 ] ], [ [ 55.9502649, 54.7359923 ], [ 55.9513429, 54.7358319 ] ], [ [ 55.9513429, 54.7358319 ], [ 55.9502649, 54.7359923 ] ], [ [ 55.9513429, 54.7358319 ], [ 55.9517799, 54.735767 ] ], [ [ 55.9517799, 54.735767 ], [ 55.9513429, 54.7358319 ] ], [ [ 55.9517799, 54.735767 ], [ 55.9521218, 54.7357161 ] ], [ [ 55.9365805, 54.7299066 ], [ 55.9367954, 54.7303527 ] ], [ [ 55.9365805, 54.7299066 ], [ 55.9363641, 54.7294001 ] ], [ [ 55.9367954, 54.7303527 ], [ 55.9365805, 54.7299066 ] ], [ [ 55.9367954, 54.7303527 ], [ 55.9368519, 54.7304702 ] ], [ [ 55.9369212, 54.7306141 ], [ 55.9368519, 54.7304702 ] ], [ [ 55.9369212, 54.7306141 ], [ 55.9373806, 54.7315668 ] ], [ [ 55.9373806, 54.7315668 ], [ 55.9369212, 54.7306141 ] ], [ [ 55.9373806, 54.7315668 ], [ 55.93796, 54.7328263 ] ], [ [ 55.93796, 54.7328263 ], [ 55.9373806, 54.7315668 ] ], [ [ 55.93796, 54.7328263 ], [ 55.9380239, 54.7329562 ] ], [ [ 55.9380239, 54.7329562 ], [ 55.93796, 54.7328263 ] ], [ [ 55.9380239, 54.7329562 ], [ 55.9380637, 54.733047 ] ], [ [ 55.9380637, 54.733047 ], [ 55.9380239, 54.7329562 ] ], [ [ 55.9380637, 54.733047 ], [ 55.9390153, 54.7351463 ] ], [ [ 55.9390153, 54.7351463 ], [ 55.9380637, 54.733047 ] ], [ [ 55.9390153, 54.7351463 ], [ 55.9390614, 54.7352479 ] ], [ [ 55.9390614, 54.7352479 ], [ 55.9390153, 54.7351463 ] ], [ [ 55.9390614, 54.7352479 ], [ 55.9390977, 54.7353207 ] ], [ [ 55.9390991, 54.7354142 ], [ 55.9390977, 54.7353207 ] ], [ [ 55.9390991, 54.7354142 ], [ 55.9398287, 54.7370385 ] ], [ [ 55.9398287, 54.7370385 ], [ 55.9390991, 54.7354142 ] ], [ [ 55.9398287, 54.7370385 ], [ 55.9399722, 54.7373578 ] ], [ [ 55.9399722, 54.7373578 ], [ 55.9398287, 54.7370385 ] ], [ [ 55.9399722, 54.7373578 ], [ 55.939988, 54.737393 ] ], [ [ 55.939988, 54.737393 ], [ 55.9399722, 54.7373578 ] ], [ [ 55.939988, 54.737393 ], [ 55.9400161, 54.7374617 ] ], [ [ 55.9525343, 54.7356501 ], [ 55.9521218, 54.7357161 ] ], [ [ 55.9525343, 54.7356501 ], [ 55.9536885, 54.7354654 ] ], [ [ 55.9536885, 54.7354654 ], [ 55.9525343, 54.7356501 ] ], [ [ 55.9536885, 54.7354654 ], [ 55.954438, 54.7353457 ] ], [ [ 55.954438, 54.7353457 ], [ 55.9536885, 54.7354654 ] ], [ [ 55.954438, 54.7353457 ], [ 55.9552834, 54.7352102 ] ], [ [ 55.9552834, 54.7352102 ], [ 55.954938883073559, 54.735265418882818 ] ], [ [ 55.9552834, 54.7352102 ], [ 55.955627958769547, 54.735155073028047 ] ], [ [ 55.9521406, 54.7357494 ], [ 55.9521218, 54.7357161 ] ], [ [ 55.9521406, 54.7357494 ], [ 55.9521566, 54.7357775 ] ], [ [ 55.9521566, 54.7357775 ], [ 55.9521406, 54.7357494 ] ], [ [ 55.9521566, 54.7357775 ], [ 55.9521876, 54.7358324 ] ], [ [ 55.9401266, 54.7377324 ], [ 55.9405829, 54.7377252 ] ], [ [ 55.9401266, 54.7377324 ], [ 55.9401383, 54.7380841 ] ], [ [ 55.9401266, 54.7377324 ], [ 55.9399584, 54.7377351 ] ], [ [ 55.9401266, 54.7377324 ], [ 55.9400731, 54.7376015 ] ], [ [ 55.9348941, 54.7263885 ], [ 55.9351821, 54.7269711 ] ], [ [ 55.9348941, 54.7263885 ], [ 55.9347192, 54.7262851 ] ], [ [ 55.9351821, 54.7269711 ], [ 55.9348941, 54.7263885 ] ], [ [ 55.9351821, 54.7269711 ], [ 55.9356503, 54.7279582 ] ], [ [ 55.9356503, 54.7279582 ], [ 55.9351821, 54.7269711 ] ], [ [ 55.9356503, 54.7279582 ], [ 55.935693, 54.7280582 ] ], [ [ 55.9357351, 54.728143 ], [ 55.935693, 54.7280582 ] ], [ [ 55.9357351, 54.728143 ], [ 55.9362054, 54.7290957 ] ], [ [ 55.9362054, 54.7290957 ], [ 55.9357351, 54.728143 ] ], [ [ 55.9362054, 54.7290957 ], [ 55.9363641, 54.7294001 ] ], [ [ 55.9363641, 54.7294001 ], [ 55.9362054, 54.7290957 ] ], [ [ 55.9363641, 54.7294001 ], [ 55.9365805, 54.7299066 ] ], [ [ 55.9347192, 54.7262851 ], [ 55.9348941, 54.7263885 ] ], [ [ 55.9347192, 54.7262851 ], [ 55.9347251, 54.7263408 ] ], [ [ 55.9347192, 54.7262851 ], [ 55.9346679, 54.7261678 ] ], [ [ 55.9347272, 54.7263606 ], [ 55.934733, 54.7264172 ] ], [ [ 55.9347272, 54.7263606 ], [ 55.9347251, 54.7263408 ] ], [ [ 55.9347251, 54.7263408 ], [ 55.9347272, 54.7263606 ] ], [ [ 55.9347251, 54.7263408 ], [ 55.9347192, 54.7262851 ] ], [ [ 55.9346695, 54.7263706 ], [ 55.934733, 54.7264172 ] ], [ [ 55.9346695, 54.7263706 ], [ 55.9345958, 54.7263472 ] ], [ [ 55.9345958, 54.7263472 ], [ 55.9346695, 54.7263706 ] ], [ [ 55.9345958, 54.7263472 ], [ 55.9344835, 54.7263554 ] ], [ [ 55.9344835, 54.7263554 ], [ 55.9345958, 54.7263472 ] ], [ [ 55.9344835, 54.7263554 ], [ 55.9328533, 54.7266127 ] ], [ [ 55.9328533, 54.7266127 ], [ 55.933135511017142, 54.72656815767715 ] ], [ [ 55.9328533, 54.7266127 ], [ 55.932570564320891, 54.726656116456716 ] ], [ [ 55.9434258, 54.7323806 ], [ 55.943516, 54.7324398 ] ], [ [ 55.9434258, 54.7323806 ], [ 55.9433619, 54.7323296 ] ], [ [ 55.9433619, 54.7323296 ], [ 55.9434258, 54.7323806 ] ], [ [ 55.9433619, 54.7323296 ], [ 55.9433091, 54.7322823 ] ], [ [ 55.9433091, 54.7322823 ], [ 55.9433619, 54.7323296 ] ], [ [ 55.9433091, 54.7322823 ], [ 55.9432394, 54.7322089 ] ], [ [ 55.9432394, 54.7322089 ], [ 55.9433091, 54.7322823 ] ], [ [ 55.9432394, 54.7322089 ], [ 55.9432007, 54.7321349 ] ], [ [ 55.9432007, 54.7321349 ], [ 55.9432394, 54.7322089 ] ], [ [ 55.9432007, 54.7321349 ], [ 55.9431646, 54.7320621 ] ], [ [ 55.9431646, 54.7320621 ], [ 55.9432007, 54.7321349 ] ], [ [ 55.9431646, 54.7320621 ], [ 55.9431504, 54.7320018 ] ], [ [ 55.9431504, 54.7320018 ], [ 55.9431646, 54.7320621 ] ], [ [ 55.9431504, 54.7320018 ], [ 55.9431336, 54.7319288 ] ], [ [ 55.9431336, 54.7319288 ], [ 55.9431504, 54.7320018 ] ], [ [ 55.9431336, 54.7319288 ], [ 55.9431338, 54.7318497 ] ], [ [ 55.9431338, 54.7318497 ], [ 55.9431336, 54.7319288 ] ], [ [ 55.9431338, 54.7318497 ], [ 55.9431587, 54.7317574 ] ], [ [ 55.9431587, 54.7317574 ], [ 55.9431338, 54.7318497 ] ], [ [ 55.9431587, 54.7317574 ], [ 55.9432184, 54.7316422 ] ], [ [ 55.9432184, 54.7316422 ], [ 55.9431587, 54.7317574 ] ], [ [ 55.9432184, 54.7316422 ], [ 55.943273018424343, 54.731539119563301 ] ], [ [ 55.9432876, 54.7315116 ], [ 55.943273018424343, 54.731539119563301 ] ], [ [ 55.9432876, 54.7315116 ], [ 55.9433682, 54.7313629 ] ], [ [ 55.9433682, 54.7313629 ], [ 55.9432876, 54.7315116 ] ], [ [ 55.9433682, 54.7313629 ], [ 55.943393, 54.7312998 ] ], [ [ 55.943393, 54.7312998 ], [ 55.9433682, 54.7313629 ] ], [ [ 55.943393, 54.7312998 ], [ 55.9434025, 54.7312191 ] ], [ [ 55.9434025, 54.7312191 ], [ 55.943393, 54.7312998 ] ], [ [ 55.9434025, 54.7312191 ], [ 55.943384, 54.73114 ] ], [ [ 55.943384, 54.73114 ], [ 55.9434025, 54.7312191 ] ], [ [ 55.943384, 54.73114 ], [ 55.9433582, 54.7310497 ] ], [ [ 55.9433582, 54.7310497 ], [ 55.943384, 54.73114 ] ], [ [ 55.9433582, 54.7310497 ], [ 55.9430462, 54.7303983 ] ], [ [ 55.9430462, 54.7303983 ], [ 55.9433582, 54.7310497 ] ], [ [ 55.9430462, 54.7303983 ], [ 55.9427615, 54.7298004 ] ], [ [ 55.9427615, 54.7298004 ], [ 55.9430462, 54.7303983 ] ], [ [ 55.9427615, 54.7298004 ], [ 55.9426779, 54.729629 ] ], [ [ 55.9426779, 54.729629 ], [ 55.9427615, 54.7298004 ] ], [ [ 55.9426779, 54.729629 ], [ 55.9426289, 54.7295267 ] ], [ [ 55.9462629, 54.7366368 ], [ 55.9476541, 54.7364035 ] ], [ [ 55.9462629, 54.7366368 ], [ 55.9460656, 54.7367237 ] ], [ [ 55.9476541, 54.7364035 ], [ 55.9462629, 54.7366368 ] ], [ [ 55.9476541, 54.7364035 ], [ 55.9488647, 54.7362005 ] ], [ [ 55.9405845, 54.737647 ], [ 55.9405829, 54.7377252 ] ], [ [ 55.9405845, 54.737647 ], [ 55.940585, 54.7376259 ] ], [ [ 55.940585, 54.7376259 ], [ 55.9405845, 54.737647 ] ], [ [ 55.940585, 54.7376259 ], [ 55.9405856, 54.7375975 ] ], [ [ 55.9400599, 54.7375691 ], [ 55.9400161, 54.7374617 ] ], [ [ 55.9400599, 54.7375691 ], [ 55.9400731, 54.7376015 ] ], [ [ 55.9400731, 54.7376015 ], [ 55.9400599, 54.7375691 ] ], [ [ 55.9400731, 54.7376015 ], [ 55.9401266, 54.7377324 ] ], [ [ 55.947296260095136, 54.728761552162098 ], [ 55.9475756, 54.7287154 ] ], [ [ 55.947296260095136, 54.728761552162098 ], [ 55.946885, 54.7288295 ] ], [ [ 55.942150986791773, 54.726947161417847 ], [ 55.9430264, 54.7268078 ] ], [ [ 55.942150986791773, 54.726947161417847 ], [ 55.9416947, 54.7270198 ] ], [ [ 55.950532996577586, 54.733527034666984 ], [ 55.9498756, 54.73364 ] ], [ [ 55.950532996577586, 54.733527034666984 ], [ 55.9507072, 54.7334971 ] ], [ [ 55.944140458970629, 54.732763918542091 ], [ 55.9441596, 54.732778 ] ], [ [ 55.944140458970629, 54.732763918542091 ], [ 55.9440654, 54.7327087 ] ], [ [ 55.943273018424343, 54.731539119563301 ], [ 55.9432184, 54.7316422 ] ], [ [ 55.943273018424343, 54.731539119563301 ], [ 55.9432876, 54.7315116 ] ], [ [ 55.95075453643976, 54.730907740582957 ], [ 55.9505214, 54.7309487 ] ], [ [ 55.95075453643976, 54.730907740582957 ], [ 55.9514617, 54.7307835 ] ] ] } },
{ "type": "Feature", "properties": { "full_id": "n12168223570", "osm_id": "12168223570", "osm_type": "node", "amenity": "community_centre", "entrance": null, "full_name": null, "community_centre": null, "check_date": "2024-09-10", "operator": null, "contact:phone": null, "opening_hours": null, "name": "Урал", "type": "lines", "start": "55.9508153, 54.7312536" }, "geometry": { "type": "MultiLineString", "coordinates": [ [ [ 55.9388757, 54.7353484 ], [ 55.9389334, 54.7353398 ] ], [ [ 55.9388757, 54.7353484 ], [ 55.939265823348826, 54.736235047865527 ] ], [ [ 55.9388757, 54.7353484 ], [ 55.9388458, 54.7352807 ] ], [ [ 55.9389334, 54.7353398 ], [ 55.9388757, 54.7353484 ] ], [ [ 55.9389334, 54.7353398 ], [ 55.9389755, 54.7353332 ] ], [ [ 55.9389755, 54.7353332 ], [ 55.9389334, 54.7353398 ] ], [ [ 55.9389755, 54.7353332 ], [ 55.9390977, 54.7353207 ] ], [ [ 55.9390977, 54.7353207 ], [ 55.9389755, 54.7353332 ] ], [ [ 55.9390977, 54.7353207 ], [ 55.9391947, 54.7353168 ] ], [ [ 55.9390977, 54.7353207 ], [ 55.9390614, 54.7352479 ] ], [ [ 55.9390977, 54.7353207 ], [ 55.9390991, 54.7354142 ] ], [ [ 55.9391947, 54.7353168 ], [ 55.9390977, 54.7353207 ] ], [ [ 55.9391947, 54.7353168 ], [ 55.9395291, 54.7352983 ] ], [ [ 55.9395291, 54.7352983 ], [ 55.9391947, 54.7353168 ] ], [ [ 55.9395291, 54.7352983 ], [ 55.9409436, 54.7350711 ] ], [ [ 55.9409436, 54.7350711 ], [ 55.9395291, 54.7352983 ] ], [ [ 55.9409436, 54.7350711 ], [ 55.9413536, 54.7350052 ] ], [ [ 55.9413536, 54.7350052 ], [ 55.9409436, 54.7350711 ] ], [ [ 55.9413536, 54.7350052 ], [ 55.9420615, 54.7348915 ] ], [ [ 55.9420615, 54.7348915 ], [ 55.9413536, 54.7350052 ] ], [ [ 55.9420615, 54.7348915 ], [ 55.9427451, 54.7347817 ] ], [ [ 55.9427451, 54.7347817 ], [ 55.9420615, 54.7348915 ] ], [ [ 55.9427451, 54.7347817 ], [ 55.9447812, 54.7344547 ] ], [ [ 55.9447812, 54.7344547 ], [ 55.9427451, 54.7347817 ] ], [ [ 55.9447812, 54.7344547 ], [ 55.9450153, 54.7344171 ] ], [ [ 55.9450153, 54.7344171 ], [ 55.9447812, 54.7344547 ] ], [ [ 55.9450153, 54.7344171 ], [ 55.9452017, 54.7343871 ] ], [ [ 55.9450153, 54.7344171 ], [ 55.9449574, 54.7342998 ] ], [ [ 55.9450153, 54.7344171 ], [ 55.9450542, 54.7344986 ] ], [ [ 55.9452017, 54.7343871 ], [ 55.9450153, 54.7344171 ] ], [ [ 55.9452017, 54.7343871 ], [ 55.9457936, 54.7342921 ] ], [ [ 55.9457936, 54.7342921 ], [ 55.9452017, 54.7343871 ] ], [ [ 55.9457936, 54.7342921 ], [ 55.9463335, 54.7342033 ] ], [ [ 55.9463335, 54.7342033 ], [ 55.9457936, 54.7342921 ] ], [ [ 55.9463335, 54.7342033 ], [ 55.946504, 54.7341754 ] ], [ [ 55.946504, 54.7341754 ], [ 55.9463335, 54.7342033 ] ], [ [ 55.946504, 54.7341754 ], [ 55.9473424, 54.7340407 ] ], [ [ 55.9473424, 54.7340407 ], [ 55.946504, 54.7341754 ] ], [ [ 55.9473424, 54.7340407 ], [ 55.9477654, 54.7339746 ] ], [ [ 55.9477654, 54.7339746 ], [ 55.9473424, 54.7340407 ] ], [ [ 55.9477654, 54.7339746 ], [ 55.9479692, 54.7339451 ] ], [ [ 55.9479692, 54.7339451 ], [ 55.9477654, 54.7339746 ] ], [ [ 55.9479692, 54.7339451 ], [ 55.948176, 54.7339152 ] ], [ [ 55.948176, 54.7339152 ], [ 55.9479692, 54.7339451 ] ], [ [ 55.948176, 54.7339152 ], [ 55.9486233, 54.73384 ] ], [ [ 55.9486233, 54.73384 ], [ 55.948176, 54.7339152 ] ], [ [ 55.9486233, 54.73384 ], [ 55.9498756, 54.73364 ] ], [ [ 55.9498756, 54.73364 ], [ 55.9486233, 54.73384 ] ], [ [ 55.9498756, 54.73364 ], [ 55.950532996577586, 54.733527034666984 ] ], [ [ 55.9507072, 54.7334971 ], [ 55.950532996577586, 54.733527034666984 ] ], [ [ 55.9507072, 54.7334971 ], [ 55.9509697, 54.7334556 ] ], [ [ 55.9509697, 54.7334556 ], [ 55.9507072, 54.7334971 ] ], [ [ 55.9509697, 54.7334556 ], [ 55.9509153, 54.7333549 ] ], [ [ 55.9509697, 54.7334556 ], [ 55.9511299, 54.7334305 ] ], [ [ 55.9509697, 54.7334556 ], [ 55.9510143, 54.7335432 ] ], [ [ 55.9600573, 54.7353531 ], [ 55.9597052, 54.7353401 ] ], [ [ 55.9600573, 54.7353531 ], [ 55.9598052, 54.7352778 ] ], [ [ 55.9600573, 54.7353531 ], [ 55.9601736, 54.7353713 ] ], [ [ 55.9597052, 54.7353401 ], [ 55.9600573, 54.7353531 ] ], [ [ 55.9597052, 54.7353401 ], [ 55.9594122, 54.7353474 ] ], [ [ 55.9594122, 54.7353474 ], [ 55.9597052, 54.7353401 ] ], [ [ 55.9594122, 54.7353474 ], [ 55.9589377, 54.7353988 ] ], [ [ 55.9589377, 54.7353988 ], [ 55.9594122, 54.7353474 ] ], [ [ 55.9589377, 54.7353988 ], [ 55.9590338, 54.7353188 ] ], [ [ 55.9589377, 54.7353988 ], [ 55.9587152, 54.7354324 ] ], [ [ 55.9601736, 54.7353713 ], [ 55.9606202, 54.7354503 ] ], [ [ 55.9601736, 54.7353713 ], [ 55.9600573, 54.7353531 ] ], [ [ 55.9606202, 54.7354503 ], [ 55.9601736, 54.7353713 ] ], [ [ 55.9606202, 54.7354503 ], [ 55.9607959, 54.7354791 ] ], [ [ 55.945383, 54.7218414 ], [ 55.9455884, 54.7218095 ] ], [ [ 55.945383, 54.7218414 ], [ 55.9451164, 54.7218867 ] ], [ [ 55.945383, 54.7218414 ], [ 55.9454613, 54.7219791 ] ], [ [ 55.9455884, 54.7218095 ], [ 55.945383, 54.7218414 ] ], [ [ 55.9455884, 54.7218095 ], [ 55.9469859, 54.7215923 ] ], [ [ 55.9469859, 54.7215923 ], [ 55.946789303347231, 54.721622855129141 ] ], [ [ 55.9469859, 54.7215923 ], [ 55.9471392, 54.7215674 ] ], [ [ 55.9471392, 54.7215674 ], [ 55.947096510450123, 54.721574333919058 ] ], [ [ 55.9471392, 54.7215674 ], [ 55.947182203701288, 54.721561150327148 ] ], [ [ 55.9637566, 54.7261843 ], [ 55.964019578085654, 54.726142538655445 ] ], [ [ 55.9637566, 54.7261843 ], [ 55.963493616507002, 54.726226051918026 ] ], [ [ 55.9632168, 54.72627 ], [ 55.9637566, 54.7261843 ] ], [ [ 55.9632168, 54.72627 ], [ 55.962414034795373, 54.726397496531099 ] ], [ [ 55.9619336, 54.7264738 ], [ 55.9632168, 54.72627 ] ], [ [ 55.9619336, 54.7264738 ], [ 55.9620235, 54.7266171 ] ], [ [ 55.9619336, 54.7264738 ], [ 55.9601003, 54.726758 ] ], [ [ 55.9594198, 54.7380069 ], [ 55.959430716707026, 54.738029209779455 ] ], [ [ 55.9594198, 54.7380069 ], [ 55.95940882231973, 54.737984600241653 ] ], [ [ 55.9593943, 54.7379551 ], [ 55.9594198, 54.7380069 ] ], [ [ 55.9593943, 54.7379551 ], [ 55.959360903532541, 54.737880515473755 ] ], [ [ 55.959273, 54.7376842 ], [ 55.9593943, 54.7379551 ] ], [ [ 55.959273, 54.7376842 ], [ 55.959117980090276, 54.737338764208616 ] ], [ [ 55.9590584, 54.737206 ], [ 55.959273, 54.7376842 ] ], [ [ 55.9590584, 54.737206 ], [ 55.958674904048507, 54.736384492131421 ] ], [ [ 55.9584478, 54.735898 ], [ 55.9590584, 54.737206 ] ], [ [ 55.9584478, 54.735898 ], [ 55.9584231, 54.735845 ] ], [ [ 55.9584231, 54.735845 ], [ 55.9584478, 54.735898 ] ], [ [ 55.9584231, 54.735845 ], [ 55.9583986, 54.7357929 ] ], [ [ 55.9583986, 54.7357929 ], [ 55.9584231, 54.735845 ] ], [ [ 55.9583986, 54.7357929 ], [ 55.9583403, 54.7356232 ] ], [ [ 55.956886, 54.732508 ], [ 55.9569316, 54.7326012 ] ], [ [ 55.956886, 54.732508 ], [ 55.9566378, 54.7325478 ] ], [ [ 55.956886, 54.732508 ], [ 55.95715, 54.7324675 ] ], [ [ 55.956886, 54.732508 ], [ 55.9568293, 54.7323916 ] ], [ [ 55.9569316, 54.7326012 ], [ 55.956886, 54.732508 ] ], [ [ 55.9569316, 54.7326012 ], [ 55.9570674, 54.7329034 ] ], [ [ 55.9580196, 54.7349109 ], [ 55.9576939, 54.7349578 ] ], [ [ 55.9580196, 54.7349109 ], [ 55.9580839, 54.7350082 ] ], [ [ 55.9580196, 54.7349109 ], [ 55.957988, 54.7348492 ] ], [ [ 55.9576939, 54.7349578 ], [ 55.9580196, 54.7349109 ] ], [ [ 55.9576939, 54.7349578 ], [ 55.9574129, 54.7350035 ] ], [ [ 55.9574129, 54.7350035 ], [ 55.9576939, 54.7349578 ] ], [ [ 55.9574129, 54.7350035 ], [ 55.9561142, 54.7352043 ] ], [ [ 55.9561142, 54.7352043 ], [ 55.9574129, 54.7350035 ] ], [ [ 55.9561142, 54.7352043 ], [ 55.9552132, 54.7353479 ] ], [ [ 55.9552132, 54.7353479 ], [ 55.9561142, 54.7352043 ] ], [ [ 55.9552132, 54.7353479 ], [ 55.9543073, 54.7354902 ] ], [ [ 55.9543073, 54.7354902 ], [ 55.9552132, 54.7353479 ] ], [ [ 55.9543073, 54.7354902 ], [ 55.9532531, 54.7356613 ] ], [ [ 55.9532531, 54.7356613 ], [ 55.9543073, 54.7354902 ] ], [ [ 55.9532531, 54.7356613 ], [ 55.9525934, 54.7357638 ] ], [ [ 55.9525934, 54.7357638 ], [ 55.9532531, 54.7356613 ] ], [ [ 55.9525934, 54.7357638 ], [ 55.9521876, 54.7358324 ] ], [ [ 55.9521876, 54.7358324 ], [ 55.9525934, 54.7357638 ] ], [ [ 55.9521876, 54.7358324 ], [ 55.9518376, 54.7358876 ] ], [ [ 55.9521876, 54.7358324 ], [ 55.9522506, 54.7359478 ] ], [ [ 55.9521876, 54.7358324 ], [ 55.9521566, 54.7357775 ] ], [ [ 55.9516168, 54.7234743 ], [ 55.9513738, 54.7235212 ] ], [ [ 55.9516168, 54.7234743 ], [ 55.9515375, 54.7233182 ] ], [ [ 55.9516168, 54.7234743 ], [ 55.9516389, 54.7234952 ] ], [ [ 55.9516168, 54.7234743 ], [ 55.9518171, 54.723367 ] ], [ [ 55.9513738, 54.7235212 ], [ 55.9516168, 54.7234743 ] ], [ [ 55.9513738, 54.7235212 ], [ 55.949835021812397, 54.723803728293838 ] ], [ [ 55.9496598, 54.7238359 ], [ 55.9513738, 54.7235212 ] ], [ [ 55.9496598, 54.7238359 ], [ 55.9486096, 54.72403 ] ], [ [ 55.9486096, 54.72403 ], [ 55.9496598, 54.7238359 ] ], [ [ 55.9486096, 54.72403 ], [ 55.9482449, 54.7240973 ] ], [ [ 55.9482449, 54.7240973 ], [ 55.9486096, 54.72403 ] ], [ [ 55.9482449, 54.7240973 ], [ 55.9481247, 54.7241196 ] ], [ [ 55.9481247, 54.7241196 ], [ 55.9482449, 54.7240973 ] ], [ [ 55.9481247, 54.7241196 ], [ 55.9471881, 54.7242926 ] ], [ [ 55.9471881, 54.7242926 ], [ 55.9481247, 54.7241196 ] ], [ [ 55.9471881, 54.7242926 ], [ 55.9467499, 54.7243736 ] ], [ [ 55.9467499, 54.7243736 ], [ 55.9471881, 54.7242926 ] ], [ [ 55.9467499, 54.7243736 ], [ 55.9466287, 54.724396 ] ], [ [ 55.9466287, 54.724396 ], [ 55.9467499, 54.7243736 ] ], [ [ 55.9466287, 54.724396 ], [ 55.9467095, 54.7245702 ] ], [ [ 55.9466287, 54.724396 ], [ 55.9465387, 54.7242117 ] ], [ [ 55.9497969, 54.7310673 ], [ 55.9498666, 54.7312078 ] ], [ [ 55.9497969, 54.7310673 ], [ 55.9499619, 54.7310402 ] ], [ [ 55.9497969, 54.7310673 ], [ 55.949737, 54.7309234 ] ], [ [ 55.9498666, 54.7312078 ], [ 55.9497969, 54.7310673 ] ], [ [ 55.9498666, 54.7312078 ], [ 55.9503212, 54.7321762 ] ], [ [ 55.9503212, 54.7321762 ], [ 55.9498666, 54.7312078 ] ], [ [ 55.9503212, 54.7321762 ], [ 55.9506543, 54.7328589 ] ], [ [ 55.9506543, 54.7328589 ], [ 55.9503212, 54.7321762 ] ], [ [ 55.9506543, 54.7328589 ], [ 55.9509153, 54.7333549 ] ], [ [ 55.9509153, 54.7333549 ], [ 55.9506543, 54.7328589 ] ], [ [ 55.9509153, 54.7333549 ], [ 55.9509697, 54.7334556 ] ], [ [ 55.9511299, 54.7334305 ], [ 55.9509697, 54.7334556 ] ], [ [ 55.9511299, 54.7334305 ], [ 55.9526132, 54.7331927 ] ], [ [ 55.9526132, 54.7331927 ], [ 55.9511299, 54.7334305 ] ], [ [ 55.9526132, 54.7331927 ], [ 55.9538856, 54.7329888 ] ], [ [ 55.9538856, 54.7329888 ], [ 55.9526132, 54.7331927 ] ], [ [ 55.9538856, 54.7329888 ], [ 55.9540359, 54.7329647 ] ], [ [ 55.9540359, 54.7329647 ], [ 55.9538856, 54.7329888 ] ], [ [ 55.9540359, 54.7329647 ], [ 55.9541054, 54.7329536 ] ], [ [ 55.9541054, 54.7329536 ], [ 55.9540359, 54.7329647 ] ], [ [ 55.9541054, 54.7329536 ], [ 55.9549068, 54.7328252 ] ], [ [ 55.9549068, 54.7328252 ], [ 55.9541054, 54.7329536 ] ], [ [ 55.9549068, 54.7328252 ], [ 55.9550973, 54.7327946 ] ], [ [ 55.9550973, 54.7327946 ], [ 55.9549068, 54.7328252 ] ], [ [ 55.9550973, 54.7327946 ], [ 55.9557623, 54.7326881 ] ], [ [ 55.9557623, 54.7326881 ], [ 55.9550973, 54.7327946 ] ], [ [ 55.9557623, 54.7326881 ], [ 55.9566378, 54.7325478 ] ], [ [ 55.9566378, 54.7325478 ], [ 55.9557623, 54.7326881 ] ], [ [ 55.9566378, 54.7325478 ], [ 55.956886, 54.732508 ] ], [ [ 55.9512918, 54.7227574 ], [ 55.95114154504202, 54.722427248537919 ] ], [ [ 55.9512918, 54.7227574 ], [ 55.9513889, 54.7229778 ] ], [ [ 55.9513889, 54.7229778 ], [ 55.9512918, 54.7227574 ] ], [ [ 55.9513889, 54.7229778 ], [ 55.9515375, 54.7233182 ] ], [ [ 55.9515375, 54.7233182 ], [ 55.9513889, 54.7229778 ] ], [ [ 55.9515375, 54.7233182 ], [ 55.9516168, 54.7234743 ] ], [ [ 55.9451164, 54.7218867 ], [ 55.945383, 54.7218414 ] ], [ [ 55.9451164, 54.7218867 ], [ 55.9444332, 54.7220042 ] ], [ [ 55.9444332, 54.7220042 ], [ 55.9451164, 54.7218867 ] ], [ [ 55.9444332, 54.7220042 ], [ 55.943596322145339, 54.722147380248209 ] ], [ [ 55.9454613, 54.7219791 ], [ 55.945383, 54.7218414 ] ], [ [ 55.9454613, 54.7219791 ], [ 55.9457799, 54.7226567 ] ], [ [ 55.9457799, 54.7226567 ], [ 55.9454613, 54.7219791 ] ], [ [ 55.9457799, 54.7226567 ], [ 55.9462189, 54.7235471 ] ], [ [ 55.9462189, 54.7235471 ], [ 55.9457799, 54.7226567 ] ], [ [ 55.9462189, 54.7235471 ], [ 55.9462959, 54.7237073 ] ], [ [ 55.9462959, 54.7237073 ], [ 55.9462189, 54.7235471 ] ], [ [ 55.9462959, 54.7237073 ], [ 55.9463784, 54.7238787 ] ], [ [ 55.9516389, 54.7234952 ], [ 55.9516168, 54.7234743 ] ], [ [ 55.9516389, 54.7234952 ], [ 55.9516764, 54.7235334 ] ], [ [ 55.9516389, 54.7234952 ], [ 55.9518368, 54.7233888 ] ], [ [ 55.9516764, 54.7235334 ], [ 55.9516389, 54.7234952 ] ], [ [ 55.9516764, 54.7235334 ], [ 55.952709320225253, 54.724517080043029 ] ], [ [ 55.9532392, 54.7250217 ], [ 55.9516764, 54.7235334 ] ], [ [ 55.9532392, 54.7250217 ], [ 55.9533569, 54.7251709 ] ], [ [ 55.9533569, 54.7251709 ], [ 55.9532392, 54.7250217 ] ], [ [ 55.9533569, 54.7251709 ], [ 55.9530726, 54.7252148 ] ], [ [ 55.9533569, 54.7251709 ], [ 55.953457, 54.7253181 ] ], [ [ 55.9533569, 54.7251709 ], [ 55.9536343, 54.7251284 ] ], [ [ 55.95715, 54.7324675 ], [ 55.956886, 54.732508 ] ], [ [ 55.95715, 54.7324675 ], [ 55.9579197, 54.7323493 ] ], [ [ 55.9579197, 54.7323493 ], [ 55.95715, 54.7324675 ] ], [ [ 55.9579197, 54.7323493 ], [ 55.9593127, 54.7321353 ] ], [ [ 55.9593127, 54.7321353 ], [ 55.9579197, 54.7323493 ] ], [ [ 55.9593127, 54.7321353 ], [ 55.9593992, 54.732122 ] ], [ [ 55.9593992, 54.732122 ], [ 55.9593127, 54.7321353 ] ], [ [ 55.9593992, 54.732122 ], [ 55.9602247, 54.7319953 ] ], [ [ 55.9602247, 54.7319953 ], [ 55.9593992, 54.732122 ] ], [ [ 55.9602247, 54.7319953 ], [ 55.9611224, 54.7318574 ] ], [ [ 55.9611224, 54.7318574 ], [ 55.9602247, 54.7319953 ] ], [ [ 55.9611224, 54.7318574 ], [ 55.9615449, 54.7317925 ] ], [ [ 55.9615449, 54.7317925 ], [ 55.9611224, 54.7318574 ] ], [ [ 55.9615449, 54.7317925 ], [ 55.9622151, 54.7316896 ] ], [ [ 55.9622151, 54.7316896 ], [ 55.9615449, 54.7317925 ] ], [ [ 55.9622151, 54.7316896 ], [ 55.962439, 54.7316552 ] ], [ [ 55.962439, 54.7316552 ], [ 55.9622151, 54.7316896 ] ], [ [ 55.962439, 54.7316552 ], [ 55.962912, 54.7315826 ] ], [ [ 55.962912, 54.7315826 ], [ 55.962439, 54.7316552 ] ], [ [ 55.962912, 54.7315826 ], [ 55.9630986, 54.7315539 ] ], [ [ 55.9630986, 54.7315539 ], [ 55.962912, 54.7315826 ] ], [ [ 55.9630986, 54.7315539 ], [ 55.9631308, 54.7316384 ] ], [ [ 55.9630986, 54.7315539 ], [ 55.96307, 54.7314779 ] ], [ [ 55.9631308, 54.7316384 ], [ 55.9630986, 54.7315539 ] ], [ [ 55.9631308, 54.7316384 ], [ 55.9633046, 54.7320751 ] ], [ [ 55.9633046, 54.7320751 ], [ 55.9631308, 54.7316384 ] ], [ [ 55.9633046, 54.7320751 ], [ 55.9633994, 54.7323149 ] ], [ [ 55.9633994, 54.7323149 ], [ 55.9633046, 54.7320751 ] ], [ [ 55.9633994, 54.7323149 ], [ 55.9635215, 54.7325974 ] ], [ [ 55.9635215, 54.7325974 ], [ 55.9633994, 54.7323149 ] ], [ [ 55.9635215, 54.7325974 ], [ 55.9637134, 54.7330388 ] ], [ [ 55.9637134, 54.7330388 ], [ 55.9635215, 54.7325974 ] ], [ [ 55.9637134, 54.7330388 ], [ 55.963879725983361, 54.73349773773726 ] ], [ [ 55.9586442, 54.734671 ], [ 55.9587251, 54.7347088 ] ], [ [ 55.9586442, 54.734671 ], [ 55.9592941, 54.7345647 ] ], [ [ 55.9586442, 54.734671 ], [ 55.9584442, 54.7347022 ] ], [ [ 55.9587251, 54.7347088 ], [ 55.9586442, 54.734671 ] ], [ [ 55.9587251, 54.7347088 ], [ 55.958766, 54.7347281 ] ], [ [ 55.958766, 54.7347281 ], [ 55.9587251, 54.7347088 ] ], [ [ 55.958766, 54.7347281 ], [ 55.9589415, 54.7348439 ] ], [ [ 55.9589415, 54.7348439 ], [ 55.958766, 54.7347281 ] ], [ [ 55.9589415, 54.7348439 ], [ 55.9591589, 54.7350178 ] ], [ [ 55.9591589, 54.7350178 ], [ 55.9589415, 54.7348439 ] ], [ [ 55.9591589, 54.7350178 ], [ 55.9591661, 54.7350553 ] ], [ [ 55.9591589, 54.7350178 ], [ 55.9594355, 54.7351579 ] ], [ [ 55.9591589, 54.7350178 ], [ 55.9592379, 54.7348326 ] ], [ [ 55.9591589, 54.7350178 ], [ 55.9590177, 54.7349536 ] ], [ [ 55.9621828, 54.7342137 ], [ 55.962914278908471, 54.734105790732208 ] ], [ [ 55.9621828, 54.7342137 ], [ 55.9618184, 54.7342741 ] ], [ [ 55.9618184, 54.7342741 ], [ 55.9621828, 54.7342137 ] ], [ [ 55.9618184, 54.7342741 ], [ 55.960724734027302, 54.734447411087032 ] ], [ [ 55.96068, 54.7344545 ], [ 55.9618184, 54.7342741 ] ], [ [ 55.96068, 54.7344545 ], [ 55.9599854, 54.7345667 ] ], [ [ 55.9599854, 54.7345667 ], [ 55.96068, 54.7344545 ] ], [ [ 55.9599854, 54.7345667 ], [ 55.9599512, 54.734573 ] ], [ [ 55.9599512, 54.734573 ], [ 55.9599854, 54.7345667 ] ], [ [ 55.9599512, 54.734573 ], [ 55.9595879, 54.7346347 ] ], [ [ 55.9595879, 54.7346347 ], [ 55.9599512, 54.734573 ] ], [ [ 55.9595879, 54.7346347 ], [ 55.9595286, 54.7346448 ] ], [ [ 55.9595286, 54.7346448 ], [ 55.9595879, 54.7346347 ] ], [ [ 55.9595286, 54.7346448 ], [ 55.9594704, 54.7346531 ] ], [ [ 55.9594704, 54.7346531 ], [ 55.9595286, 54.7346448 ] ], [ [ 55.9594704, 54.7346531 ], [ 55.9592851, 54.7347722 ] ], [ [ 55.9576944, 54.7272343 ], [ 55.9579059, 54.7276743 ] ], [ [ 55.9579059, 54.7276743 ], [ 55.9576944, 54.7272343 ] ], [ [ 55.9579059, 54.7276743 ], [ 55.9587814, 54.729496 ] ], [ [ 55.9587814, 54.729496 ], [ 55.9579059, 54.7276743 ] ], [ [ 55.9587814, 54.729496 ], [ 55.9588415, 54.729621 ] ], [ [ 55.9588415, 54.729621 ], [ 55.9587814, 54.729496 ] ], [ [ 55.9588415, 54.729621 ], [ 55.9586529, 54.7296496 ] ], [ [ 55.9588415, 54.729621 ], [ 55.9590144, 54.7295913 ] ], [ [ 55.96307, 54.7314779 ], [ 55.9630986, 54.7315539 ] ], [ [ 55.96307, 54.7314779 ], [ 55.9631004, 54.7311867 ] ], [ [ 55.9631004, 54.7311867 ], [ 55.96307, 54.7314779 ] ], [ [ 55.9631004, 54.7311867 ], [ 55.9631043, 54.7305214 ] ], [ [ 55.9631043, 54.7305214 ], [ 55.9631004, 54.7311867 ] ], [ [ 55.9631043, 54.7305214 ], [ 55.9631105, 54.7298358 ] ], [ [ 55.9631105, 54.7298358 ], [ 55.9631043, 54.7305214 ] ], [ [ 55.9631105, 54.7298358 ], [ 55.9631058, 54.7297248 ] ], [ [ 55.9631058, 54.7297248 ], [ 55.9631105, 54.7298358 ] ], [ [ 55.9631058, 54.7297248 ], [ 55.9630929, 54.7291081 ] ], [ [ 55.9630929, 54.7291081 ], [ 55.9631058, 54.7297248 ] ], [ [ 55.9630929, 54.7291081 ], [ 55.9631226, 54.7289287 ] ], [ [ 55.9631226, 54.7289287 ], [ 55.9630929, 54.7291081 ] ], [ [ 55.9631226, 54.7289287 ], [ 55.9629131, 54.7289624 ] ], [ [ 55.9631226, 54.7289287 ], [ 55.9632926, 54.7289012 ] ], [ [ 55.9631226, 54.7289287 ], [ 55.9630603, 54.7287914 ] ], [ [ 55.9499619, 54.7310402 ], [ 55.9497969, 54.7310673 ] ], [ [ 55.9499619, 54.7310402 ], [ 55.9505214, 54.7309487 ] ], [ [ 55.9505214, 54.7309487 ], [ 55.9499619, 54.7310402 ] ], [ [ 55.9505214, 54.7309487 ], [ 55.95075453643976, 54.730907740582957 ] ], [ [ 55.9514617, 54.7307835 ], [ 55.95075453643976, 54.730907740582957 ] ], [ [ 55.9514617, 54.7307835 ], [ 55.951872, 54.730718 ] ], [ [ 55.951872, 54.730718 ], [ 55.9514617, 54.7307835 ] ], [ [ 55.951872, 54.730718 ], [ 55.9525876, 54.7306037 ] ], [ [ 55.9525876, 54.7306037 ], [ 55.951872, 54.730718 ] ], [ [ 55.9525876, 54.7306037 ], [ 55.9528123, 54.7305713 ] ], [ [ 55.9528123, 54.7305713 ], [ 55.9525876, 54.7306037 ] ], [ [ 55.9528123, 54.7305713 ], [ 55.9529415, 54.7305477 ] ], [ [ 55.9529415, 54.7305477 ], [ 55.9528123, 54.7305713 ] ], [ [ 55.9529415, 54.7305477 ], [ 55.9538427, 54.7304069 ] ], [ [ 55.9538427, 54.7304069 ], [ 55.9529415, 54.7305477 ] ], [ [ 55.9538427, 54.7304069 ], [ 55.954117, 54.7303636 ] ], [ [ 55.954117, 54.7303636 ], [ 55.9538427, 54.7304069 ] ], [ [ 55.954117, 54.7303636 ], [ 55.9544956, 54.7303039 ] ], [ [ 55.9544956, 54.7303039 ], [ 55.954117, 54.7303636 ] ], [ [ 55.9544956, 54.7303039 ], [ 55.955464, 54.7301579 ] ], [ [ 55.955464, 54.7301579 ], [ 55.9544956, 54.7303039 ] ], [ [ 55.955464, 54.7301579 ], [ 55.9558111, 54.730108 ] ], [ [ 55.9558111, 54.730108 ], [ 55.955464, 54.7301579 ] ], [ [ 55.9558111, 54.730108 ], [ 55.9560951, 54.7300622 ] ], [ [ 55.9558111, 54.730108 ], [ 55.9558873, 54.730262 ] ], [ [ 55.9558111, 54.730108 ], [ 55.95574, 54.7299649 ] ], [ [ 55.9573158, 54.7238823 ], [ 55.957629740098668, 54.723645498808168 ] ], [ [ 55.9573158, 54.7238823 ], [ 55.957000682606761, 54.724118578975187 ] ], [ [ 55.9569157, 54.7241823 ], [ 55.9573158, 54.7238823 ] ], [ [ 55.9569157, 54.7241823 ], [ 55.9568566, 54.7242266 ] ], [ [ 55.9568566, 54.7242266 ], [ 55.9569157, 54.7241823 ] ], [ [ 55.9568566, 54.7242266 ], [ 55.9567179, 54.7243306 ] ], [ [ 55.9567179, 54.7243306 ], [ 55.9568566, 54.7242266 ] ], [ [ 55.9567179, 54.7243306 ], [ 55.9563413, 54.7246127 ] ], [ [ 55.9563413, 54.7246127 ], [ 55.9567179, 54.7243306 ] ], [ [ 55.9563413, 54.7246127 ], [ 55.9560761, 54.7247506 ] ], [ [ 55.9560761, 54.7247506 ], [ 55.9563413, 54.7246127 ] ], [ [ 55.9560761, 54.7247506 ], [ 55.9560039, 54.7247641 ] ], [ [ 55.9560039, 54.7247641 ], [ 55.9560761, 54.7247506 ] ], [ [ 55.9560039, 54.7247641 ], [ 55.9558159, 54.724793 ] ], [ [ 55.9591661, 54.7350553 ], [ 55.9591589, 54.7350178 ] ], [ [ 55.9591661, 54.7350553 ], [ 55.9591645, 54.7351024 ] ], [ [ 55.9591645, 54.7351024 ], [ 55.9591661, 54.7350553 ] ], [ [ 55.9591645, 54.7351024 ], [ 55.9591531, 54.7351484 ] ], [ [ 55.9591531, 54.7351484 ], [ 55.9591645, 54.7351024 ] ], [ [ 55.9591531, 54.7351484 ], [ 55.9591414, 54.7351906 ] ], [ [ 55.9591414, 54.7351906 ], [ 55.9591531, 54.7351484 ] ], [ [ 55.9591414, 54.7351906 ], [ 55.9591229, 54.7352333 ] ], [ [ 55.9591229, 54.7352333 ], [ 55.9591414, 54.7351906 ] ], [ [ 55.9591229, 54.7352333 ], [ 55.9590855, 54.7352807 ] ], [ [ 55.9590855, 54.7352807 ], [ 55.9591229, 54.7352333 ] ], [ [ 55.9590855, 54.7352807 ], [ 55.9590338, 54.7353188 ] ], [ [ 55.9590338, 54.7353188 ], [ 55.9590855, 54.7352807 ] ], [ [ 55.9590338, 54.7353188 ], [ 55.9589377, 54.7353988 ] ], [ [ 55.9594355, 54.7351579 ], [ 55.9591589, 54.7350178 ] ], [ [ 55.9594355, 54.7351579 ], [ 55.9594297, 54.735157 ] ], [ [ 55.9594297, 54.735157 ], [ 55.9594355, 54.7351579 ] ], [ [ 55.9594297, 54.735157 ], [ 55.9595807, 54.7352044 ] ], [ [ 55.9595807, 54.7352044 ], [ 55.9594297, 54.735157 ] ], [ [ 55.9595807, 54.7352044 ], [ 55.9598052, 54.7352778 ] ], [ [ 55.9598052, 54.7352778 ], [ 55.9595807, 54.7352044 ] ], [ [ 55.9598052, 54.7352778 ], [ 55.9600573, 54.7353531 ] ], [ [ 55.9592851, 54.7347722 ], [ 55.9592379, 54.7348326 ] ], [ [ 55.9592851, 54.7347722 ], [ 55.9594704, 54.7346531 ] ], [ [ 55.9592379, 54.7348326 ], [ 55.9592851, 54.7347722 ] ], [ [ 55.9592379, 54.7348326 ], [ 55.9591589, 54.7350178 ] ], [ [ 55.9583403, 54.7356232 ], [ 55.9582134, 54.7352953 ] ], [ [ 55.9583403, 54.7356232 ], [ 55.9584042, 54.7355768 ] ], [ [ 55.9583403, 54.7356232 ], [ 55.9583986, 54.7357929 ] ], [ [ 55.9582134, 54.7352953 ], [ 55.9583403, 54.7356232 ] ], [ [ 55.9582134, 54.7352953 ], [ 55.958158, 54.7351769 ] ], [ [ 55.9582134, 54.7352953 ], [ 55.9582697, 54.7351209 ] ], [ [ 55.9582134, 54.7352953 ], [ 55.9583728, 54.7353892 ] ], [ [ 55.958158, 54.7351769 ], [ 55.9582134, 54.7352953 ] ], [ [ 55.958158, 54.7351769 ], [ 55.9580839, 54.7350082 ] ], [ [ 55.9580839, 54.7350082 ], [ 55.958158, 54.7351769 ] ], [ [ 55.9580839, 54.7350082 ], [ 55.9580196, 54.7349109 ] ], [ [ 55.9560951, 54.7300622 ], [ 55.9558111, 54.730108 ] ], [ [ 55.9560951, 54.7300622 ], [ 55.9563258, 54.7300249 ] ], [ [ 55.9563258, 54.7300249 ], [ 55.9560951, 54.7300622 ] ], [ [ 55.9563258, 54.7300249 ], [ 55.9565343, 54.7299913 ] ], [ [ 55.9565343, 54.7299913 ], [ 55.9563258, 54.7300249 ] ], [ [ 55.9565343, 54.7299913 ], [ 55.9569247, 54.7299284 ] ], [ [ 55.9569247, 54.7299284 ], [ 55.9565343, 54.7299913 ] ], [ [ 55.9569247, 54.7299284 ], [ 55.957211, 54.7298822 ] ], [ [ 55.957211, 54.7298822 ], [ 55.9569247, 54.7299284 ] ], [ [ 55.957211, 54.7298822 ], [ 55.9585178, 54.7296729 ] ], [ [ 55.9585178, 54.7296729 ], [ 55.957211, 54.7298822 ] ], [ [ 55.9585178, 54.7296729 ], [ 55.9586529, 54.7296496 ] ], [ [ 55.9586529, 54.7296496 ], [ 55.9585178, 54.7296729 ] ], [ [ 55.9586529, 54.7296496 ], [ 55.9588415, 54.729621 ] ], [ [ 55.9590144, 54.7295913 ], [ 55.9588415, 54.729621 ] ], [ [ 55.9590144, 54.7295913 ], [ 55.9591692, 54.7295663 ] ], [ [ 55.9591692, 54.7295663 ], [ 55.9590144, 54.7295913 ] ], [ [ 55.9591692, 54.7295663 ], [ 55.9605437, 54.7293446 ] ], [ [ 55.9605437, 54.7293446 ], [ 55.9591692, 54.7295663 ] ], [ [ 55.9605437, 54.7293446 ], [ 55.960780988846601, 54.729306322915399 ] ], [ [ 55.962339, 54.729055 ], [ 55.960780988846601, 54.729306322915399 ] ], [ [ 55.962339, 54.729055 ], [ 55.962467, 54.7290344 ] ], [ [ 55.962467, 54.7290344 ], [ 55.962339, 54.729055 ] ], [ [ 55.962467, 54.7290344 ], [ 55.962617, 54.7290102 ] ], [ [ 55.962617, 54.7290102 ], [ 55.962467, 54.7290344 ] ], [ [ 55.962617, 54.7290102 ], [ 55.9629131, 54.7289624 ] ], [ [ 55.9629131, 54.7289624 ], [ 55.962617, 54.7290102 ] ], [ [ 55.9629131, 54.7289624 ], [ 55.9631226, 54.7289287 ] ], [ [ 55.9632926, 54.7289012 ], [ 55.9631226, 54.7289287 ] ], [ [ 55.9632926, 54.7289012 ], [ 55.9640749, 54.728775 ] ], [ [ 55.9640749, 54.728775 ], [ 55.9632926, 54.7289012 ] ], [ [ 55.9640749, 54.728775 ], [ 55.9648154, 54.7286556 ] ], [ [ 55.9648154, 54.7286556 ], [ 55.9640749, 54.728775 ] ], [ [ 55.9648154, 54.7286556 ], [ 55.9665196, 54.7283807 ] ], [ [ 55.9665196, 54.7283807 ], [ 55.9648154, 54.7286556 ] ], [ [ 55.9665196, 54.7283807 ], [ 55.9675065, 54.7282215 ] ], [ [ 55.9675065, 54.7282215 ], [ 55.9665196, 54.7283807 ] ], [ [ 55.9675065, 54.7282215 ], [ 55.9677052, 54.7281895 ] ], [ [ 55.9677052, 54.7281895 ], [ 55.9675065, 54.7282215 ] ], [ [ 55.9677052, 54.7281895 ], [ 55.967775, 54.7281783 ] ], [ [ 55.9677052, 54.7281895 ], [ 55.9677581, 54.728301 ] ], [ [ 55.9510143, 54.7335432 ], [ 55.9509697, 54.7334556 ] ], [ [ 55.9510143, 54.7335432 ], [ 55.9512737, 54.7340522 ] ], [ [ 55.9512737, 54.7340522 ], [ 55.9510143, 54.7335432 ] ], [ [ 55.9512737, 54.7340522 ], [ 55.9515508, 54.7345958 ] ], [ [ 55.9515508, 54.7345958 ], [ 55.9512737, 54.7340522 ] ], [ [ 55.9515508, 54.7345958 ], [ 55.9519261, 54.7353321 ] ], [ [ 55.9519261, 54.7353321 ], [ 55.9515508, 54.7345958 ] ], [ [ 55.9519261, 54.7353321 ], [ 55.9519405, 54.7353603 ] ], [ [ 55.9519405, 54.7353603 ], [ 55.9519261, 54.7353321 ] ], [ [ 55.9519405, 54.7353603 ], [ 55.952025, 54.7355336 ] ], [ [ 55.952025, 54.7355336 ], [ 55.9519405, 54.7353603 ] ], [ [ 55.952025, 54.7355336 ], [ 55.9521218, 54.7357161 ] ], [ [ 55.9467095, 54.7245702 ], [ 55.9466287, 54.724396 ] ], [ [ 55.9467095, 54.7245702 ], [ 55.9469353, 54.7250501 ] ], [ [ 55.9469353, 54.7250501 ], [ 55.9467095, 54.7245702 ] ], [ [ 55.9469353, 54.7250501 ], [ 55.9473767, 54.7259873 ] ], [ [ 55.9473767, 54.7259873 ], [ 55.9469353, 54.7250501 ] ], [ [ 55.9473767, 54.7259873 ], [ 55.9474304, 54.7261015 ] ], [ [ 55.9474304, 54.7261015 ], [ 55.9473767, 54.7259873 ] ], [ [ 55.9474304, 54.7261015 ], [ 55.9472251, 54.7261344 ] ], [ [ 55.9474304, 54.7261015 ], [ 55.9476377, 54.726069 ] ], [ [ 55.9474304, 54.7261015 ], [ 55.9474745, 54.7261956 ] ], [ [ 55.9558873, 54.730262 ], [ 55.9558111, 54.730108 ] ], [ [ 55.9558873, 54.730262 ], [ 55.9561598, 54.7308687 ] ], [ [ 55.9561598, 54.7308687 ], [ 55.9558873, 54.730262 ] ], [ [ 55.9561598, 54.7308687 ], [ 55.9564423, 54.7314981 ] ], [ [ 55.9564423, 54.7314981 ], [ 55.9561598, 54.7308687 ] ], [ [ 55.9564423, 54.7314981 ], [ 55.9568293, 54.7323916 ] ], [ [ 55.9568293, 54.7323916 ], [ 55.9564423, 54.7314981 ] ], [ [ 55.9568293, 54.7323916 ], [ 55.956886, 54.732508 ] ], [ [ 55.9485787, 54.7285496 ], [ 55.948633, 54.7286453 ] ], [ [ 55.9485787, 54.7285496 ], [ 55.9487546, 54.7285222 ] ], [ [ 55.9485787, 54.7285496 ], [ 55.9485377, 54.7284623 ] ], [ [ 55.9485787, 54.7285496 ], [ 55.948361, 54.7285856 ] ], [ [ 55.948633, 54.7286453 ], [ 55.9485787, 54.7285496 ] ], [ [ 55.948633, 54.7286453 ], [ 55.9490026, 54.7293807 ] ], [ [ 55.9490026, 54.7293807 ], [ 55.948633, 54.7286453 ] ], [ [ 55.9490026, 54.7293807 ], [ 55.9496701, 54.7307523 ] ], [ [ 55.9496701, 54.7307523 ], [ 55.9490026, 54.7293807 ] ], [ [ 55.9496701, 54.7307523 ], [ 55.949737, 54.7309234 ] ], [ [ 55.949737, 54.7309234 ], [ 55.9496701, 54.7307523 ] ], [ [ 55.949737, 54.7309234 ], [ 55.9497969, 54.7310673 ] ], [ [ 55.9468263, 54.7383131 ], [ 55.947083376017254, 54.738849068529809 ] ], [ [ 55.9468263, 54.7383131 ], [ 55.9467945, 54.7382465 ] ], [ [ 55.9467945, 54.7382465 ], [ 55.9468263, 54.7383131 ] ], [ [ 55.9467945, 54.7382465 ], [ 55.946518109550318, 54.737641974769872 ] ], [ [ 55.9464879, 54.7375759 ], [ 55.9467945, 54.7382465 ] ], [ [ 55.9464879, 54.7375759 ], [ 55.9464333, 54.737454 ] ], [ [ 55.9464333, 54.737454 ], [ 55.9464879, 54.7375759 ] ], [ [ 55.9464333, 54.737454 ], [ 55.9462703, 54.737101 ] ], [ [ 55.9462703, 54.737101 ], [ 55.9464333, 54.737454 ] ], [ [ 55.9462703, 54.737101 ], [ 55.9461874, 54.7369386 ] ], [ [ 55.9461874, 54.7369386 ], [ 55.9462703, 54.737101 ] ], [ [ 55.9461874, 54.7369386 ], [ 55.9461447, 54.7368421 ] ], [ [ 55.9461447, 54.7368421 ], [ 55.9461874, 54.7369386 ] ], [ [ 55.9461447, 54.7368421 ], [ 55.9462207, 54.736797 ] ], [ [ 55.9461447, 54.7368421 ], [ 55.9461081, 54.7367945 ] ], [ [ 55.9461447, 54.7368421 ], [ 55.945953, 54.7368726 ] ], [ [ 55.9556466, 54.7411401 ], [ 55.955657560362965, 54.741156013141797 ] ], [ [ 55.9556466, 54.7411401 ], [ 55.955635891968491, 54.741124129474379 ] ], [ [ 55.954573, 54.7276147 ], [ 55.9543371, 54.7276515 ] ], [ [ 55.954573, 54.7276147 ], [ 55.9545266, 54.7275146 ] ], [ [ 55.954573, 54.7276147 ], [ 55.9548038, 54.7275789 ] ], [ [ 55.954573, 54.7276147 ], [ 55.9546387, 54.7277471 ] ], [ [ 55.9543371, 54.7276515 ], [ 55.954573, 54.7276147 ] ], [ [ 55.9543371, 54.7276515 ], [ 55.9533473, 54.7278059 ] ], [ [ 55.9533473, 54.7278059 ], [ 55.9543371, 54.7276515 ] ], [ [ 55.9533473, 54.7278059 ], [ 55.953219, 54.7278259 ] ], [ [ 55.953219, 54.7278259 ], [ 55.9533473, 54.7278059 ] ], [ [ 55.953219, 54.7278259 ], [ 55.9526473, 54.727915 ] ], [ [ 55.9526473, 54.727915 ], [ 55.953219, 54.7278259 ] ], [ [ 55.9526473, 54.727915 ], [ 55.9522785, 54.7279726 ] ], [ [ 55.9522785, 54.7279726 ], [ 55.9526473, 54.727915 ] ], [ [ 55.9522785, 54.7279726 ], [ 55.9519136, 54.7280295 ] ], [ [ 55.9519136, 54.7280295 ], [ 55.9522785, 54.7279726 ] ], [ [ 55.9519136, 54.7280295 ], [ 55.9516537, 54.72807 ] ], [ [ 55.9516537, 54.72807 ], [ 55.9519136, 54.7280295 ] ], [ [ 55.9516537, 54.72807 ], [ 55.9515115, 54.7280919 ] ], [ [ 55.9515115, 54.7280919 ], [ 55.9516537, 54.72807 ] ], [ [ 55.9515115, 54.7280919 ], [ 55.9513084, 54.7281235 ] ], [ [ 55.9513084, 54.7281235 ], [ 55.9515115, 54.7280919 ] ], [ [ 55.9513084, 54.7281235 ], [ 55.9512006, 54.7281407 ] ], [ [ 55.9512006, 54.7281407 ], [ 55.9513084, 54.7281235 ] ], [ [ 55.9512006, 54.7281407 ], [ 55.9498132, 54.7283571 ] ], [ [ 55.9498132, 54.7283571 ], [ 55.9512006, 54.7281407 ] ], [ [ 55.9498132, 54.7283571 ], [ 55.9487546, 54.7285222 ] ], [ [ 55.9487546, 54.7285222 ], [ 55.9498132, 54.7283571 ] ], [ [ 55.9487546, 54.7285222 ], [ 55.9485787, 54.7285496 ] ], [ [ 55.9366575, 54.7305029 ], [ 55.9365106, 54.7305279 ] ], [ [ 55.9366575, 54.7305029 ], [ 55.9367273, 54.7306456 ] ], [ [ 55.9366575, 54.7305029 ], [ 55.9366001, 54.7303856 ] ], [ [ 55.9366575, 54.7305029 ], [ 55.9367091, 54.7304942 ] ], [ [ 55.9365106, 54.7305279 ], [ 55.9366575, 54.7305029 ] ], [ [ 55.9365106, 54.7305279 ], [ 55.935220467753894, 54.730747237258512 ] ], [ [ 55.9518376, 54.7358876 ], [ 55.9521876, 54.7358324 ] ], [ [ 55.9518376, 54.7358876 ], [ 55.9492772, 54.7362916 ] ], [ [ 55.9492772, 54.7362916 ], [ 55.9518376, 54.7358876 ] ], [ [ 55.9492772, 54.7362916 ], [ 55.9490981, 54.7363196 ] ], [ [ 55.9490981, 54.7363196 ], [ 55.9492772, 54.7362916 ] ], [ [ 55.9490981, 54.7363196 ], [ 55.9489332, 54.7363458 ] ], [ [ 55.9463605, 54.7367517 ], [ 55.9462207, 54.736797 ] ], [ [ 55.9463605, 54.7367517 ], [ 55.9466295, 54.7367093 ] ], [ [ 55.9462207, 54.736797 ], [ 55.9463605, 54.7367517 ] ], [ [ 55.9462207, 54.736797 ], [ 55.9461447, 54.7368421 ] ], [ [ 55.9449574, 54.7342998 ], [ 55.9450153, 54.7344171 ] ], [ [ 55.9449574, 54.7342998 ], [ 55.9444578, 54.7332659 ] ], [ [ 55.9444578, 54.7332659 ], [ 55.9449574, 54.7342998 ] ], [ [ 55.9444578, 54.7332659 ], [ 55.944438, 54.7332217 ] ], [ [ 55.9461081, 54.7367945 ], [ 55.9461447, 54.7368421 ] ], [ [ 55.9461081, 54.7367945 ], [ 55.9460889, 54.7367656 ] ], [ [ 55.9460889, 54.7367656 ], [ 55.9461081, 54.7367945 ] ], [ [ 55.9460889, 54.7367656 ], [ 55.9460656, 54.7367237 ] ], [ [ 55.9460656, 54.7367237 ], [ 55.9460889, 54.7367656 ] ], [ [ 55.9460656, 54.7367237 ], [ 55.9459858, 54.7365338 ] ], [ [ 55.9460656, 54.7367237 ], [ 55.9459125, 54.7367772 ] ], [ [ 55.9460656, 54.7367237 ], [ 55.9462629, 54.7366368 ] ], [ [ 55.9459858, 54.7365338 ], [ 55.9460656, 54.7367237 ] ], [ [ 55.9459858, 54.7365338 ], [ 55.9459437, 54.7364555 ] ], [ [ 55.9459437, 54.7364555 ], [ 55.9459858, 54.7365338 ] ], [ [ 55.9459437, 54.7364555 ], [ 55.9457647, 54.7360638 ] ], [ [ 55.9459437, 54.7364555 ], [ 55.9458821, 54.7365523 ] ], [ [ 55.9457647, 54.7360638 ], [ 55.9459437, 54.7364555 ] ], [ [ 55.9457647, 54.7360638 ], [ 55.9450542, 54.7344986 ] ], [ [ 55.9450542, 54.7344986 ], [ 55.9457647, 54.7360638 ] ], [ [ 55.9450542, 54.7344986 ], [ 55.9450153, 54.7344171 ] ], [ [ 55.9426289, 54.7295267 ], [ 55.9425699, 54.7294017 ] ], [ [ 55.9426289, 54.7295267 ], [ 55.9428447, 54.7294915 ] ], [ [ 55.9426289, 54.7295267 ], [ 55.9424414, 54.7295564 ] ], [ [ 55.9426289, 54.7295267 ], [ 55.9426779, 54.729629 ] ], [ [ 55.9425699, 54.7294017 ], [ 55.9426289, 54.7295267 ] ], [ [ 55.9425699, 54.7294017 ], [ 55.9422013, 54.7286207 ] ], [ [ 55.9422013, 54.7286207 ], [ 55.9425699, 54.7294017 ] ], [ [ 55.9422013, 54.7286207 ], [ 55.9421519, 54.728516 ] ], [ [ 55.9421519, 54.728516 ], [ 55.9422013, 54.7286207 ] ], [ [ 55.9421519, 54.728516 ], [ 55.9421383, 54.7284872 ] ], [ [ 55.9421383, 54.7284872 ], [ 55.9421519, 54.728516 ] ], [ [ 55.9421383, 54.7284872 ], [ 55.9420887, 54.728382 ] ], [ [ 55.9420887, 54.728382 ], [ 55.9421383, 54.7284872 ] ], [ [ 55.9420887, 54.728382 ], [ 55.9420794, 54.7283624 ] ], [ [ 55.9420794, 54.7283624 ], [ 55.9420887, 54.728382 ] ], [ [ 55.9420794, 54.7283624 ], [ 55.9418772, 54.7279339 ] ], [ [ 55.9418772, 54.7279339 ], [ 55.9420794, 54.7283624 ] ], [ [ 55.9418772, 54.7279339 ], [ 55.9416013, 54.7273493 ] ], [ [ 55.9416013, 54.7273493 ], [ 55.9418772, 54.7279339 ] ], [ [ 55.9416013, 54.7273493 ], [ 55.9415171, 54.727171 ] ], [ [ 55.9415171, 54.727171 ], [ 55.9416013, 54.7273493 ] ], [ [ 55.9415171, 54.727171 ], [ 55.941464, 54.7270584 ] ], [ [ 55.941464, 54.7270584 ], [ 55.9415171, 54.727171 ] ], [ [ 55.941464, 54.7270584 ], [ 55.9414018, 54.7269116 ] ], [ [ 55.941464, 54.7270584 ], [ 55.9416947, 54.7270198 ] ], [ [ 55.941464, 54.7270584 ], [ 55.9412188, 54.7271009 ] ], [ [ 55.9414018, 54.7269116 ], [ 55.941464, 54.7270584 ] ], [ [ 55.9414018, 54.7269116 ], [ 55.9412768, 54.7266278 ] ], [ [ 55.9412768, 54.7266278 ], [ 55.9414018, 54.7269116 ] ], [ [ 55.9412768, 54.7266278 ], [ 55.9411401, 54.7263125 ] ], [ [ 55.9411401, 54.7263125 ], [ 55.9412768, 54.7266278 ] ], [ [ 55.9411401, 54.7263125 ], [ 55.9407369, 54.7254132 ] ], [ [ 55.9407369, 54.7254132 ], [ 55.940831965026419, 54.72562523367624 ] ], [ [ 55.9407369, 54.7254132 ], [ 55.9406959, 54.7253301 ] ], [ [ 55.9406959, 54.7253301 ], [ 55.9407369, 54.7254132 ] ], [ [ 55.9406959, 54.7253301 ], [ 55.9406759, 54.7252905 ] ], [ [ 55.9406759, 54.7252905 ], [ 55.9406959, 54.7253301 ] ], [ [ 55.9406759, 54.7252905 ], [ 55.940631875305257, 54.7252027474062 ] ], [ [ 55.9444974, 54.7265719 ], [ 55.9443132, 54.7266015 ] ], [ [ 55.9444974, 54.7265719 ], [ 55.9446249, 54.7265515 ] ], [ [ 55.9443132, 54.7266015 ], [ 55.9444974, 54.7265719 ] ], [ [ 55.9443132, 54.7266015 ], [ 55.9430264, 54.7268078 ] ], [ [ 55.9430264, 54.7268078 ], [ 55.9443132, 54.7266015 ] ], [ [ 55.9430264, 54.7268078 ], [ 55.942150986791773, 54.726947161417847 ] ], [ [ 55.9416947, 54.7270198 ], [ 55.942150986791773, 54.726947161417847 ] ], [ [ 55.9416947, 54.7270198 ], [ 55.941464, 54.7270584 ] ], [ [ 55.9412188, 54.7271009 ], [ 55.941464, 54.7270584 ] ], [ [ 55.9412188, 54.7271009 ], [ 55.9406929, 54.7271906 ] ], [ [ 55.9406929, 54.7271906 ], [ 55.9412188, 54.7271009 ] ], [ [ 55.9406929, 54.7271906 ], [ 55.9401367, 54.7272884 ] ], [ [ 55.9401367, 54.7272884 ], [ 55.9406929, 54.7271906 ] ], [ [ 55.9401367, 54.7272884 ], [ 55.9400617, 54.7273014 ] ], [ [ 55.9400617, 54.7273014 ], [ 55.9401367, 54.7272884 ] ], [ [ 55.9400617, 54.7273014 ], [ 55.9398587, 54.7273365 ] ], [ [ 55.9398587, 54.7273365 ], [ 55.9400617, 54.7273014 ] ], [ [ 55.9398587, 54.7273365 ], [ 55.9386706, 54.7275424 ] ], [ [ 55.9386706, 54.7275424 ], [ 55.939050665034863, 54.727476534003301 ] ], [ [ 55.9386706, 54.7275424 ], [ 55.9385639, 54.7275609 ] ], [ [ 55.9385639, 54.7275609 ], [ 55.9386706, 54.7275424 ] ], [ [ 55.9385639, 54.7275609 ], [ 55.9383432, 54.7275993 ] ], [ [ 55.9383432, 54.7275993 ], [ 55.938395772366086, 54.727590152837074 ] ], [ [ 55.9383432, 54.7275993 ], [ 55.938290602555348, 54.727608398994413 ] ], [ [ 55.945953, 54.7368726 ], [ 55.9461447, 54.7368421 ] ], [ [ 55.945953, 54.7368726 ], [ 55.9452485, 54.7369847 ] ], [ [ 55.9452485, 54.7369847 ], [ 55.945953, 54.7368726 ] ], [ [ 55.9452485, 54.7369847 ], [ 55.9431118, 54.7373247 ] ], [ [ 55.9431118, 54.7373247 ], [ 55.943543699162191, 54.737255974528409 ] ], [ [ 55.9431118, 54.7373247 ], [ 55.942679899155642, 54.737393429436089 ] ], [ [ 55.9472251, 54.7261344 ], [ 55.9474304, 54.7261015 ] ], [ [ 55.9472251, 54.7261344 ], [ 55.9459398, 54.7263406 ] ], [ [ 55.9459398, 54.7263406 ], [ 55.9472251, 54.7261344 ] ], [ [ 55.9459398, 54.7263406 ], [ 55.9456208, 54.7263917 ] ], [ [ 55.9456208, 54.7263917 ], [ 55.9459398, 54.7263406 ] ], [ [ 55.9456208, 54.7263917 ], [ 55.9453504, 54.7264351 ] ], [ [ 55.9453504, 54.7264351 ], [ 55.9456208, 54.7263917 ] ], [ [ 55.9453504, 54.7264351 ], [ 55.945184, 54.7264618 ] ], [ [ 55.945184, 54.7264618 ], [ 55.9453504, 54.7264351 ] ], [ [ 55.945184, 54.7264618 ], [ 55.9446249, 54.7265515 ] ], [ [ 55.9446249, 54.7265515 ], [ 55.945184, 54.7264618 ] ], [ [ 55.9446249, 54.7265515 ], [ 55.9444974, 54.7265719 ] ], [ [ 55.9530726, 54.7252148 ], [ 55.9533569, 54.7251709 ] ], [ [ 55.9530726, 54.7252148 ], [ 55.9518181, 54.7254126 ] ], [ [ 55.9518181, 54.7254126 ], [ 55.9530726, 54.7252148 ] ], [ [ 55.9518181, 54.7254126 ], [ 55.950417, 54.7256326 ] ], [ [ 55.950417, 54.7256326 ], [ 55.9518181, 54.7254126 ] ], [ [ 55.950417, 54.7256326 ], [ 55.9495431, 54.7257698 ] ], [ [ 55.9495431, 54.7257698 ], [ 55.950417, 54.7256326 ] ], [ [ 55.9495431, 54.7257698 ], [ 55.9494536, 54.7257838 ] ], [ [ 55.9494536, 54.7257838 ], [ 55.9495431, 54.7257698 ] ], [ [ 55.9494536, 54.7257838 ], [ 55.9484346, 54.7259438 ] ], [ [ 55.9484346, 54.7259438 ], [ 55.9494536, 54.7257838 ] ], [ [ 55.9484346, 54.7259438 ], [ 55.9476377, 54.726069 ] ], [ [ 55.9476377, 54.726069 ], [ 55.9484346, 54.7259438 ] ], [ [ 55.9476377, 54.726069 ], [ 55.9474304, 54.7261015 ] ], [ [ 55.9474745, 54.7261956 ], [ 55.9474304, 54.7261015 ] ], [ [ 55.9474745, 54.7261956 ], [ 55.9477333, 54.7267474 ] ], [ [ 55.9477333, 54.7267474 ], [ 55.9474745, 54.7261956 ] ], [ [ 55.9477333, 54.7267474 ], [ 55.9485377, 54.7284623 ] ], [ [ 55.9485377, 54.7284623 ], [ 55.9477333, 54.7267474 ] ], [ [ 55.9485377, 54.7284623 ], [ 55.9485787, 54.7285496 ] ], [ [ 55.953457, 54.7253181 ], [ 55.9533569, 54.7251709 ] ], [ [ 55.953457, 54.7253181 ], [ 55.9537312, 54.7258476 ] ], [ [ 55.9537312, 54.7258476 ], [ 55.953457, 54.7253181 ] ], [ [ 55.9537312, 54.7258476 ], [ 55.9539376, 54.7262688 ] ], [ [ 55.9539376, 54.7262688 ], [ 55.9537312, 54.7258476 ] ], [ [ 55.9539376, 54.7262688 ], [ 55.9541405, 54.7266828 ] ], [ [ 55.9541405, 54.7266828 ], [ 55.9539376, 54.7262688 ] ], [ [ 55.9541405, 54.7266828 ], [ 55.9545266, 54.7275146 ] ], [ [ 55.9545266, 54.7275146 ], [ 55.9541405, 54.7266828 ] ], [ [ 55.9545266, 54.7275146 ], [ 55.954573, 54.7276147 ] ], [ [ 55.9558159, 54.724793 ], [ 55.9560039, 54.7247641 ] ], [ [ 55.9558159, 54.724793 ], [ 55.9556363, 54.7248206 ] ], [ [ 55.9556363, 54.7248206 ], [ 55.9558159, 54.724793 ] ], [ [ 55.9556363, 54.7248206 ], [ 55.9553373, 54.7248665 ] ], [ [ 55.9553373, 54.7248665 ], [ 55.9556363, 54.7248206 ] ], [ [ 55.9553373, 54.7248665 ], [ 55.954616, 54.7249774 ] ], [ [ 55.954616, 54.7249774 ], [ 55.9553373, 54.7248665 ] ], [ [ 55.954616, 54.7249774 ], [ 55.9540739, 54.7250607 ] ], [ [ 55.9540739, 54.7250607 ], [ 55.954616, 54.7249774 ] ], [ [ 55.9540739, 54.7250607 ], [ 55.9536343, 54.7251284 ] ], [ [ 55.9536343, 54.7251284 ], [ 55.9540739, 54.7250607 ] ], [ [ 55.9536343, 54.7251284 ], [ 55.9533569, 54.7251709 ] ], [ [ 55.9550898, 54.7286555 ], [ 55.9552005, 54.7288784 ] ], [ [ 55.9550898, 54.7286555 ], [ 55.9546387, 54.7277471 ] ], [ [ 55.9552005, 54.7288784 ], [ 55.9550898, 54.7286555 ] ], [ [ 55.9552005, 54.7288784 ], [ 55.9554423, 54.7293653 ] ], [ [ 55.9554423, 54.7293653 ], [ 55.9552005, 54.7288784 ] ], [ [ 55.9554423, 54.7293653 ], [ 55.9556028, 54.7296885 ] ], [ [ 55.9556028, 54.7296885 ], [ 55.9554423, 54.7293653 ] ], [ [ 55.9556028, 54.7296885 ], [ 55.95574, 54.7299649 ] ], [ [ 55.95574, 54.7299649 ], [ 55.9556028, 54.7296885 ] ], [ [ 55.95574, 54.7299649 ], [ 55.9558111, 54.730108 ] ], [ [ 55.9456395, 54.7290361 ], [ 55.9454184, 54.7290721 ] ], [ [ 55.9456395, 54.7290361 ], [ 55.9457916, 54.7290102 ] ], [ [ 55.9454184, 54.7290721 ], [ 55.9456395, 54.7290361 ] ], [ [ 55.9454184, 54.7290721 ], [ 55.9442147, 54.7292683 ] ], [ [ 55.9442147, 54.7292683 ], [ 55.9454184, 54.7290721 ] ], [ [ 55.9442147, 54.7292683 ], [ 55.9440573, 54.7292939 ] ], [ [ 55.9440573, 54.7292939 ], [ 55.9442147, 54.7292683 ] ], [ [ 55.9440573, 54.7292939 ], [ 55.9439493, 54.7293115 ] ], [ [ 55.9439493, 54.7293115 ], [ 55.9440573, 54.7292939 ] ], [ [ 55.9439493, 54.7293115 ], [ 55.9428447, 54.7294915 ] ], [ [ 55.9428447, 54.7294915 ], [ 55.9439493, 54.7293115 ] ], [ [ 55.9428447, 54.7294915 ], [ 55.9426289, 54.7295267 ] ], [ [ 55.948361, 54.7285856 ], [ 55.9485787, 54.7285496 ] ], [ [ 55.948361, 54.7285856 ], [ 55.9479746, 54.7286494 ] ], [ [ 55.9479746, 54.7286494 ], [ 55.948361, 54.7285856 ] ], [ [ 55.9479746, 54.7286494 ], [ 55.9475756, 54.7287154 ] ], [ [ 55.9475756, 54.7287154 ], [ 55.9479746, 54.7286494 ] ], [ [ 55.9475756, 54.7287154 ], [ 55.947296260095136, 54.728761552162098 ] ], [ [ 55.946885, 54.7288295 ], [ 55.947296260095136, 54.728761552162098 ] ], [ [ 55.946885, 54.7288295 ], [ 55.9457916, 54.7290102 ] ], [ [ 55.9457916, 54.7290102 ], [ 55.946885, 54.7288295 ] ], [ [ 55.9457916, 54.7290102 ], [ 55.9456395, 54.7290361 ] ], [ [ 55.9424414, 54.7295564 ], [ 55.9426289, 54.7295267 ] ], [ [ 55.9424414, 54.7295564 ], [ 55.9420568, 54.7296173 ] ], [ [ 55.9420568, 54.7296173 ], [ 55.9424414, 54.7295564 ] ], [ [ 55.9420568, 54.7296173 ], [ 55.9410019, 54.7297845 ] ], [ [ 55.9410019, 54.7297845 ], [ 55.9420568, 54.7296173 ] ], [ [ 55.9410019, 54.7297845 ], [ 55.9407725, 54.7298208 ] ], [ [ 55.9407725, 54.7298208 ], [ 55.9410019, 54.7297845 ] ], [ [ 55.9407725, 54.7298208 ], [ 55.9398726, 54.7299634 ] ], [ [ 55.9398726, 54.7299634 ], [ 55.9407725, 54.7298208 ] ], [ [ 55.9398726, 54.7299634 ], [ 55.9397163, 54.7299882 ] ], [ [ 55.9397163, 54.7299882 ], [ 55.9398726, 54.7299634 ] ], [ [ 55.9397163, 54.7299882 ], [ 55.9395072, 54.7300234 ] ], [ [ 55.9556232, 54.7411052 ], [ 55.9556466, 54.7411401 ] ], [ [ 55.9556232, 54.7411052 ], [ 55.955589048940958, 54.741054339196879 ] ], [ [ 55.9552124, 54.7404934 ], [ 55.9556232, 54.7411052 ] ], [ [ 55.9552124, 54.7404934 ], [ 55.95501, 54.7401864 ] ], [ [ 55.95501, 54.7401864 ], [ 55.9552124, 54.7404934 ] ], [ [ 55.95501, 54.7401864 ], [ 55.9545485, 54.7394835 ] ], [ [ 55.9545485, 54.7394835 ], [ 55.95501, 54.7401864 ] ], [ [ 55.9545485, 54.7394835 ], [ 55.9544205, 54.7392792 ] ], [ [ 55.9544205, 54.7392792 ], [ 55.9545485, 54.7394835 ] ], [ [ 55.9544205, 54.7392792 ], [ 55.9538892, 54.7384579 ] ], [ [ 55.9538892, 54.7384579 ], [ 55.9544205, 54.7392792 ] ], [ [ 55.9538892, 54.7384579 ], [ 55.9536933, 54.7381489 ] ], [ [ 55.9536933, 54.7381489 ], [ 55.9538892, 54.7384579 ] ], [ [ 55.9536933, 54.7381489 ], [ 55.9536263, 54.7380531 ] ], [ [ 55.9536263, 54.7380531 ], [ 55.9536933, 54.7381489 ] ], [ [ 55.9536263, 54.7380531 ], [ 55.9535506, 54.7379418 ] ], [ [ 55.9535506, 54.7379418 ], [ 55.9536263, 54.7380531 ] ], [ [ 55.9535506, 54.7379418 ], [ 55.9532218, 54.7374389 ] ], [ [ 55.9532218, 54.7374389 ], [ 55.9535506, 54.7379418 ] ], [ [ 55.9532218, 54.7374389 ], [ 55.9529174, 54.7369772 ] ], [ [ 55.9529174, 54.7369772 ], [ 55.9532218, 54.7374389 ] ], [ [ 55.9529174, 54.7369772 ], [ 55.9526803, 54.7366354 ] ], [ [ 55.9526803, 54.7366354 ], [ 55.9529174, 54.7369772 ] ], [ [ 55.9526803, 54.7366354 ], [ 55.9526113, 54.7365241 ] ], [ [ 55.9526113, 54.7365241 ], [ 55.9526803, 54.7366354 ] ], [ [ 55.9526113, 54.7365241 ], [ 55.9522506, 54.7359478 ] ], [ [ 55.9522506, 54.7359478 ], [ 55.9526113, 54.7365241 ] ], [ [ 55.9522506, 54.7359478 ], [ 55.9521876, 54.7358324 ] ], [ [ 55.967775, 54.7281783 ], [ 55.9677052, 54.7281895 ] ], [ [ 55.967775, 54.7281783 ], [ 55.9677909, 54.728175 ] ], [ [ 55.9677909, 54.728175 ], [ 55.967775, 54.7281783 ] ], [ [ 55.9677909, 54.728175 ], [ 55.9678752, 54.7281596 ] ], [ [ 55.9678752, 54.7281596 ], [ 55.9677909, 54.728175 ] ], [ [ 55.9678752, 54.7281596 ], [ 55.9687686, 54.7280276 ] ], [ [ 55.9687686, 54.7280276 ], [ 55.968077947923639, 54.728129643960237 ] ], [ [ 55.9687686, 54.7280276 ], [ 55.969458062066245, 54.727922903398408 ] ], [ [ 55.9630603, 54.7287914 ], [ 55.9631226, 54.7289287 ] ], [ [ 55.9630603, 54.7287914 ], [ 55.9625633, 54.7276913 ] ], [ [ 55.9625633, 54.7276913 ], [ 55.9630603, 54.7287914 ] ], [ [ 55.9625633, 54.7276913 ], [ 55.9622105, 54.7269583 ] ], [ [ 55.9622105, 54.7269583 ], [ 55.9625633, 54.7276913 ] ], [ [ 55.9622105, 54.7269583 ], [ 55.9620235, 54.7266171 ] ], [ [ 55.9620235, 54.7266171 ], [ 55.9622105, 54.7269583 ] ], [ [ 55.9620235, 54.7266171 ], [ 55.9619336, 54.7264738 ] ], [ [ 55.9582697, 54.7351209 ], [ 55.9582134, 54.7352953 ] ], [ [ 55.9582697, 54.7351209 ], [ 55.9582939, 54.7350685 ] ], [ [ 55.9582939, 54.7350685 ], [ 55.9582697, 54.7351209 ] ], [ [ 55.9582939, 54.7350685 ], [ 55.9583245, 54.7350357 ] ], [ [ 55.9583245, 54.7350357 ], [ 55.9582939, 54.7350685 ] ], [ [ 55.9583245, 54.7350357 ], [ 55.958374, 54.734992 ] ], [ [ 55.958374, 54.734992 ], [ 55.9583245, 54.7350357 ] ], [ [ 55.958374, 54.734992 ], [ 55.9584222, 54.7349532 ] ], [ [ 55.9584222, 54.7349532 ], [ 55.958374, 54.734992 ] ], [ [ 55.9584222, 54.7349532 ], [ 55.9584832, 54.734921 ] ], [ [ 55.9584832, 54.734921 ], [ 55.9584222, 54.7349532 ] ], [ [ 55.9584832, 54.734921 ], [ 55.9585544, 54.7348966 ] ], [ [ 55.9585544, 54.7348966 ], [ 55.9584832, 54.734921 ] ], [ [ 55.9585544, 54.7348966 ], [ 55.9586327, 54.7348813 ] ], [ [ 55.9586327, 54.7348813 ], [ 55.9585544, 54.7348966 ] ], [ [ 55.9586327, 54.7348813 ], [ 55.9587148, 54.7348755 ] ], [ [ 55.9587148, 54.7348755 ], [ 55.9586327, 54.7348813 ] ], [ [ 55.9587148, 54.7348755 ], [ 55.9587972, 54.7348796 ] ], [ [ 55.9587972, 54.7348796 ], [ 55.9587148, 54.7348755 ] ], [ [ 55.9587972, 54.7348796 ], [ 55.9588764, 54.7348934 ] ], [ [ 55.9588764, 54.7348934 ], [ 55.9587972, 54.7348796 ] ], [ [ 55.9588764, 54.7348934 ], [ 55.9590177, 54.7349536 ] ], [ [ 55.9590177, 54.7349536 ], [ 55.9588764, 54.7348934 ] ], [ [ 55.9590177, 54.7349536 ], [ 55.9591589, 54.7350178 ] ], [ [ 55.9587152, 54.7354324 ], [ 55.9584744, 54.7355333 ] ], [ [ 55.9587152, 54.7354324 ], [ 55.9589377, 54.7353988 ] ], [ [ 55.9587152, 54.7354324 ], [ 55.9585622, 54.7354213 ] ], [ [ 55.9584744, 54.7355333 ], [ 55.9587152, 54.7354324 ] ], [ [ 55.9584744, 54.7355333 ], [ 55.9584042, 54.7355768 ] ], [ [ 55.9584042, 54.7355768 ], [ 55.9584744, 54.7355333 ] ], [ [ 55.9584042, 54.7355768 ], [ 55.9583403, 54.7356232 ] ], [ [ 55.9441596, 54.732778 ], [ 55.944140458970629, 54.732763918542091 ] ], [ [ 55.9441596, 54.732778 ], [ 55.9442321, 54.7328574 ] ], [ [ 55.9440654, 54.7327087 ], [ 55.944140458970629, 54.732763918542091 ] ], [ [ 55.9440654, 54.7327087 ], [ 55.9438087, 54.7325723 ] ], [ [ 55.9438087, 54.7325723 ], [ 55.9440654, 54.7327087 ] ], [ [ 55.9438087, 54.7325723 ], [ 55.943516, 54.7324398 ] ], [ [ 55.943516, 54.7324398 ], [ 55.9438087, 54.7325723 ] ], [ [ 55.943516, 54.7324398 ], [ 55.9434258, 54.7323806 ] ], [ [ 55.9518171, 54.723367 ], [ 55.95299146090813, 54.72274009240909 ] ], [ [ 55.9518171, 54.723367 ], [ 55.9516168, 54.7234743 ] ], [ [ 55.9570674, 54.7329034 ], [ 55.9569316, 54.7326012 ] ], [ [ 55.9570674, 54.7329034 ], [ 55.9572886, 54.7333974 ] ], [ [ 55.9572886, 54.7333974 ], [ 55.9570674, 54.7329034 ] ], [ [ 55.9572886, 54.7333974 ], [ 55.957846, 54.7345577 ] ], [ [ 55.957846, 54.7345577 ], [ 55.9572886, 54.7333974 ] ], [ [ 55.957846, 54.7345577 ], [ 55.9579542, 54.7347829 ] ], [ [ 55.9579542, 54.7347829 ], [ 55.957846, 54.7345577 ] ], [ [ 55.9579542, 54.7347829 ], [ 55.9576395, 54.7348331 ] ], [ [ 55.9579542, 54.7347829 ], [ 55.9584442, 54.7347022 ] ], [ [ 55.9579542, 54.7347829 ], [ 55.9579754, 54.7348244 ] ], [ [ 55.9601003, 54.726758 ], [ 55.9619336, 54.7264738 ] ], [ [ 55.9601003, 54.726758 ], [ 55.9593518, 54.726874 ] ], [ [ 55.9593518, 54.726874 ], [ 55.9601003, 54.726758 ] ], [ [ 55.9593518, 54.726874 ], [ 55.9585075, 54.7270049 ] ], [ [ 55.9585075, 54.7270049 ], [ 55.9593518, 54.726874 ] ], [ [ 55.9585075, 54.7270049 ], [ 55.9578863, 54.7271011 ] ], [ [ 55.9578863, 54.7271011 ], [ 55.9585075, 54.7270049 ] ], [ [ 55.9578863, 54.7271011 ], [ 55.9577642, 54.7271201 ] ], [ [ 55.9577642, 54.7271201 ], [ 55.9578863, 54.7271011 ] ], [ [ 55.9577642, 54.7271201 ], [ 55.957681, 54.727133 ] ], [ [ 55.957681, 54.727133 ], [ 55.9577642, 54.7271201 ] ], [ [ 55.957681, 54.727133 ], [ 55.9575317, 54.7271561 ] ], [ [ 55.9575317, 54.7271561 ], [ 55.957681, 54.727133 ] ], [ [ 55.9575317, 54.7271561 ], [ 55.9574094, 54.7271753 ] ], [ [ 55.9574094, 54.7271753 ], [ 55.9575317, 54.7271561 ] ], [ [ 55.9574094, 54.7271753 ], [ 55.9560159, 54.7273911 ] ], [ [ 55.9560159, 54.7273911 ], [ 55.9574094, 54.7271753 ] ], [ [ 55.9560159, 54.7273911 ], [ 55.9548038, 54.7275789 ] ], [ [ 55.9548038, 54.7275789 ], [ 55.9560159, 54.7273911 ] ], [ [ 55.9548038, 54.7275789 ], [ 55.954573, 54.7276147 ] ], [ [ 55.9489332, 54.7363458 ], [ 55.9490981, 54.7363196 ] ], [ [ 55.9489332, 54.7363458 ], [ 55.9479827, 54.7364958 ] ], [ [ 55.9479827, 54.7364958 ], [ 55.9489332, 54.7363458 ] ], [ [ 55.9479827, 54.7364958 ], [ 55.9466295, 54.7367093 ] ], [ [ 55.9466295, 54.7367093 ], [ 55.9479827, 54.7364958 ] ], [ [ 55.9466295, 54.7367093 ], [ 55.9463605, 54.7367517 ] ], [ [ 55.9388458, 54.7352807 ], [ 55.938483688972021, 54.734462033558536 ] ], [ [ 55.9388458, 54.7352807 ], [ 55.9388757, 54.7353484 ] ], [ [ 55.9367273, 54.7306456 ], [ 55.937065482274619, 54.731336911030382 ] ], [ [ 55.9367273, 54.7306456 ], [ 55.9366575, 54.7305029 ] ], [ [ 55.9366001, 54.7303856 ], [ 55.9366575, 54.7305029 ] ], [ [ 55.9366001, 54.7303856 ], [ 55.9363146, 54.7298018 ] ], [ [ 55.9363146, 54.7298018 ], [ 55.936379604069117, 54.729934722506307 ] ], [ [ 55.9363146, 54.7298018 ], [ 55.936251853049313, 54.72966851495746 ] ], [ [ 55.9679418, 54.7286913 ], [ 55.968182036621421, 54.729201590427877 ] ], [ [ 55.9679418, 54.7286913 ], [ 55.9679121, 54.7286282 ] ], [ [ 55.9679121, 54.7286282 ], [ 55.9679418, 54.7286913 ] ], [ [ 55.9679121, 54.7286282 ], [ 55.9677581, 54.728301 ] ], [ [ 55.9677581, 54.728301 ], [ 55.9679121, 54.7286282 ] ], [ [ 55.9677581, 54.728301 ], [ 55.9677052, 54.7281895 ] ], [ [ 55.944438, 54.7332217 ], [ 55.9444578, 54.7332659 ] ], [ [ 55.944438, 54.7332217 ], [ 55.944351, 54.7330414 ] ], [ [ 55.944351, 54.7330414 ], [ 55.944438, 54.7332217 ] ], [ [ 55.944351, 54.7330414 ], [ 55.9442872, 54.7329339 ] ], [ [ 55.9442872, 54.7329339 ], [ 55.944351, 54.7330414 ] ], [ [ 55.9442872, 54.7329339 ], [ 55.9442321, 54.7328574 ] ], [ [ 55.9442321, 54.7328574 ], [ 55.9442872, 54.7329339 ] ], [ [ 55.9442321, 54.7328574 ], [ 55.9441596, 54.732778 ] ], [ [ 55.9450367, 54.7369115 ], [ 55.9453925, 54.7368015 ] ], [ [ 55.9450367, 54.7369115 ], [ 55.9430628, 54.7372141 ] ], [ [ 55.9450367, 54.7369115 ], [ 55.9459125, 54.7367772 ] ], [ [ 55.9453925, 54.7368015 ], [ 55.9450367, 54.7369115 ] ], [ [ 55.9453925, 54.7368015 ], [ 55.9458235, 54.7366225 ] ], [ [ 55.9458235, 54.7366225 ], [ 55.9453925, 54.7368015 ] ], [ [ 55.9458235, 54.7366225 ], [ 55.9458821, 54.7365523 ] ], [ [ 55.9458821, 54.7365523 ], [ 55.9458235, 54.7366225 ] ], [ [ 55.9458821, 54.7365523 ], [ 55.9459437, 54.7364555 ] ], [ [ 55.9592941, 54.7345647 ], [ 55.9586442, 54.734671 ] ], [ [ 55.9592941, 54.7345647 ], [ 55.9593611, 54.7345554 ] ], [ [ 55.9395072, 54.7300234 ], [ 55.9397163, 54.7299882 ] ], [ [ 55.9395072, 54.7300234 ], [ 55.938446, 54.730202 ] ], [ [ 55.938446, 54.730202 ], [ 55.9395072, 54.7300234 ] ], [ [ 55.938446, 54.730202 ], [ 55.9384042, 54.730209 ] ], [ [ 55.9384042, 54.730209 ], [ 55.938446, 54.730202 ] ], [ [ 55.9384042, 54.730209 ], [ 55.9377028, 54.730327 ] ], [ [ 55.9377028, 54.730327 ], [ 55.9384042, 54.730209 ] ], [ [ 55.9377028, 54.730327 ], [ 55.9376712, 54.7303323 ] ], [ [ 55.9376712, 54.7303323 ], [ 55.9377028, 54.730327 ] ], [ [ 55.9376712, 54.7303323 ], [ 55.9369854, 54.7304477 ] ], [ [ 55.9369854, 54.7304477 ], [ 55.9376712, 54.7303323 ] ], [ [ 55.9369854, 54.7304477 ], [ 55.9368519, 54.7304702 ] ], [ [ 55.9368519, 54.7304702 ], [ 55.9369854, 54.7304477 ] ], [ [ 55.9368519, 54.7304702 ], [ 55.9367487, 54.7304876 ] ], [ [ 55.9368519, 54.7304702 ], [ 55.9367954, 54.7303527 ] ], [ [ 55.9368519, 54.7304702 ], [ 55.9369212, 54.7306141 ] ], [ [ 55.9367487, 54.7304876 ], [ 55.9368519, 54.7304702 ] ], [ [ 55.9367487, 54.7304876 ], [ 55.9367091, 54.7304942 ] ], [ [ 55.9367091, 54.7304942 ], [ 55.9367487, 54.7304876 ] ], [ [ 55.9367091, 54.7304942 ], [ 55.9366575, 54.7305029 ] ], [ [ 55.9607959, 54.7354791 ], [ 55.9617733, 54.7356361 ] ], [ [ 55.9607959, 54.7354791 ], [ 55.9606202, 54.7354503 ] ], [ [ 55.9617733, 54.7356361 ], [ 55.9607959, 54.7354791 ] ], [ [ 55.9617733, 54.7356361 ], [ 55.9619917, 54.7356756 ] ], [ [ 55.9619917, 54.7356756 ], [ 55.9629946, 54.7358381 ] ], [ [ 55.9619917, 54.7356756 ], [ 55.9617733, 54.7356361 ] ], [ [ 55.9629946, 54.7358381 ], [ 55.962848961972604, 54.735814502254016 ] ], [ [ 55.9629946, 54.7358381 ], [ 55.963140093924338, 54.735861994857608 ] ], [ [ 55.9521218, 54.7357161 ], [ 55.952025, 54.7355336 ] ], [ [ 55.9521218, 54.7357161 ], [ 55.9517799, 54.735767 ] ], [ [ 55.9521218, 54.7357161 ], [ 55.9525343, 54.7356501 ] ], [ [ 55.9521218, 54.7357161 ], [ 55.9521406, 54.7357494 ] ], [ [ 55.9463784, 54.7238787 ], [ 55.9462959, 54.7237073 ] ], [ [ 55.9463784, 54.7238787 ], [ 55.9465387, 54.7242117 ] ], [ [ 55.9465387, 54.7242117 ], [ 55.9463784, 54.7238787 ] ], [ [ 55.9465387, 54.7242117 ], [ 55.9466287, 54.724396 ] ], [ [ 55.9546387, 54.7277471 ], [ 55.954573, 54.7276147 ] ], [ [ 55.9546387, 54.7277471 ], [ 55.9550898, 54.7286555 ] ], [ [ 55.9430628, 54.7372141 ], [ 55.942092701409869, 54.737362828076776 ] ], [ [ 55.9430628, 54.7372141 ], [ 55.944032896348133, 54.737065383674476 ] ], [ [ 55.9459125, 54.7367772 ], [ 55.9450367, 54.7369115 ] ], [ [ 55.9459125, 54.7367772 ], [ 55.9460656, 54.7367237 ] ], [ [ 55.9488647, 54.7362005 ], [ 55.9490058, 54.7361793 ] ], [ [ 55.9488647, 54.7362005 ], [ 55.9476541, 54.7364035 ] ], [ [ 55.9490058, 54.7361793 ], [ 55.9488647, 54.7362005 ] ], [ [ 55.9490058, 54.7361793 ], [ 55.9492106, 54.7361491 ] ], [ [ 55.9492106, 54.7361491 ], [ 55.9490058, 54.7361793 ] ], [ [ 55.9492106, 54.7361491 ], [ 55.9502649, 54.7359923 ] ], [ [ 55.9502649, 54.7359923 ], [ 55.9492106, 54.7361491 ] ], [ [ 55.9502649, 54.7359923 ], [ 55.9513429, 54.7358319 ] ], [ [ 55.9513429, 54.7358319 ], [ 55.9502649, 54.7359923 ] ], [ [ 55.9513429, 54.7358319 ], [ 55.9517799, 54.735767 ] ], [ [ 55.9517799, 54.735767 ], [ 55.9513429, 54.7358319 ] ], [ [ 55.9517799, 54.735767 ], [ 55.9521218, 54.7357161 ] ], [ [ 55.9365805, 54.7299066 ], [ 55.93676558945252, 54.730290817797901 ] ], [ [ 55.9365805, 54.7299066 ], [ 55.93641506663014, 54.729519391119062 ] ], [ [ 55.9367954, 54.7303527 ], [ 55.9365805, 54.7299066 ] ], [ [ 55.9367954, 54.7303527 ], [ 55.9368519, 54.7304702 ] ], [ [ 55.9369212, 54.7306141 ], [ 55.9368519, 54.7304702 ] ], [ [ 55.9369212, 54.7306141 ], [ 55.937308822907518, 54.73141794924684 ] ], [ [ 55.9390153, 54.7351463 ], [ 55.938635748635782, 54.734308981611072 ] ], [ [ 55.9390153, 54.7351463 ], [ 55.9390614, 54.7352479 ] ], [ [ 55.9390614, 54.7352479 ], [ 55.9390153, 54.7351463 ] ], [ [ 55.9390614, 54.7352479 ], [ 55.9390977, 54.7353207 ] ], [ [ 55.9390991, 54.7354142 ], [ 55.9390977, 54.7353207 ] ], [ [ 55.9390991, 54.7354142 ], [ 55.93951338180711, 54.736336510772055 ] ], [ [ 55.9525343, 54.7356501 ], [ 55.9521218, 54.7357161 ] ], [ [ 55.9525343, 54.7356501 ], [ 55.9536885, 54.7354654 ] ], [ [ 55.9536885, 54.7354654 ], [ 55.9525343, 54.7356501 ] ], [ [ 55.9536885, 54.7354654 ], [ 55.954438, 54.7353457 ] ], [ [ 55.954438, 54.7353457 ], [ 55.9536885, 54.7354654 ] ], [ [ 55.954438, 54.7353457 ], [ 55.9552834, 54.7352102 ] ], [ [ 55.9552834, 54.7352102 ], [ 55.954438, 54.7353457 ] ], [ [ 55.9552834, 54.7352102 ], [ 55.957551, 54.7348474 ] ], [ [ 55.957551, 54.7348474 ], [ 55.9552834, 54.7352102 ] ], [ [ 55.957551, 54.7348474 ], [ 55.9576395, 54.7348331 ] ], [ [ 55.9576395, 54.7348331 ], [ 55.957551, 54.7348474 ] ], [ [ 55.9576395, 54.7348331 ], [ 55.9579542, 54.7347829 ] ], [ [ 55.9521406, 54.7357494 ], [ 55.9521218, 54.7357161 ] ], [ [ 55.9521406, 54.7357494 ], [ 55.9521566, 54.7357775 ] ], [ [ 55.9521566, 54.7357775 ], [ 55.9521406, 54.7357494 ] ], [ [ 55.9521566, 54.7357775 ], [ 55.9521876, 54.7358324 ] ], [ [ 55.9593611, 54.7345554 ], [ 55.9592941, 54.7345647 ] ], [ [ 55.9593611, 54.7345554 ], [ 55.9594719, 54.7345401 ] ], [ [ 55.9594719, 54.7345401 ], [ 55.9593611, 54.7345554 ] ], [ [ 55.9594719, 54.7345401 ], [ 55.9599348, 54.7344649 ] ], [ [ 55.9599348, 54.7344649 ], [ 55.9594719, 54.7345401 ] ], [ [ 55.9599348, 54.7344649 ], [ 55.9617749, 54.7341853 ] ], [ [ 55.9617749, 54.7341853 ], [ 55.95999020007568, 54.734456482054689 ] ], [ [ 55.9617749, 54.7341853 ], [ 55.9621409, 54.7341258 ] ], [ [ 55.9621409, 54.7341258 ], [ 55.9617749, 54.7341853 ] ], [ [ 55.9621409, 54.7341258 ], [ 55.9633635, 54.7339361 ] ], [ [ 55.9633635, 54.7339361 ], [ 55.963171063787975, 54.733965958620502 ] ], [ [ 55.9633635, 54.7339361 ], [ 55.963555603144016, 54.733905532904956 ] ], [ [ 55.9584442, 54.7347022 ], [ 55.9579542, 54.7347829 ] ], [ [ 55.9584442, 54.7347022 ], [ 55.9586442, 54.734671 ] ], [ [ 55.9518368, 54.7233888 ], [ 55.953056440248311, 54.722751844684517 ] ], [ [ 55.9518368, 54.7233888 ], [ 55.9516389, 54.7234952 ] ], [ [ 55.9434258, 54.7323806 ], [ 55.943516, 54.7324398 ] ], [ [ 55.9434258, 54.7323806 ], [ 55.9433619, 54.7323296 ] ], [ [ 55.9433619, 54.7323296 ], [ 55.9434258, 54.7323806 ] ], [ [ 55.9433619, 54.7323296 ], [ 55.9433091, 54.7322823 ] ], [ [ 55.9433091, 54.7322823 ], [ 55.9433619, 54.7323296 ] ], [ [ 55.9433091, 54.7322823 ], [ 55.9432394, 54.7322089 ] ], [ [ 55.9432394, 54.7322089 ], [ 55.9433091, 54.7322823 ] ], [ [ 55.9432394, 54.7322089 ], [ 55.9432007, 54.7321349 ] ], [ [ 55.9432007, 54.7321349 ], [ 55.9432394, 54.7322089 ] ], [ [ 55.9432007, 54.7321349 ], [ 55.9431646, 54.7320621 ] ], [ [ 55.9431646, 54.7320621 ], [ 55.9432007, 54.7321349 ] ], [ [ 55.9431646, 54.7320621 ], [ 55.9431504, 54.7320018 ] ], [ [ 55.9431504, 54.7320018 ], [ 55.9431646, 54.7320621 ] ], [ [ 55.9431504, 54.7320018 ], [ 55.9431336, 54.7319288 ] ], [ [ 55.9431336, 54.7319288 ], [ 55.9431504, 54.7320018 ] ], [ [ 55.9431336, 54.7319288 ], [ 55.9431338, 54.7318497 ] ], [ [ 55.9431338, 54.7318497 ], [ 55.9431336, 54.7319288 ] ], [ [ 55.9431338, 54.7318497 ], [ 55.9431587, 54.7317574 ] ], [ [ 55.9431587, 54.7317574 ], [ 55.9431338, 54.7318497 ] ], [ [ 55.9431587, 54.7317574 ], [ 55.9432184, 54.7316422 ] ], [ [ 55.9432184, 54.7316422 ], [ 55.9431587, 54.7317574 ] ], [ [ 55.9432184, 54.7316422 ], [ 55.943273018424343, 54.731539119563301 ] ], [ [ 55.9432876, 54.7315116 ], [ 55.943273018424343, 54.731539119563301 ] ], [ [ 55.9432876, 54.7315116 ], [ 55.9433682, 54.7313629 ] ], [ [ 55.9433682, 54.7313629 ], [ 55.9432876, 54.7315116 ] ], [ [ 55.9433682, 54.7313629 ], [ 55.943393, 54.7312998 ] ], [ [ 55.943393, 54.7312998 ], [ 55.9433682, 54.7313629 ] ], [ [ 55.943393, 54.7312998 ], [ 55.9434025, 54.7312191 ] ], [ [ 55.9434025, 54.7312191 ], [ 55.943393, 54.7312998 ] ], [ [ 55.9434025, 54.7312191 ], [ 55.943384, 54.73114 ] ], [ [ 55.943384, 54.73114 ], [ 55.9434025, 54.7312191 ] ], [ [ 55.943384, 54.73114 ], [ 55.9433582, 54.7310497 ] ], [ [ 55.9433582, 54.7310497 ], [ 55.943384, 54.73114 ] ], [ [ 55.9433582, 54.7310497 ], [ 55.9430462, 54.7303983 ] ], [ [ 55.9430462, 54.7303983 ], [ 55.9433582, 54.7310497 ] ], [ [ 55.9430462, 54.7303983 ], [ 55.9427615, 54.7298004 ] ], [ [ 55.9427615, 54.7298004 ], [ 55.9430462, 54.7303983 ] ], [ [ 55.9427615, 54.7298004 ], [ 55.9426779, 54.729629 ] ], [ [ 55.9426779, 54.729629 ], [ 55.9427615, 54.7298004 ] ], [ [ 55.9426779, 54.729629 ], [ 55.9426289, 54.7295267 ] ], [ [ 55.9462629, 54.7366368 ], [ 55.9476541, 54.7364035 ] ], [ [ 55.9462629, 54.7366368 ], [ 55.9460656, 54.7367237 ] ], [ [ 55.9476541, 54.7364035 ], [ 55.9462629, 54.7366368 ] ], [ [ 55.9476541, 54.7364035 ], [ 55.9488647, 54.7362005 ] ], [ [ 55.957988, 54.7348492 ], [ 55.9580196, 54.7349109 ] ], [ [ 55.957988, 54.7348492 ], [ 55.9579754, 54.7348244 ] ], [ [ 55.9579754, 54.7348244 ], [ 55.957988, 54.7348492 ] ], [ [ 55.9579754, 54.7348244 ], [ 55.9579542, 54.7347829 ] ], [ [ 55.9585622, 54.7354213 ], [ 55.9587152, 54.7354324 ] ], [ [ 55.9585622, 54.7354213 ], [ 55.9584598, 54.7354104 ] ], [ [ 55.9584598, 54.7354104 ], [ 55.9585622, 54.7354213 ] ], [ [ 55.9584598, 54.7354104 ], [ 55.9583728, 54.7353892 ] ], [ [ 55.9583728, 54.7353892 ], [ 55.9584598, 54.7354104 ] ], [ [ 55.9583728, 54.7353892 ], [ 55.9582134, 54.7352953 ] ], [ [ 55.947296260095136, 54.728761552162098 ], [ 55.9475756, 54.7287154 ] ], [ [ 55.947296260095136, 54.728761552162098 ], [ 55.946885, 54.7288295 ] ], [ [ 55.942150986791773, 54.726947161417847 ], [ 55.9430264, 54.7268078 ] ], [ [ 55.942150986791773, 54.726947161417847 ], [ 55.9416947, 54.7270198 ] ], [ [ 55.950532996577586, 54.733527034666984 ], [ 55.9498756, 54.73364 ] ], [ [ 55.950532996577586, 54.733527034666984 ], [ 55.9507072, 54.7334971 ] ], [ [ 55.960780988846601, 54.729306322915399 ], [ 55.9605437, 54.7293446 ] ], [ [ 55.960780988846601, 54.729306322915399 ], [ 55.962339, 54.729055 ] ], [ [ 55.944140458970629, 54.732763918542091 ], [ 55.9441596, 54.732778 ] ], [ [ 55.944140458970629, 54.732763918542091 ], [ 55.9440654, 54.7327087 ] ], [ [ 55.943273018424343, 54.731539119563301 ], [ 55.9432184, 54.7316422 ] ], [ [ 55.943273018424343, 54.731539119563301 ], [ 55.9432876, 54.7315116 ] ], [ [ 55.95075453643976, 54.730907740582957 ], [ 55.9505214, 54.7309487 ] ], [ [ 55.95075453643976, 54.730907740582957 ], [ 55.9514617, 54.7307835 ] ] ] } },
{ "type": "Feature", "properties": { "full_id": "n12246170750", "osm_id": "12246170750", "osm_type": "node", "amenity": "community_centre", "entrance": null, "full_name": null, "community_centre": null, "check_date": "2024-10-12", "operator": null, "contact:phone": null, "opening_hours": null, "name": "Любящие сердца", "type": "lines", "start": "55.9972314, 54.6882826" }, "geometry": { "type": "MultiLineString", "coordinates": [ [ [ 56.0020829, 54.6929974 ], [ 56.002184, 54.6930724 ] ], [ [ 56.0020829, 54.6929974 ], [ 56.0019972, 54.6929327 ] ], [ [ 56.0020829, 54.6929974 ], [ 56.0019748, 54.6930609 ] ], [ [ 56.002184, 54.6930724 ], [ 56.0020829, 54.6929974 ] ], [ [ 56.002184, 54.6930724 ], [ 56.0033631, 54.693947 ] ], [ [ 56.0033631, 54.693947 ], [ 56.002184, 54.6930724 ] ], [ [ 56.0033631, 54.693947 ], [ 56.0034234, 54.6939911 ] ], [ [ 56.0034234, 54.6939911 ], [ 56.0033631, 54.693947 ] ], [ [ 56.0034234, 54.6939911 ], [ 56.0038794, 54.69433 ] ], [ [ 56.0038794, 54.69433 ], [ 56.0034234, 54.6939911 ] ], [ [ 56.0038794, 54.69433 ], [ 56.0039948, 54.6944155 ] ], [ [ 56.0039948, 54.6944155 ], [ 56.0038794, 54.69433 ] ], [ [ 56.0039948, 54.6944155 ], [ 56.004663, 54.6948794 ] ], [ [ 56.004663, 54.6948794 ], [ 56.0039948, 54.6944155 ] ], [ [ 56.004663, 54.6948794 ], [ 56.0051258, 54.69521 ] ], [ [ 56.0051258, 54.69521 ], [ 56.004663, 54.6948794 ] ], [ [ 56.0051258, 54.69521 ], [ 56.0056799, 54.6956507 ] ], [ [ 56.0056799, 54.6956507 ], [ 56.0051258, 54.69521 ] ], [ [ 56.0056799, 54.6956507 ], [ 56.0060103, 54.6958965 ] ], [ [ 56.0060103, 54.6958965 ], [ 56.0056799, 54.6956507 ] ], [ [ 56.0060103, 54.6958965 ], [ 56.0061718, 54.6960239 ] ], [ [ 56.0061718, 54.6960239 ], [ 56.0060103, 54.6958965 ] ], [ [ 56.0061718, 54.6960239 ], [ 56.0064084, 54.69629 ] ], [ [ 56.0064084, 54.69629 ], [ 56.0061718, 54.6960239 ] ], [ [ 56.0064084, 54.69629 ], [ 56.0064953, 54.6964359 ] ], [ [ 56.0064953, 54.6964359 ], [ 56.0064084, 54.69629 ] ], [ [ 56.0064953, 54.6964359 ], [ 56.0065328, 54.6965325 ] ], [ [ 56.0019972, 54.6929327 ], [ 56.0020829, 54.6929974 ] ], [ [ 56.0019972, 54.6929327 ], [ 56.0013325, 54.6924311 ] ], [ [ 56.0013325, 54.6924311 ], [ 56.0019972, 54.6929327 ] ], [ [ 56.0013325, 54.6924311 ], [ 56.0007373, 54.6920347 ] ], [ [ 56.0007373, 54.6920347 ], [ 56.0013325, 54.6924311 ] ], [ [ 56.0007373, 54.6920347 ], [ 56.0001949, 54.6917732 ] ], [ [ 56.0001949, 54.6917732 ], [ 56.0007373, 54.6920347 ] ], [ [ 56.0001949, 54.6917732 ], [ 56.0001599, 54.6917563 ] ], [ [ 56.0001599, 54.6917563 ], [ 56.0001949, 54.6917732 ] ], [ [ 56.0001599, 54.6917563 ], [ 55.9994997, 54.6914715 ] ], [ [ 55.9994997, 54.6914715 ], [ 56.0001599, 54.6917563 ] ], [ [ 55.9994997, 54.6914715 ], [ 55.9989872, 54.6911931 ] ], [ [ 55.9989872, 54.6911931 ], [ 55.9994997, 54.6914715 ] ], [ [ 55.9989872, 54.6911931 ], [ 55.9985452, 54.6908593 ] ], [ [ 55.9985452, 54.6908593 ], [ 55.9989872, 54.6911931 ] ], [ [ 55.9985452, 54.6908593 ], [ 55.9985246, 54.6908042 ] ], [ [ 55.9985246, 54.6908042 ], [ 55.9985452, 54.6908593 ] ], [ [ 55.9985246, 54.6908042 ], [ 55.9983425, 54.6903166 ] ], [ [ 55.9983425, 54.6903166 ], [ 55.9985246, 54.6908042 ] ], [ [ 55.9983425, 54.6903166 ], [ 55.9983218, 54.6902417 ] ], [ [ 55.9983218, 54.6902417 ], [ 55.9983425, 54.6903166 ] ], [ [ 55.9983218, 54.6902417 ], [ 55.9982905, 54.6901287 ] ], [ [ 55.9982905, 54.6901287 ], [ 55.9983218, 54.6902417 ] ], [ [ 55.9982905, 54.6901287 ], [ 55.998116, 54.6895605 ] ], [ [ 55.998116, 54.6895605 ], [ 55.9982905, 54.6901287 ] ], [ [ 55.998116, 54.6895605 ], [ 55.9978768, 54.6888164 ] ], [ [ 55.9978768, 54.6888164 ], [ 55.998116, 54.6895605 ] ], [ [ 55.9978768, 54.6888164 ], [ 55.9978165, 54.6886051 ] ], [ [ 56.0065328, 54.6965325 ], [ 56.0064953, 54.6964359 ] ], [ [ 56.0065328, 54.6965325 ], [ 56.0066101, 54.6967321 ] ], [ [ 56.0066101, 54.6967321 ], [ 56.0065328, 54.6965325 ] ], [ [ 56.0066101, 54.6967321 ], [ 56.0066938, 54.6970437 ] ], [ [ 56.0066938, 54.6970437 ], [ 56.0066101, 54.6967321 ] ], [ [ 56.0066938, 54.6970437 ], [ 56.0067103, 54.6974327 ] ], [ [ 56.0067103, 54.6974327 ], [ 56.006702156913498, 54.697240720566597 ] ], [ [ 56.0067103, 54.6974327 ], [ 56.006720297397464, 54.697624650031237 ] ], [ [ 55.9961634, 54.6855205 ], [ 55.9966521, 54.6862358 ] ], [ [ 55.9961634, 54.6855205 ], [ 55.9951607, 54.6858036 ] ], [ [ 55.9966521, 54.6862358 ], [ 55.9961634, 54.6855205 ] ], [ [ 55.9966521, 54.6862358 ], [ 55.996897, 54.6865566 ] ], [ [ 55.996897, 54.6865566 ], [ 55.9966521, 54.6862358 ] ], [ [ 55.996897, 54.6865566 ], [ 55.9969844, 54.6866646 ] ], [ [ 55.9969844, 54.6866646 ], [ 55.996897, 54.6865566 ] ], [ [ 55.9969844, 54.6866646 ], [ 55.9970665, 54.6867846 ] ], [ [ 55.9902021, 54.6877269 ], [ 55.9914431, 54.6872375 ] ], [ [ 55.9914431, 54.6872375 ], [ 55.9902021, 54.6877269 ] ], [ [ 55.9914431, 54.6872375 ], [ 55.9915895, 54.6871798 ] ], [ [ 55.9915895, 54.6871798 ], [ 55.9914431, 54.6872375 ] ], [ [ 55.9915895, 54.6871798 ], [ 55.9917739, 54.6871066 ] ], [ [ 55.9917739, 54.6871066 ], [ 55.9915895, 54.6871798 ] ], [ [ 55.9917739, 54.6871066 ], [ 55.9926379, 54.6867635 ] ], [ [ 55.9926379, 54.6867635 ], [ 55.9917739, 54.6871066 ] ], [ [ 55.9926379, 54.6867635 ], [ 55.992799, 54.6866997 ] ], [ [ 55.992799, 54.6866997 ], [ 55.9926379, 54.6867635 ] ], [ [ 55.992799, 54.6866997 ], [ 55.9929305, 54.6866473 ] ], [ [ 55.9929305, 54.6866473 ], [ 55.992799, 54.6866997 ] ], [ [ 55.9929305, 54.6866473 ], [ 55.9934457, 54.6864427 ] ], [ [ 55.9934457, 54.6864427 ], [ 55.9929305, 54.6866473 ] ], [ [ 55.9934457, 54.6864427 ], [ 55.9935399, 54.6864053 ] ], [ [ 55.9935399, 54.6864053 ], [ 55.9934457, 54.6864427 ] ], [ [ 55.9935399, 54.6864053 ], [ 55.9940381, 54.6862075 ] ], [ [ 55.9940381, 54.6862075 ], [ 55.9935399, 54.6864053 ] ], [ [ 55.9940381, 54.6862075 ], [ 55.9951607, 54.6858036 ] ], [ [ 55.9951607, 54.6858036 ], [ 55.9940381, 54.6862075 ] ], [ [ 55.9951607, 54.6858036 ], [ 55.9961634, 54.6855205 ] ], [ [ 55.9970665, 54.6867846 ], [ 55.9969844, 54.6866646 ] ], [ [ 55.9970665, 54.6867846 ], [ 55.9973855, 54.6872795 ] ], [ [ 55.9973855, 54.6872795 ], [ 55.9970665, 54.6867846 ] ], [ [ 55.9973855, 54.6872795 ], [ 55.9975051, 54.6875147 ] ], [ [ 55.9975051, 54.6875147 ], [ 55.9973855, 54.6872795 ] ], [ [ 55.9975051, 54.6875147 ], [ 55.9975101, 54.6875323 ] ], [ [ 55.9975101, 54.6875323 ], [ 55.9975051, 54.6875147 ] ], [ [ 55.9975101, 54.6875323 ], [ 55.9975622, 54.6877146 ] ], [ [ 55.9975622, 54.6877146 ], [ 55.9975101, 54.6875323 ] ], [ [ 55.9975622, 54.6877146 ], [ 55.9976742, 54.6881069 ] ], [ [ 55.9976742, 54.6881069 ], [ 55.9975622, 54.6877146 ] ], [ [ 55.9976742, 54.6881069 ], [ 55.997687199190537, 54.688152410869485 ] ], [ [ 55.9978165, 54.6886051 ], [ 55.997687199190537, 54.688152410869485 ] ], [ [ 55.9978165, 54.6886051 ], [ 55.9978768, 54.6888164 ] ], [ [ 55.9955505, 54.6968202 ], [ 55.995406924622337, 54.696905068535919 ] ], [ [ 55.9955505, 54.6968202 ], [ 55.995583682400131, 54.696800830705811 ] ], [ [ 55.9969659, 54.695994 ], [ 55.995583682400131, 54.696800830705811 ] ], [ [ 55.9969659, 54.695994 ], [ 55.9975115, 54.6956798 ] ], [ [ 55.9975115, 54.6956798 ], [ 55.9969659, 54.695994 ] ], [ [ 55.9975115, 54.6956798 ], [ 55.9975827, 54.6956384 ] ], [ [ 55.9975827, 54.6956384 ], [ 55.9975115, 54.6956798 ] ], [ [ 55.9975827, 54.6956384 ], [ 55.9980989, 54.6953352 ] ], [ [ 55.9980989, 54.6953352 ], [ 55.9975827, 54.6956384 ] ], [ [ 55.9980989, 54.6953352 ], [ 55.9991599, 54.6947128 ] ], [ [ 55.9991599, 54.6947128 ], [ 55.9980989, 54.6953352 ] ], [ [ 55.9991599, 54.6947128 ], [ 56.000314, 54.6940359 ] ], [ [ 56.000314, 54.6940359 ], [ 55.9991599, 54.6947128 ] ], [ [ 56.000314, 54.6940359 ], [ 56.000521, 54.6939144 ] ], [ [ 56.000521, 54.6939144 ], [ 56.000314, 54.6940359 ] ], [ [ 56.000521, 54.6939144 ], [ 56.0007204, 54.6937973 ] ], [ [ 56.0007204, 54.6937973 ], [ 56.000521, 54.6939144 ] ], [ [ 56.0007204, 54.6937973 ], [ 56.0007958, 54.693753 ] ], [ [ 56.0007958, 54.693753 ], [ 56.0007204, 54.6937973 ] ], [ [ 56.0007958, 54.693753 ], [ 56.0019748, 54.6930609 ] ], [ [ 56.0019748, 54.6930609 ], [ 56.0007958, 54.693753 ] ], [ [ 56.0019748, 54.6930609 ], [ 56.0020829, 54.6929974 ] ], [ [ 55.995583682400131, 54.696800830705811 ], [ 55.9955505, 54.6968202 ] ], [ [ 55.995583682400131, 54.696800830705811 ], [ 55.995761357389298, 54.696697117920699 ] ], [ [ 55.997687199190537, 54.688152410869485 ], [ 55.9976742, 54.6881069 ] ], [ [ 55.997687199190537, 54.688152410869485 ], [ 55.9978165, 54.6886051 ] ] ] } },
{ "type": "Feature", "properties": { "full_id": "n13128332939", "osm_id": "13128332939", "osm_type": "node", "amenity": "community_centre", "entrance": null, "full_name": null, "community_centre": "cultural_centre", "check_date": null, "operator": null, "contact:phone": null, "opening_hours": null, "name": "Уфимский Дом культуры глухих", "type": "lines", "start": "56.0139821, 54.7529881" }, "geometry": { "type": "MultiLineString", "coordinates": [ [ [ 55.9984498, 54.7585272 ], [ 55.997940892698033, 54.758740811090505 ] ], [ [ 55.9984498, 54.7585272 ], [ 55.998958732227635, 54.758313613719281 ] ], [ [ 55.9997987, 54.7579611 ], [ 55.9984498, 54.7585272 ] ], [ [ 55.9997987, 54.7579611 ], [ 56.0006191, 54.7576168 ] ], [ [ 56.0006191, 54.7576168 ], [ 55.9997987, 54.7579611 ] ], [ [ 56.0006191, 54.7576168 ], [ 56.0011304, 54.7574022 ] ], [ [ 56.0011304, 54.7574022 ], [ 56.0006191, 54.7576168 ] ], [ [ 56.0011304, 54.7574022 ], [ 56.0018684, 54.7570925 ] ], [ [ 56.0018684, 54.7570925 ], [ 56.0011304, 54.7574022 ] ], [ [ 56.0018684, 54.7570925 ], [ 56.0023785, 54.7568784 ] ], [ [ 56.0166375, 54.7508127 ], [ 56.0177117, 54.7503545 ] ], [ [ 56.0166375, 54.7508127 ], [ 56.0164185, 54.7509032 ] ], [ [ 56.0177117, 54.7503545 ], [ 56.0166375, 54.7508127 ] ], [ [ 56.0177117, 54.7503545 ], [ 56.017943, 54.7502562 ] ], [ [ 56.0010498, 54.752534 ], [ 55.999838839149248, 54.751595160776532 ] ], [ [ 56.0010498, 54.752534 ], [ 56.0018647, 54.7531794 ] ], [ [ 56.0018647, 54.7531794 ], [ 56.0010498, 54.752534 ] ], [ [ 56.0018647, 54.7531794 ], [ 56.003879311976064, 54.754768504417044 ] ], [ [ 56.0044872, 54.755248 ], [ 56.0018647, 54.7531794 ] ], [ [ 56.0044872, 54.755248 ], [ 56.0051161, 54.755721 ] ], [ [ 56.0051161, 54.755721 ], [ 56.0044872, 54.755248 ] ], [ [ 56.0051161, 54.755721 ], [ 56.0053259, 54.7558809 ] ], [ [ 56.0051161, 54.755721 ], [ 56.0049026, 54.7558191 ] ], [ [ 56.0051161, 54.755721 ], [ 56.0053718, 54.7555999 ] ], [ [ 56.017943, 54.7502562 ], [ 56.0183475, 54.7501002 ] ], [ [ 56.017943, 54.7502562 ], [ 56.0177117, 54.7503545 ] ], [ [ 56.0183475, 54.7501002 ], [ 56.017943, 54.7502562 ] ], [ [ 56.0183475, 54.7501002 ], [ 56.0187228, 54.7499381 ] ], [ [ 56.0187228, 54.7499381 ], [ 56.0183475, 54.7501002 ] ], [ [ 56.0187228, 54.7499381 ], [ 56.0189818, 54.7498282 ] ], [ [ 56.0189818, 54.7498282 ], [ 56.0187228, 54.7499381 ] ], [ [ 56.0189818, 54.7498282 ], [ 56.0192928, 54.7496963 ] ], [ [ 56.0192928, 54.7496963 ], [ 56.0189818, 54.7498282 ] ], [ [ 56.0192928, 54.7496963 ], [ 56.019429, 54.7496383 ] ], [ [ 56.019429, 54.7496383 ], [ 56.0192928, 54.7496963 ] ], [ [ 56.019429, 54.7496383 ], [ 56.0204888, 54.7491841 ] ], [ [ 56.0204888, 54.7491841 ], [ 56.019429, 54.7496383 ] ], [ [ 56.0204888, 54.7491841 ], [ 56.0207182, 54.7490836 ] ], [ [ 56.0207182, 54.7490836 ], [ 56.0204888, 54.7491841 ] ], [ [ 56.0207182, 54.7490836 ], [ 56.0207644, 54.7490641 ] ], [ [ 56.0207644, 54.7490641 ], [ 56.0207182, 54.7490836 ] ], [ [ 56.0207644, 54.7490641 ], [ 56.0213607, 54.7488146 ] ], [ [ 56.0213607, 54.7488146 ], [ 56.0207644, 54.7490641 ] ], [ [ 56.0213607, 54.7488146 ], [ 56.0217839, 54.7486372 ] ], [ [ 56.0217839, 54.7486372 ], [ 56.0213607, 54.7488146 ] ], [ [ 56.0217839, 54.7486372 ], [ 56.0220542, 54.748518 ] ], [ [ 56.0220542, 54.748518 ], [ 56.0217839, 54.7486372 ] ], [ [ 56.0220542, 54.748518 ], [ 56.0221504, 54.7484745 ] ], [ [ 56.0221504, 54.7484745 ], [ 56.0220542, 54.748518 ] ], [ [ 56.0221504, 54.7484745 ], [ 56.0225092, 54.7483134 ] ], [ [ 56.0225092, 54.7483134 ], [ 56.0221504, 54.7484745 ] ], [ [ 56.0225092, 54.7483134 ], [ 56.0227217, 54.7482093 ] ], [ [ 56.0227217, 54.7482093 ], [ 56.0225092, 54.7483134 ] ], [ [ 56.0227217, 54.7482093 ], [ 56.0231678, 54.7479562 ] ], [ [ 56.0231678, 54.7479562 ], [ 56.0227217, 54.7482093 ] ], [ [ 56.0231678, 54.7479562 ], [ 56.0237346, 54.7476347 ] ], [ [ 56.0237346, 54.7476347 ], [ 56.0231678, 54.7479562 ] ], [ [ 56.0237346, 54.7476347 ], [ 56.024286, 54.7472194 ] ], [ [ 56.024286, 54.7472194 ], [ 56.0237346, 54.7476347 ] ], [ [ 56.024286, 54.7472194 ], [ 56.0249448, 54.7467232 ] ], [ [ 56.0249448, 54.7467232 ], [ 56.024286, 54.7472194 ] ], [ [ 56.0249448, 54.7467232 ], [ 56.0259765, 54.7457663 ] ], [ [ 56.0259765, 54.7457663 ], [ 56.0249448, 54.7467232 ] ], [ [ 56.0259765, 54.7457663 ], [ 56.0260067, 54.7457383 ] ], [ [ 56.0260067, 54.7457383 ], [ 56.0259765, 54.7457663 ] ], [ [ 56.0260067, 54.7457383 ], [ 56.0266607, 54.7450962 ] ], [ [ 56.0266607, 54.7450962 ], [ 56.0260067, 54.7457383 ] ], [ [ 56.0266607, 54.7450962 ], [ 56.0267642, 54.7449873 ] ], [ [ 56.0267642, 54.7449873 ], [ 56.0266607, 54.7450962 ] ], [ [ 56.0267642, 54.7449873 ], [ 56.027384396454472, 54.744421876033343 ] ], [ [ 56.0267642, 54.7449873 ], [ 56.0266438, 54.7446078 ] ], [ [ 56.0089893, 54.759058 ], [ 56.009986223790001, 54.759831916696037 ] ], [ [ 56.0089893, 54.759058 ], [ 56.008008489278026, 54.758277241173175 ] ], [ [ 56.0071385, 54.7575847 ], [ 56.0089893, 54.759058 ] ], [ [ 56.0071385, 54.7575847 ], [ 56.0056315, 54.7563937 ] ], [ [ 56.0056315, 54.7563937 ], [ 56.0071385, 54.7575847 ] ], [ [ 56.0056315, 54.7563937 ], [ 56.0049026, 54.7558191 ] ], [ [ 56.0049026, 54.7558191 ], [ 56.0056315, 54.7563937 ] ], [ [ 56.0049026, 54.7558191 ], [ 56.0043342, 54.7553297 ] ], [ [ 56.0049026, 54.7558191 ], [ 56.0051161, 54.755721 ] ], [ [ 56.0049026, 54.7558191 ], [ 56.0046368, 54.7559306 ] ], [ [ 56.0073303, 54.7547612 ], [ 56.0075934, 54.7546523 ] ], [ [ 56.0073303, 54.7547612 ], [ 56.0071049, 54.7548609 ] ], [ [ 56.0075934, 54.7546523 ], [ 56.0073303, 54.7547612 ] ], [ [ 56.0075934, 54.7546523 ], [ 56.0076846, 54.7546153 ] ], [ [ 56.0098662, 54.7536864 ], [ 56.0110693, 54.7531802 ] ], [ [ 56.0098662, 54.7536864 ], [ 56.0096908, 54.7537595 ] ], [ [ 56.0110693, 54.7531802 ], [ 56.0098662, 54.7536864 ] ], [ [ 56.0110693, 54.7531802 ], [ 56.0111651, 54.7531395 ] ], [ [ 56.0111651, 54.7531395 ], [ 56.0110693, 54.7531802 ] ], [ [ 56.0111651, 54.7531395 ], [ 56.0112412, 54.7531114 ] ], [ [ 56.0112412, 54.7531114 ], [ 56.0111651, 54.7531395 ] ], [ [ 56.0112412, 54.7531114 ], [ 56.0119092, 54.7528256 ] ], [ [ 56.0119092, 54.7528256 ], [ 56.0112412, 54.7531114 ] ], [ [ 56.0119092, 54.7528256 ], [ 56.012939, 54.752393 ] ], [ [ 56.012939, 54.752393 ], [ 56.0119092, 54.7528256 ] ], [ [ 56.012939, 54.752393 ], [ 56.013604674791466, 54.752107644819475 ] ], [ [ 56.0136596, 54.7520841 ], [ 56.013604674791466, 54.752107644819475 ] ], [ [ 56.0136596, 54.7520841 ], [ 56.0144903, 54.751728 ] ], [ [ 56.0144903, 54.751728 ], [ 56.0136596, 54.7520841 ] ], [ [ 56.0144903, 54.751728 ], [ 56.0146458, 54.7516596 ] ], [ [ 56.0146458, 54.7516596 ], [ 56.0144903, 54.751728 ] ], [ [ 56.0146458, 54.7516596 ], [ 56.0152815, 54.7513802 ] ], [ [ 56.0152815, 54.7513802 ], [ 56.0146458, 54.7516596 ] ], [ [ 56.0152815, 54.7513802 ], [ 56.0164185, 54.7509032 ] ], [ [ 56.0164185, 54.7509032 ], [ 56.0152815, 54.7513802 ] ], [ [ 56.0164185, 54.7509032 ], [ 56.0166375, 54.7508127 ] ], [ [ 56.0076846, 54.7546153 ], [ 56.0075934, 54.7546523 ] ], [ [ 56.0076846, 54.7546153 ], [ 56.0086747, 54.7541821 ] ], [ [ 56.0086747, 54.7541821 ], [ 56.0076846, 54.7546153 ] ], [ [ 56.0086747, 54.7541821 ], [ 56.0092135, 54.7539511 ] ], [ [ 56.0053259, 54.7558809 ], [ 56.0051161, 54.755721 ] ], [ [ 56.0053259, 54.7558809 ], [ 56.0058389, 54.7562873 ] ], [ [ 56.0058389, 54.7562873 ], [ 56.0053259, 54.7558809 ] ], [ [ 56.0058389, 54.7562873 ], [ 56.0065905, 54.756865 ] ], [ [ 56.0065905, 54.756865 ], [ 56.0058389, 54.7562873 ] ], [ [ 56.0065905, 54.756865 ], [ 56.0072167, 54.7573573 ] ], [ [ 56.0072167, 54.7573573 ], [ 56.0065905, 54.756865 ] ], [ [ 56.0072167, 54.7573573 ], [ 56.0086426, 54.7584996 ] ], [ [ 56.0086426, 54.7584996 ], [ 56.0072167, 54.7573573 ] ], [ [ 56.0086426, 54.7584996 ], [ 56.0091041, 54.7588731 ] ], [ [ 56.0091041, 54.7588731 ], [ 56.0086426, 54.7584996 ] ], [ [ 56.0091041, 54.7588731 ], [ 56.0092233, 54.7589699 ] ], [ [ 56.0092233, 54.7589699 ], [ 56.0091041, 54.7588731 ] ], [ [ 56.0092233, 54.7589699 ], [ 56.0100754, 54.7596488 ] ], [ [ 56.0100754, 54.7596488 ], [ 56.009802528623844, 54.759431393149541 ] ], [ [ 56.0100754, 54.7596488 ], [ 56.010343806318666, 54.759868059385056 ] ], [ [ 56.0043342, 54.7553297 ], [ 56.0049026, 54.7558191 ] ], [ [ 56.0043342, 54.7553297 ], [ 56.0036967, 54.754826 ] ], [ [ 56.0036967, 54.754826 ], [ 56.0043342, 54.7553297 ] ], [ [ 56.0036967, 54.754826 ], [ 56.0016565, 54.7532228 ] ], [ [ 56.0016565, 54.7532228 ], [ 56.003470736016538, 54.754648436301203 ] ], [ [ 56.0016565, 54.7532228 ], [ 55.999837423930146, 54.751799261285697 ] ], [ [ 56.0053718, 54.7555999 ], [ 56.0051161, 54.755721 ] ], [ [ 56.0053718, 54.7555999 ], [ 56.0065197, 54.7551084 ] ], [ [ 56.0065197, 54.7551084 ], [ 56.0053718, 54.7555999 ] ], [ [ 56.0065197, 54.7551084 ], [ 56.0069801, 54.7549152 ] ], [ [ 56.0266438, 54.7446078 ], [ 56.026556244015197, 54.744328540528251 ] ], [ [ 56.0266438, 54.7446078 ], [ 56.026732364001433, 54.744886953144039 ] ], [ [ 56.0069801, 54.7549152 ], [ 56.0065197, 54.7551084 ] ], [ [ 56.0069801, 54.7549152 ], [ 56.0071049, 54.7548609 ] ], [ [ 56.0071049, 54.7548609 ], [ 56.0069801, 54.7549152 ] ], [ [ 56.0071049, 54.7548609 ], [ 56.0073303, 54.7547612 ] ], [ [ 56.0092135, 54.7539511 ], [ 56.0086747, 54.7541821 ] ], [ [ 56.0092135, 54.7539511 ], [ 56.0096908, 54.7537595 ] ], [ [ 56.0096908, 54.7537595 ], [ 56.0092135, 54.7539511 ] ], [ [ 56.0096908, 54.7537595 ], [ 56.0098662, 54.7536864 ] ], [ [ 56.0043732, 54.7560422 ], [ 56.0046368, 54.7559306 ] ], [ [ 56.0043732, 54.7560422 ], [ 56.0038423, 54.7562641 ] ], [ [ 56.0046368, 54.7559306 ], [ 56.0043732, 54.7560422 ] ], [ [ 56.0046368, 54.7559306 ], [ 56.0049026, 54.7558191 ] ], [ [ 56.0038423, 54.7562641 ], [ 56.0043732, 54.7560422 ] ], [ [ 56.0038423, 54.7562641 ], [ 56.0036149, 54.7563595 ] ], [ [ 56.0036149, 54.7563595 ], [ 56.0038423, 54.7562641 ] ], [ [ 56.0036149, 54.7563595 ], [ 56.0027262, 54.7567325 ] ], [ [ 56.0027262, 54.7567325 ], [ 56.0036149, 54.7563595 ] ], [ [ 56.0027262, 54.7567325 ], [ 56.0023785, 54.7568784 ] ], [ [ 56.0023785, 54.7568784 ], [ 56.0027262, 54.7567325 ] ], [ [ 56.0023785, 54.7568784 ], [ 56.0018684, 54.7570925 ] ], [ [ 56.013604674791466, 54.752107644819475 ], [ 56.012939, 54.752393 ] ], [ [ 56.013604674791466, 54.752107644819475 ], [ 56.0136596, 54.7520841 ] ] ] } }
]
}
