{
"type": "FeatureCollection",
"name": "полигон",
"crs": { "type": "name", "properties": { "name": "urn:ogc:def:crs:EPSG::32640" } },
"features": [
{ "type": "Feature", "properties": { "id": 4, "cost_level": 300.0 }, "geometry": { "type": "Polygon", "coordinates": [ [ [ 436225.955759046424646, 6067868.34844774287194 ], [ 436235.988668225414585, 6067868.399847080931067 ], [ 436236.060578744276427, 6067868.327999139204621 ], [ 436246.02157740452094, 6067858.4765395661816 ], [ 436246.194446759356651, 6067858.303820643573999 ], [ 436256.054486583510879, 6067848.551281669177115 ], [ 436256.326362691819668, 6067848.2796421488747 ], [ 436266.087395762500819, 6067838.62405695579946 ], [ 436276.120304941607174, 6067838.672128570266068 ], [ 436276.537332757434342, 6067838.255463654175401 ], [ 436286.153214120655321, 6067828.741882663220167 ], [ 436286.66425633552717, 6067828.231285159476101 ], [ 436296.186123299703468, 6067818.809753061272204 ], [ 436296.789294579357374, 6067818.207106664776802 ], [ 436306.219032478751615, 6067808.875859154388309 ], [ 436316.251941657799762, 6067808.920649979263544 ], [ 436316.990305995626841, 6067808.18292816914618 ], [ 436326.284850836847909, 6067798.98419801145792 ], [ 436327.111018108495045, 6067798.158749674446881 ], [ 436336.317760015896056, 6067789.046103972941637 ], [ 436337.230086720432155, 6067788.134571178816259 ], [ 436346.350669195002411, 6067779.106413666158915 ], [ 436356.38357837399235, 6067779.148346967063844 ], [ 436357.422436676162761, 6067778.11039268411696 ], [ 436366.416487553040497, 6067769.206315714865923 ], [ 436367.53756464459002, 6067768.086214190348983 ], [ 436376.449396732030436, 6067759.262822601944208 ], [ 436377.651229479874019, 6067758.062035694718361 ], [ 436386.482305911136791, 6067749.317880457267165 ], [ 436396.515215090126731, 6067749.357225777581334 ], [ 436397.835732788429596, 6067748.037857200019062 ], [ 436406.548124269233085, 6067739.410177464596927 ], [ 436407.945839326421265, 6067738.013678705319762 ], [ 436416.581033448223025, 6067729.461778596043587 ], [ 436418.054594133456703, 6067727.989500210620463 ], [ 436426.613942627329379, 6067719.51206083688885 ], [ 436436.646851806319319, 6067719.549050043337047 ], [ 436438.231959502678365, 6067717.965321714058518 ], [ 436446.679760985367466, 6067709.597412389703095 ], [ 436448.337472703191452, 6067707.941143220290542 ], [ 436456.712670164415613, 6067699.644538519904017 ], [ 436458.441748610348441, 6067697.916964725591242 ], [ 436466.74557934346376, 6067689.690459663048387 ], [ 436476.778488522511907, 6067689.725284303538501 ], [ 436478.612582632049453, 6067687.892786230891943 ], [ 436486.811397701560054, 6067679.752066718414426 ], [ 436488.69649710599333, 6067677.868607736192644 ], [ 436496.844306880549993, 6067669.657831780612469 ], [ 436498.659288826340344, 6067667.844429239630699 ], [ 436506.877216059714556, 6067659.56238061003387 ], [ 436516.910125238704495, 6067659.531801788136363 ], [ 436518.623166978068184, 6067657.820250745862722 ], [ 436526.943034417752642, 6067649.434563349932432 ], [ 436528.58295258122962, 6067647.796072251163423 ], [ 436536.975943596800789, 6067639.336029272526503 ], [ 436538.541441416309681, 6067637.771893756464124 ], [ 436547.008852775848936, 6067629.236164726316929 ], [ 436557.041761954897083, 6067629.203680217266083 ], [ 436558.498995001369622, 6067627.747715261764824 ], [ 436567.074671134003438, 6067619.101858906447887 ], [ 436568.454193741315976, 6067617.723536766134202 ], [ 436577.10758031293517, 6067608.998744687065482 ], [ 436578.408098445448559, 6067607.699358271434903 ], [ 436587.140489492041524, 6067598.894326661713421 ], [ 436597.173398671147879, 6067598.859881196171045 ], [ 436598.35913192119915, 6067597.675179776735604 ], [ 436607.206307850079611, 6067588.753326140344143 ], [ 436608.309592791716568, 6067587.651001282036304 ], [ 436617.239217029127758, 6067578.645221155136824 ], [ 436618.258502384298481, 6067577.626822787337005 ], [ 436627.272126208175905, 6067568.535253214649856 ], [ 436637.305035387224052, 6067568.497132064774632 ], [ 436638.200302225654013, 6067567.602644291706383 ], [ 436647.337944566330407, 6067558.385639609768987 ], [ 436648.145821397076361, 6067557.578465797007084 ], [ 436657.370853745320346, 6067548.271273696795106 ], [ 436658.0884646079503, 6067547.554287302307785 ], [ 436667.403762924368493, 6067538.155125394463539 ], [ 436668.029323877242859, 6067537.530108807608485 ], [ 436677.436672103358433, 6067528.037141337059438 ], [ 436687.469581282464787, 6067527.996817984618247 ], [ 436687.960896498407237, 6067527.505930312909186 ], [ 436697.502490461512934, 6067517.876090072095394 ], [ 436697.897172170283739, 6067517.481751817278564 ], [ 436707.535399640561081, 6067507.753201543353498 ], [ 436707.535399640561081, 6067507.457573322579265 ], [ 436707.535399640561081, 6067497.433394827879965 ], [ 436707.535399640561081, 6067487.409216333180666 ], [ 436707.535399640561081, 6067487.116030677221715 ], [ 436697.793185316957533, 6067477.385037838481367 ], [ 436697.79243176599266, 6067467.360859342850745 ], [ 436697.791678387206048, 6067457.336680848151445 ], [ 436697.793149518722203, 6067447.312502354383469 ], [ 436697.796573988918681, 6067437.288323857821524 ], [ 436697.502490461512934, 6067436.994496244005859 ], [ 436687.756174372101668, 6067427.264145363122225 ], [ 436687.755420475383289, 6067417.239966867491603 ], [ 436687.757456508814357, 6067407.215788373723626 ], [ 436687.760882936010603, 6067397.191609879024327 ], [ 436687.764307243051007, 6067387.167431384325027 ], [ 436687.761064210208133, 6067377.143252888694406 ], [ 436687.469581282464787, 6067376.852023610845208 ], [ 436677.721762196510099, 6067367.119074393995106 ], [ 436677.725190582161304, 6067357.094895899295807 ], [ 436677.728616557142232, 6067347.070717404596508 ], [ 436677.732040123955812, 6067337.046538910828531 ], [ 436677.730548776453361, 6067327.022360414266586 ], [ 436677.43667210341664, 6067326.728739473968744 ], [ 436667.68949634861201, 6067316.998181918635964 ], [ 436667.692924570699688, 6067306.974003424867988 ], [ 436667.696350093523506, 6067296.949824930168688 ], [ 436667.69977320858743, 6067286.925646434538066 ], [ 436667.7000321666128, 6067276.901467939838767 ], [ 436667.69014364015311, 6067266.877289444208145 ], [ 436667.403762924368493, 6067266.591157938353717 ], [ 436657.660658185486682, 6067256.853110950440168 ], [ 436657.664083544979803, 6067246.828932455740869 ], [ 436657.667506208526902, 6067236.80475396104157 ], [ 436657.669514093198813, 6067226.780575465410948 ], [ 436657.659630714275409, 6067216.756396970711648 ], [ 436657.370853745320346, 6067216.467871296219528 ], [ 436647.628392004233319, 6067206.732218476012349 ], [ 436647.631816623208579, 6067196.70803998131305 ], [ 436647.635239123716019, 6067186.683861485682428 ], [ 436647.638658931478858, 6067176.659682990983129 ], [ 436647.629116321739275, 6067166.635504496283829 ], [ 436647.619217722618487, 6067156.61132600158453 ], [ 436647.337944566272199, 6067156.33029760979116 ], [ 436637.599549905222375, 6067146.587147507816553 ], [ 436637.602971665968653, 6067136.562969011254609 ], [ 436637.606391311099287, 6067126.538790516555309 ], [ 436637.598601040896028, 6067116.51461202185601 ], [ 436637.588707019400317, 6067106.490433526225388 ], [ 436637.305035387224052, 6067106.20700874645263 ], [ 436627.567283102427609, 6067096.466255032457411 ], [ 436627.570704411889892, 6067086.442076537758112 ], [ 436627.574123318074271, 6067076.41789804212749 ], [ 436627.56808458379237, 6067066.393719547428191 ], [ 436627.558195425604936, 6067056.369541052728891 ], [ 436627.548286159522831, 6067046.345362558029592 ], [ 436627.272126208175905, 6067046.069442922249436 ], [ 436617.538437073118985, 6067036.32118406239897 ], [ 436617.541855528601445, 6067026.297005567699671 ], [ 436617.537566663115285, 6067016.272827073000371 ], [ 436617.52768265287159, 6067006.248648578301072 ], [ 436617.517778261390049, 6066996.224470083601773 ], [ 436617.239217029127758, 6066995.946151256561279 ], [ 436607.506169649714138, 6066986.200291587971151 ], [ 436607.50958765449468, 6066976.176113093271852 ], [ 436607.507047856226563, 6066966.15193459764123 ], [ 436607.497168413363397, 6066956.127756103873253 ], [ 436607.487269181525335, 6066946.103577608242631 ], [ 436607.477349521417636, 6066936.079399113543332 ], [ 436607.206307850079611, 6066935.808593303896487 ], [ 436597.477319695986807, 6066926.055220618844032 ], [ 436597.47652787581319, 6066916.031042124144733 ], [ 436597.466653285548091, 6066906.006863629445434 ], [ 436597.456758631800767, 6066895.982685133814812 ], [ 436597.446844143036287, 6066885.958506639115512 ], [ 436597.173398671089672, 6066885.68529912084341 ], [ 436587.445051365008112, 6066875.934328144416213 ], [ 436587.446006434736773, 6066865.910149649716914 ], [ 436587.43613698129775, 6066855.885971155017614 ], [ 436587.426247191266157, 6066845.861792659386992 ], [ 436587.416337581002153, 6066835.837614164687693 ], [ 436587.406407510570716, 6066825.813435669988394 ], [ 436587.140489492041524, 6066825.54774905461818 ], [ 436577.415484109660611, 6066815.789257175289094 ], [ 436577.405619213241152, 6066805.765078680589795 ], [ 436577.395734571677167, 6066795.740900185890496 ], [ 436577.385829546838067, 6066785.716721689328551 ], [ 436577.375904655782506, 6066775.692543195560575 ], [ 436577.107580312993377, 6066775.424452349543571 ], [ 436567.383928830735385, 6066765.668364700861275 ], [ 436567.37510055891471, 6066755.644186206161976 ], [ 436567.365220485138707, 6066745.620007710531354 ], [ 436567.355320620525163, 6066735.595829215832055 ], [ 436567.34540032572113, 6066725.571650721132755 ], [ 436567.335460118309129, 6066715.547472226433456 ], [ 436567.07467113394523, 6066715.286910181865096 ], [ 436557.3445807309472, 6066705.523293731734157 ], [ 436557.334705510176718, 6066695.499115236103535 ], [ 436557.324810513237026, 6066685.474936741404235 ], [ 436557.314895101066213, 6066675.450758246704936 ], [ 436557.304959500906989, 6066665.426579752005637 ], [ 436557.041761954897083, 6066665.163611242547631 ], [ 436547.314059442200232, 6066655.402401256375015 ], [ 436547.304189358779695, 6066645.378222761675715 ], [ 436547.294298936903942, 6066635.354044266976416 ], [ 436547.284388692874927, 6066625.329865772277117 ], [ 436547.274457986583002, 6066615.305687277577817 ], [ 436547.264507045620121, 6066605.281508781947196 ], [ 436547.008852775848936, 6066605.02607698366046 ], [ 436537.273672031646129, 6066595.257330287247896 ], [ 436537.263786470459308, 6066585.233151792548597 ], [ 436537.253880812379066, 6066575.208973297849298 ], [ 436537.243955285986885, 6066565.184794803149998 ], [ 436537.234009250241797, 6066555.160616307519376 ], [ 436537.224043224006891, 6066545.136437812820077 ], [ 436536.975943596800789, 6066544.888554083183408 ], [ 436527.23327282583341, 6066535.112259318120778 ], [ 436527.223372039559763, 6066525.088080823421478 ], [ 436527.213451109884772, 6066515.063902328722179 ], [ 436527.203510265797377, 6066505.039723833091557 ], [ 436527.193548865034245, 6066495.015545338392258 ], [ 436526.943034417752642, 6066494.765248890034854 ], [ 436517.202757715014741, 6066484.991366843692958 ], [ 436517.192862085648812, 6066474.967188348993659 ], [ 436517.182946039189119, 6066464.94300985429436 ], [ 436517.173009802703746, 6066454.918831358663738 ], [ 436517.163053605414461, 6066444.894652863964438 ], [ 436517.153076804010198, 6066434.870474369265139 ], [ 436516.910125238704495, 6066434.62773422151804 ], [ 436507.162350662634708, 6066424.84629587456584 ], [ 436507.152439784724265, 6066414.822117378935218 ], [ 436507.142508442688268, 6066404.797938884235919 ], [ 436507.132557154691312, 6066394.773760389536619 ], [ 436507.122585277771577, 6066384.74958189483732 ], [ 436506.877216059656348, 6066384.504426198080182 ], [ 436497.131838349450845, 6066374.725403400138021 ], [ 436497.121932057896629, 6066364.701224904507399 ], [ 436497.112005896109622, 6066354.677046409808099 ], [ 436497.10205922316527, 6066344.6528679151088 ], [ 436497.092092557752039, 6066334.628689420409501 ], [ 436497.08210525586037, 6066324.604510925710201 ], [ 436496.844306880608201, 6066324.366919483058155 ], [ 436487.091423438629135, 6066314.580332430079579 ], [ 436487.081501874141395, 6066304.55615393538028 ], [ 436487.071560393145774, 6066294.531975439749658 ], [ 436487.061598353669979, 6066284.507796945981681 ], [ 436487.051616275159176, 6066274.483618451282382 ], [ 436486.811397701560054, 6066274.243608917109668 ], [ 436477.060913638153579, 6066264.459439954720438 ], [ 436477.050996957288589, 6066254.435261460952461 ], [ 436477.04106037481688, 6066244.411082966253161 ], [ 436477.031103248940781, 6066234.386904471553862 ], [ 436477.021125807252247, 6066224.362725976854563 ], [ 436477.011128279846162, 6066214.338547481223941 ], [ 436476.778488522511907, 6066214.106110167689621 ], [ 436467.020490856608376, 6066204.314368986524642 ], [ 436467.010558878770098, 6066194.290190491825342 ], [ 436467.000606952875387, 6066184.266011997126043 ], [ 436466.990634436253458, 6066174.241833501495421 ], [ 436466.980641556787305, 6066164.217655006796122 ], [ 436466.74557934346376, 6066163.982797346077859 ], [ 436456.989983572915662, 6066154.193476512096822 ], [ 436456.980056486325338, 6066144.169298017397523 ], [ 436456.970109176007099, 6066134.145119522698224 ], [ 436456.960141871299129, 6066124.120941026136279 ], [ 436456.950153928191867, 6066114.096762532368302 ], [ 436456.940145867411047, 6066104.072584037669003 ], [ 436456.712670164415613, 6066103.845306284725666 ], [ 436446.949552908248734, 6066094.048405542969704 ], [ 436446.939610500528943, 6066084.024227048270404 ], [ 436446.929647822224069, 6066074.00004855170846 ], [ 436446.919665102963336, 6066063.975870057940483 ], [ 436446.909661697573029, 6066053.951691563241184 ], [ 436446.679760985367466, 6066053.721990912221372 ], [ 436436.919047855422832, 6066043.927513068541884 ], [ 436436.909110636566766, 6066033.903334573842585 ], [ 436436.899152872269042, 6066023.879156078211963 ], [ 436436.889174790296238, 6066013.854977583512664 ], [ 436436.87917662068503, 6066003.830799088813365 ], [ 436436.869157717155758, 6065993.806620594114065 ], [ 436436.646851806319319, 6065993.58450813498348 ], [ 436426.87860929465387, 6065983.782442099414766 ], [ 436426.868656731036026, 6065973.758263603784144 ], [ 436426.858683574537281, 6065963.734085108153522 ], [ 436426.848690345301293, 6065953.709906614385545 ], [ 436426.838676397339441, 6065943.685728119686246 ], [ 436426.613942627271172, 6065943.461189914494753 ], [ 436416.84810705651762, 6065933.661549624986947 ], [ 436416.838159108767286, 6065923.637371129356325 ], [ 436416.828191164706368, 6065913.613192634657025 ], [ 436416.818202580267098, 6065903.589014139957726 ], [ 436416.808193876233418, 6065893.564835645258427 ], [ 436416.798164405685384, 6065883.540657149627805 ], [ 436416.581033448281232, 6065883.323715141043067 ], [ 436406.807660587830469, 6065873.516478654928505 ], [ 436406.797697270696517, 6065863.492300160229206 ], [ 436406.787713910627645, 6065853.468121665529907 ], [ 436406.77770986239193, 6065843.443943170830607 ], [ 436406.767685647588223, 6065833.419764675199986 ], [ 436406.548124269233085, 6065833.200394360348582 ], [ 436396.777160878293216, 6065823.395586181432009 ], [ 436396.767202475573868, 6065813.371407685801387 ], [ 436396.757224044878967, 6065803.347229190170765 ], [ 436396.74722494132584, 6065793.323050696402788 ], [ 436396.737205393495969, 6065783.298872200772166 ], [ 436396.727165631833486, 6065773.274693705141544 ], [ 436396.515215090184938, 6065773.062927603721619 ], [ 436386.73670648917323, 6065763.250515211373568 ], [ 436386.726732692681253, 6065753.226336716674268 ], [ 436386.716738821589388, 6065743.202158221974969 ], [ 436386.706724229909014, 6065733.177979726344347 ], [ 436386.696689146279823, 6065723.153801231645048 ], [ 436386.482305911136791, 6065722.93960455339402 ], [ 436376.706209021445829, 6065713.129622736014426 ], [ 436376.696240438031964, 6065703.105444243177772 ], [ 436376.686251212202478, 6065693.08126574754715 ], [ 436376.67624186485773, 6065683.057087251916528 ], [ 436376.666211748961359, 6065673.032908757217228 ], [ 436376.656161387101747, 6065663.008730262517929 ], [ 436376.449396732088644, 6065662.802145535126328 ], [ 436366.665746990067419, 6065652.98455176781863 ], [ 436366.655762697919272, 6065642.960373272188008 ], [ 436366.645758006896358, 6065632.936194776557386 ], [ 436366.635733147268184, 6065622.912016282789409 ], [ 436366.62568747100886, 6065612.88783778809011 ], [ 436366.416487553040497, 6065612.678819916211069 ], [ 436356.635252058738843, 6065602.86365929339081 ], [ 436356.625272987585049, 6065592.839480797760189 ], [ 436356.615273241710383, 6065582.815302303060889 ], [ 436356.605253049521707, 6065572.79112380836159 ], [ 436356.595212641521357, 6065562.766945313662291 ], [ 436356.585151368693914, 6065552.742766818962991 ], [ 436356.38357837399235, 6065552.54136923328042 ], [ 436346.594781790685374, 6065542.718588323332369 ], [ 436346.584787277679425, 6065532.69440982863307 ], [ 436346.574772042105906, 6065522.670231333933771 ], [ 436346.564736605854705, 6065512.646052839234471 ], [ 436346.554680320143234, 6065502.621874343603849 ], [ 436346.350669194885995, 6065502.418040750548244 ], [ 436336.564289691101294, 6065492.59769584890455 ], [ 436336.5542998239398, 6065482.573517354205251 ], [ 436336.544289833167568, 6065472.549338859505951 ], [ 436336.534259071864653, 6065462.525160364806652 ], [ 436336.524208062619437, 6065452.50098186917603 ], [ 436336.514136155659799, 6065442.476803374476731 ], [ 436336.317760015896056, 6065442.28059812169522 ], [ 436326.523811465071049, 6065432.452624879777431 ], [ 436326.51380613114452, 6065422.428446385078132 ], [ 436326.50378062663367, 6065412.404267890378833 ], [ 436326.49373430351261, 6065402.380089394748211 ], [ 436326.48366768512642, 6065392.355910900048912 ], [ 436326.284850836906116, 6065392.157267062924802 ], [ 436316.49332191015128, 6065382.331732405349612 ], [ 436316.483321521838661, 6065372.307553910650313 ], [ 436316.473300977959298, 6065362.283375415951014 ], [ 436316.463259630836546, 6065352.259196920320392 ], [ 436316.453197709633969, 6065342.235018425621092 ], [ 436316.443115445552394, 6065332.210839930921793 ], [ 436316.251941657799762, 6065332.019832503050566 ], [ 436306.452835713571403, 6065322.186661437153816 ], [ 436306.442819833988324, 6065312.162482941523194 ], [ 436306.432783751864918, 6065302.138304445892572 ], [ 436306.422726818243973, 6065292.114125951193273 ], [ 436306.412649262580089, 6065282.089947456493974 ], [ 436306.219032478751615, 6065281.896499158814549 ], [ 436296.422348415304441, 6065272.065768961794674 ], [ 436296.412337781104725, 6065262.041590467095375 ], [ 436296.402306374395266, 6065252.017411971464753 ], [ 436296.392254717764445, 6065241.993233476765454 ], [ 436296.382182161323726, 6065231.969054982066154 ], [ 436296.372088934818748, 6065221.944876487366855 ], [ 436296.186123299703468, 6065221.759072680957615 ], [ 436286.381854527455289, 6065211.920697992667556 ], [ 436286.371828085684683, 6065201.896519497036934 ], [ 436286.361781115527265, 6065191.872341002337635 ], [ 436286.351713848242071, 6065181.848162507638335 ], [ 436286.341625632543582, 6065171.823984012939036 ], [ 436286.153214120655321, 6065171.635736458003521 ], [ 436276.351369781652465, 6065161.799805518239737 ], [ 436276.341348593356088, 6065151.775627022609115 ], [ 436276.331306599720847, 6065141.751448527909815 ], [ 436276.321244030084927, 6065131.727270034141839 ], [ 436276.311161115649156, 6065121.703091539442539 ], [ 436276.301057204138488, 6065111.678913042880595 ], [ 436276.120304941607174, 6065111.498318072408438 ], [ 436266.310867605614476, 6065101.654734548181295 ], [ 436266.300830877502449, 6065091.630556053481996 ], [ 436266.290773295913823, 6065081.606377558782697 ], [ 436266.280695384717546, 6065071.582199064083397 ], [ 436266.270596492220648, 6065061.558020568452775 ], [ 436266.087395762559026, 6065061.374979260377586 ], [ 436256.280385708902031, 6065051.533842073753476 ], [ 436256.270353656611405, 6065041.509663579985499 ], [ 436256.260301352594979, 6065031.485485084354877 ], [ 436256.25022814667318, 6065021.461306589655578 ], [ 436256.240134563529864, 6065011.437128094024956 ], [ 436256.23001995019149, 6065001.412949600256979 ], [ 436256.054486583510879, 6065001.237568982876837 ], [ 436246.239875524363015, 6064991.388771104626358 ], [ 436246.229827907285653, 6064981.364592609927058 ], [ 436246.219759990926832, 6064971.340414115227759 ], [ 436246.209671124292072, 6064961.316235619597137 ], [ 436246.199561832647305, 6064951.292057124897838 ], [ 436246.021577404462732, 6064951.114227579906583 ], [ 436236.209396188438404, 6064941.267878630198538 ], [ 436236.199353548290674, 6064931.243700135499239 ], [ 436236.189290624170098, 6064921.219521641731262 ], [ 436236.179206765140407, 6064911.195343145169318 ], [ 436236.169102201180067, 6064901.171164650470018 ], [ 436236.158977164246608, 6064891.146986155770719 ], [ 436235.988668225414585, 6064890.976825420744717 ], [ 436226.168877982767299, 6064881.12280766107142 ], [ 436226.158819753094576, 6064871.098629165440798 ], [ 436226.148741192067973, 6064861.074450670741498 ], [ 436226.138641647412442, 6064851.050272176042199 ], [ 436226.128521349455696, 6064841.0260936813429 ], [ 436225.955759046366438, 6064840.853481716476381 ], [ 436216.138400918513071, 6064831.0019151866436 ], [ 436216.128347966936417, 6064820.977736691012979 ], [ 436216.118274111533538, 6064810.953558196313679 ], [ 436216.108179876871873, 6064800.929379700683057 ], [ 436216.098064609977882, 6064790.905201206915081 ], [ 436216.087928541295696, 6064780.881022712215781 ], [ 436215.922849867376499, 6064780.716087689623237 ], [ 436206.097874972212594, 6064770.856844216585159 ], [ 436206.08780611329712, 6064760.83266572188586 ], [ 436206.077716595551465, 6064750.808487227186561 ], [ 436206.067606650816742, 6064740.784308732487261 ], [ 436206.057475624955259, 6064730.760130237787962 ], [ 436205.889940688328352, 6064730.592741090804338 ], [ 436196.067400476546027, 6064720.73595174215734 ], [ 436196.057336903759278, 6064710.711773247458041 ], [ 436196.047252394200768, 6064700.687594752758741 ], [ 436196.037147177674342, 6064690.663416258059442 ], [ 436196.027021486195736, 6064680.639237763360143 ], [ 436196.016874664463103, 6064670.615059267729521 ], [ 436195.857031509280205, 6064670.455355209298432 ], [ 436186.026866190019064, 6064660.590880772098899 ], [ 436186.016786978754681, 6064650.566702278330922 ], [ 436186.006686782056931, 6064640.5425237827003 ], [ 436185.996566125773825, 6064630.518345288932323 ], [ 436185.986424355010968, 6064620.494166793301702 ], [ 436185.824122330232058, 6064620.33200600463897 ], [ 436175.996394560846966, 6064610.469988298602402 ], [ 436175.986320055788383, 6064600.445809803903103 ], [ 436175.976225169608369, 6064590.421631309203804 ], [ 436175.966109249100555, 6064580.397452813573182 ], [ 436175.955972820986062, 6064570.373274318873882 ], [ 436175.945815229206346, 6064560.349095824174583 ], [ 436175.791213151183911, 6064560.19462828245014 ], [ 436165.955852215061896, 6064550.324917329475284 ], [ 436165.945762046205346, 6064540.300738834775984 ], [ 436165.935651448380668, 6064530.276560340076685 ], [ 436165.925519767391961, 6064520.252381844446063 ], [ 436165.915367530600633, 6064510.228203349746764 ], [ 436165.758303972135764, 6064510.071276468224823 ], [ 436155.925383162975777, 6064500.204024855047464 ], [ 436155.915298002713826, 6064490.179846360348165 ], [ 436155.905192428850569, 6064480.155667865648866 ], [ 436155.895065787481144, 6064470.131489370018244 ], [ 436155.884918309049681, 6064460.107310875318944 ], [ 436155.874750226503238, 6064450.083132380619645 ], [ 436155.725394793087617, 6064449.93390691652894 ], [ 436145.884832745068707, 6064440.058953885920346 ], [ 436145.874731896154117, 6064430.034775390289724 ], [ 436145.864610585733317, 6064420.010596895590425 ], [ 436145.854468158737291, 6064409.986418400891125 ], [ 436145.844304845959414, 6064399.962239905260503 ], [ 436145.692485613981262, 6064399.810552787035704 ], [ 436135.854365979670547, 6064389.938061411492527 ], [ 436135.844270441797562, 6064379.913882915861905 ], [ 436135.834153867617715, 6064369.889704420231283 ], [ 436135.82401678385213, 6064359.865525926463306 ], [ 436135.813858534325846, 6064349.841347431764007 ], [ 436135.803679350123275, 6064339.817168937064707 ], [ 436135.659576434991322, 6064339.673191420733929 ], [ 436125.81380777125014, 6064329.792990441434085 ], [ 436125.803696225397289, 6064319.768811946734786 ], [ 436125.793563889164943, 6064309.744633451104164 ], [ 436125.783410995150916, 6064299.720454956404865 ], [ 436125.773236886074301, 6064289.696276461705565 ], [ 436125.626667255943175, 6064289.549834377132356 ], [ 436115.783343590737786, 6064279.672097967006266 ], [ 436115.773237364192028, 6064269.647919473238289 ], [ 436115.763110068044625, 6064259.623740977607667 ], [ 436115.752961932914332, 6064249.599562482908368 ], [ 436115.74279319163179, 6064239.575383988209069 ], [ 436115.732603185751941, 6064229.551205492578447 ], [ 436115.593758076836821, 6064229.41248120740056 ], [ 436105.742776989762206, 6064219.527026997879148 ], [ 436105.732655025029089, 6064209.502848503179848 ], [ 436105.722511941799894, 6064199.478670008480549 ], [ 436105.712347970809788, 6064189.454491512849927 ], [ 436105.702163345064037, 6064179.430313018150628 ], [ 436105.560848897788674, 6064179.289121543057263 ], [ 436095.71231569343945, 6064169.406134523451328 ], [ 436095.702198465587571, 6064159.381956028752029 ], [ 436095.692060725996271, 6064149.35777753405273 ], [ 436095.681901818723418, 6064139.333599038422108 ], [ 436095.671722272119951, 6064129.309420543722808 ], [ 436095.661521427391563, 6064119.285242049023509 ], [ 436095.527939718798734, 6064119.151776583865285 ], [ 436085.67174098175019, 6064109.26106355432421 ], [ 436085.661607990274206, 6064099.23688505962491 ], [ 436085.651454438979272, 6064089.212706563062966 ], [ 436085.641279670526274, 6064079.188528069294989 ], [ 436085.631084214313887, 6064069.16434957459569 ], [ 436085.495030539750587, 6064069.028414295054972 ], [ 436075.641282278927974, 6064059.14017107989639 ], [ 436075.631154328002594, 6064049.115992583334446 ], [ 436075.621005832683295, 6064039.091814089566469 ], [ 436075.610836136038415, 6064029.06763559486717 ], [ 436075.600645469268784, 6064019.043457100167871 ], [ 436075.590434065961745, 6064009.019278605468571 ], [ 436075.46212136070244, 6064008.891077558510005 ], [ 436065.600699443777557, 6063998.995100110769272 ], [ 436065.590555704198778, 6063988.97092161513865 ], [ 436065.580391371855512, 6063978.946743119508028 ], [ 436065.57020578882657, 6063968.922564625740051 ], [ 436065.559999186487403, 6063958.898386131040752 ], [ 436065.429212181654293, 6063958.767712937667966 ], [ 436055.570243042893708, 6063948.874207636341453 ], [ 436055.560104647476692, 6063938.850029140710831 ], [ 436055.549945082340855, 6063928.825850646011531 ], [ 436055.539764875953551, 6063918.801672151312232 ], [ 436055.529563369229436, 6063908.777493656612933 ], [ 436055.519340793951415, 6063898.753315160982311 ], [ 436055.396303002606146, 6063898.630384437739849 ], [ 436045.529652366880327, 6063888.729136665351689 ], [ 436045.519497862143908, 6063878.704958171583712 ], [ 436045.509322434314527, 6063868.680779676884413 ], [ 436045.499126316630282, 6063858.656601182185113 ], [ 436045.488908848841675, 6063848.632422686554492 ], [ 436045.363393823499791, 6063848.507016885094345 ], [ 436035.499198567355052, 6063838.608244191855192 ], [ 436035.489049415162299, 6063828.584065697155893 ], [ 436035.47887905954849, 6063818.559887202456594 ], [ 436035.468687731947284, 6063808.535708706825972 ], [ 436035.458475665654987, 6063798.511530212126672 ], [ 436035.448242199316155, 6063788.487351717427373 ], [ 436035.330484644451644, 6063788.369696635752916 ], [ 436025.458599445933942, 6063778.463173222728074 ], [ 436025.448434455203824, 6063768.438994728028774 ], [ 436025.438248211692553, 6063758.414816232398152 ], [ 436025.428040946891997, 6063748.390637737698853 ], [ 436025.417812894564122, 6063738.366459242068231 ], [ 436025.297575465461705, 6063738.246326444670558 ], [ 436015.428148548409808, 6063728.342280748300254 ], [ 436015.417988325352781, 6063718.318102253600955 ], [ 436015.407807459007017, 6063708.293923757970333 ], [ 436015.397605290228967, 6063698.269745263271034 ], [ 436015.387382349697873, 6063688.245566768571734 ], [ 436015.377137975010555, 6063678.221388273872435 ], [ 436015.264666286471765, 6063678.109014458023012 ], [ 436005.387541264586616, 6063668.197209779173136 ], [ 436005.377365177322645, 6063658.173031283542514 ], [ 436005.367168398166541, 6063648.148852788843215 ], [ 436005.356950266927015, 6063638.124674295075238 ], [ 436005.346711314632557, 6063628.100495799444616 ], [ 436005.231757107423618, 6063627.985641625709832 ], [ 435995.357092976977583, 6063618.076317304745317 ], [ 435995.346921962453052, 6063608.052138808183372 ], [ 435995.336729973787442, 6063598.027960314415395 ], [ 435995.326517244509887, 6063588.003781819716096 ], [ 435995.316283113148529, 6063577.979603325016797 ], [ 435995.306028111604974, 6063567.955424830317497 ], [ 435995.198847928375471, 6063567.848337915726006 ], [ 435985.316477517888416, 6063557.931246334686875 ], [ 435985.306290613778401, 6063547.907067839987576 ], [ 435985.296082984714303, 6063537.882889345288277 ], [ 435985.285853969515301, 6063527.858710850588977 ], [ 435985.27560380048817, 6063517.834532354958355 ], [ 435985.165938749327324, 6063517.724962734617293 ], [ 435975.286031547468156, 6063507.810353860259056 ], [ 435975.275850021222141, 6063497.786175365559757 ], [ 435975.265647190390155, 6063487.761996870860457 ], [ 435975.255423585651442, 6063477.737818376161158 ], [ 435975.245178544893861, 6063467.713639880530536 ], [ 435975.234912300307769, 6063457.689461385831237 ], [ 435975.133029570279177, 6063457.587667314335704 ], [ 435965.24540819687536, 6063447.665282891131938 ], [ 435965.23521045880625, 6063437.641104396432638 ], [ 435965.224991663941182, 6063427.616925902664661 ], [ 435965.214752046042122, 6063417.592747406102717 ], [ 435965.204490941832773, 6063407.568568911403418 ], [ 435965.10012039123103, 6063407.464289184659719 ], [ 435955.214964844519272, 6063397.544390416704118 ], [ 435955.20477249257965, 6063387.520211922004819 ], [ 435955.194558802351821, 6063377.49603342730552 ], [ 435955.184324005851522, 6063367.47185493260622 ], [ 435955.174068337131757, 6063357.447676436975598 ], [ 435955.163791131752077, 6063347.423497942276299 ], [ 435955.067211212182883, 6063347.327002067118883 ], [ 435945.174332995084114, 6063337.399319447577 ], [ 435945.164124703384005, 6063327.3751409528777 ], [ 435945.153895023511723, 6063317.350962457247078 ], [ 435945.143644187715836, 6063307.326783962547779 ], [ 435945.133372430456802, 6063297.30260546784848 ], [ 435945.034302033192944, 6063297.203621282242239 ], [ 435935.143892562598921, 6063287.27842697314918 ], [ 435935.133689069654793, 6063277.254248476587236 ], [ 435935.123464800824877, 6063267.230069982819259 ], [ 435935.113219093705993, 6063257.20589148811996 ], [ 435935.102952480898239, 6063247.18171299342066 ], [ 435935.092664297146257, 6063237.157534498721361 ], [ 435935.001392854086589, 6063237.066342480480671 ], [ 435925.103252498607617, 6063227.133356003090739 ], [ 435925.093033040000591, 6063217.109177507460117 ], [ 435925.082792756380513, 6063207.084999013692141 ], [ 435925.072530984354671, 6063197.060820518992841 ], [ 435925.062248257279862, 6063187.036642024293542 ], [ 435924.968483675038442, 6063186.942959036678076 ], [ 435915.07281469280133, 6063177.01246352866292 ], [ 435915.062600339355413, 6063166.988285033963621 ], [ 435915.052364877599757, 6063156.964106539264321 ], [ 435915.042108541645575, 6063146.939928044565022 ], [ 435915.031830666877795, 6063136.915749549865723 ], [ 435915.021531787409913, 6063126.891571054235101 ], [ 435914.935574495990295, 6063126.80568856280297 ], [ 435905.032166401215363, 6063116.867392559535801 ], [ 435905.021936056553386, 6063106.843214064836502 ], [ 435905.011684853525367, 6063096.819035570137203 ], [ 435905.001412127749063, 6063086.794857075437903 ], [ 435904.991118112404365, 6063076.770678580738604 ], [ 435904.902665316942148, 6063076.682302757166326 ], [ 435895.001730928081088, 6063066.74650008417666 ], [ 435894.991505994985346, 6063056.722321590408683 ], [ 435894.981259621621575, 6063046.698143095709383 ], [ 435894.970992340473458, 6063036.673964601010084 ], [ 435894.960703486285638, 6063026.649786105379462 ], [ 435894.950393292121589, 6063016.625607610680163 ], [ 435894.869756137894001, 6063016.545040627010167 ], [ 435884.961074693826959, 6063006.601429115980864 ], [ 435884.950833445764147, 6062996.577250621281564 ], [ 435884.940571005980019, 6062986.553072126582265 ], [ 435884.930287608876824, 6062976.528893630951643 ], [ 435884.919982588035055, 6062966.504715136252344 ], [ 435884.836846958787646, 6062966.421651852317154 ], [ 435874.930641855462454, 6062956.480536641553044 ], [ 435874.920406027522404, 6062946.456358146853745 ], [ 435874.91014872508822, 6062936.432179651223123 ], [ 435874.899870180932339, 6062926.408001156523824 ], [ 435874.889570629922673, 6062916.383822661824524 ], [ 435874.879249404475559, 6062906.359644167125225 ], [ 435874.803937779797707, 6062906.284398078918457 ], [ 435864.889977068582084, 6062896.335465671494603 ], [ 435864.879725198727101, 6062886.311287176795304 ], [ 435864.869451804086566, 6062876.287108682096004 ], [ 435864.859157117665745, 6062866.262930188328028 ], [ 435864.848841374740005, 6062856.238751692697406 ], [ 435864.77102860074956, 6062856.161006631329656 ], [ 435854.859547168191057, 6062846.214573197998106 ], [ 435854.849300128465984, 6062836.190394702367485 ], [ 435854.839032178919297, 6062826.166216207668185 ], [ 435854.828742654121015, 6062816.142037712037563 ], [ 435854.818432088766713, 6062806.117859218269587 ], [ 435854.808099814283196, 6062796.093680723570287 ], [ 435854.738119421701413, 6062796.023761227726936 ], [ 435844.81887411425123, 6062786.069502227008343 ], [ 435844.808611006417777, 6062776.045323733240366 ], [ 435844.798326939344406, 6062766.021145238541067 ], [ 435844.788021246495191, 6062755.99696674477309 ], [ 435844.777694463147782, 6062745.972788248211145 ], [ 435844.705210242653266, 6062745.900367103517056 ], [ 435834.788446857361123, 6062735.948609753511846 ], [ 435834.778188887517899, 6062725.924431258812547 ], [ 435834.767909673799295, 6062715.900252764113247 ], [ 435834.757609451306053, 6062705.876074269413948 ], [ 435834.747287552105263, 6062695.851895772852004 ], [ 435834.736944512464106, 6062685.827717279084027 ], [ 435834.672301063605119, 6062685.763130083680153 ], [ 435824.74776552291587, 6062675.803538783453405 ], [ 435824.737491459352896, 6062665.779360289685428 ], [ 435824.727196402673144, 6062655.755181794986129 ], [ 435824.716879685700405, 6062645.731003299355507 ], [ 435824.706541542022023, 6062635.70682480558753 ], [ 435824.639391884556971, 6062635.639733581803739 ], [ 435814.717340614355635, 6062625.682646309025586 ], [ 435814.70707199635217, 6062615.658467815257609 ], [ 435814.696781801059842, 6062605.63428932055831 ], [ 435814.68647056305781, 6062595.610110824927688 ], [ 435814.676137613714673, 6062585.585932330228388 ], [ 435814.66578318719985, 6062575.561753835529089 ], [ 435814.606482705567032, 6062575.502504956908524 ], [ 435804.676650985958986, 6062565.53757534082979 ], [ 435804.666366248799022, 6062555.51339684613049 ], [ 435804.656059883767739, 6062545.489218349568546 ], [ 435804.645732426142786, 6062535.465039855800569 ], [ 435804.635383206245024, 6062525.44086136110127 ], [ 435804.573573526518885, 6062525.379105468280613 ], [ 435794.646229028876405, 6062515.41668286640197 ], [ 435794.635949446004815, 6062505.392504371702671 ], [ 435794.625648251443636, 6062495.368325876072049 ], [ 435794.615325678605586, 6062485.34414738137275 ], [ 435794.604981963057071, 6062475.31996888667345 ], [ 435794.594616434129421, 6062465.295790391974151 ], [ 435794.540664347470738, 6062465.241885255090892 ], [ 435784.605531093489844, 6062455.271611895412207 ], [ 435784.595235365675762, 6062445.24743340164423 ], [ 435784.584917975473218, 6062435.223254906944931 ], [ 435784.574579156527761, 6062425.199076412245631 ], [ 435784.564219144696835, 6062415.174897918477654 ], [ 435784.507755168422591, 6062415.118483076803386 ], [ 435774.575111792713869, 6062405.15071942191571 ], [ 435774.564820926694665, 6062395.126540927216411 ], [ 435774.554509015986696, 6062385.102362432517111 ], [ 435774.544175391900353, 6062375.078183937817812 ], [ 435774.533820591052063, 6062365.054005443118513 ], [ 435774.523443941725418, 6062355.029826947487891 ], [ 435774.474845989374444, 6062354.981271285563707 ], [ 435764.53440553706605, 6062345.005648453719914 ], [ 435764.524098499794491, 6062334.981469958089292 ], [ 435764.513770367891993, 6062324.957291463389993 ], [ 435764.503420471563004, 6062314.933112968690693 ], [ 435764.493049348180648, 6062304.908934473060071 ], [ 435764.441936810326297, 6062304.857866413891315 ], [ 435754.503988896787632, 6062294.884755978360772 ], [ 435754.493687030451838, 6062284.860577483661473 ], [ 435754.483363783743698, 6062274.836398989893496 ], [ 435754.47301939240424, 6062264.812220494262874 ], [ 435754.46265318535734, 6062254.788041998632252 ], [ 435754.452265700849239, 6062244.763863503932953 ], [ 435754.40902763127815, 6062244.72066305950284 ], [ 435744.463274307549, 6062234.739685008302331 ], [ 435744.452956244058441, 6062224.715506514534354 ], [ 435744.442617051769048, 6062214.691328018903732 ], [ 435744.432256060361397, 6062204.667149524204433 ], [ 435744.421873504063115, 6062194.642971029505134 ], [ 435744.376118452230003, 6062194.597255794331431 ], [ 435734.432860031316523, 6062184.618792534805834 ], [ 435734.422547447727993, 6062174.594614040106535 ], [ 435734.412213148723822, 6062164.570435544475913 ], [ 435734.401857670862228, 6062154.546257049776614 ], [ 435734.391480342485011, 6062144.522078555077314 ], [ 435734.38108139828546, 6062134.497900060378015 ], [ 435734.343209273181856, 6062134.460060891695321 ], [ 435724.392137094633654, 6062124.473721565678716 ], [ 435724.381808288337197, 6062114.449543070048094 ], [ 435724.371457715518773, 6062104.425364575348794 ], [ 435724.361085913551506, 6062094.401186080649495 ], [ 435724.350692209613044, 6062084.377007585950196 ], [ 435724.310300094133709, 6062084.336650620214641 ], [ 435714.361725788272452, 6062074.352829091250896 ], [ 435714.351402169384528, 6062064.328650595620275 ], [ 435714.341056800389197, 6062054.304472100920975 ], [ 435714.330689915281255, 6062044.280293606221676 ], [ 435714.320301750558428, 6062034.256115111522377 ], [ 435714.309891632176004, 6062024.231936616823077 ], [ 435714.277390915085562, 6062024.199464181438088 ], [ 435704.320994491339661, 6062014.207758120261133 ], [ 435704.310654623608571, 6062004.183579626493156 ], [ 435704.300292954605538, 6061994.159401131793857 ], [ 435704.2899097186164, 6061984.135222637094557 ], [ 435704.279505152488127, 6061974.111044142395258 ], [ 435704.244481736037415, 6061974.076051203534007 ], [ 435694.290585858223494, 6061964.086865646764636 ], [ 435694.280250884301495, 6061954.062687152065337 ], [ 435694.269894729484804, 6061944.038508657366037 ], [ 435694.259516721882392, 6061934.014330163598061 ], [ 435694.24911740020616, 6061923.990151667036116 ], [ 435694.238696089771111, 6061913.965973171405494 ], [ 435694.211572556989267, 6061913.938873241655529 ], [ 435684.249846187536605, 6061903.941794677637517 ], [ 435684.239494938228745, 6061893.917616182938218 ], [ 435684.229122457618359, 6061883.893437688238919 ], [ 435684.218728072883096, 6061873.869259192608297 ], [ 435684.208312323258724, 6061863.845080697908998 ], [ 435684.17866337794112, 6061863.815457552671432 ], [ 435674.219440232089255, 6061853.820902202278376 ], [ 435674.209094187011942, 6061843.796723708510399 ], [ 435674.198726623842958, 6061833.7725452138111 ], [ 435674.188337778847199, 6061823.748366718180478 ], [ 435674.177926978096366, 6061813.724188223481178 ], [ 435674.16749476158293, 6061803.700009728781879 ], [ 435674.145754198834766, 6061803.678288084454834 ], [ 435664.178692174202297, 6061793.675831235013902 ], [ 435664.168329827487469, 6061783.65165273938328 ], [ 435664.15794621524401, 6061773.627474243752658 ], [ 435664.147540663718246, 6061763.603295749053359 ], [ 435664.137113408069126, 6061753.579117253422737 ], [ 435664.112845019844826, 6061753.554869984276593 ], [ 435654.148288598633371, 6061743.554938758723438 ], [ 435654.137931766628753, 6061733.530760264024138 ], [ 435654.127553079859354, 6061723.506581769324839 ], [ 435654.117153076862451, 6061713.48240327462554 ], [ 435654.106731082894839, 6061703.45822477992624 ], [ 435654.096287333231885, 6061693.434046285226941 ], [ 435654.079935840796679, 6061693.417709021829069 ], [ 435644.107532139576506, 6061683.409867789596319 ], [ 435644.097158980206586, 6061673.385689295828342 ], [ 435644.086763914616313, 6061663.361510800197721 ], [ 435644.076347482041456, 6061653.337332305498421 ], [ 435644.065909006574657, 6061643.313153810799122 ], [ 435644.047026661748532, 6061643.294287897646427 ], [ 435634.077131552447099, 6061633.2889753151685 ], [ 435634.066763613955118, 6061623.264796820469201 ], [ 435634.056373785657343, 6061613.240618325769901 ], [ 435634.045962302421685, 6061603.216439831070602 ], [ 435634.035529401327949, 6061593.192261336371303 ], [ 435634.025074405304622, 6061583.168082840740681 ], [ 435634.014117482700385, 6061583.157135452143848 ], [ 435624.03636667918181, 6061573.143904346041381 ], [ 435624.025982387072872, 6061563.119725850410759 ], [ 435624.015576153644361, 6061553.095547356642783 ], [ 435624.005148213880602, 6061543.071368861943483 ], [ 435623.994698805152439, 6061533.047190366312861 ], [ 435623.981208303710446, 6061533.033711604773998 ], [ 435614.005968782585114, 6061523.02301187068224 ], [ 435613.995589416474104, 6061512.998833376914263 ], [ 435613.985188732040115, 6061502.974654882214963 ], [ 435613.974766054481734, 6061492.950476387515664 ], [ 435613.9643219243153, 6061482.926297892816365 ], [ 435613.953855663654394, 6061472.902119397185743 ], [ 435613.948299124662299, 6061472.896567693911493 ], [ 435603.965195481549017, 6061462.877940903417766 ], [ 435603.954799734987319, 6061452.853762406855822 ], [ 435603.944382619403768, 6061442.829583913087845 ], [ 435603.933943458716385, 6061432.8054054165259 ], [ 435603.923482794314623, 6061422.781226922757924 ], [ 435603.915389945614152, 6061422.773141116835177 ], [ 435593.934800279792398, 6061412.757048428058624 ], [ 435593.924409771105275, 6061402.732869933359325 ], [ 435593.913997605326585, 6061392.708691438660026 ], [ 435593.903564019652549, 6061382.684512942098081 ], [ 435593.893108336778823, 6061372.660334448330104 ], [ 435593.882631098735146, 6061362.636155953630805 ], [ 435593.882480766566005, 6061362.636005751788616 ], [ 435583.894018537423108, 6061352.611977458931506 ], [ 435583.883611621917225, 6061342.587798963300884 ], [ 435583.873183302697726, 6061332.563620468601584 ], [ 435583.862732903042343, 6061322.539441973902285 ], [ 435583.852260658692103, 6061312.515263480134308 ], [ 435583.849571587517858, 6061312.512576748616993 ], [ 435573.86362573155202, 6061302.491084983572364 ], [ 435573.853224365739152, 6061292.466906488873065 ], [ 435573.842801004473586, 6061282.442727994173765 ], [ 435573.832356188562699, 6061272.418549500405788 ], [ 435573.821889240003657, 6061262.394371004775167 ], [ 435573.81666240846971, 6061257.396473678760231 ], [ 435572.856994292291347, 6061252.370192510075867 ], [ 435563.82283553382149, 6061242.346014014445245 ], [ 435563.812417735112831, 6061232.321835519745946 ], [ 435563.801977889204863, 6061222.297657025046647 ], [ 435563.791516537428834, 6061212.273478530347347 ], [ 435563.783753229421563, 6061204.848323691636324 ], [ 435563.287521512131207, 6061202.249300035648048 ], [ 435561.373604608350433, 6061192.225121540017426 ], [ 435553.782033190946095, 6061182.200943045318127 ], [ 435553.771598616207484, 6061172.176764550618827 ], [ 435553.761142246483359, 6061162.152586055919528 ], [ 435553.750844050373416, 6061152.300178717821836 ], [ 435553.718048549373634, 6061152.128407560288906 ], [ 435551.804131828190293, 6061142.104229065589607 ], [ 435543.751647068769671, 6061132.080050570890307 ], [ 435543.741218065319117, 6061122.055872076191008 ], [ 435543.730766979278997, 6061112.031693581491709 ], [ 435543.720294046390336, 6061102.007515085861087 ], [ 435543.717934871325269, 6061099.752250500023365 ], [ 435542.234650788188446, 6061091.983336590230465 ], [ 435540.32074214424938, 6061081.959158096462488 ], [ 435533.710835932986811, 6061071.934979601763189 ], [ 435533.700390431273263, 6061061.91080110706389 ], [ 435533.689922794583254, 6061051.886622611433268 ], [ 435533.685025692218915, 6061047.204166346229613 ], [ 435532.665130398527253, 6061041.862444116733968 ], [ 435530.751269364089239, 6061031.838265622034669 ], [ 435523.680452829343267, 6061021.81408712733537 ], [ 435523.6700122980983, 6061011.78990863263607 ], [ 435523.659550258831587, 6061001.765730137005448 ], [ 435523.652116513228975, 6060994.656016359105706 ], [ 435523.095657618367113, 6060991.741551642306149 ], [ 435521.181782827654388, 6060981.71737314760685 ], [ 435519.267879680148326, 6060971.69319465290755 ], [ 435513.639633191225585, 6060961.669016158208251 ], [ 435513.629176134534646, 6060951.644837662577629 ], [ 435513.619207334180828, 6060942.107880594208837 ], [ 435513.566942298901267, 6060941.62065916787833 ], [ 435512.517908752255607, 6060931.59648067317903 ], [ 435511.516738440550398, 6060921.572302178479731 ], [ 435503.658669813361485, 6060911.548123682849109 ], [ 435503.682017000741325, 6060901.52394518814981 ], [ 435503.746423275442794, 6060891.499766693450511 ], [ 435503.586298155132681, 6060891.339780914597213 ], [ 435493.810176846047398, 6060881.475588198751211 ], [ 435493.873698754876386, 6060871.451409704051912 ], [ 435493.936008755699731, 6060861.427231209352612 ], [ 435493.864260677946731, 6060851.403052713721991 ], [ 435493.553388976084534, 6060851.092451534233987 ], [ 435484.056254900468048, 6060841.378874219022691 ], [ 435484.116011900769081, 6060831.354695723392069 ], [ 435484.040859681379516, 6060821.330517230555415 ], [ 435483.520479797036387, 6060820.810590182431042 ], [ 435474.229407900420483, 6060811.306338733062148 ], [ 435474.275098739250097, 6060801.282160239294171 ], [ 435474.208601769234519, 6060791.257981744594872 ], [ 435473.48757061798824, 6060790.537578037939966 ], [ 435464.393808936642017, 6060781.233803249895573 ], [ 435464.425158444209956, 6060771.209624755196273 ], [ 435464.36805389879737, 6060761.185446259565651 ], [ 435463.454661438940093, 6060760.272848637774587 ], [ 435454.550131697964389, 6060751.161267765797675 ], [ 435454.568116670649033, 6060741.137089270167053 ], [ 435454.519719424541108, 6060731.112910775467753 ], [ 435454.317626693809871, 6060721.088732280768454 ], [ 435453.421752259891946, 6060720.193637440912426 ], [ 435444.70437898702221, 6060711.064553786069155 ], [ 435444.664061525487341, 6060701.040375290438533 ], [ 435444.470053553115577, 6060691.016196795739233 ], [ 435443.388843080843799, 6060689.935927197337151 ], [ 435434.834320655965712, 6060680.992018301039934 ], [ 435434.801507919968572, 6060670.967839806340635 ], [ 435434.615097463305574, 6060660.943661310710013 ], [ 435433.355933901853859, 6060659.685593479312956 ], [ 435424.958289413014427, 6060650.919482816010714 ], [ 435424.932453169312794, 6060640.895304321311414 ], [ 435424.75316304853186, 6060630.871125826612115 ], [ 435423.323024722805712, 6060629.442232013680041 ], [ 435415.076607944793068, 6060620.846947330981493 ], [ 435415.057262504589744, 6060610.822768836282194 ], [ 435414.884692404943053, 6060600.798590341582894 ], [ 435414.704586022824515, 6060590.774411847814918 ], [ 435413.290115543757565, 6060589.361172247678041 ], [ 435405.176274226629175, 6060580.750233352184296 ], [ 435405.010053366713692, 6060570.726054856553674 ], [ 435404.836761587241199, 6060560.701876361854374 ], [ 435403.257206364651211, 6060559.12369567528367 ], [ 435395.289802288054489, 6060550.677697867155075 ], [ 435395.12958652531961, 6060540.653519371524453 ], [ 435394.962731675652321, 6060530.629340877756476 ], [ 435393.224297185661271, 6060528.892419181764126 ], [ 435385.192769129003864, 6060520.605162382125854 ], [ 435385.153759363340214, 6060510.580983887426555 ], [ 435385.082839725422673, 6060500.556805392727256 ], [ 435383.191388006613124, 6060498.666999624110758 ], [ 435374.994026038097218, 6060490.532626898959279 ], [ 435374.955493904300965, 6060480.508448403328657 ], [ 435374.918386562727392, 6060470.484269907698035 ], [ 435374.87966225942364, 6060460.460091412998736 ], [ 435373.158478827564977, 6060458.740405762568116 ], [ 435364.754850902361795, 6060450.435912918299437 ], [ 435364.717782374005765, 6060440.411734423600137 ], [ 435363.125569648575038, 6060438.820907249115407 ], [ 435354.587551542848814, 6060430.387555928900838 ], [ 435354.558166003786027, 6060420.363377433270216 ], [ 435354.528577492048498, 6060410.339198938570917 ], [ 435353.092660469468683, 6060408.904531457461417 ], [ 435344.394687595078722, 6060400.315020443871617 ], [ 435344.36418873409275, 6060390.290841949172318 ], [ 435343.059751290420536, 6060388.987539633177221 ], [ 435334.227375653863419, 6060380.266663453541696 ], [ 435334.19993201456964, 6060370.242484958842397 ], [ 435334.175138342252467, 6060360.218306464143097 ], [ 435333.026842111372389, 6060359.071009485982358 ], [ 435324.035314814187586, 6060350.194127969443798 ], [ 435324.008881823392585, 6060340.169949475675821 ], [ 435322.99393293238245, 6060339.155883797444403 ], [ 435313.865768759686034, 6060330.145770979113877 ], [ 435313.83495777315693, 6060320.121592484414577 ], [ 435312.961023753276095, 6060319.248418966308236 ], [ 435303.686494171444792, 6060310.097413989715278 ], [ 435303.654685596877243, 6060300.073235495947301 ], [ 435303.622657952946611, 6060290.049057000316679 ], [ 435302.928114574227948, 6060289.355118015781045 ], [ 435293.469593893794809, 6060280.02487850561738 ], [ 435293.436508355196565, 6060270.000700009986758 ], [ 435292.895205395179801, 6060269.459868093952537 ], [ 435283.279442157887388, 6060259.976521514356136 ], [ 435282.862296216131654, 6060259.976521515287459 ], [ 435282.445150274317712, 6060259.976521515287459 ], [ 435272.829387037083507, 6060269.641844227910042 ], [ 435262.796477857977152, 6060269.735476406291127 ], [ 435262.531023254734464, 6060270.000700009055436 ], [ 435252.763568678987212, 6060279.819429794326425 ], [ 435242.730659499997273, 6060279.916072661988437 ], [ 435242.621758891036734, 6060280.024878504686058 ], [ 435232.697750320949126, 6060290.001963623799384 ], [ 435227.669559927890077, 6060290.049057000316679 ], [ 435225.967404240858741, 6060300.073235495015979 ], [ 435225.518113899626769, 6060310.097413989715278 ], [ 435224.10320548171876, 6060320.121592484414577 ], [ 435222.688297132845037, 6060330.145770979113877 ], [ 435222.664841141900979, 6060330.311948765069246 ], [ 435220.573831482441165, 6060340.169949474744499 ], [ 435219.202689421421383, 6060350.194127969443798 ], [ 435218.052059735171497, 6060360.218306464143097 ], [ 435217.028676322079264, 6060370.242484958842397 ], [ 435215.613784478744492, 6060380.266663453541696 ], [ 435214.19887606089469, 6060390.290841949172318 ], [ 435212.783968090137932, 6060400.315020443871617 ], [ 435212.631931962852832, 6060401.392145136371255 ], [ 435210.839123377867509, 6060410.339198938570917 ], [ 435209.321791164868046, 6060420.363377433270216 ], [ 435208.151738282642327, 6060430.387555928900838 ], [ 435207.124347279372159, 6060440.411734423600137 ], [ 435205.709455057920422, 6060450.435912918299437 ], [ 435204.294546640070621, 6060460.460091412998736 ], [ 435202.879639047372621, 6060470.484269907698035 ], [ 435202.599022783804685, 6060472.472341508604586 ], [ 435200.985043632914312, 6060480.508448403328657 ], [ 435199.44151459512068, 6060490.532626898027956 ], [ 435198.251887173682917, 6060500.556805392727256 ], [ 435197.220018236665055, 6060510.580983887426555 ], [ 435195.805125637096353, 6060520.605162382125854 ], [ 435194.390217219246551, 6060530.629340877756476 ], [ 435192.975310004665516, 6060540.653519372455776 ], [ 435192.566113604756538, 6060543.552537878975272 ], [ 435191.131788906175643, 6060550.677697867155075 ], [ 435189.561850819853134, 6060560.701876361854374 ], [ 435188.352495302911848, 6060570.726054856553674 ], [ 435187.315689193957951, 6060580.750233352184296 ], [ 435185.900796216272283, 6060590.774411846883595 ], [ 435184.485887798364274, 6060600.798590341582894 ], [ 435183.07098096201662, 6060610.822768836282194 ], [ 435182.533204425708391, 6060614.632734250277281 ], [ 435181.27935964911012, 6060620.846947330981493 ], [ 435179.682793112297077, 6060630.871125826612115 ], [ 435178.453592830104753, 6060640.895304321311414 ], [ 435177.411360151250847, 6060650.919482816010714 ], [ 435175.996466795448214, 6060660.943661310710013 ], [ 435174.581558377598412, 6060670.967839806340635 ], [ 435173.166651919251308, 6060680.992018301039934 ], [ 435172.500295246660244, 6060685.712930623441935 ], [ 435171.427772930881474, 6060691.016196795739233 ], [ 435169.804366594180465, 6060701.040375290438533 ], [ 435168.555168279330246, 6060711.064553785137832 ], [ 435167.507031108543742, 6060721.088732281699777 ], [ 435166.092137374565937, 6060731.112910775467753 ], [ 435164.677235455368645, 6060741.137089270167053 ], [ 435163.262322876544204, 6060751.161267764866352 ], [ 435162.467386067612097, 6060756.793126993812621 ], [ 435161.577028564817738, 6060761.185446259565651 ], [ 435159.926564058288932, 6060771.209624755196273 ], [ 435158.657211836311035, 6060781.233803249895573 ], [ 435157.602702065836638, 6060791.257981745526195 ], [ 435156.187807953800075, 6060801.282160239294171 ], [ 435154.772906412603334, 6060811.306338733062148 ], [ 435153.357993833895307, 6060821.330517229624093 ], [ 435152.43447688856395, 6060827.873323366045952 ], [ 435151.727129440405406, 6060831.354695724323392 ], [ 435150.049380516982637, 6060841.378874219022691 ], [ 435148.759751250094268, 6060851.403052713721991 ], [ 435147.698386950825807, 6060861.42723120842129 ], [ 435146.283478532976005, 6060871.451409704051912 ], [ 435144.868577369954437, 6060881.475588198751211 ], [ 435143.453664791129995, 6060891.499766693450511 ], [ 435142.401567709515803, 6060898.953519736416638 ], [ 435141.878088257682975, 6060901.52394518814981 ], [ 435140.172837899415754, 6060911.548123682849109 ], [ 435138.862776327878237, 6060921.572302178479731 ], [ 435137.794057530001737, 6060931.59648067317903 ], [ 435136.379149112151936, 6060941.62065916787833 ], [ 435134.964248327247333, 6060951.644837662577629 ], [ 435133.549335748422891, 6060961.669016158208251 ], [ 435132.368658530467656, 6060970.033716107718647 ], [ 435132.029907250485849, 6060971.69319465290755 ], [ 435130.296930725686252, 6060981.71737314760685 ], [ 435128.966278575942852, 6060991.741551642306149 ], [ 435127.889728109235875, 6061001.765730137005448 ], [ 435126.474819691269659, 6061011.78990863263607 ], [ 435125.059919284540229, 6061021.81408712733537 ], [ 435123.645006705773994, 6061031.838265622034669 ], [ 435122.335749351419508, 6061041.113912479951978 ], [ 435122.182591816177592, 6061041.862444116733968 ], [ 435120.421655791462399, 6061051.886622611433268 ], [ 435119.070283278648276, 6061061.91080110706389 ], [ 435117.985398688353598, 6061071.934979601763189 ], [ 435116.570490270503797, 6061081.959158096462488 ], [ 435115.155590241833124, 6061091.983336591161788 ], [ 435113.740677663008682, 6061102.007515085861087 ], [ 435112.325765084242448, 6061112.031693581491709 ], [ 435112.302840172371361, 6061112.194112237542868 ], [ 435110.547031753929332, 6061122.055872076191008 ], [ 435109.174781555659138, 6061132.080050570890307 ], [ 435108.081069267471321, 6061142.104229065589607 ], [ 435106.666160849621519, 6061152.128407560288906 ], [ 435105.251261199067812, 6061162.152586055919528 ], [ 435103.836348620359786, 6061172.176764550618827 ], [ 435102.421436041535344, 6061182.200943045318127 ], [ 435102.269930993323214, 6061183.274327605962753 ], [ 435100.673054904502351, 6061192.225121540017426 ], [ 435099.279766263265628, 6061202.249300035648048 ], [ 435098.176739846647251, 6061212.273478530347347 ], [ 435096.76183142879745, 6061222.297657025046647 ], [ 435095.346932156360708, 6061232.321835519745946 ], [ 435093.932019577594474, 6061242.346014014445245 ], [ 435092.51710699882824, 6061252.370192510075867 ], [ 435092.237021814333275, 6061254.354542972519994 ], [ 435090.799723867152352, 6061262.394371004775167 ], [ 435089.385260166833177, 6061272.418549499474466 ], [ 435088.266958212479949, 6061282.442727994173765 ], [ 435086.85750200797338, 6061292.466906488873065 ], [ 435085.442603113711812, 6061302.491084984503686 ], [ 435084.027690534945577, 6061312.515263479202986 ], [ 435082.612777956121136, 6061322.539441973902285 ], [ 435082.20411263522692, 6061325.434758340008557 ], [ 435080.927053945837542, 6061332.563620467670262 ], [ 435079.491255727421958, 6061342.587798963300884 ], [ 435078.356573996366933, 6061352.611977458931506 ], [ 435076.953172587149311, 6061362.636155953630805 ], [ 435075.5382740709465, 6061372.660334448330104 ], [ 435074.123361492180265, 6061382.684512943029404 ], [ 435072.708476837782655, 6061392.708691437728703 ], [ 435072.171203456178773, 6061396.515103365294635 ], [ 435071.055043248052243, 6061402.732869932428002 ], [ 435069.597747182357125, 6061412.757048428058624 ], [ 435069.077157176390756, 6061422.781226923689246 ], [ 435072.171203456120566, 6061427.715735122561455 ], [ 435076.654079389176331, 6061432.805405417457223 ], [ 435072.694291523075663, 6061442.829583913087845 ], [ 435072.171203456178773, 6061443.824566124938428 ], [ 435067.823209031717852, 6061452.853762407787144 ], [ 435063.501080985472072, 6061462.877940902486444 ], [ 435062.138294277130626, 6061466.30046602152288 ], [ 435059.581011122092605, 6061472.902119398117065 ], [ 435055.719307507621124, 6061482.926297891885042 ], [ 435052.105385098082479, 6061492.307264037430286 ], [ 435051.857593085267581, 6061492.950476387515664 ], [ 435047.99590339534916, 6061502.974654882214963 ], [ 435044.134175048442557, 6061512.998833376914263 ], [ 435042.072475919034332, 6061518.350594324991107 ], [ 435040.272485358640552, 6061523.023011872544885 ], [ 435036.410757011617534, 6061533.047190366312861 ], [ 435032.532963341509458, 6061543.071368861943483 ], [ 435032.039566740044393, 6061544.329522109590471 ], [ 435028.558268681459595, 6061553.095547356642783 ], [ 435024.620575038483366, 6061563.119725851342082 ], [ 435022.006657561054453, 6061569.595761752687395 ], [ 435020.566079987562262, 6061573.143904346041381 ], [ 435016.528435125481337, 6061583.168082840740681 ], [ 435012.474621625151485, 6061593.192261336371303 ], [ 435011.973748381948099, 6061594.381722056306899 ], [ 435008.2842778544873, 6061603.216439831070602 ], [ 435003.972869292832911, 6061613.240618325769901 ], [ 435001.940839202899951, 6061617.884241864085197 ], [ 434999.586322782910429, 6061623.264796821400523 ], [ 434995.199792766128667, 6061633.2889753151685 ], [ 434991.907930023793597, 6061640.811586022377014 ], [ 434990.81325066863792, 6061643.313153810799122 ], [ 434986.383747420972213, 6061653.337332305498421 ], [ 434981.875020844803657, 6061663.220088346861303 ], [ 434981.81034292903496, 6061663.361510800197721 ], [ 434981.875020844861865, 6061663.434023378416896 ], [ 434991.907930023851804, 6061670.314884649589658 ], [ 434997.177415321697481, 6061673.385689293965697 ], [ 435001.940839202841744, 6061676.165826274082065 ], [ 435011.973748381948099, 6061682.062220440246165 ], [ 435014.29316218639724, 6061683.409867789596319 ], [ 435022.006657560996246, 6061687.907016729936004 ], [ 435031.442053003935143, 6061693.434046285226941 ], [ 435032.039566740044393, 6061693.78243547026068 ], [ 435042.072475919034332, 6061699.654227465391159 ], [ 435048.5810389710241, 6061703.458224778994918 ], [ 435052.105385098082479, 6061705.512967432849109 ], [ 435062.138294277130626, 6061711.386548805050552 ], [ 435065.723533363314345, 6061713.48240327462554 ], [ 435072.171203456236981, 6061717.252699486911297 ], [ 435082.20411263522692, 6061723.11954687628895 ], [ 435082.86604942008853, 6061723.506581769324839 ], [ 435092.237021814275067, 6061728.986288581043482 ], [ 435100.008579377434216, 6061733.530760264955461 ], [ 435102.269930993323214, 6061734.853101160377264 ], [ 435112.302840172371361, 6061740.719913738779724 ], [ 435117.151081533462275, 6061743.55493875965476 ], [ 435122.335749351419508, 6061746.586690253578126 ], [ 435132.368658530467656, 6061752.453502831980586 ], [ 435134.293597590178251, 6061753.57911725435406 ], [ 435142.401567709515803, 6061758.320279346778989 ], [ 435151.436119783902541, 6061763.603295749053359 ], [ 435152.43447688856395, 6061764.187091925181448 ], [ 435162.467386067612097, 6061770.053891647607088 ], [ 435168.578629703551996, 6061773.627474242821336 ], [ 435172.500295246602036, 6061775.920681019313633 ], [ 435182.533204425708391, 6061781.787493598647416 ], [ 435185.721145760326181, 6061783.65165273938328 ], [ 435192.56611360469833, 6061787.654270113445818 ], [ 435202.599022783804685, 6061793.521082692779601 ], [ 435202.863661817042157, 6061793.67583123408258 ], [ 435212.631931962852832, 6061799.387879757210612 ], [ 435220.006177873699926, 6061803.700009727850556 ], [ 435222.664841141900979, 6061805.254671785980463 ], [ 435232.697750320949126, 6061811.121484364382923 ], [ 435242.730659499939065, 6061811.241776474751532 ], [ 435252.364132159156725, 6061803.700009728781879 ], [ 435252.763568678987212, 6061803.387300929054618 ], [ 435257.187993454630487, 6061793.67583123408258 ], [ 435262.79647785803536, 6061786.479372706264257 ], [ 435264.693700375733897, 6061783.65165273938328 ], [ 435269.180258902488276, 6061773.627474243752658 ], [ 435272.829387037083507, 6061766.36371729336679 ], [ 435275.033100210130215, 6061763.603295749053359 ], [ 435279.198735336074606, 6061753.57911725435406 ], [ 435282.862296216189861, 6061746.229865932837129 ], [ 435285.495361972425599, 6061743.55493875965476 ], [ 435289.272384466719814, 6061733.530760264955461 ], [ 435292.895205395179801, 6061726.16479985229671 ], [ 435296.221407664124854, 6061723.506581769324839 ], [ 435300.12604146625381, 6061713.48240327462554 ], [ 435302.928114574227948, 6061706.857081186026335 ], [ 435307.552703174762428, 6061703.458224780857563 ], [ 435311.239070362993516, 6061693.434046285226941 ], [ 435312.961023753276095, 6061688.250227361917496 ], [ 435320.896581575914752, 6061683.409867789596319 ], [ 435322.754544241935946, 6061673.38568929489702 ], [ 435322.993932932324242, 6061672.232611660845578 ], [ 435324.879320092615671, 6061673.385689293965697 ], [ 435326.964227681048214, 6061683.409867789596319 ], [ 435329.048992593423463, 6061693.434046285226941 ], [ 435331.133900049608201, 6061703.458224778994918 ], [ 435333.026842111372389, 6061712.55990176461637 ], [ 435333.218698110373225, 6061713.48240327462554 ], [ 435335.303463022690266, 6061723.506581769324839 ], [ 435337.388304311200045, 6061733.530760264955461 ], [ 435339.473168539698236, 6061743.55493875965476 ], [ 435341.557933452015277, 6061753.57911725435406 ], [ 435343.059751290362328, 6061760.799701881594956 ], [ 435343.642874056647997, 6061763.603295749053359 ], [ 435345.727638968965039, 6061773.627474244683981 ], [ 435347.812403881340288, 6061783.65165273938328 ], [ 435349.897288529842626, 6061793.67583123408258 ], [ 435351.982109398231842, 6061803.700009729713202 ], [ 435353.092660469468683, 6061809.039874237962067 ], [ 435354.066891370981466, 6061813.724188223481178 ], [ 435356.151814915239811, 6061823.7483667191118 ], [ 435358.23657982761506, 6061833.772545214742422 ], [ 435360.321471327973995, 6061843.796723708510399 ], [ 435362.406272748485208, 6061853.820902203209698 ], [ 435363.125569648458622, 6061857.279438083060086 ], [ 435364.491050256881863, 6061863.845080697908998 ], [ 435366.575875589624047, 6061873.869259192608297 ], [ 435368.660755773831625, 6061883.893437688238919 ], [ 435370.745520686148666, 6061893.917616182938218 ], [ 435372.830455546616577, 6061903.941794677637517 ], [ 435373.158478827564977, 6061905.519001929089427 ], [ 435374.915226203098428, 6061913.965973172336817 ], [ 435376.999991115473676, 6061923.990151667036116 ], [ 435379.084859808208421, 6061934.014330162666738 ], [ 435381.16969663236523, 6061944.038508657366037 ], [ 435383.191388006613124, 6061953.759410557337105 ], [ 435383.254462649289053, 6061954.062687152065337 ], [ 435385.339402149431407, 6061964.086865646764636 ], [ 435387.424167061690241, 6061974.111044142395258 ], [ 435389.508931974007282, 6061984.135222636163235 ], [ 435391.593844026851002, 6061994.159401132725179 ], [ 435393.224297185661271, 6062001.998974402435124 ], [ 435393.678637491015252, 6062004.183579626493156 ], [ 435395.763446867931634, 6062014.207758121192455 ], [ 435397.848343007965013, 6062024.231936616823077 ], [ 435399.933107920282055, 6062034.256115111522377 ], [ 435402.017872832657304, 6062044.280293606221676 ], [ 435403.257206364709418, 6062050.238880873657763 ], [ 435404.102813437290024, 6062054.304472100920975 ], [ 435406.187578349607065, 6062064.328650595620275 ], [ 435408.272431086516008, 6062074.352829091250896 ], [ 435410.357283866556827, 6062084.377007585950196 ], [ 435412.442048778873868, 6062094.401186079718173 ], [ 435413.290115543757565, 6062098.478946875780821 ], [ 435414.526835348224267, 6062104.425364575348794 ], [ 435416.611754295881838, 6062114.449543070048094 ], [ 435418.696519208198879, 6062124.473721565678716 ], [ 435420.781415305216797, 6062134.497900060378015 ], [ 435422.866224725148641, 6062144.522078556008637 ], [ 435423.323024722805712, 6062146.718510720878839 ], [ 435424.951018146297429, 6062154.546257049776614 ], [ 435427.035930242098402, 6062164.570435544475913 ], [ 435429.120695154415444, 6062174.594614040106535 ], [ 435431.205460066790693, 6062184.618792534805834 ], [ 435433.29039952380117, 6062194.642971029505134 ], [ 435433.355933901853859, 6062194.958074567839503 ], [ 435435.375165583740454, 6062204.667149524204433 ], [ 435437.460002364881802, 6062214.691328018903732 ], [ 435439.544871100690216, 6062224.715506514534354 ], [ 435441.629636012949049, 6062234.739685009233654 ], [ 435443.388843080843799, 6062243.198483195155859 ], [ 435443.714406626473647, 6062244.763863503932953 ], [ 435445.799341529957019, 6062254.788041998632252 ], [ 435447.884106442332268, 6062264.812220494262874 ], [ 435449.968986583407968, 6062274.836398988962173 ], [ 435452.053811959223822, 6062284.860577483661473 ], [ 435453.421752259891946, 6062291.438047040253878 ], [ 435454.138589424546808, 6062294.884755978360772 ], [ 435456.22339084505802, 6062304.908934473060071 ], [ 435458.308282388548832, 6062314.933112968690693 ], [ 435460.393047300865874, 6062324.957291463389993 ], [ 435462.47797080205055, 6062334.981469957157969 ], [ 435463.454661438940093, 6062339.677610885351896 ], [ 435464.562752817873843, 6062345.005648452788591 ], [ 435466.647573643131182, 6062355.029826947487891 ], [ 435468.732375063700601, 6062365.054005443118513 ], [ 435470.817223247140646, 6062375.078183937817812 ], [ 435472.901988159457687, 6062385.102362432517111 ], [ 435473.48757061798824, 6062387.917782245203853 ], [ 435474.986928764090408, 6062395.126540927216411 ], [ 435477.071693676407449, 6062405.15071942191571 ], [ 435479.156557861831971, 6062415.174897917546332 ], [ 435481.241359282343183, 6062425.199076412245631 ], [ 435483.326164105674252, 6062435.223254906013608 ], [ 435483.520479797094595, 6062436.157583359628916 ], [ 435485.410962123423815, 6062445.24743340164423 ], [ 435487.495869622682221, 6062455.271611896343529 ], [ 435489.58063453505747, 6062465.295790391974151 ], [ 435491.665542080416344, 6062475.31996888667345 ], [ 435493.553388976084534, 6062484.397147205658257 ], [ 435493.750340051949024, 6062485.34414738137275 ], [ 435495.835104964324273, 6062495.368325876072049 ], [ 435497.919946342066396, 6062505.392504371702671 ], [ 435500.004810481274035, 6062515.416682867333293 ], [ 435502.089575393591076, 6062525.440861362032592 ], [ 435503.586298155132681, 6062532.636949386447668 ], [ 435504.174515998223796, 6062535.465039855800569 ], [ 435506.259280910599045, 6062545.489218350499868 ], [ 435508.344045822916087, 6062555.51339684613049 ], [ 435510.428930560708977, 6062565.53757534082979 ], [ 435512.513751339865848, 6062575.561753835529089 ], [ 435513.619207334180828, 6062580.877119678072631 ], [ 435514.598533401789609, 6062585.585932330228388 ], [ 435516.68345685681561, 6062595.610110824927688 ], [ 435518.768221769132651, 6062605.63428932055831 ], [ 435520.853113358782139, 6062615.658467815257609 ], [ 435522.937914779351559, 6062625.682646309956908 ], [ 435523.652116513228975, 6062629.116683524101973 ], [ 435525.022692198457662, 6062635.706824804656208 ], [ 435527.107517620432191, 6062645.731003299355507 ], [ 435529.192397715407424, 6062655.755181794986129 ], [ 435531.277162627782673, 6062665.779360289685428 ], [ 435533.36209757742472, 6062675.803538784384727 ], [ 435533.685025692277122, 6062677.356247369199991 ], [ 435535.446868144732434, 6062685.827717278152704 ], [ 435537.531633057049476, 6062695.851895773783326 ], [ 435539.616501839074772, 6062705.876074269413948 ], [ 435541.701338574057445, 6062715.900252764113247 ], [ 435543.717934871325269, 6062725.59665599744767 ], [ 435543.786104680155404, 6062725.924431258812547 ], [ 435545.871044091007207, 6062735.948609753511846 ], [ 435547.955809003324248, 6062745.972788248211145 ], [ 435550.040573915641289, 6062755.996966743841767 ], [ 435552.125486057659145, 6062766.021145239472389 ], [ 435553.750844050431624, 6062773.836219842545688 ], [ 435554.210279432591051, 6062776.045323733240366 ], [ 435556.295088898739778, 6062786.069502228870988 ], [ 435558.37998494959902, 6062796.093680723570287 ], [ 435560.464749861916061, 6062806.117859218269587 ], [ 435562.54951477429131, 6062816.142037712968886 ], [ 435563.783753229421563, 6062822.076128378510475 ], [ 435564.634455378924031, 6062826.166216207668185 ], [ 435566.719220291182864, 6062836.190394702367485 ], [ 435568.804073117382359, 6062846.214573197998106 ], [ 435570.888925808132626, 6062856.238751692697406 ], [ 435572.973690720507875, 6062866.262930188328028 ], [ 435573.81666240846971, 6062870.31585075892508 ], [ 435575.058631325140595, 6062876.287108682096004 ], [ 435577.143396237515844, 6062886.311287176795304 ], [ 435579.228161149774678, 6062896.335465671494603 ], [ 435581.31305733602494, 6062906.359644167125225 ], [ 435583.397866666782647, 6062916.383822661824524 ], [ 435583.849571587517858, 6062918.555756161920726 ], [ 435585.482660177105572, 6062926.408001156523824 ], [ 435587.567572183732409, 6062936.432179651223123 ], [ 435589.65233709604945, 6062946.456358146853745 ], [ 435591.737102008366492, 6062956.480536641553044 ], [ 435593.822041554667521, 6062966.504715136252344 ], [ 435593.882480766507797, 6062966.795320007018745 ], [ 435595.906807525316253, 6062976.528893630951643 ], [ 435597.991644395748153, 6062986.553072125650942 ], [ 435600.076513042324223, 6062996.577250622212887 ], [ 435602.161277954641264, 6063006.601429116912186 ], [ 435603.915389945614152, 6063015.035728634335101 ], [ 435604.246048657339998, 6063016.625607610680163 ], [ 435606.330983471591026, 6063026.649786105379462 ], [ 435608.415748383966275, 6063036.673964601010084 ], [ 435610.500628614390735, 6063046.698143095709383 ], [ 435612.585453900916036, 6063056.722321590408683 ], [ 435613.948299124662299, 6063063.275292480364442 ], [ 435614.670231455471367, 6063066.746500085107982 ], [ 435616.755032875982579, 6063076.770678579807281 ], [ 435618.839924330241047, 6063086.794857075437903 ], [ 435620.924689242558088, 6063096.819035570137203 ], [ 435623.009612832975108, 6063106.843214064836502 ], [ 435623.981208303710446, 6063111.514856327325106 ], [ 435625.09439475950785, 6063116.867392559535801 ], [ 435627.17921567405574, 6063126.891571054235101 ], [ 435629.264017094508745, 6063136.915749549865723 ], [ 435631.348865188716445, 6063146.939928043633699 ], [ 435633.433630101091694, 6063156.964106539264321 ], [ 435634.014117482700385, 6063159.755029750987887 ], [ 435635.518570705666207, 6063166.988285033963621 ], [ 435637.603335618041456, 6063177.01246352866292 ], [ 435639.688199892640114, 6063187.036642024293542 ], [ 435641.773041135049425, 6063197.060820519924164 ], [ 435643.857806047366466, 6063207.084999013692141 ], [ 435644.047026661748532, 6063207.99482879973948 ], [ 435645.942604154231958, 6063217.10917750839144 ], [ 435648.027511564316228, 6063227.133356003090739 ], [ 435650.112276476633269, 6063237.157534498721361 ], [ 435652.197184111282695, 6063247.181712994351983 ], [ 435654.079935840796679, 6063256.234392644837499 ], [ 435654.281981993641239, 6063257.20589148811996 ], [ 435656.36674690595828, 6063267.230069982819259 ], [ 435658.451588372932747, 6063277.254248477518559 ], [ 435660.536452422849834, 6063287.27842697314918 ], [ 435662.621217335166875, 6063297.30260546784848 ], [ 435664.112845019844826, 6063304.47419689130038 ], [ 435664.706157939857803, 6063307.326783962547779 ], [ 435666.790922852174845, 6063317.350962457247078 ], [ 435668.875771170947701, 6063327.3751409528777 ], [ 435670.960572591517121, 6063337.399319447577 ], [ 435673.045393281499855, 6063347.423497942276299 ], [ 435674.145754198892973, 6063352.714365119114518 ], [ 435675.13017543265596, 6063357.447676436975598 ], [ 435677.215098798391409, 6063367.47185493260622 ], [ 435679.299863710766658, 6063377.496033426374197 ], [ 435681.38475538964849, 6063387.520211922004819 ], [ 435683.469556810159702, 6063397.544390416704118 ], [ 435684.17866337794112, 6063400.953928964212537 ], [ 435685.554334140091669, 6063407.568568911403418 ], [ 435687.639159651240334, 6063417.592747406102717 ], [ 435689.72403965704143, 6063427.616925901733339 ], [ 435691.808804569416679, 6063437.641104396432638 ], [ 435693.893739608291071, 6063447.665282891131938 ], [ 435694.211572556989267, 6063449.193492810241878 ], [ 435695.978510086308233, 6063457.689461385831237 ], [ 435698.063274998683482, 6063467.713639880530536 ], [ 435700.148143869824708, 6063477.737818376161158 ], [ 435702.232980515691452, 6063487.761996870860457 ], [ 435704.244481736037415, 6063497.433901437558234 ], [ 435704.317746710963547, 6063497.786175365559757 ], [ 435706.402686032641213, 6063507.810353860259056 ], [ 435708.487450944958255, 6063517.834532354958355 ], [ 435710.572215857275296, 6063527.8587108515203 ], [ 435712.657128088525496, 6063537.882889345288277 ], [ 435714.277390915085562, 6063545.673465282656252 ], [ 435714.741921374225058, 6063547.907067839987576 ], [ 435716.826730929547921, 6063557.931246334686875 ], [ 435718.911626891233027, 6063567.955424830317497 ], [ 435720.996391803491861, 6063577.979603325016797 ], [ 435723.08115671586711, 6063588.003781819716096 ], [ 435724.310300094133709, 6063593.913375882431865 ], [ 435725.16609732049983, 6063598.027960314415395 ], [ 435727.250862232816871, 6063608.052138809114695 ], [ 435729.33571514824871, 6063618.076317304745317 ], [ 435731.420567749824841, 6063628.100495799444616 ], [ 435733.505332662083674, 6063638.124674294143915 ], [ 435734.343209273181856, 6063642.15309826284647 ], [ 435735.590273266716395, 6063648.148852788843215 ], [ 435737.675038179033436, 6063658.173031283542514 ], [ 435739.759803091408685, 6063668.197209779173136 ], [ 435741.844699366833083, 6063678.221388273872435 ], [ 435743.929508608416654, 6063688.245566768571734 ], [ 435744.37611845228821, 6063690.393001602031291 ], [ 435746.014302207913715, 6063698.269745263271034 ], [ 435748.099214125366416, 6063708.293923757970333 ], [ 435750.183979037683457, 6063718.318102253600955 ], [ 435752.268743950000498, 6063728.342280749231577 ], [ 435754.353683585417457, 6063738.366459242999554 ], [ 435754.409027631219942, 6063738.632565447129309 ], [ 435756.438449467008468, 6063748.390637737698853 ], [ 435758.523286426556297, 6063758.414816232398152 ], [ 435760.608154983958229, 6063768.438994728028774 ], [ 435762.692919896275271, 6063778.463173222728074 ], [ 435764.441936810326297, 6063786.872974074445665 ], [ 435764.777690688206349, 6063788.487351717427373 ], [ 435766.862625413225032, 6063798.511530213057995 ], [ 435768.947390325600281, 6063808.535708706825972 ], [ 435771.03227064514067, 6063818.559887202456594 ], [ 435773.117095842491835, 6063828.584065697155893 ], [ 435774.474845989374444, 6063835.112537920475006 ], [ 435775.20187348627951, 6063838.608244191855192 ], [ 435777.28667490684893, 6063848.632422686554492 ], [ 435779.371566271816846, 6063858.656601182185113 ], [ 435781.456331184133887, 6063868.680779676884413 ], [ 435783.541254863841459, 6063878.704958172515035 ], [ 435784.507755168364383, 6063883.352101766504347 ], [ 435785.626036701141857, 6063888.729136666283011 ], [ 435787.710857704922091, 6063898.753315160982311 ], [ 435789.795659125433303, 6063908.777493656612933 ], [ 435791.88050713040866, 6063918.801672151312232 ], [ 435793.935927395243198, 6063928.825850646011531 ], [ 435794.540664347470738, 6063931.5922772558406 ], [ 435796.050212647358421, 6063938.850029140710831 ], [ 435798.134977559675463, 6063948.87420763541013 ], [ 435800.219841923564672, 6063958.898386131040752 ], [ 435802.100015123724006, 6063968.922564625740051 ], [ 435804.296182975987904, 6063978.946743120439351 ], [ 435804.573573526518885, 6063979.832074239850044 ], [ 435806.474246185156517, 6063988.97092161513865 ], [ 435808.559153505950235, 6063998.995100109837949 ], [ 435810.119248755683657, 6064009.019278604537249 ], [ 435811.624125662958249, 6064019.043457100167871 ], [ 435814.606482705567032, 6064028.071638085879385 ], [ 435814.813623935275245, 6064029.06763559486717 ], [ 435816.898388847592287, 6064039.091814089566469 ], [ 435817.976381153217517, 6064049.115992584265769 ], [ 435818.64101120037958, 6064059.14017107989639 ], [ 435820.29148958157748, 6064069.16434957459569 ], [ 435824.639391884556971, 6064076.311444396153092 ], [ 435825.23779988149181, 6064079.188528069294989 ], [ 435825.650619070453104, 6064089.212706563994288 ], [ 435825.290594876860268, 6064099.23688505962491 ], [ 435824.639391884556971, 6064107.228564349934459 ], [ 435820.044232615618967, 6064109.26106355432421 ], [ 435814.606482705567032, 6064111.665330121293664 ], [ 435804.573573526577093, 6064116.101317155174911 ], [ 435797.378693155013025, 6064119.285242049023509 ], [ 435794.540664347470738, 6064120.54114487208426 ], [ 435784.507755168364383, 6064124.97713190689683 ], [ 435774.70938152866438, 6064129.309420543722808 ], [ 435774.474845989374444, 6064129.413158688694239 ], [ 435764.441936810326297, 6064133.85084598697722 ], [ 435754.40902763127815, 6064138.288933692499995 ], [ 435752.046299235895276, 6064139.333599038422108 ], [ 435744.37611845228821, 6064142.726220583543181 ], [ 435734.343209273181856, 6064147.163907881826162 ], [ 435729.383216943126172, 6064149.35777753405273 ], [ 435724.310300094133709, 6064151.601595181040466 ], [ 435714.277390915085562, 6064156.039282478392124 ], [ 435706.720134650357068, 6064159.381956028752029 ], [ 435704.244481736037415, 6064160.47696977853775 ], [ 435694.211572556989267, 6064164.914657075889409 ], [ 435684.17866337794112, 6064169.35234437417239 ], [ 435684.057052357646171, 6064169.406134523451328 ], [ 435674.145754198892973, 6064173.790031673386693 ], [ 435664.112845019844826, 6064178.227718970738351 ], [ 435661.393970064818859, 6064179.43031301908195 ], [ 435654.079935840796679, 6064182.664166769944131 ], [ 435644.047026661690325, 6064187.103093568235636 ], [ 435638.730887772049755, 6064189.454491512849927 ], [ 435634.014117482700385, 6064191.53998152166605 ], [ 435623.981208303710446, 6064195.97596855647862 ], [ 435616.059118977922481, 6064199.478670008480549 ], [ 435613.948299124662299, 6064200.412313310429454 ], [ 435603.915389945614152, 6064204.851783308200538 ], [ 435593.882480766624212, 6064209.28777034394443 ], [ 435593.396036685153376, 6064209.502848503179848 ], [ 435583.849571587517858, 6064213.725375205278397 ], [ 435573.81666240846971, 6064218.163062503561378 ], [ 435570.73295439244248, 6064219.527026997879148 ], [ 435563.783753229421563, 6064222.600749801844358 ], [ 435553.750844050373416, 6064227.038437100127339 ], [ 435548.069872099673375, 6064229.551205492578447 ], [ 435543.717934871325269, 6064231.47612439841032 ], [ 435533.68502569233533, 6064235.913811696693301 ], [ 435525.406789806904271, 6064239.575383987277746 ], [ 435523.652116513228975, 6064240.351498994976282 ], [ 435513.619207334180828, 6064244.789186293259263 ], [ 435503.586298155132681, 6064249.226873592473567 ], [ 435502.743707514135167, 6064249.599562482908368 ], [ 435493.553388976084534, 6064253.663003420457244 ], [ 435483.520479797036387, 6064258.102248189970851 ], [ 435480.080625221366063, 6064259.623740977607667 ], [ 435473.48757061798824, 6064262.538818172179163 ], [ 435463.454661438998301, 6064266.974805206991732 ], [ 435457.414086362347007, 6064269.647919472306967 ], [ 435453.421752259950154, 6064271.414632923901081 ], [ 435443.388843080843799, 6064275.850619958713651 ], [ 435434.745774134411477, 6064279.672097967006266 ], [ 435433.355933901853859, 6064280.286842527799308 ], [ 435423.323024722805712, 6064284.724529827013612 ], [ 435413.290115543757565, 6064289.162421745248139 ], [ 435412.08269184170058, 6064289.696276461705565 ], [ 435403.257206364767626, 6064293.599904423579574 ], [ 435393.224297185661271, 6064298.037591721862555 ], [ 435389.419609548931476, 6064299.720454957336187 ], [ 435383.191388006613124, 6064302.475279021076858 ], [ 435373.158478827564977, 6064306.912966318428516 ], [ 435366.756527256220579, 6064309.744633452035487 ], [ 435363.12556964851683, 6064311.350653616711497 ], [ 435353.092660469468683, 6064315.788340915925801 ], [ 435344.093444963393267, 6064319.768811946734786 ], [ 435343.059751290420536, 6064320.225853035226464 ], [ 435333.026842111372389, 6064324.66371551156044 ], [ 435322.993932932324242, 6064329.101402810774744 ], [ 435321.430362670624163, 6064329.792990440502763 ], [ 435312.961023753276095, 6064333.537654821760952 ], [ 435302.928114574227948, 6064337.973641857504845 ], [ 435298.762200728291646, 6064339.81716893799603 ], [ 435292.895205395179801, 6064342.413469573482871 ], [ 435282.862296216131654, 6064346.849456609226763 ], [ 435276.095511583669577, 6064349.841347431764007 ], [ 435272.829387037083507, 6064351.285997150465846 ], [ 435262.79647785803536, 6064355.723684446886182 ], [ 435253.43242929095868, 6064359.865525926463306 ], [ 435252.763568678987212, 6064360.161371747031808 ], [ 435242.730659499939065, 6064364.599059045314789 ], [ 435232.697750320890918, 6064369.036746342666447 ], [ 435230.769346998189576, 6064369.889704420231283 ], [ 435222.664841141900979, 6064373.474433640949428 ], [ 435212.631931962852832, 6064377.912120939232409 ], [ 435208.106264705478679, 6064379.913882915861905 ], [ 435202.599022783804685, 6064382.349808238446712 ], [ 435192.56611360469833, 6064386.787495536729693 ], [ 435185.443182412651367, 6064389.938061411492527 ], [ 435182.533204425708391, 6064391.225182835012674 ], [ 435172.500295246602036, 6064395.662870133295655 ], [ 435162.780100119940471, 6064399.962239906191826 ], [ 435162.467386067612097, 6064400.100504437461495 ], [ 435152.43447688856395, 6064404.536491472274065 ], [ 435142.401567709457595, 6064408.975932029075921 ], [ 435140.117017827171367, 6064409.986418399959803 ], [ 435132.368658530467656, 6064413.412306223995984 ], [ 435122.335749351419508, 6064417.848293258808553 ], [ 435117.445249032985885, 6064420.010596895590425 ], [ 435112.302840172371361, 6064422.285151770338416 ], [ 435102.269930993323214, 6064426.724108010530472 ], [ 435094.78216674021678, 6064430.034775390289724 ], [ 435092.237021814275067, 6064431.160526367835701 ], [ 435082.20411263522692, 6064435.598213667050004 ], [ 435072.171203456120566, 6064440.035900964401662 ], [ 435072.119084447447676, 6064440.058953885920346 ], [ 435062.138294277130626, 6064444.473588263615966 ], [ 435052.105385098082479, 6064448.911275561898947 ], [ 435049.456002154678572, 6064450.083132380619645 ], [ 435042.072475919034332, 6064453.348962860181928 ], [ 435032.039566740044393, 6064457.786650158464909 ], [ 435026.792919861967675, 6064460.107310875318944 ], [ 435022.006657560996246, 6064462.22433745674789 ], [ 435011.973748381948099, 6064466.66202475503087 ], [ 435004.129837569198571, 6064470.131489370018244 ], [ 435001.940839202899951, 6064471.099341086111963 ], [ 434991.907930023851804, 6064475.537399351596832 ], [ 434981.875020844803657, 6064479.975086649879813 ], [ 434981.466755276487675, 6064480.155667864717543 ], [ 434971.84211166575551, 6064484.411142873577774 ], [ 434961.809202486649156, 6064488.847129908390343 ], [ 434958.79759393556742, 6064490.179846360348165 ], [ 434951.776293307659216, 6064493.286957625299692 ], [ 434941.743384128611069, 6064497.722944660112262 ], [ 434936.131904189474881, 6064500.204024855047464 ], [ 434931.710474949562922, 6064502.159680989570916 ], [ 434921.677565770456567, 6064506.597368286922574 ], [ 434913.468821896763984, 6064510.228203349746764 ], [ 434911.644656591466628, 6064511.035055586136878 ], [ 434901.611747412418481, 6064515.472742883488536 ], [ 434891.578838233370334, 6064519.910430181771517 ], [ 434890.80573960399488, 6064520.252381845377386 ], [ 434881.545929054322187, 6064524.34811748098582 ], [ 434871.51301987527404, 6064528.785804779268801 ], [ 434868.142657311225776, 6064530.27656033821404 ], [ 434861.480110696225893, 6064533.223492077551782 ], [ 434851.447201517177746, 6064537.661179376766086 ], [ 434845.479575018514879, 6064540.300738834775984 ], [ 434841.414292338187806, 6064542.098866675049067 ], [ 434831.381383159081452, 6064546.536553973332047 ], [ 434822.816492725803982, 6064550.324917329475284 ], [ 434821.348473980091512, 6064550.973992489278316 ], [ 434811.315564800985157, 6064555.409979523159564 ], [ 434801.282655621995218, 6064559.849615869112313 ], [ 434800.153410433034878, 6064560.349095824174583 ], [ 434791.249746442947071, 6064564.285794274881482 ], [ 434781.216837263898924, 6064568.721781309694052 ], [ 434777.481641638791189, 6064570.373274318873882 ], [ 434771.183928084850777, 6064573.158835610374808 ], [ 434761.15101890580263, 6064577.59759606141597 ], [ 434754.818559346022084, 6064580.397452813573182 ], [ 434751.118109726754483, 6064582.03421020694077 ], [ 434741.085200547706336, 6064586.471897505223751 ], [ 434732.155477053311188, 6064590.421631308272481 ], [ 434731.052291368658189, 6064590.909584804438055 ], [ 434721.019382189610042, 6064595.347272102721035 ], [ 434710.986473010620102, 6064599.784959401004016 ], [ 434709.492394760542084, 6064600.445809803903103 ], [ 434700.953563831513748, 6064604.22264670021832 ], [ 434690.920654652465601, 6064608.660333997569978 ], [ 434686.829312467772979, 6064610.469988298602402 ], [ 434680.887745473417453, 6064613.098021295852959 ], [ 434670.854836294311099, 6064617.535708593204618 ], [ 434664.166230175062083, 6064620.494166793301702 ], [ 434660.821927115321159, 6064621.972829138860106 ], [ 434650.789017936214805, 6064626.411083191633224 ], [ 434641.503147882292978, 6064630.518345288932323 ], [ 434640.756108757283073, 6064630.848643890582025 ], [ 434630.723199578234926, 6064635.284630926325917 ], [ 434620.690290399186779, 6064639.720617961138487 ], [ 434618.832987142843194, 6064640.5425237827003 ], [ 434610.657381220138632, 6064644.160445677116513 ], [ 434600.624472041090485, 6064648.596432711929083 ], [ 434596.168296795338392, 6064650.566702278330922 ], [ 434590.591562862042338, 6064653.033364828675985 ], [ 434580.558653683052398, 6064657.471052126958966 ], [ 434573.505214502569288, 6064660.590880773030221 ], [ 434570.525744503946044, 6064661.908739425241947 ], [ 434560.492835324956104, 6064666.346426723524928 ], [ 434550.842132209800184, 6064670.615059267729521 ], [ 434550.459926145849749, 6064670.784114021807909 ], [ 434540.427016966801602, 6064675.22180132009089 ], [ 434530.394107787753455, 6064679.659488619305193 ], [ 434528.179049917089287, 6064680.639237763360143 ], [ 434520.361198608705308, 6064684.097175918519497 ], [ 434510.328289429715369, 6064688.534863216802478 ], [ 434505.515967624261975, 6064690.663416258059442 ], [ 434500.295380250609014, 6064692.971665788441896 ], [ 434490.262471071560867, 6064697.41023781336844 ], [ 434482.852885331492871, 6064700.687594752758741 ], [ 434480.22956189251272, 6064701.847480540163815 ], [ 434470.196652713464573, 6064706.283467574976385 ], [ 434460.189780495944433, 6064710.711773247458041 ], [ 434460.163743534416426, 6064710.723295291885734 ], [ 434450.130834355426487, 6064715.159282326698303 ], [ 434440.09792517637834, 6064719.595269361510873 ], [ 434437.518034244596492, 6064720.73595174215734 ], [ 434430.065015997271985, 6064724.032519450411201 ], [ 434420.032106818282045, 6064728.471084113232791 ], [ 434414.854951951885596, 6064730.760130237787962 ], [ 434409.999197639233898, 6064732.907894046977162 ], [ 434399.966288460185751, 6064737.345581345260143 ], [ 434392.191869659116492, 6064740.784308732487261 ], [ 434389.933379281137604, 6064741.783268644474447 ], [ 434379.900470102089457, 6064746.220955941826105 ], [ 434369.86756092304131, 6064750.658643240109086 ], [ 434369.528787366347387, 6064750.808487226255238 ], [ 434359.834651743993163, 6064755.096330538392067 ], [ 434349.801742564886808, 6064759.53401783760637 ], [ 434346.865705073636491, 6064760.832665722817183 ], [ 434339.768833385896869, 6064763.971705134958029 ], [ 434329.735924206848722, 6064768.40939243324101 ], [ 434324.202622780809179, 6064770.856844216585159 ], [ 434319.703015027800575, 6064772.846317189745605 ], [ 434309.670105848752428, 6064777.282304225489497 ], [ 434301.537894861889072, 6064780.881022712215781 ], [ 434299.637196669704281, 6064781.722131942398846 ], [ 434289.604287490656134, 6064786.158118977211416 ], [ 434279.571378311666194, 6064790.594106012955308 ], [ 434278.867771693796385, 6064790.905201206915081 ], [ 434269.53846913255984, 6064795.031674071215093 ], [ 434259.505559953511693, 6064799.469920763745904 ], [ 434256.204689401201904, 6064800.92937970161438 ], [ 434249.472650774521753, 6064803.907048667781055 ], [ 434239.439741595473606, 6064808.344735966995358 ], [ 434233.5416071084328, 6064810.953558196313679 ], [ 434229.406832416425459, 6064812.782423264347017 ], [ 434219.373923237319104, 6064817.22011056356132 ], [ 434210.878524815605488, 6064820.977736691012979 ], [ 434209.341014058329165, 6064821.657797860912979 ], [ 434199.308104879281018, 6064826.095485160127282 ], [ 434189.275195700232871, 6064830.533172459341586 ], [ 434188.215442522894591, 6064831.0019151866436 ], [ 434179.242286521184724, 6064834.970859756693244 ], [ 434169.209377342136577, 6064839.408547054976225 ], [ 434165.552360230125487, 6064841.026093682274222 ], [ 434159.17646816308843, 6064843.845153840258718 ], [ 434149.143558984040283, 6064848.283921652473509 ], [ 434142.889277937356383, 6064851.050272176042199 ], [ 434139.110649804992136, 6064852.720968591980636 ], [ 434129.077740625943989, 6064857.156955626793206 ], [ 434120.217509143170901, 6064861.074450670741498 ], [ 434119.044831446895842, 6064861.593141394667327 ], [ 434109.011922267847694, 6064866.032770378515124 ], [ 434098.979013088799547, 6064870.468757414259017 ], [ 434097.554426850401796, 6064871.09862916637212 ], [ 434088.9461039097514, 6064874.906203290447593 ], [ 434078.913194730703253, 6064879.343890588730574 ], [ 434074.891344557632692, 6064881.12280766107142 ], [ 434068.880285551655106, 6064883.781577887013555 ], [ 434058.847376372665167, 6064888.219265185296535 ], [ 434052.228262264980003, 6064891.146986155770719 ], [ 434048.81446719361702, 6064892.656952483579516 ], [ 434038.781558014568873, 6064897.094639781862497 ], [ 434029.565179972152691, 6064901.171164650470018 ], [ 434028.748648835520726, 6064901.532327080145478 ], [ 434018.715739656472579, 6064905.970014378428459 ], [ 434008.682830477482639, 6064910.40770167671144 ], [ 434006.902097679441795, 6064911.195343145169318 ], [ 433998.649921298376285, 6064914.845388974994421 ], [ 433988.617012119386345, 6064919.283076274208724 ], [ 433984.239015386672691, 6064921.219521641731262 ], [ 433978.58410294027999, 6064923.719805242493749 ], [ 433968.551193761290051, 6064928.155792277306318 ], [ 433961.573288069223054, 6064931.243700135499239 ], [ 433958.518284582183696, 6064932.595619993284345 ], [ 433948.485375403193757, 6064937.031607029028237 ], [ 433938.904164299718104, 6064941.267878630198538 ], [ 433938.452466224087402, 6064941.467670612968504 ], [ 433928.419557045039255, 6064945.905357910320163 ], [ 433918.386647866049316, 6064950.343408815562725 ], [ 433916.241082006949, 6064951.292057124897838 ], [ 433908.353738687001169, 6064954.780732506886125 ], [ 433898.320829507894814, 6064959.218419805169106 ], [ 433893.577999714179896, 6064961.31623562052846 ], [ 433888.287920328904875, 6064963.656107105314732 ], [ 433878.255011149740312, 6064968.09379440266639 ], [ 433870.914917421410792, 6064971.340414114296436 ], [ 433868.222101970750373, 6064972.531481701880693 ], [ 433858.189192791760433, 6064976.969169000163674 ], [ 433848.251835128699895, 6064981.364592609927058 ], [ 433848.156283612712286, 6064981.406856298446655 ], [ 433838.123374433664139, 6064985.844543596729636 ], [ 433828.090465254615992, 6064990.282230895012617 ], [ 433825.588752835988998, 6064991.388771104626358 ], [ 433818.057556075567845, 6064994.718641892075539 ], [ 433808.024646896461491, 6064999.157605491578579 ], [ 433802.925670543219894, 6065001.412949599325657 ], [ 433797.991737717471551, 6065003.594456642866135 ], [ 433787.958828538423404, 6065008.030443678610027 ], [ 433780.253901748976205, 6065011.437128094024956 ], [ 433777.925919359433465, 6065012.466825232841074 ], [ 433767.89301018032711, 6065016.906258430331945 ], [ 433757.860101001278963, 6065021.342245466075838 ], [ 433757.5908194562071, 6065021.461306589655578 ], [ 433747.827191822230816, 6065025.77988712862134 ], [ 433737.794282643182669, 6065030.217574427835643 ], [ 433734.927737163437996, 6065031.485485084354877 ], [ 433727.761373464134522, 6065034.655261726118624 ], [ 433717.728464285028167, 6065039.092949023470283 ], [ 433712.264654870727099, 6065041.509663579054177 ], [ 433707.695555106038228, 6065043.530636322684586 ], [ 433697.662645926990081, 6065047.968323620967567 ], [ 433689.601572577899788, 6065051.533842073753476 ], [ 433687.629736747941934, 6065052.406010919250548 ], [ 433677.596827568893787, 6065056.843698217533529 ], [ 433667.563918389903847, 6065061.28138551581651 ], [ 433666.938490285247099, 6065061.558020567521453 ], [ 433657.5310092108557, 6065065.719072815030813 ], [ 433647.498100031807553, 6065070.156760113313794 ], [ 433644.275407992419787, 6065071.582199064083397 ], [ 433637.465190852759406, 6065074.59329329431057 ], [ 433627.432281673653051, 6065079.029280329123139 ], [ 433621.608681276557036, 6065081.606377558782697 ], [ 433617.399372494663112, 6065083.469108045101166 ], [ 433607.366463315673172, 6065087.905095079913735 ], [ 433598.940556905465201, 6065091.630556053481996 ], [ 433597.333554136566818, 6065092.341354452073574 ], [ 433587.300644957518671, 6065096.779041750356555 ], [ 433577.267735778470524, 6065101.216896866448224 ], [ 433576.277474612754304, 6065101.654734548181295 ], [ 433567.234826599422377, 6065105.654416346922517 ], [ 433557.20191742037423, 6065110.092103645205498 ], [ 433553.614392319926992, 6065111.678913042880595 ], [ 433547.169008241326082, 6065114.529790943488479 ], [ 433537.136099062277935, 6065118.967478242702782 ], [ 433527.103189883229788, 6065112.478729852475226 ], [ 433517.070280704181641, 6065111.982778898440301 ], [ 433516.752400518627837, 6065111.678913042880595 ], [ 433507.037371525133494, 6065102.239978722296655 ], [ 433506.085970849788282, 6065101.654734548181295 ], [ 433497.004462346085347, 6065092.969974020496011 ], [ 433493.679612791514955, 6065091.630556053481996 ], [ 433486.9715531670372, 6065085.572399939410388 ], [ 433482.931018018163741, 6065091.630556054413319 ], [ 433486.971553166978993, 6065095.523878315463662 ], [ 433490.270904489560053, 6065101.654734548181295 ], [ 433497.004462346085347, 6065108.37034991197288 ], [ 433499.269455150817521, 6065111.678913042880595 ], [ 433507.037371525133494, 6065119.545661454088986 ], [ 433509.120358904649038, 6065121.703091537579894 ], [ 433517.070280704181641, 6065129.751775786280632 ], [ 433519.021419505297672, 6065131.727270033210516 ], [ 433527.103189883229788, 6065139.909434413537383 ], [ 433528.922495630569756, 6065141.751448527909815 ], [ 433537.136099062277935, 6065150.067077116109431 ], [ 433538.823567409534007, 6065151.775627022609115 ], [ 433547.169008241326082, 6065160.224722687155008 ], [ 433548.724666971131228, 6065161.799805518239737 ], [ 433557.20191742037423, 6065170.382340553216636 ], [ 433558.625783601310104, 6065171.823984012939036 ], [ 433567.234826599422377, 6065180.539888923987746 ], [ 433568.526930717867799, 6065181.848162507638335 ], [ 433577.267735778470524, 6065190.697506015188992 ], [ 433578.428072469308972, 6065191.872341002337635 ], [ 433587.300644957518671, 6065200.85507901199162 ], [ 433588.329240434104577, 6065201.896519497036934 ], [ 433597.333554136566818, 6065211.012625915929675 ], [ 433598.230427003523801, 6065211.920697992667556 ], [ 433607.366463315614965, 6065221.170153732411563 ], [ 433608.131632173724938, 6065221.944876487366855 ], [ 433617.399372494663112, 6065231.327662467956543 ], [ 433618.032852213596925, 6065231.969054982066154 ], [ 433627.432281673711259, 6065241.485155156813562 ], [ 433627.934095348289702, 6065241.993233476765454 ], [ 433637.465190852759406, 6065251.642567426897585 ], [ 433637.835413912602235, 6065252.017411971464753 ], [ 433647.498100031807553, 6065261.800017361529171 ], [ 433647.736694990948308, 6065262.041590467095375 ], [ 433657.5310092108557, 6065271.957448231056333 ], [ 433657.63799464982003, 6065272.065768961794674 ], [ 433667.515188977587968, 6065282.089947456493974 ], [ 433667.563918389903847, 6065282.137439833022654 ], [ 433677.303271586308256, 6065292.114125951193273 ], [ 433677.596827568893787, 6065292.400571153499186 ], [ 433687.114135441137478, 6065302.138304445892572 ], [ 433687.629736747941934, 6065302.641961560584605 ], [ 433696.944561573967803, 6065312.162482941523194 ], [ 433697.662645926990081, 6065312.864626109600067 ], [ 433706.792155777395237, 6065322.186661436222494 ], [ 433707.695555106096435, 6065323.070805831812322 ], [ 433716.654823390359525, 6065332.210839930921793 ], [ 433717.728464285028167, 6065333.262472514994442 ], [ 433726.530797192128375, 6065342.235018425621092 ], [ 433727.761373464134522, 6065343.441295536234975 ], [ 433736.418649759609252, 6065352.259196919389069 ], [ 433737.794282643124461, 6065353.608624959364533 ], [ 433746.316945760743693, 6065362.283375415951014 ], [ 433747.827191822230816, 6065363.765830056741834 ], [ 433756.224659188708756, 6065372.307553910650313 ], [ 433757.860101001278963, 6065373.913886405527592 ], [ 433766.140835190773942, 6065382.331732405349612 ], [ 433767.89301018032711, 6065384.053706423379481 ], [ 433776.064704441465437, 6065392.355910900980234 ], [ 433777.925919359375257, 6065394.186025238595903 ], [ 433785.995418077218346, 6065402.380089395679533 ], [ 433787.958828538423404, 6065404.311661031097174 ], [ 433795.932403711020015, 6065412.404267890378833 ], [ 433797.991737717471551, 6065414.431162877939641 ], [ 433805.875101141049527, 6065422.428446385078132 ], [ 433808.024646896519698, 6065424.545084835030138 ], [ 433815.823000281292479, 6065432.452624879777431 ], [ 433818.057556075567845, 6065434.653877223841846 ], [ 433825.775739884993527, 6065442.476803374476731 ], [ 433828.090465254615992, 6065444.757930584251881 ], [ 433835.732813448412344, 6065452.500981870107353 ], [ 433838.123374433664139, 6065454.857723623514175 ], [ 433845.69392217125278, 6065462.525160364806652 ], [ 433848.156283612712286, 6065464.957650119438767 ], [ 433855.65453135734424, 6065472.549338859505951 ], [ 433858.189192791760433, 6065475.115525201894343 ], [ 433865.555435265647247, 6065482.573517354205251 ], [ 433868.222101970692165, 6065485.273350149393082 ], [ 433875.456301203463227, 6065492.59769584890455 ], [ 433878.25501114979852, 6065495.431213255040348 ], [ 433885.357173367228825, 6065502.621874344535172 ], [ 433888.287920328788459, 6065505.589069973677397 ], [ 433895.258051756653003, 6065512.646052839234471 ], [ 433898.320829507894814, 6065515.746920304372907 ], [ 433905.158936371095479, 6065522.670231333933771 ], [ 433908.353738686884753, 6065525.904744932428002 ], [ 433915.059886338945944, 6065532.69440982863307 ], [ 433918.386647865991108, 6065536.062541943974793 ], [ 433924.96078340098029, 6065542.718588323332369 ], [ 433928.419557045039255, 6065546.220373120158911 ], [ 433934.861686686810572, 6065552.742766819894314 ], [ 433938.452466224087402, 6065556.378197910264134 ], [ 433944.76259619591292, 6065562.766945313662291 ], [ 433948.485375403135549, 6065566.536016315221786 ], [ 433954.663548335433006, 6065572.79112380836159 ], [ 433958.518284582183696, 6065576.693791782483459 ], [ 433964.56446951138787, 6065582.815302303060889 ], [ 433968.551193761290051, 6065586.851574117317796 ], [ 433974.465421179425903, 6065592.839480798691511 ], [ 433978.58410294027999, 6065597.009373372420669 ], [ 433984.366355576203205, 6065602.863659294322133 ], [ 433988.61701211926993, 6065607.167166245169938 ], [ 433994.267329487833194, 6065612.88783778809011 ], [ 433998.649921298376285, 6065617.324919376522303 ], [ 434004.168275548086967, 6065622.912016282789409 ], [ 434008.682830477424432, 6065627.48270028270781 ], [ 434014.069227828702424, 6065632.936194777488708 ], [ 434018.715739656472579, 6065637.640474808402359 ], [ 434023.970186329330318, 6065642.960373272188008 ], [ 434028.748648835520726, 6065647.79824295360595 ], [ 434033.871151049272157, 6065652.984551768749952 ], [ 434038.781558014568873, 6065657.955975037068129 ], [ 434043.772181099280715, 6065663.008730262517929 ], [ 434048.81446719361702, 6065668.11370025575161 ], [ 434053.673158255522139, 6065673.032908757217228 ], [ 434058.847376372665167, 6065678.271449262276292 ], [ 434063.574141629855148, 6065683.057087251916528 ], [ 434068.880285551655106, 6065688.429191889241338 ], [ 434073.475131221930496, 6065693.08126574754715 ], [ 434078.913194730703253, 6065698.58692813757807 ], [ 434083.376153323217295, 6065703.105444242246449 ], [ 434088.9461039097514, 6065708.744631830602884 ], [ 434093.277154571725987, 6065713.129622736945748 ], [ 434098.979013088799547, 6065718.902321659959853 ], [ 434103.178196402615868, 6065723.153801231645048 ], [ 434109.011922267847694, 6065729.060038775205612 ], [ 434113.079210859839804, 6065733.177979726344347 ], [ 434119.044831446895842, 6065739.217749515548348 ], [ 434122.980231532419566, 6065743.202158221974969 ], [ 434129.077740625943989, 6065749.375453878194094 ], [ 434132.881280824774876, 6065753.226336716674268 ], [ 434139.110649805050343, 6065759.533129676245153 ], [ 434142.782313149771653, 6065763.250515211373568 ], [ 434149.143558984040283, 6065769.690822083503008 ], [ 434152.683351689134724, 6065773.274693706072867 ], [ 434159.17646816308843, 6065779.848468881100416 ], [ 434162.584435463650152, 6065783.298872200772166 ], [ 434169.209377342136577, 6065790.006147744134068 ], [ 434172.485506501980126, 6065793.323050696402788 ], [ 434179.242286521184724, 6065800.163801234215498 ], [ 434182.386563680018298, 6065803.347229191102087 ], [ 434189.275195700232871, 6065810.32146814558655 ], [ 434192.287627070676535, 6065813.371407685801387 ], [ 434199.308104879281018, 6065820.479128683917224 ], [ 434202.188696673314553, 6065823.395586180500686 ], [ 434209.341014058329165, 6065830.636782850138843 ], [ 434212.089772487524897, 6065833.419764675199986 ], [ 434219.373923237377312, 6065840.794430643320084 ], [ 434221.99086992489174, 6065843.443943170830607 ], [ 434229.406832416425459, 6065850.952012245543301 ], [ 434231.892001834174152, 6065853.468121665529907 ], [ 434239.439741595473606, 6065861.109647296369076 ], [ 434241.793096279376186, 6065863.492300160229206 ], [ 434249.472650774521753, 6065871.26727597694844 ], [ 434251.69419693434611, 6065873.516478654928505 ], [ 434259.505559953511693, 6065881.424898286350071 ], [ 434261.595316104707308, 6065883.540657149627805 ], [ 434269.53846913255984, 6065891.582502398639917 ], [ 434271.496428401791491, 6065893.564835645258427 ], [ 434279.571378311607987, 6065901.740112764760852 ], [ 434281.397546907537617, 6065903.589014139957726 ], [ 434289.604287490656134, 6065911.897667185403407 ], [ 434291.29872072103899, 6065913.613192634657025 ], [ 434299.637196669704281, 6065922.055264019407332 ], [ 434301.199861618631985, 6065923.637371129356325 ], [ 434309.670105848752428, 6065932.212845841422677 ], [ 434311.100998746231198, 6065933.661549624986947 ], [ 434319.703015027800575, 6065942.370430734939873 ], [ 434321.002142080687918, 6065943.685728119686246 ], [ 434329.735924206848722, 6065952.528009261004627 ], [ 434330.903291621652897, 6065953.709906614385545 ], [ 434339.768833385896869, 6065962.685581419616938 ], [ 434340.804447368544061, 6065963.734085109084845 ], [ 434349.801742564945016, 6065972.843147212639451 ], [ 434350.705614642589353, 6065973.758263604715466 ], [ 434359.834651743993163, 6065983.000646837055683 ], [ 434360.606836545804981, 6065983.782442099414766 ], [ 434369.86756092304131, 6065993.158199898898602 ], [ 434370.508010906749405, 6065993.806620594114065 ], [ 434379.900470102089457, 6066003.315746596083045 ], [ 434380.409191471873783, 6066003.830799088813365 ], [ 434389.933379281137604, 6066013.473286928609014 ], [ 434390.310380460228771, 6066013.854977583512664 ], [ 434399.966288460185751, 6066023.630819413810968 ], [ 434400.211572657106444, 6066023.879156078211963 ], [ 434409.999197639233898, 6066033.788347814232111 ], [ 434410.112771057058126, 6066033.903334573842585 ], [ 434420.01400264078984, 6066043.927513068541884 ], [ 434420.032106818282045, 6066043.94584252871573 ], [ 434429.914976147352718, 6066053.951691563241184 ], [ 434430.065015997330192, 6066054.103598468005657 ], [ 434439.815949653857388, 6066063.975870057940483 ], [ 434440.09792517637834, 6066064.261352699249983 ], [ 434449.716925601300318, 6066074.00004855170846 ], [ 434450.130834355426487, 6066074.419107840396464 ], [ 434459.617899885808583, 6066084.024227048270404 ], [ 434460.163743534416426, 6066084.576862981542945 ], [ 434469.518874170375057, 6066094.048405542969704 ], [ 434470.196652713464573, 6066094.734618121758103 ], [ 434479.419902844063472, 6066104.072584038600326 ], [ 434480.22956189251272, 6066104.892318260855973 ], [ 434489.320876350626349, 6066114.096762532368302 ], [ 434490.262471071560867, 6066115.050074198283255 ], [ 434499.221849857189227, 6066124.120941027067602 ], [ 434500.295380250609014, 6066125.207823642529547 ], [ 434509.122830472362693, 6066134.145119522698224 ], [ 434510.328289429598954, 6066135.365578782744706 ], [ 434519.023804756929167, 6066144.169298018328846 ], [ 434520.361198608705308, 6066145.523333922959864 ], [ 434528.92477904149564, 6066154.193476512096822 ], [ 434530.394107787753455, 6066155.681089064106345 ], [ 434538.825753326062113, 6066164.217655006796122 ], [ 434540.427016966801602, 6066165.838844204321504 ], [ 434548.726776553958189, 6066174.241833501495421 ], [ 434550.459926145849749, 6066175.996549929492176 ], [ 434558.627750060579274, 6066184.266011997126043 ], [ 434560.492835324897896, 6066186.154294584877789 ], [ 434568.528735343483277, 6066194.290190491825342 ], [ 434570.525744503946044, 6066196.31204972602427 ], [ 434578.429709627991542, 6066204.314368986524642 ], [ 434580.558653683052398, 6066206.469804866239429 ], [ 434588.330683912558015, 6066214.338547481223941 ], [ 434590.591562862042338, 6066216.627560006454587 ], [ 434598.231658197124489, 6066224.362725976854563 ], [ 434600.624472041090485, 6066226.785315147601068 ], [ 434608.132676757290028, 6066234.38690447062254 ], [ 434610.657381220138632, 6066236.943025661632419 ], [ 434618.033650263852905, 6066244.411082966253161 ], [ 434620.690290399128571, 6066247.100781599059701 ], [ 434627.934623770473991, 6066254.435261460952461 ], [ 434630.723199578234926, 6066257.258520668372512 ], [ 434637.835614499053918, 6066264.45943995565176 ], [ 434640.756108757283073, 6066267.41627580858767 ], [ 434647.736588783678599, 6066274.483618451282382 ], [ 434650.789017936273012, 6066277.574030948802829 ], [ 434657.637563068186864, 6066284.507796946913004 ], [ 434660.821927115321159, 6066287.731786089017987 ], [ 434667.53857696056366, 6066294.531975440680981 ], [ 434670.854836294311099, 6066297.889501392841339 ], [ 434677.439550467184745, 6066304.55615393538028 ], [ 434680.887745473417453, 6066308.047257330268621 ], [ 434687.340523973689415, 6066314.580332430079579 ], [ 434690.920654652465601, 6066318.204991610720754 ], [ 434697.241519370116293, 6066324.604510925710201 ], [ 434700.953563831513748, 6066328.362746750935912 ], [ 434707.142493654740974, 6066334.628689420409501 ], [ 434710.986473010503687, 6066338.520501891151071 ], [ 434717.043467939307448, 6066344.6528679151088 ], [ 434721.019382189610042, 6066348.678257031366229 ], [ 434726.944442223873921, 6066354.677046408876777 ], [ 434731.052291368658189, 6066358.836012171581388 ], [ 434736.845450670458376, 6066364.701224904507399 ], [ 434741.085200547706336, 6066368.993733062408864 ], [ 434746.746424177079462, 6066374.725403400138021 ], [ 434751.11810972681269, 6066379.151489001698792 ], [ 434756.647397683584131, 6066384.74958189483732 ], [ 434761.15101890580263, 6066389.309217693284154 ], [ 434766.548398525861558, 6066394.773760389536619 ], [ 434771.183928084908985, 6066399.466972833499312 ], [ 434776.449372810428031, 6066404.797938884235919 ], [ 434781.216837263898924, 6066409.624727973714471 ], [ 434786.350347094994504, 6066414.822117378935218 ], [ 434791.249746442947071, 6066419.782483113929629 ], [ 434796.251350873848423, 6066424.84629587456584 ], [ 434801.282655621995218, 6066429.940208793617785 ], [ 434806.152324380353093, 6066434.870474369265139 ], [ 434811.315564801043365, 6066440.09796473197639 ], [ 434816.053297886974178, 6066444.894652863964438 ], [ 434821.348473980091512, 6066450.255688635632396 ], [ 434825.954303396982141, 6066454.918831358663738 ], [ 434831.381383159139659, 6066460.413443775847554 ], [ 434835.855277681490406, 6066464.94300985429436 ], [ 434841.414292338187806, 6066470.571198916062713 ], [ 434845.756251966115087, 6066474.967188348993659 ], [ 434851.447201517177746, 6066480.728954056277871 ], [ 434855.657251077122055, 6066484.991366843692958 ], [ 434861.480110696225893, 6066490.886684523895383 ], [ 434865.558224583626725, 6066495.015545338392258 ], [ 434871.51301987527404, 6066501.04444046318531 ], [ 434875.45919809024781, 6066505.039723833091557 ], [ 434881.545929054322187, 6066511.202159577980638 ], [ 434885.360208267928101, 6066515.063902328722179 ], [ 434891.578838233370334, 6066521.359914718195796 ], [ 434895.261182552552782, 6066525.088080823421478 ], [ 434901.611747412360273, 6066531.517669858410954 ], [ 434905.162156837177463, 6066535.112259318120778 ], [ 434911.644656591466628, 6066541.675424998626113 ], [ 434915.063131121743936, 6066545.136437812820077 ], [ 434921.677565770514775, 6066551.833180138841271 ], [ 434924.964124787016772, 6066555.160616307519376 ], [ 434931.710474949562922, 6066561.990916194394231 ], [ 434934.865098293521442, 6066565.184794803149998 ], [ 434941.743384128611069, 6066572.148672133684158 ], [ 434944.766071800142527, 6066575.208973297849298 ], [ 434951.776293307659216, 6066582.306385660544038 ], [ 434954.667087423615158, 6066585.233151792548597 ], [ 434961.809202486707363, 6066592.464140800759196 ], [ 434964.568061708239838, 6066595.257330287247896 ], [ 434971.84211166575551, 6066602.621895940974355 ], [ 434974.469035992806312, 6066605.281508781947196 ], [ 434981.875020844803657, 6066612.779651082120836 ], [ 434984.370024990348611, 6066615.305687277577817 ], [ 434991.907930023851804, 6066622.937391925603151 ], [ 434994.270998496911488, 6066625.329865772277117 ], [ 435001.940839202899951, 6066633.095147864893079 ], [ 435004.171972003416158, 6066635.354044266976416 ], [ 435011.973748381948099, 6066643.25285660289228 ], [ 435014.072992294793949, 6066645.378222761675715 ], [ 435022.006657560996246, 6066653.410611743107438 ], [ 435023.973966579302214, 6066655.402401255443692 ], [ 435032.039566740044393, 6066663.568366883322597 ], [ 435033.874940863926895, 6066665.426579752005637 ], [ 435042.072475919034332, 6066673.726122024469078 ], [ 435043.775915148435161, 6066675.450758246704936 ], [ 435052.105385098024271, 6066683.883877163752913 ], [ 435053.67689870018512, 6066685.474936741404235 ], [ 435062.138294277130626, 6066694.041623595170677 ], [ 435063.577872206747998, 6066695.499115236103535 ], [ 435072.171203456178773, 6066704.199327545240521 ], [ 435073.478897165798116, 6066705.523293731734157 ], [ 435082.20411263522692, 6066714.35708268545568 ], [ 435083.37987145036459, 6066715.547472226433456 ], [ 435092.237021814275067, 6066724.514837825670838 ], [ 435093.280845734989271, 6066725.571650721132755 ], [ 435102.269930993323214, 6066734.672592965885997 ], [ 435103.181820019555744, 6066735.595829216763377 ], [ 435112.302840172371361, 6066744.830348106101155 ], [ 435113.082798903516959, 6066745.620007710531354 ], [ 435122.335749351419508, 6066754.98809932731092 ], [ 435122.983772410079837, 6066755.644186206161976 ], [ 435132.368658530467656, 6066765.145855265669525 ], [ 435132.884745916642714, 6066765.668364700861275 ], [ 435142.401567709515803, 6066775.303553627803922 ], [ 435142.785776321485173, 6066775.692543195560575 ], [ 435152.434476888505742, 6066785.46130876801908 ], [ 435152.686750606109854, 6066785.716721690259874 ], [ 435162.467386067612097, 6066795.619063908234239 ], [ 435162.587724890618119, 6066795.740900184959173 ], [ 435172.488699175184593, 6066805.765078680589795 ], [ 435172.500295246660244, 6066805.77681904938072 ], [ 435182.389673459809273, 6066815.789257175289094 ], [ 435182.533204425708391, 6066815.934574189595878 ], [ 435192.290647744375747, 6066825.813435669988394 ], [ 435192.566113604756538, 6066826.092329328879714 ], [ 435202.191678790492006, 6066835.837614164687693 ], [ 435202.599022783746477, 6066836.250027034431696 ], [ 435212.092652296996675, 6066845.861792659386992 ], [ 435212.631931962852832, 6066846.407782972790301 ], [ 435221.993625803617761, 6066855.885971155017614 ], [ 435222.664841141900979, 6066856.565534851513803 ], [ 435231.894604046363384, 6066865.910149649716914 ], [ 435232.697750320949126, 6066866.723289991728961 ], [ 435241.795578330871649, 6066875.934328144416213 ], [ 435242.730659499939065, 6066876.88104513194412 ], [ 435251.696552615438122, 6066885.958506639115512 ], [ 435252.763568678987212, 6066887.038800272159278 ], [ 435261.597526900004596, 6066895.982685133814812 ], [ 435262.796477857977152, 6066897.196555412374437 ], [ 435271.498552500386722, 6066906.006863629445434 ], [ 435272.829387037083507, 6066907.354258704930544 ], [ 435281.399526006891392, 6066916.031042124144733 ], [ 435282.862296216131654, 6066917.512005792930722 ], [ 435291.300508917309344, 6066926.055220618844032 ], [ 435292.895205395179801, 6066927.669760934077203 ], [ 435301.201483201934025, 6066936.079399114474654 ], [ 435302.928114574227948, 6066937.827516073361039 ], [ 435311.102457486558706, 6066946.103577608242631 ], [ 435312.961023753276095, 6066947.985271213576198 ], [ 435321.003431771066971, 6066956.127756103873253 ], [ 435322.993932932266034, 6066958.143026354722679 ], [ 435330.904452703660354, 6066966.151934598572552 ], [ 435333.026842111372389, 6066968.300734436139464 ], [ 435340.805426210223231, 6066976.176113093271852 ], [ 435343.059751290362328, 6066978.458490374498069 ], [ 435350.706399716786109, 6066986.200291588902473 ], [ 435353.092660469468683, 6066988.616231876425445 ], [ 435360.6073880729964, 6066996.22447008267045 ], [ 435363.12556964851683, 6066998.773987017571926 ], [ 435370.508362357621081, 6067006.248648578301072 ], [ 435373.158478827564977, 6067008.931742156855762 ], [ 435380.409336642187554, 6067016.272827073000371 ], [ 435383.191388006613124, 6067019.089497298002243 ], [ 435390.310352907050401, 6067026.297005567699671 ], [ 435393.224297185661271, 6067029.247210167348385 ], [ 435400.211326413613278, 6067036.32118406239897 ], [ 435403.257206364767626, 6067039.404966104775667 ], [ 435410.112299920176156, 6067046.345362558960915 ], [ 435413.290115543757565, 6067049.562702818773687 ], [ 435420.013292944116984, 6067056.369541052728891 ], [ 435423.323024722805712, 6067059.720457958988845 ], [ 435429.914267228683457, 6067066.393719548359513 ], [ 435433.355933901853859, 6067069.878213099204004 ], [ 435439.81524151324993, 6067076.41789804212749 ], [ 435443.388843080843799, 6067080.035968239419162 ], [ 435449.716215797816403, 6067086.442076535895467 ], [ 435453.421752259891946, 6067090.193723379634321 ], [ 435459.61722661688691, 6067096.466255032457411 ], [ 435463.454661438940093, 6067100.351441835984588 ], [ 435469.518200123449787, 6067106.490433527156711 ], [ 435473.487570617930032, 6067110.509173760190606 ], [ 435479.419197815237567, 6067116.514612022787333 ], [ 435483.520479797036387, 6067120.666928901337087 ], [ 435489.320172099745832, 6067126.538790516555309 ], [ 435493.553388976084534, 6067130.824684041552246 ], [ 435499.221146384312306, 6067136.562969010323286 ], [ 435503.586298155132681, 6067140.982439181767404 ], [ 435509.122120668936986, 6067146.587147506885231 ], [ 435513.619207334239036, 6067151.140194322913885 ], [ 435519.023126820218749, 6067156.61132600158453 ], [ 435523.652116513228975, 6067161.297917567193508 ], [ 435528.924100326723419, 6067166.635504496283829 ], [ 435533.685025692277122, 6067171.455673506483436 ], [ 435538.825073833286297, 6067176.659682990983129 ], [ 435543.717934871325269, 6067181.613399842754006 ], [ 435548.726076970866416, 6067186.683861485682428 ], [ 435553.750844050373416, 6067191.771154983900487 ], [ 435558.627051255432889, 6067196.70803998131305 ], [ 435563.783753229421563, 6067201.928910125046968 ], [ 435568.52802554005757, 6067206.732218476012349 ], [ 435573.81666240846971, 6067212.086665265262127 ], [ 435578.429027023492381, 6067216.756396970711648 ], [ 435583.849571587517858, 6067222.244393298402429 ], [ 435588.330000530113466, 6067226.780575465410948 ], [ 435593.882480766566005, 6067232.402149237692356 ], [ 435598.230974036618136, 6067236.80475396104157 ], [ 435603.915389945614152, 6067242.559870786033571 ], [ 435608.131981841986999, 6067246.828932455740869 ], [ 435613.948299124662299, 6067252.717625926248729 ], [ 435618.032956126495264, 6067256.853110950440168 ], [ 435623.981208303710446, 6067262.875381066463888 ], [ 435627.933930411119945, 6067266.877289445139468 ], [ 435634.014117482700385, 6067273.033136207610369 ], [ 435637.834904695628211, 6067276.901467939838767 ], [ 435644.047026661748532, 6067283.190891347825527 ], [ 435647.73590073332889, 6067286.925646435469389 ], [ 435654.079935840796679, 6067293.348624968901277 ], [ 435657.636874239891768, 6067296.949824930168688 ], [ 435664.112845019844826, 6067303.506380908191204 ], [ 435667.537847746512853, 6067306.974003424867988 ], [ 435674.145754198892973, 6067313.664096868596971 ], [ 435677.43886099755764, 6067316.998181919567287 ], [ 435684.178663377999328, 6067323.821852008812129 ], [ 435687.339835282182321, 6067327.022360414266586 ], [ 435694.211572556989267, 6067333.979607149958611 ], [ 435697.240809566690587, 6067337.046538909897208 ], [ 435704.244481736037415, 6067344.137362290173769 ], [ 435707.141800936660729, 6067347.070717403665185 ], [ 435714.277390915085562, 6067354.295100700110197 ], [ 435717.042774443281814, 6067357.094895899295807 ], [ 435724.310300094133709, 6067364.452856638468802 ], [ 435726.943747949786484, 6067367.119074393063784 ], [ 435734.343209273181856, 6067374.61056781001389 ], [ 435736.844765868678223, 6067377.143252888694406 ], [ 435744.37611845228821, 6067384.768322952091694 ], [ 435746.745740153302904, 6067387.167431384325027 ], [ 435754.40902763127815, 6067394.926078092306852 ], [ 435756.646714437869377, 6067397.191609878093004 ], [ 435764.441936810326297, 6067405.083833232522011 ], [ 435766.547701140050776, 6067407.215788373723626 ], [ 435774.474845989374444, 6067415.241576430387795 ], [ 435776.448674646555446, 6067417.239966868422925 ], [ 435784.507755168422591, 6067425.399332369677722 ], [ 435786.349648153118324, 6067427.264145363122225 ], [ 435794.540664347470738, 6067435.557038754224777 ], [ 435796.250670739798807, 6067437.288323858752847 ], [ 435804.573573526518885, 6067445.714793894439936 ], [ 435806.151645024307072, 6067447.312502353452146 ], [ 435814.606482705567032, 6067455.872549033723772 ], [ 435816.052619308931753, 6067457.336680848151445 ], [ 435824.639391884556971, 6067466.03030417393893 ], [ 435825.953593593440019, 6067467.360859342850745 ], [ 435834.672301063605119, 6067476.188059315085411 ], [ 435835.854574849829078, 6067477.385037837550044 ], [ 435844.705210242653266, 6067486.345808101817966 ], [ 435845.755548356391955, 6067487.409216333180666 ], [ 435854.738119421701413, 6067496.503564039245248 ], [ 435855.65652186301304, 6067497.433394827879965 ], [ 435864.77102860074956, 6067506.661264835856855 ], [ 435865.557549895369448, 6067507.457573322579265 ], [ 435874.803937779797707, 6067516.819019976072013 ], [ 435875.458524179994129, 6067517.481751817278564 ], [ 435884.836846958845854, 6067526.976775117218494 ], [ 435885.359498464560602, 6067527.505930312909186 ], [ 435894.869756137894001, 6067537.134530258364975 ], [ 435895.260475053160917, 6067537.530108807608485 ], [ 435904.902665316942148, 6067547.292283832095563 ], [ 435905.161448559782002, 6067547.554287302307785 ], [ 435914.935574495990295, 6067557.450039770454168 ], [ 435915.062422066286672, 6067557.578465797007084 ], [ 435924.963454736804124, 6067567.602644291706383 ], [ 435924.968483674980234, 6067567.607735808938742 ], [ 435934.864428243425209, 6067577.626822787337005 ], [ 435935.001392854086589, 6067577.765491748228669 ], [ 435944.765401749929879, 6067587.651001282036304 ], [ 435945.034302033134736, 6067587.923246059566736 ], [ 435954.666377620189451, 6067597.675179776735604 ], [ 435955.067211212182883, 6067598.081001198850572 ], [ 435964.567351904814132, 6067607.699358272366226 ], [ 435965.10012039123103, 6067608.238756339997053 ], [ 435974.468326189380605, 6067617.72353676520288 ], [ 435975.133029570279177, 6067618.396511480212212 ], [ 435984.369354940194171, 6067627.747715260833502 ], [ 435985.165938749327324, 6067628.554211541078985 ], [ 435994.270328446757048, 6067637.771893756464124 ], [ 435995.198847928375471, 6067638.711967478506267 ], [ 436004.171301953261718, 6067647.7960722502321 ], [ 436005.231757107423618, 6067648.869717001914978 ], [ 436014.072282491368242, 6067657.820250745862722 ], [ 436015.264666286471765, 6067659.027472142130136 ], [ 436023.9732567758183, 6067667.844429240562022 ], [ 436025.297575465403497, 6067669.185227282345295 ], [ 436033.87423106044298, 6067677.868607736192644 ], [ 436035.330484644509852, 6067679.342982423491776 ], [ 436043.775205345009454, 6067687.892786230891943 ], [ 436045.363393823557999, 6067689.500737563706934 ], [ 436053.67622865003068, 6067697.916964725591242 ], [ 436055.396303002606146, 6067699.658443208783865 ], [ 436063.577202156593557, 6067707.941143221221864 ], [ 436065.429212181654293, 6067709.816199148073792 ], [ 436073.478175663156435, 6067717.965321714989841 ], [ 436075.46212136070244, 6067719.973943084478378 ], [ 436083.37916164699709, 6067727.989500210620463 ], [ 436085.495030539750587, 6067730.131698224693537 ], [ 436093.280135931563564, 6067738.013678705319762 ], [ 436095.527939718798734, 6067740.289453364908695 ], [ 436103.181110216071829, 6067748.037857200950384 ], [ 436105.560848897846881, 6067750.447208506055176 ], [ 436113.082128853420727, 6067758.062035694718361 ], [ 436115.593758076895028, 6067760.604918940924108 ], [ 436122.983102359925397, 6067768.086214190348983 ], [ 436125.626667255943175, 6067770.762674880214036 ], [ 436132.884075866488274, 6067778.110392685048282 ], [ 436135.659576434991322, 6067780.92041402682662 ], [ 436142.785066518117674, 6067788.134571179747581 ], [ 436145.69248561403947, 6067791.078169167041779 ], [ 436152.686040802625939, 6067798.158749674446881 ], [ 436155.725394793145824, 6067801.235924307256937 ], [ 436162.58701508725062, 6067808.18292816914618 ], [ 436165.758303972077556, 6067811.393679447472095 ], [ 436172.487989371758886, 6067818.207106664776802 ], [ 436175.791213151183911, 6067821.551434588618577 ], [ 436182.389002563315444, 6067828.231285159476101 ], [ 436185.82412233017385, 6067831.709150610491633 ], [ 436192.289976069820113, 6067838.255463654175401 ], [ 436195.857031509280205, 6067841.866884969174862 ], [ 436202.190971389180049, 6067848.2796421488747 ], [ 436205.889940688270144, 6067852.02464010939002 ], [ 436212.091945673746523, 6067858.303820643573999 ], [ 436215.922849867376499, 6067862.182395249605179 ], [ 436221.992919958312996, 6067868.327999139204621 ], [ 436225.955759046424646, 6067868.34844774287194 ] ], [ [ 435081.939067534171045, 6061422.781226922757924 ], [ 435082.20411263522692, 6061422.248268142342567 ], [ 435082.304549379623495, 6061422.781226922757924 ], [ 435082.20411263522692, 6061422.989797355607152 ], [ 435081.939067534171045, 6061422.781226922757924 ] ], [ [ 432573.976817874005064, 6066045.248132887296379 ], [ 432584.009727052995004, 6066050.203447824344039 ], [ 432594.042636232043151, 6066048.722026454284787 ], [ 432596.40484188956907, 6066043.927513068541884 ], [ 432601.343657389166765, 6066033.903334573842585 ], [ 432604.075545411091298, 6066028.358466151170433 ], [ 432606.282453754800372, 6066023.879156079143286 ], [ 432611.221269798232242, 6066013.854977583512664 ], [ 432614.108454590139445, 6066007.994905848056078 ], [ 432616.160065619973466, 6066003.830799088813365 ], [ 432621.09888220729772, 6065993.806620594114065 ], [ 432624.141363769187592, 6065987.631345544941723 ], [ 432626.035892772371881, 6065983.782442100346088 ], [ 432630.976494616246782, 6065973.758263603784144 ], [ 432634.174272948293947, 6065967.267785241827369 ], [ 432635.911462753429078, 6065963.734085109084845 ], [ 432640.846046308695804, 6065953.709906614385545 ], [ 432644.207182127283886, 6065946.893345672637224 ], [ 432645.785604263306595, 6065943.685728118754923 ], [ 432650.715650717262179, 6065933.661549624986947 ], [ 432654.240091306390241, 6065926.504848415963352 ], [ 432655.651145361945964, 6065923.637371130287647 ], [ 432660.583898400422186, 6065913.613192634657025 ], [ 432664.27300048538018, 6065906.116320706903934 ], [ 432665.516655780142173, 6065903.589014139957726 ], [ 432670.449439498945139, 6065893.564835645258427 ], [ 432674.305909664486535, 6065885.727843807078898 ], [ 432675.382196294376627, 6065883.540657149627805 ], [ 432680.314966551552061, 6065873.516478654928505 ], [ 432684.338818843476474, 6065865.339366909116507 ], [ 432685.247736808669288, 6065863.492300160229206 ], [ 432690.281219746917486, 6065853.468121665529907 ], [ 432694.371728022466414, 6065845.773446777835488 ], [ 432695.610281197412405, 6065843.443943170830607 ], [ 432698.798145421664231, 6065833.419764675199986 ], [ 432700.593896917067468, 6065823.395586180500686 ], [ 432702.389657688094303, 6065813.371407685801387 ], [ 432704.185395368549507, 6065803.347229191102087 ], [ 432704.404637201514561, 6065802.123370731249452 ], [ 432705.981131362263113, 6065793.323050696402788 ], [ 432707.776880848454311, 6065783.298872200772166 ], [ 432709.57282254670281, 6065773.274693706072867 ], [ 432711.368782286648639, 6065763.250515211373568 ], [ 432713.164781441155355, 6065753.226336716674268 ], [ 432714.4375463805045, 6065746.123013893142343 ], [ 432714.960839423001744, 6065743.202158221974969 ], [ 432716.756635688303504, 6065733.177979726344347 ], [ 432718.552360030298587, 6065723.153801231645048 ], [ 432720.348003477207385, 6065713.129622736945748 ], [ 432722.143675726139918, 6065703.105444242246449 ], [ 432723.939267950889189, 6065693.08126574754715 ], [ 432724.470455559552647, 6065690.115846029482782 ], [ 432725.735178358561825, 6065683.057087251916528 ], [ 432727.531217504292727, 6065673.032908757217228 ], [ 432729.327256650023628, 6065663.008730262517929 ], [ 432731.12329579575453, 6065652.98455176781863 ], [ 432732.919334941485431, 6065642.960373272188008 ], [ 432734.503364738659002, 6065634.119476087391376 ], [ 432734.71537408727454, 6065632.936194777488708 ], [ 432736.511374636727851, 6065622.912016282789409 ], [ 432738.307413782458752, 6065612.88783778809011 ], [ 432740.103452928189654, 6065602.86365929339081 ], [ 432741.899492073920555, 6065592.839480796828866 ], [ 432743.695531219651457, 6065582.815302303060889 ], [ 432744.536273917707149, 6065578.12289072945714 ], [ 432745.491570365382358, 6065572.79112380836159 ], [ 432747.287609511171468, 6065562.766945313662291 ], [ 432749.083610060508363, 6065552.742766818962991 ], [ 432749.676251452532597, 6065542.718588323332369 ], [ 432749.933705612784252, 6065532.69440982863307 ], [ 432750.191162843257189, 6065522.670231333933771 ], [ 432750.448638751811814, 6065512.646052839234471 ], [ 432750.706089799874462, 6065502.621874344535172 ], [ 432750.963550142536405, 6065492.59769584890455 ], [ 432751.22102605109103, 6065482.573517354205251 ], [ 432751.478473986906465, 6065472.549338858574629 ], [ 432751.735960274119861, 6065462.525160364806652 ], [ 432751.993641662877053, 6065452.500981870107353 ], [ 432752.310125019284897, 6065442.476803374476731 ], [ 432752.681989974109456, 6065432.452624879777431 ], [ 432753.012064585927874, 6065422.428446385078132 ], [ 432753.583125185396057, 6065412.404267890378833 ], [ 432754.356634315336123, 6065402.380089395679533 ], [ 432754.569183096755296, 6065399.625703975558281 ], [ 432755.138349406188354, 6065392.355910900048912 ], [ 432755.903714043844957, 6065382.331732405349612 ], [ 432756.677226985513698, 6065372.307553911581635 ], [ 432757.450769477640279, 6065362.283375415951014 ], [ 432758.224299552384764, 6065352.259196920320392 ], [ 432758.997820377640892, 6065342.235018425621092 ], [ 432759.793305987550411, 6065332.210839930921793 ], [ 432764.602092275803443, 6065328.439233738929033 ], [ 432770.948547078820411, 6065322.186661436222494 ], [ 432774.63500145485159, 6065319.824445348232985 ], [ 432778.839790726895444, 6065322.186661436222494 ], [ 432784.667910633957945, 6065325.457569973543286 ], [ 432794.700819812947884, 6065330.99264567065984 ], [ 432804.733728991996031, 6065332.057351872324944 ], [ 432806.985136169649195, 6065332.210839930921793 ], [ 432814.766638170985971, 6065332.72517219837755 ], [ 432824.799547350092325, 6065333.388315244577825 ], [ 432834.832456529140472, 6065334.0514582907781 ], [ 432844.865365708188619, 6065334.714601336047053 ], [ 432854.898274887236767, 6065335.377744382247329 ], [ 432864.931184066343121, 6065336.040887426584959 ], [ 432874.964093245333061, 6065336.704030472785234 ], [ 432884.997002424323, 6065337.367173518054187 ], [ 432895.029911603371147, 6065338.03031656332314 ], [ 432905.062820782419294, 6065338.693459609523416 ], [ 432915.095729961467441, 6065339.356602654792368 ], [ 432925.128639140515588, 6065340.019745700992644 ], [ 432935.161548319505528, 6065340.682888746261597 ], [ 432945.194457498611882, 6065341.34603179153055 ], [ 432955.227366677660029, 6065342.009174837730825 ], [ 432958.64422858087346, 6065342.235018425621092 ], [ 432965.260275856708176, 6065342.67231688182801 ], [ 432975.293185035756323, 6065343.335458409041166 ], [ 432985.326094214804471, 6065343.998599937185645 ], [ 432995.35900339379441, 6065344.661741463467479 ], [ 433005.391912572900765, 6065345.32488299254328 ], [ 433015.424821751890704, 6065345.988024519756436 ], [ 433025.457730930997059, 6065346.651166046969593 ], [ 433035.490640110045206, 6065347.314307575114071 ], [ 433045.523549289093353, 6065347.977449102327228 ], [ 433055.556458468199708, 6065348.640590630471706 ], [ 433065.589367647189647, 6065349.303725391626358 ], [ 433075.622276826237794, 6065349.966868437826633 ], [ 433085.655186005227733, 6065350.630011483095586 ], [ 433095.68809518427588, 6065351.293154528364539 ], [ 433105.721004363324028, 6065351.956297574564815 ], [ 433110.303668163600378, 6065352.259196920320392 ], [ 433115.753913542372175, 6065352.619440619833767 ], [ 433125.786822721420322, 6065353.28258366510272 ], [ 433135.819731900468469, 6065353.945726711302996 ], [ 433145.852641079574823, 6065354.608869756571949 ], [ 433155.885550258564763, 6065355.272005906328559 ], [ 433165.918459437554702, 6065355.935147432610393 ], [ 433175.951368616661057, 6065356.598288960754871 ], [ 433185.984277795709204, 6065357.26143048889935 ], [ 433196.017186974757351, 6065358.260947581380606 ], [ 433206.050096153805498, 6065359.244551137089729 ], [ 433216.083005332853645, 6065359.829092966392636 ], [ 433225.21298533573281, 6065352.259196920320392 ], [ 433226.115914511901792, 6065351.152874493040144 ], [ 433232.869038992444985, 6065342.235018425621092 ], [ 433236.148823690949939, 6065337.897897336632013 ], [ 433240.365725833689794, 6065332.210839930921793 ], [ 433246.181732870056294, 6065324.367175372317433 ], [ 433247.798564428696409, 6065322.186661435291171 ], [ 433255.231399893527851, 6065312.162482941523194 ], [ 433256.214642049046233, 6065310.836447710171342 ], [ 433262.664230211055838, 6065302.138304445892572 ], [ 433266.24755122809438, 6065297.305710677057505 ], [ 433270.09706052870024, 6065292.114125951193273 ], [ 433276.280460407142527, 6065283.774973643943667 ], [ 433277.529890846286435, 6065282.089947456493974 ], [ 433284.962721163872629, 6065272.065768961794674 ], [ 433286.313369586132467, 6065270.244236612692475 ], [ 433292.395551481517032, 6065262.041590467095375 ], [ 433296.346278765180614, 6065256.713499580509961 ], [ 433299.828381799103227, 6065252.017411971464753 ], [ 433306.379187944228761, 6065243.182762547396123 ], [ 433307.261212116689421, 6065241.993233475834131 ], [ 433314.694047903758474, 6065231.969054982066154 ], [ 433316.412097123276908, 6065229.652035472914577 ], [ 433322.126886498765089, 6065221.944876487366855 ], [ 433326.445006302325055, 6065216.121313508599997 ], [ 433329.559725093713496, 6065211.920697992667556 ], [ 433336.477915481373202, 6065202.590591543354094 ], [ 433337.011086984479334, 6065201.896519497036934 ], [ 433344.425395644735545, 6065191.872341001406312 ], [ 433346.510824660421349, 6065189.059857493266463 ], [ 433351.858225962379947, 6065181.848162507638335 ], [ 433356.543733839469496, 6065175.529120461083949 ], [ 433359.291056279966142, 6065171.823984012939036 ], [ 433366.576643018575851, 6065161.998383429832757 ], [ 433366.790285670256708, 6065161.799805518239737 ], [ 433374.156716915138531, 6065151.775627022609115 ], [ 433376.609552197507583, 6065148.467646396718919 ], [ 433381.589547232724726, 6065141.751448527909815 ], [ 433386.642461376613937, 6065134.936909364536405 ], [ 433389.859748824848793, 6065131.727270033210516 ], [ 433396.455275133193936, 6065121.703091538511217 ], [ 433396.675370555662084, 6065121.40617233235389 ], [ 433403.888038185541518, 6065111.678913041949272 ], [ 433406.708279734710231, 6065107.875435299240053 ], [ 433412.545151624944992, 6065101.654734548181295 ], [ 433416.741188913816586, 6065095.416617356240749 ], [ 433421.081570620648563, 6065091.630556053481996 ], [ 433426.188072014309, 6065081.606377558782697 ], [ 433426.774098092806526, 6065080.816327528096735 ], [ 433434.920707588782534, 6065071.582199064083397 ], [ 433436.807007271854673, 6065068.859028268605471 ], [ 433445.069210084562656, 6065061.558020569384098 ], [ 433436.80700727191288, 6065054.395140888169408 ], [ 433432.578864017676096, 6065051.533842073753476 ], [ 433426.774098092806526, 6065047.049402430653572 ], [ 433416.741188913758378, 6065043.547554058022797 ], [ 433413.06341539620189, 6065041.509663579054177 ], [ 433406.708279734710231, 6065037.41800726018846 ], [ 433396.675370555662084, 6065032.455204097554088 ], [ 433394.916030011954717, 6065031.485485084354877 ], [ 433386.642461376613937, 6065027.001364253461361 ], [ 433376.725739646470174, 6065021.461306589655578 ], [ 433376.60955219756579, 6065021.383256183005869 ], [ 433366.576643018517643, 6065015.940589491277933 ], [ 433358.491092866053805, 6065011.437128093093634 ], [ 433356.543733839469496, 6065010.370372058823705 ], [ 433346.510824660421349, 6065004.871853239834309 ], [ 433340.281692047137767, 6065001.412949599325657 ], [ 433336.477915481373202, 6064999.335738623514771 ], [ 433326.445006302325055, 6064993.795055288821459 ], [ 433322.098124690703116, 6064991.388771104626358 ], [ 433316.412097123276908, 6064988.293443937785923 ], [ 433306.379187944228761, 6064982.710121979936957 ], [ 433303.94094879925251, 6064981.364592609927058 ], [ 433296.346278765180614, 6064977.243380835279822 ], [ 433286.313369586132467, 6064971.637465698644519 ], [ 433285.77430710371118, 6064971.340414114296436 ], [ 433276.280460407142527, 6064966.18550331518054 ], [ 433267.548242926539388, 6064961.316235619597137 ], [ 433266.24755122809438, 6064960.602879942394793 ], [ 433256.214642049046233, 6064955.119719019159675 ], [ 433249.3294846607605, 6064951.292057124897838 ], [ 433246.181732869998086, 6064949.571033334359527 ], [ 433236.148823690949939, 6064944.045888954773545 ], [ 433231.136369342217222, 6064941.267878630198538 ], [ 433226.11591451196, 6064938.531557641923428 ], [ 433216.083005332853645, 6064932.96395974420011 ], [ 433212.969426569237839, 6064931.243700135499239 ], [ 433206.050096153805498, 6064927.484378427267075 ], [ 433196.017186974757351, 6064921.879655207507312 ], [ 433194.819235979579389, 6064921.21952164079994 ], [ 433185.984277795767412, 6064916.429368315264583 ], [ 433176.608701914025005, 6064911.195343145169318 ], [ 433175.951368616661057, 6064910.834408984519541 ], [ 433165.91845943761291, 6064905.611065213568509 ], [ 433155.885550258564763, 6064908.37582237739116 ], [ 433147.075980776804499, 6064911.195343145169318 ], [ 433145.852641079516616, 6064911.602136861532927 ], [ 433144.720829654135741, 6064911.195343145169318 ], [ 433135.819731900468469, 6064909.160288438200951 ], [ 433125.786822721420322, 6064910.774073291569948 ], [ 433123.167730910179671, 6064911.195343145169318 ], [ 433115.753913542372175, 6064913.909223522990942 ], [ 433105.721004363324028, 6064914.001575404778123 ], [ 433095.68809518427588, 6064915.615350170060992 ], [ 433085.655186005227733, 6064917.229094399139285 ], [ 433075.622276826296002, 6064918.842870980501175 ], [ 433065.589367647247855, 6064920.456622037105262 ], [ 433060.846317346789874, 6064921.219521641731262 ], [ 433055.5564584681415, 6064922.07037309370935 ], [ 433045.523549289093353, 6064923.684156130999327 ], [ 433035.490640110045206, 6064925.29790036007762 ], [ 433025.457730930997059, 6064926.906035124324262 ], [ 433015.424821751890704, 6064928.515841448679566 ], [ 433005.391912572900765, 6064930.124481468461454 ], [ 432998.370399890118279, 6064931.243700135499239 ], [ 432995.359003393852618, 6064931.722919831052423 ], [ 432985.326094214804471, 6064933.322976811788976 ], [ 432975.293185035698116, 6064934.922243409790099 ], [ 432965.260275856708176, 6064936.521489832550287 ], [ 432955.227366677601822, 6064938.12073399592191 ], [ 432945.194457498611882, 6064939.720000594854355 ], [ 432935.483931578404736, 6064941.267878630198538 ], [ 432935.161548319563735, 6064941.319267191924155 ], [ 432925.128639140515588, 6064942.9185337908566 ], [ 432915.095729961467441, 6064944.517771592363715 ], [ 432905.062820782419294, 6064946.117024376988411 ], [ 432895.029911603371147, 6064947.716290974989533 ], [ 432884.997002424323, 6064949.315549172461033 ], [ 432879.962585216562729, 6064951.292057124897838 ], [ 432874.964093245333061, 6064954.172369059175253 ], [ 432871.045081912539899, 6064961.316235619597137 ], [ 432865.545977360859979, 6064971.340414115227759 ], [ 432864.931184066343121, 6064972.46111224219203 ], [ 432860.046907118754461, 6064981.364592609927058 ], [ 432854.898274887236767, 6064990.749903983436525 ], [ 432854.547802567132749, 6064991.388771104626358 ], [ 432849.048698015511036, 6065001.412949599325657 ], [ 432844.865365708188619, 6065009.038687752559781 ], [ 432843.549627773405518, 6065011.437128094024956 ], [ 432838.050523221725598, 6065021.461306589655578 ], [ 432834.832456529140472, 6065027.327438908629119 ], [ 432832.551418670103885, 6065031.485485084354877 ], [ 432827.052348428056575, 6065041.509663579054177 ], [ 432824.799547350092325, 6065045.616237641312182 ], [ 432821.553243876318447, 6065051.533842073753476 ], [ 432818.442126288777217, 6065061.558020568452775 ], [ 432824.799547350092325, 6065064.624517777003348 ], [ 432830.414689139230177, 6065061.558020568452775 ], [ 432834.832456529140472, 6065059.145424078218639 ], [ 432844.865365708188619, 6065053.666330380365252 ], [ 432848.770219810539857, 6065051.533842073753476 ], [ 432854.898274887236767, 6065048.187236681580544 ], [ 432864.931184066284914, 6065042.708142983727157 ], [ 432867.125750481965952, 6065041.509663579985499 ], [ 432874.964093245333061, 6065037.229049284942448 ], [ 432884.997002424323, 6065031.749955587089062 ], [ 432885.481281153217424, 6065031.485485084354877 ], [ 432895.029911603312939, 6065026.270861888304353 ], [ 432904.841629918373656, 6065021.461306589655578 ], [ 432905.062820782419294, 6065021.35528611112386 ], [ 432915.095729961467441, 6065016.753510881215334 ], [ 432925.128639140515588, 6065012.151781358756125 ], [ 432926.686760118696839, 6065011.437128093093634 ], [ 432935.161548319563735, 6065007.550033923238516 ], [ 432945.194457498611882, 6065002.948283195495605 ], [ 432948.541849270404782, 6065001.412949599325657 ], [ 432955.227366677660029, 6064998.346546597778797 ], [ 432965.260275856708176, 6064993.744817076250911 ], [ 432970.397039141040295, 6064991.388771104626358 ], [ 432975.293185035756323, 6064989.143077205866575 ], [ 432985.326094214804471, 6064984.54132647626102 ], [ 432992.252128292806447, 6064981.364592609927058 ], [ 432995.359003393852618, 6064979.93958231434226 ], [ 433005.391912572900765, 6064975.337852792814374 ], [ 433014.107318163383752, 6064971.340414115227759 ], [ 433015.424821751948912, 6064970.736120485700667 ], [ 433025.457730930997059, 6064966.13434755243361 ], [ 433035.490640110045206, 6064962.63893695641309 ], [ 433035.962407315091696, 6064961.316235619597137 ], [ 433045.523549289093353, 6064956.930868298746645 ], [ 433055.5564584681415, 6064956.807025829330087 ], [ 433057.189290373760741, 6064961.316235619597137 ], [ 433055.5564584681415, 6064962.179638745263219 ], [ 433045.523549289093353, 6064966.695584165863693 ], [ 433038.231829347962048, 6064971.340414114296436 ], [ 433035.490640110045206, 6064972.789877690374851 ], [ 433025.457730930997059, 6064977.54050300270319 ], [ 433019.274353844288271, 6064981.364592609927058 ], [ 433015.424821751948912, 6064983.400116633623838 ], [ 433005.391912572900765, 6064988.338947582058609 ], [ 433000.316878340556286, 6064991.388771104626358 ], [ 432995.359003393852618, 6064994.010355576872826 ], [ 432985.326094214804471, 6064999.094778714701533 ], [ 432981.359402836882509, 6065001.412949599325657 ], [ 432975.293185035756323, 6065004.620594521053135 ], [ 432965.260275856708176, 6065009.811470767483115 ], [ 432962.40201629238436, 6065011.437128094024956 ], [ 432955.227366677601822, 6065015.230880504474044 ], [ 432945.194457498611882, 6065020.49198779091239 ], [ 432943.444540788710583, 6065021.461306589655578 ], [ 432935.161548319563735, 6065024.385944075882435 ], [ 432925.128639140515588, 6065028.987871907651424 ], [ 432920.912979044951499, 6065031.485485084354877 ], [ 432915.095729961467441, 6065033.382532458752394 ], [ 432905.062820782419294, 6065037.57964750379324 ], [ 432900.339964131242596, 6065041.509663578122854 ], [ 432895.029911603371147, 6065047.69295684620738 ], [ 432890.824161510739941, 6065051.533842073753476 ], [ 432884.997002424323, 6065056.855472879484296 ], [ 432879.847736249619629, 6065061.558020568452775 ], [ 432874.964093245333061, 6065066.017988910898566 ], [ 432868.871310988557525, 6065071.582199064083397 ], [ 432864.931184066343121, 6065075.180504944175482 ], [ 432857.894885727437213, 6065081.606377558782697 ], [ 432854.898274887236767, 6065084.343020976521075 ], [ 432846.918460466258693, 6065091.630556054413319 ], [ 432844.865365708188619, 6065093.505537008866668 ], [ 432835.942035205080174, 6065101.654734548181295 ], [ 432834.832456529140472, 6065102.668053041212261 ], [ 432824.965609943959862, 6065111.678913042880595 ], [ 432824.799547350092325, 6065111.830569073557854 ], [ 432814.766638171044178, 6065120.9930823398754 ], [ 432813.989181368844584, 6065121.703091538511217 ], [ 432804.733728991996031, 6065130.155595014803112 ], [ 432803.012752085865941, 6065131.727270034141839 ], [ 432794.700819812947884, 6065139.318107689730823 ], [ 432792.036322802887298, 6065141.751448527909815 ], [ 432784.667910633899737, 6065148.480620364658535 ], [ 432781.059893519850448, 6065151.775627022609115 ], [ 432774.63500145485159, 6065157.643133040517569 ], [ 432770.083464236813597, 6065161.799805518239737 ], [ 432764.602092275803443, 6065166.80564571544528 ], [ 432759.107034953834955, 6065171.823984012939036 ], [ 432754.569183096755296, 6065176.352115763351321 ], [ 432750.159960381919518, 6065181.848162507638335 ], [ 432749.981419541349169, 6065191.872341002337635 ], [ 432754.569183096755296, 6065199.075877781957388 ], [ 432756.221300666395109, 6065201.896519497036934 ], [ 432754.569183096755296, 6065205.063992911949754 ], [ 432744.536273917765357, 6065208.852834822610021 ], [ 432734.678158595517743, 6065211.920697992667556 ], [ 432734.503364738659002, 6065211.979818198829889 ], [ 432724.470455559610855, 6065215.797972308471799 ], [ 432721.559901552274823, 6065211.920697992667556 ], [ 432718.711402372282464, 6065201.896519497036934 ], [ 432714.437546380562708, 6065197.169476810842752 ], [ 432709.020972426864319, 6065191.872341003268957 ], [ 432704.404637201514561, 6065186.319289525970817 ], [ 432699.779321218142286, 6065181.848162507638335 ], [ 432694.371728022466414, 6065176.620860505849123 ], [ 432689.409405838348903, 6065171.823984012939036 ], [ 432684.338818843476474, 6065166.922452298924327 ], [ 432679.03949045855552, 6065161.799805518239737 ], [ 432674.305909664486535, 6065157.224022792652249 ], [ 432668.669623346533626, 6065151.775627022609115 ], [ 432664.27300048538018, 6065147.525589223951101 ], [ 432658.299707966740243, 6065141.751448527909815 ], [ 432654.240091306273825, 6065137.827181016094983 ], [ 432647.929792586888652, 6065131.727270033210516 ], [ 432644.207182127283886, 6065128.128772808238864 ], [ 432637.559877207037061, 6065121.703091538511217 ], [ 432634.174272948235739, 6065118.430349367670715 ], [ 432627.190010095073376, 6065111.678913042880595 ], [ 432624.141363769187592, 6065108.731909734196961 ], [ 432616.820094715221785, 6065101.654734548181295 ], [ 432614.108454590197653, 6065099.033501526340842 ], [ 432606.450179335428402, 6065091.630556053481996 ], [ 432604.075545411091298, 6065089.335082634352148 ], [ 432596.080312223522924, 6065081.606377558782697 ], [ 432594.042636232043151, 6065079.636638452298939 ], [ 432585.710396843671333, 6065071.582199064083397 ], [ 432584.009727052995004, 6065069.938230244442821 ], [ 432575.340481463761535, 6065061.558020567521453 ], [ 432573.976817874005064, 6065060.239822036586702 ], [ 432564.970566083968151, 6065051.533842073753476 ], [ 432563.94390869489871, 6065050.541409209370613 ], [ 432554.446629015554208, 6065041.509663578122854 ], [ 432553.910999515850563, 6065040.992169493809342 ], [ 432543.878090336802416, 6065032.031349287368357 ], [ 432543.266412341443356, 6065031.485485084354877 ], [ 432533.845181157754268, 6065022.506053507328033 ], [ 432532.843067458714359, 6065021.461306588724256 ], [ 432525.582533288339619, 6065011.437128094024956 ], [ 432523.812271978706121, 6065008.993035836145282 ], [ 432518.321999117964879, 6065001.412949599325657 ], [ 432513.779362799599767, 6064995.141250120475888 ], [ 432511.061469064967241, 6064991.388771104626358 ], [ 432503.800881521194242, 6064981.364592609927058 ], [ 432503.746453620609827, 6064981.289447313174605 ], [ 432496.54034735087771, 6064971.340414115227759 ], [ 432493.713544441678096, 6064967.437645526602864 ], [ 432489.280025117914192, 6064961.316235619597137 ], [ 432483.680635262571741, 6064953.585672069340944 ], [ 432482.019425489008427, 6064951.292057124897838 ], [ 432474.758958386664744, 6064941.267878630198538 ], [ 432473.647726083523594, 6064939.733684945851564 ], [ 432467.498734987981152, 6064931.243700135499239 ], [ 432463.614816904475447, 6064925.88156495988369 ], [ 432460.238173822406679, 6064921.21952164079994 ], [ 432453.5819077254273, 6064912.029388086870313 ], [ 432452.977822372631636, 6064911.195343145169318 ], [ 432445.717513501411304, 6064901.171164650470018 ], [ 432443.548998546379153, 6064898.177211215719581 ], [ 432438.457144467625767, 6064891.146986155770719 ], [ 432433.516089367331006, 6064884.324966346845031 ], [ 432431.196896962006576, 6064881.12280766107142 ], [ 432423.93651284580119, 6064871.09862916637212 ], [ 432423.483180188341066, 6064870.472725725732744 ], [ 432416.676381674071308, 6064861.074450670741498 ], [ 432413.450271009234712, 6064856.620249914936721 ], [ 432409.417662761174142, 6064851.050272176042199 ], [ 432403.417361830244772, 6064842.764360274188221 ], [ 432402.157328920613509, 6064841.0260936813429 ], [ 432394.894371029688045, 6064831.001915185712278 ], [ 432393.384452651138417, 6064828.916353784501553 ], [ 432387.6325957707013, 6064820.977736691012979 ], [ 432383.35154347209027, 6064815.070422600954771 ], [ 432380.368534945650026, 6064810.953558195382357 ], [ 432373.318634293042123, 6064801.224022438749671 ], [ 432373.105139828752726, 6064800.92937970161438 ], [ 432365.841757267364301, 6064790.905201205983758 ], [ 432363.285725114052184, 6064787.377626275643706 ], [ 432358.546365006244741, 6064780.881022712215781 ], [ 432353.252815934945829, 6064777.226277953013778 ], [ 432343.219906755897682, 6064771.682757348753512 ], [ 432341.725129211845342, 6064770.856844216585159 ], [ 432333.186997576849535, 6064766.139265356585383 ], [ 432323.582824003417045, 6064760.83266572188586 ], [ 432323.154088397859596, 6064760.595776187255979 ], [ 432313.121179218753241, 6064755.052267263643444 ], [ 432305.4405807958683, 6064750.808487227186561 ], [ 432303.088270039705094, 6064749.508763590827584 ], [ 432293.055360860715155, 6064743.965491853654385 ], [ 432287.298097695456818, 6064740.784308732487261 ], [ 432283.022451681667008, 6064738.421908097341657 ], [ 432272.98954250261886, 6064732.878551410511136 ], [ 432269.155440035625361, 6064730.760130237787962 ], [ 432262.956633323570713, 6064727.335336485877633 ], [ 432252.923724144522566, 6064721.791806476190686 ], [ 432251.012693824712187, 6064720.73595174215734 ], [ 432242.890814965474419, 6064716.248630473390222 ], [ 432232.869626112515107, 6064710.711773247458041 ], [ 432232.857905786426272, 6064710.705297945067286 ], [ 432222.824996607378125, 6064705.162060147151351 ], [ 432214.726497110445052, 6064700.687594752758741 ], [ 432212.792087428329978, 6064699.618822792544961 ], [ 432202.759178249281831, 6064694.075573774054646 ], [ 432196.58340591925662, 6064690.663416258059442 ], [ 432192.726269070233684, 6064688.532321102917194 ], [ 432182.693359891185537, 6064682.989068431779742 ], [ 432178.440326684620231, 6064680.639237763360143 ], [ 432172.66045071213739, 6064677.44581576064229 ], [ 432162.627541533089243, 6064674.198200994171202 ], [ 432152.594632354041096, 6064674.179844016209245 ], [ 432142.936737308627926, 6064670.615059267729521 ], [ 432142.561723174992949, 6064670.481784890405834 ], [ 432132.528813995886594, 6064668.254912234842777 ], [ 432122.495904816896655, 6064666.053057355806231 ], [ 432112.4629956377903, 6064663.958555448800325 ], [ 432102.430086458800361, 6064661.929961421526968 ], [ 432095.619332486297935, 6064660.590880773030221 ], [ 432092.397177279810421, 6064659.975751515477896 ], [ 432082.364268100762274, 6064658.060378553345799 ], [ 432072.331358921714127, 6064656.145024705678225 ], [ 432062.29844974266598, 6064654.22966649569571 ], [ 432052.265540563617833, 6064652.31432977039367 ], [ 432043.111309736268595, 6064650.566702278330922 ], [ 432042.232631384569686, 6064650.115228233858943 ], [ 432032.199722205521539, 6064645.731596747413278 ], [ 432022.166813026415184, 6064642.408148566260934 ], [ 432015.223636470851488, 6064640.5425237827003 ], [ 432022.166813026473392, 6064633.014774813316762 ], [ 432024.469380634778645, 6064630.518345288001001 ], [ 432032.199722205521539, 6064622.137156888842583 ], [ 432033.715124798764009, 6064620.494166793301702 ], [ 432042.232631384569686, 6064611.259538965299726 ], [ 432042.960868962749373, 6064610.469988298602402 ], [ 432052.206906298059039, 6064600.445809803903103 ], [ 432052.265540563617833, 6064600.382238896563649 ], [ 432061.452650462044403, 6064590.421631309203804 ], [ 432062.29844974266598, 6064589.504620973952115 ], [ 432070.698394626029767, 6064580.397452813573182 ], [ 432072.331358921714127, 6064578.627003049477935 ], [ 432079.944138790015131, 6064570.373274318873882 ], [ 432082.364268100762274, 6064567.749385125935078 ], [ 432089.189882953942288, 6064560.349095824174583 ], [ 432092.397177279810421, 6064556.87176720239222 ], [ 432098.435627117927652, 6064550.324917329475284 ], [ 432102.430086458800361, 6064545.994149279780686 ], [ 432107.681371281854808, 6064540.300738834775984 ], [ 432112.462995637848508, 6064535.116695735603571 ], [ 432116.927278166520409, 6064530.276560340076685 ], [ 432122.495904816896655, 6064524.239104872569442 ], [ 432126.173045331554022, 6064520.252381844446063 ], [ 432132.528813995886594, 6064513.361514009535313 ], [ 432135.418812496587634, 6064510.228203350678086 ], [ 432142.561723174992949, 6064502.483923148363829 ], [ 432144.664641109062359, 6064500.204024855047464 ], [ 432152.594632354041096, 6064491.606377516873181 ], [ 432153.910385273164138, 6064490.179846361279488 ], [ 432162.627541533089243, 6064480.728759592399001 ], [ 432163.156129437033087, 6064480.155667863786221 ], [ 432172.401881156722084, 6064470.131489370018244 ], [ 432172.66045071213739, 6064469.851150558330119 ], [ 432181.647648321697488, 6064460.107310875318944 ], [ 432182.693359891185537, 6064458.973559696227312 ], [ 432190.893415486789308, 6064450.083132380619645 ], [ 432192.726269070233684, 6064448.095968833193183 ], [ 432200.139399264298845, 6064440.058953885920346 ], [ 432202.759178249281831, 6064437.218605753965676 ], [ 432209.385143428284209, 6064430.034775390289724 ], [ 432212.792087428329978, 6064426.340987829491496 ], [ 432218.630887592211366, 6064420.010596895590425 ], [ 432222.824996607378125, 6064415.463369906879961 ], [ 432227.876631756254937, 6064409.986418400891125 ], [ 432232.857905786426272, 6064404.585751984268427 ], [ 432237.122375920182094, 6064399.962239906191826 ], [ 432242.890814965474419, 6064393.70813406072557 ], [ 432246.368120084225666, 6064389.938061411492527 ], [ 432252.923724144580774, 6064382.830741500481963 ], [ 432255.614078804734163, 6064379.913882916793227 ], [ 432262.956633323570713, 6064371.953150637447834 ], [ 432264.859845969709568, 6064369.889704421162605 ], [ 432272.98954250261886, 6064361.075559775345027 ], [ 432274.105613134801388, 6064359.865525927394629 ], [ 432283.022451681667008, 6064350.197968913242221 ], [ 432283.351389911433216, 6064349.841347431764007 ], [ 432292.59713407541858, 6064339.817168937064707 ], [ 432293.055360860715155, 6064339.320362297818065 ], [ 432301.842878239345737, 6064329.792990441434085 ], [ 432303.088270039705094, 6064328.442744373343885 ], [ 432311.088622403272893, 6064319.768811946734786 ], [ 432313.121179218753241, 6064317.565196324139833 ], [ 432320.334448959853034, 6064309.744633452035487 ], [ 432323.15408839774318, 6064306.687605462037027 ], [ 432329.580216124886647, 6064299.720454957336187 ], [ 432333.186997576849535, 6064295.810014599002898 ], [ 432338.825983289978467, 6064289.696276461705565 ], [ 432343.219906755897682, 6064284.932423735037446 ], [ 432348.071892230538651, 6064279.672097967006266 ], [ 432353.252815934945829, 6064274.054972611367702 ], [ 432357.317636394524015, 6064269.647919472306967 ], [ 432363.285725113935769, 6064263.177354687824845 ], [ 432366.56338055850938, 6064259.623740977607667 ], [ 432373.318634293042123, 6064252.299736764281988 ], [ 432375.809124722494744, 6064249.599562482908368 ], [ 432383.351543472032063, 6064241.422118839807808 ], [ 432385.054868886480108, 6064239.575383988209069 ], [ 432393.384452651196625, 6064230.544500917196274 ], [ 432394.300613050465472, 6064229.551205492578447 ], [ 432403.417361830186564, 6064219.667196404188871 ], [ 432403.546646607923321, 6064219.52702699881047 ], [ 432412.792394549702294, 6064209.502848504111171 ], [ 432413.450271009234712, 6064208.78958292491734 ], [ 432422.038138713687658, 6064199.478670008480549 ], [ 432423.483180188282859, 6064197.911965001374483 ], [ 432431.283882877673022, 6064189.454491512849927 ], [ 432433.516089367331006, 6064187.034347077831626 ], [ 432440.529627041658387, 6064179.430313018150628 ], [ 432443.548998546379153, 6064176.156729154288769 ], [ 432449.775371205643751, 6064169.406134523451328 ], [ 432453.5819077254273, 6064165.279242089949548 ], [ 432459.021249598066788, 6064159.381956028752029 ], [ 432463.614816904475447, 6064154.401651226915419 ], [ 432468.267016763158608, 6064149.35777753405273 ], [ 432473.647726083523594, 6064143.524060364812613 ], [ 432477.512783928192221, 6064139.333599038422108 ], [ 432483.680635262513533, 6064132.646469500847161 ], [ 432486.758641032851301, 6064129.309420543722808 ], [ 432493.713544441619888, 6064121.768957391381264 ], [ 432496.004385196836665, 6064119.285242049023509 ], [ 432503.746453620668035, 6064110.891339468769729 ], [ 432505.250129360705614, 6064109.26106355432421 ], [ 432513.779362799657974, 6064100.013721546158195 ], [ 432514.495873524749186, 6064099.23688505962491 ], [ 432523.741619753243867, 6064089.212706563994288 ], [ 432523.812271978706121, 6064089.136106049641967 ], [ 432532.98738691827748, 6064079.188528069294989 ], [ 432533.845181157754268, 6064078.258515186607838 ], [ 432542.233154083311092, 6064069.16434957459569 ], [ 432543.878090336802416, 6064067.380924325436354 ], [ 432551.479143351956736, 6064059.140171078965068 ], [ 432553.910999515850563, 6064056.503567704930902 ], [ 432560.724887515883893, 6064049.115992584265769 ], [ 432563.94390869489871, 6064045.625949781388044 ], [ 432569.970631679927465, 6064039.091814089566469 ], [ 432573.976817873946857, 6064034.748331857845187 ], [ 432579.216375843912829, 6064029.06763559486717 ], [ 432584.009727052995004, 6064023.87071393430233 ], [ 432588.462120007898193, 6064019.043457100167871 ], [ 432594.042636232101358, 6064012.993096012622118 ], [ 432597.707864171825349, 6064009.019278605468571 ], [ 432604.075545411091298, 6064002.115696991793811 ], [ 432606.953817401255947, 6063998.995100108906627 ], [ 432614.108454590139445, 6063991.238106129691005 ], [ 432616.199584566289559, 6063988.97092161513865 ], [ 432624.141363769187592, 6063980.360515266656876 ], [ 432625.445351731323171, 6063978.946743120439351 ], [ 432634.174272948293947, 6063969.482924403622746 ], [ 432634.691133999149315, 6063968.922564626671374 ], [ 432643.936878163076472, 6063958.898386131040752 ], [ 432644.207182127283886, 6063958.60532424878329 ], [ 432653.182622327061836, 6063948.87420763541013 ], [ 432654.240091306332033, 6063947.727742677554488 ], [ 432662.428420391457621, 6063938.850029140710831 ], [ 432664.27300048538018, 6063936.850151815451682 ], [ 432671.674187556491233, 6063928.825850646011531 ], [ 432674.30590966437012, 6063925.972560953348875 ], [ 432680.919954721466638, 6063918.801672151312232 ], [ 432684.338818843476474, 6063915.094970090314746 ], [ 432690.165892154211178, 6063908.777493656612933 ], [ 432694.371728022466414, 6063904.217552485875785 ], [ 432699.411636318196543, 6063898.753315160982311 ], [ 432704.404637201572768, 6063893.339934562332928 ], [ 432708.657380482181907, 6063888.729136666283011 ], [ 432714.437546380562708, 6063882.462316638790071 ], [ 432717.903124646167271, 6063878.704958172515035 ], [ 432724.470455559669062, 6063871.584698716178536 ], [ 432727.148868810152635, 6063868.68077967595309 ], [ 432734.503364738659002, 6063860.707080792635679 ], [ 432736.394612974137999, 6063858.656601183116436 ], [ 432744.536273917765357, 6063849.829462869092822 ], [ 432745.640357138065156, 6063848.632422686554492 ], [ 432754.569183096755296, 6063838.95215189550072 ], [ 432754.886385204445105, 6063838.608244191855192 ], [ 432764.132138637360185, 6063828.584065697155893 ], [ 432764.602092275803443, 6063828.074544876813889 ], [ 432773.37788280134555, 6063818.559887202456594 ], [ 432774.63500145485159, 6063817.196926953271031 ], [ 432782.623626965330914, 6063808.535708706825972 ], [ 432784.667910633899737, 6063806.319309028796852 ], [ 432791.869371129316278, 6063798.511530212126672 ], [ 432794.700819812947884, 6063795.441691105253994 ], [ 432801.115115293301642, 6063788.487351717427373 ], [ 432804.733728991996031, 6063784.564197581261396 ], [ 432810.360988194646779, 6063778.463173222728074 ], [ 432814.766638171044178, 6063773.686606718227267 ], [ 432819.606755359680392, 6063768.438994728028774 ], [ 432824.799547350150533, 6063762.809015855193138 ], [ 432828.852522524655797, 6063758.414816232398152 ], [ 432834.832456529140472, 6063751.931424992159009 ], [ 432838.098385120509192, 6063748.390637737698853 ], [ 432844.865365708130412, 6063741.053919343277812 ], [ 432847.344129284494556, 6063738.366459242999554 ], [ 432854.898274887236767, 6063730.176301419734955 ], [ 432856.589873448479921, 6063728.342280748300254 ], [ 432864.931184066284914, 6063719.298683496192098 ], [ 432865.835617612465285, 6063718.318102253600955 ], [ 432874.964093245333061, 6063708.42106557264924 ], [ 432875.081361776450649, 6063708.293923757970333 ], [ 432884.327125514857471, 6063698.269745263271034 ], [ 432884.997002424323, 6063697.543470677919686 ], [ 432893.572892679832876, 6063688.245566768571734 ], [ 432895.029911603371147, 6063686.665879815816879 ], [ 432902.818887439672835, 6063678.221388273872435 ], [ 432905.062820782419294, 6063675.78852965682745 ], [ 432912.064631603599992, 6063668.197209779173136 ], [ 432915.095729961525649, 6063664.910911733284593 ], [ 432921.310375767585356, 6063658.173031283542514 ], [ 432925.128639140515588, 6063654.033293809741735 ], [ 432930.55611993157072, 6063648.148852788843215 ], [ 432935.161548319563735, 6063643.155675886198878 ], [ 432939.801864095556084, 6063638.124674294143915 ], [ 432945.194457498611882, 6063632.278057962656021 ], [ 432949.047608259541448, 6063628.100495799444616 ], [ 432955.227366677660029, 6063621.400652484036982 ], [ 432958.293555997835938, 6063618.076317304745317 ], [ 432965.260275856708176, 6063610.52306162007153 ], [ 432967.53932316286955, 6063608.052138810046017 ], [ 432975.293185035756323, 6063599.645470757037401 ], [ 432976.785090327844955, 6063598.027960313484073 ], [ 432985.326094214804471, 6063588.767879895865917 ], [ 432986.030878086807206, 6063588.003781819716096 ], [ 432995.276622250734363, 6063577.979603325016797 ], [ 432995.359003393852618, 6063577.890286200679839 ], [ 433004.522366414719727, 6063567.955424830317497 ], [ 433005.391912572900765, 6063567.012698169797659 ], [ 433013.768158987979405, 6063557.931246334686875 ], [ 433015.424821752007119, 6063556.13510730676353 ], [ 433023.013926153013017, 6063547.907067839987576 ], [ 433025.457730930997059, 6063545.257516443729401 ], [ 433032.259693318046629, 6063537.882889345288277 ], [ 433035.490640110045206, 6063534.379925580695271 ], [ 433041.505636241985485, 6063527.858710850588977 ], [ 433045.523549289093353, 6063523.502514437772334 ], [ 433050.751380405970849, 6063517.834532354958355 ], [ 433055.5564584681415, 6063512.624896513298154 ], [ 433059.997124569956213, 6063507.810353860259056 ], [ 433065.589367647189647, 6063501.747278590686619 ], [ 433069.24286873388337, 6063497.786175365559757 ], [ 433075.622276826237794, 6063490.869660667143762 ], [ 433078.488612897926942, 6063487.76199687179178 ], [ 433085.655186005169526, 6063479.992042743600905 ], [ 433087.73435706179589, 6063477.737818376161158 ], [ 433095.688095184217673, 6063469.114424819126725 ], [ 433096.980101225781254, 6063467.713639879599214 ], [ 433105.721004363324028, 6063458.237107385881245 ], [ 433106.226123800966889, 6063457.689461385831237 ], [ 433115.471882725018077, 6063447.665282891131938 ], [ 433115.753913542372175, 6063447.359506827779114 ], [ 433124.717626889061648, 6063437.641104396432638 ], [ 433125.786822721420322, 6063436.481888904236257 ], [ 433133.963371052988805, 6063427.616925901733339 ], [ 433135.819731900468469, 6063425.6042709806934 ], [ 433143.209115216974169, 6063417.592747406102717 ], [ 433145.852641079516616, 6063414.726653057150543 ], [ 433152.454859380959533, 6063407.568568911403418 ], [ 433155.885550258564763, 6063403.849153071641922 ], [ 433161.700726791168563, 6063397.544390416704118 ], [ 433165.91845943761291, 6063392.971562209539115 ], [ 433170.946493956202175, 6063387.520211922004819 ], [ 433175.951368616661057, 6063382.093971347436309 ], [ 433180.192261121235788, 6063377.49603342730552 ], [ 433185.984277795709204, 6063371.216380483470857 ], [ 433189.438129208225291, 6063367.471854931674898 ], [ 433196.017186974757351, 6063360.33888129517436 ], [ 433198.683873372152448, 6063357.447676436975598 ], [ 433206.050096153805498, 6063349.461263370700181 ], [ 433207.929617536137812, 6063347.423497942276299 ], [ 433216.083005332911853, 6063338.583645448088646 ], [ 433217.175361700123176, 6063337.399319447577 ], [ 433226.115914511901792, 6063327.706027524545789 ], [ 433226.42110586410854, 6063327.3751409528777 ], [ 433235.666864111437462, 6063317.350962457247078 ], [ 433236.148823690949939, 6063316.828426169231534 ], [ 433244.91288736340357, 6063307.326783962547779 ], [ 433246.181732869998086, 6063305.951109532266855 ], [ 433254.158631527388934, 6063297.30260546784848 ], [ 433256.214642049046233, 6063295.073491608723998 ], [ 433263.404375691374298, 6063287.27842697314918 ], [ 433266.247551228152588, 6063284.195873685181141 ], [ 433272.650119855301455, 6063277.254248477518559 ], [ 433276.280460407142527, 6063273.318255760706961 ], [ 433281.895864019286819, 6063267.230069982819259 ], [ 433286.313369586132467, 6063262.440637838095427 ], [ 433291.141608183155768, 6063257.20589148811996 ], [ 433296.346278765122406, 6063251.563019914552569 ], [ 433300.387352347257547, 6063247.181712994351983 ], [ 433306.379187944228761, 6063240.68560797534883 ], [ 433309.633294594357722, 6063237.157534498721361 ], [ 433316.4120971232187, 6063229.808017111383379 ], [ 433318.879061759333126, 6063227.133356002159417 ], [ 433326.445006302325055, 6063218.930426248349249 ], [ 433328.124828924424946, 6063217.10917750839144 ], [ 433336.477915481373202, 6063208.052835386246443 ], [ 433337.37062217440689, 6063207.084999013692141 ], [ 433346.510824660421349, 6063197.175248151645064 ], [ 433346.616366338450462, 6063197.060820518992841 ], [ 433355.862110502435826, 6063187.036642024293542 ], [ 433356.543733839411288, 6063186.297653661109507 ], [ 433365.107897584559396, 6063177.01246352866292 ], [ 433366.576643018517643, 6063175.420062798075378 ], [ 433374.353664749593008, 6063166.988285033963621 ], [ 433376.60955219756579, 6063164.542471935041249 ], [ 433383.599431914626621, 6063156.964106539264321 ], [ 433386.642461376613937, 6063153.66488107200712 ], [ 433392.845380329643376, 6063146.939928044565022 ], [ 433396.675370555662084, 6063142.787476388737559 ], [ 433402.09112449362874, 6063136.915749549865723 ], [ 433406.708279734710231, 6063131.909858465194702 ], [ 433411.336868657614104, 6063126.891571054235101 ], [ 433416.741188913758378, 6063121.032240541651845 ], [ 433420.582612821599469, 6063116.867392559535801 ], [ 433426.774098092748318, 6063110.154622618108988 ], [ 433429.828356985584833, 6063106.843214064836502 ], [ 433436.807007271854673, 6063099.277004695497453 ], [ 433439.074101149511989, 6063096.819035570137203 ], [ 433446.83991645090282, 6063088.399653740227222 ], [ 433448.320095232571475, 6063086.794857075437903 ], [ 433456.872825629950967, 6063077.522062877193093 ], [ 433457.56586239754688, 6063076.770678579807281 ], [ 433466.811626812792383, 6063066.746500085107982 ], [ 433466.905734808999114, 6063066.64446877874434 ], [ 433476.05737097671954, 6063056.722321590408683 ], [ 433476.938643987989053, 6063055.766850856132805 ], [ 433485.303115140704904, 6063046.698143095709383 ], [ 433486.9715531670372, 6063044.889232933521271 ], [ 433494.54885930463206, 6063036.673964601010084 ], [ 433497.004462346085347, 6063034.011615009978414 ], [ 433503.794603468617424, 6063026.649786105379462 ], [ 433507.037371525075287, 6063023.134108563885093 ], [ 433513.040465387748554, 6063016.625607610680163 ], [ 433517.070280704181641, 6063012.256517700850964 ], [ 433522.286232552723959, 6063006.601429115980864 ], [ 433527.103189883287996, 6063001.378926837816834 ], [ 433531.531999717757571, 6062996.577250620350242 ], [ 433537.136099062277935, 6062990.501335974782705 ], [ 433540.777873295824975, 6062986.553072125650942 ], [ 433547.169008241326082, 6062979.623843246139586 ], [ 433550.023617459868547, 6062976.528893630951643 ], [ 433557.20191742037423, 6062968.746225323528051 ], [ 433559.269361623795703, 6062966.504715135321021 ], [ 433567.234826599422377, 6062957.868607399053872 ], [ 433568.515105787839275, 6062956.480536640621722 ], [ 433577.267735778470524, 6062946.990989476442337 ], [ 433577.760849951766431, 6062946.456358145922422 ], [ 433577.267735778470524, 6062936.87098678201437 ], [ 433567.234826599422377, 6062944.878052745945752 ], [ 433565.35728086810559, 6062946.456358146853745 ], [ 433557.20191742037423, 6062953.311932400800288 ], [ 433553.432558611384593, 6062956.480536641553044 ], [ 433547.16900824138429, 6062961.745812056586146 ], [ 433541.507836354663596, 6062966.504715136252344 ], [ 433537.136099062277935, 6062970.179691711440682 ], [ 433529.583114097884391, 6062976.528893630951643 ], [ 433527.103189883229788, 6062978.763910706155002 ], [ 433517.709496524475981, 6062986.553072125650942 ], [ 433517.070280704181641, 6062987.159070688299835 ], [ 433507.037371525075287, 6062994.220610609278083 ], [ 433504.193521407316439, 6062996.577250621281564 ], [ 433497.004462346085347, 6063001.666462142020464 ], [ 433491.222564244468231, 6063006.601429115980864 ], [ 433486.971553166978993, 6063009.768234296701849 ], [ 433479.108192575804424, 6063016.625607610680163 ], [ 433476.938643987989053, 6063018.304059249348938 ], [ 433470.942645011178683, 6063016.62560760974884 ], [ 433476.934686232882086, 6063006.601429115980864 ], [ 433476.938643987989053, 6063006.59480900131166 ], [ 433482.927519005606882, 6062996.577250621281564 ], [ 433486.9715531670372, 6062989.81192328594625 ], [ 433488.919560227310285, 6062986.55307212471962 ], [ 433494.911601449130103, 6062976.528893630951643 ], [ 433497.004462346085347, 6062973.027714246883988 ], [ 433500.903642670775298, 6062966.504715135321021 ], [ 433506.895683892536908, 6062956.480536641553044 ], [ 433507.037371525133494, 6062956.243505207821727 ], [ 433512.887725114240311, 6062946.456358146853745 ], [ 433517.070280704123434, 6062939.459296168759465 ], [ 433518.879766336001921, 6062936.432179651223123 ], [ 433524.872423111344688, 6062926.408001156523824 ], [ 433527.103189883171581, 6062922.676411328837276 ], [ 433530.86464033043012, 6062916.383822660893202 ], [ 433536.856681552191731, 6062906.359644167125225 ], [ 433537.136099062277935, 6062905.892202289775014 ], [ 433542.848722773953341, 6062896.335465672425926 ], [ 433547.169008241267875, 6062889.107993250712752 ], [ 433548.840763995656744, 6062886.311287176795304 ], [ 433554.832805217360146, 6062876.287108682096004 ], [ 433557.20191742037423, 6062872.323784212581813 ], [ 433560.824846439063549, 6062866.262930187396705 ], [ 433566.816887660825159, 6062856.238751692697406 ], [ 433567.234826599422377, 6062855.539575173519552 ], [ 433572.809368688613176, 6062846.214573197998106 ], [ 433577.267735778470524, 6062838.756690332666039 ], [ 433578.801761655311566, 6062836.190394702367485 ], [ 433584.793802877073176, 6062826.166216207668185 ], [ 433587.300644957518671, 6062821.9724812945351 ], [ 433590.785844098776579, 6062816.142037712968886 ], [ 433596.777885320538189, 6062806.117859218269587 ], [ 433597.333554136566818, 6062805.188272255472839 ], [ 433602.769926542183384, 6062796.093680723570287 ], [ 433607.366463315673172, 6062788.4040632173419 ], [ 433608.761967764003202, 6062786.069502227939665 ], [ 433614.754008985648397, 6062776.045323733240366 ], [ 433617.399372494663112, 6062771.620438707992435 ], [ 433620.746841758431401, 6062766.021145238541067 ], [ 433626.738882980134804, 6062755.996966743841767 ], [ 433627.432281673711259, 6062754.836969338357449 ], [ 433632.730924201896414, 6062745.972788248211145 ], [ 433637.465190852759406, 6062738.052760298363864 ], [ 433638.722965423658025, 6062735.948609753511846 ], [ 433644.715006645361427, 6062725.924431258812547 ], [ 433647.498100031807553, 6062721.268551260232925 ], [ 433650.707047867123038, 6062715.900252764113247 ], [ 433656.69908908882644, 6062705.876074269413948 ], [ 433657.5310092108557, 6062704.484342222101986 ], [ 433662.691537452745251, 6062695.851895773783326 ], [ 433667.563918389845639, 6062687.701457381248474 ], [ 433668.683963083254639, 6062685.827717280015349 ], [ 433674.676004304958042, 6062675.803538784384727 ], [ 433677.596827568893787, 6062670.917248342186213 ], [ 433680.668045526661444, 6062665.779360290616751 ], [ 433686.660086748364847, 6062655.755181794986129 ], [ 433687.629736747941934, 6062654.133039303123951 ], [ 433692.652127970126458, 6062645.731003299355507 ], [ 433697.662645927048288, 6062637.348830264993012 ], [ 433698.64416919182986, 6062635.706824804656208 ], [ 433704.636210413533263, 6062625.682646309956908 ], [ 433707.695555106038228, 6062620.565297229215503 ], [ 433710.629043186316267, 6062615.658467815257609 ], [ 433716.621084408019669, 6062605.63428932055831 ], [ 433717.728464285028167, 6062603.781736386008561 ], [ 433722.613125629723072, 6062595.610110824927688 ], [ 433727.761373464134522, 6062586.997527346946299 ], [ 433728.605166851484682, 6062585.585932330228388 ], [ 433734.597208073246293, 6062575.561753835529089 ], [ 433737.794282643182669, 6062570.21331830881536 ], [ 433740.589249294891488, 6062565.537575339898467 ], [ 433746.581290516711306, 6062555.51339684613049 ], [ 433747.827191822230816, 6062553.429109269753098 ], [ 433752.573706216877326, 6062545.489218350499868 ], [ 433757.860101001278963, 6062536.646224428899586 ], [ 433758.566164511139505, 6062535.465039855800569 ], [ 433764.558205732901115, 6062525.44086136110127 ], [ 433767.89301018032711, 6062519.862015390768647 ], [ 433770.550246954604518, 6062515.416682865470648 ], [ 433776.54228817630792, 6062505.392504371702671 ], [ 433777.925919359375257, 6062503.077806351706386 ], [ 433782.534329398069531, 6062495.368325876072049 ], [ 433787.958828538423404, 6062486.293597312644124 ], [ 433788.526370619831141, 6062485.34414738137275 ], [ 433794.518411841476336, 6062475.31996888667345 ], [ 433797.991737717471551, 6062469.509388274513185 ], [ 433800.510651794204023, 6062465.295790391974151 ], [ 433806.503285835962743, 6062455.271611896343529 ], [ 433808.024646896519698, 6062452.726503433659673 ], [ 433812.495327057724353, 6062445.24743340164423 ], [ 433818.057556075567845, 6062435.942294394597411 ], [ 433818.487368279485963, 6062435.223254906944931 ], [ 433824.479409501189366, 6062425.199076412245631 ], [ 433828.090465254615992, 6062419.15808535553515 ], [ 433830.471450722892769, 6062415.174897917546332 ], [ 433836.463491944654379, 6062405.15071942191571 ], [ 433838.123374433664139, 6062402.373876316472888 ], [ 433842.455874981009401, 6062395.126540927216411 ], [ 433848.156283612654079, 6062385.590991476550698 ], [ 433848.448365939140785, 6062385.102362432517111 ], [ 433854.440407160844188, 6062375.078183937817812 ], [ 433858.189192791702226, 6062368.806782437488437 ], [ 433860.432448382547591, 6062365.054005443118513 ], [ 433866.424489604192786, 6062355.029826946556568 ], [ 433868.222101970750373, 6062352.022573398426175 ], [ 433872.416530825896189, 6062345.005648452788591 ], [ 433878.25501114979852, 6062335.238364361226559 ], [ 433878.408572047716007, 6062334.981469958089292 ], [ 433884.400613269419409, 6062324.957291463389993 ], [ 433888.287920328846667, 6062318.454155322164297 ], [ 433890.392820558219682, 6062314.933112968690693 ], [ 433896.385487263905816, 6062304.908934473060071 ], [ 433898.320829507894814, 6062301.671270480379462 ], [ 433902.377528485609218, 6062294.884755978360772 ], [ 433908.353738686942961, 6062284.887061443179846 ], [ 433908.369569707312621, 6062284.860577483661473 ], [ 433914.361610929016024, 6062274.836398988962173 ], [ 433918.386647865991108, 6062268.102852404117584 ], [ 433920.353652150777634, 6062264.812220495194197 ], [ 433926.345693372539245, 6062254.788041998632252 ], [ 433928.419557045039255, 6062251.318643365055323 ], [ 433932.337734594242647, 6062244.763863503932953 ], [ 433938.330557748966385, 6062234.739685009233654 ], [ 433938.452466224087402, 6062234.535758525133133 ], [ 433944.322608588729054, 6062224.715506514534354 ], [ 433948.485375403135549, 6062217.751549486070871 ], [ 433950.314649810432456, 6062214.691328018903732 ], [ 433956.306691032194067, 6062204.667149524204433 ], [ 433958.518284582183696, 6062200.96734044700861 ], [ 433962.298732253897469, 6062194.642971029505134 ], [ 433968.29077347565908, 6062184.618792534805834 ], [ 433968.551193761231843, 6062184.183131408877671 ], [ 433974.282814697362483, 6062174.594614040106535 ], [ 433978.584102940338198, 6062167.398922369815409 ], [ 433980.274989322351757, 6062164.570435544475913 ], [ 433986.267503326293081, 6062154.546257050707936 ], [ 433988.617012119386345, 6062150.616037528961897 ], [ 433992.259729913552292, 6062144.522078555077314 ], [ 433998.251771135313902, 6062134.497900059446692 ], [ 433998.649921298376285, 6062133.831828490830958 ], [ 434004.243812357017305, 6062124.473721565678716 ], [ 434008.682830477424432, 6062117.047619451768696 ], [ 434010.235853578720707, 6062114.449543070048094 ], [ 434016.227894800482318, 6062104.425364575348794 ], [ 434018.715739656472579, 6062100.263410413637757 ], [ 434022.219936022185721, 6062094.401186080649495 ], [ 434028.21272651309846, 6062084.377007585950196 ], [ 434028.748648835520726, 6062083.480525572784245 ], [ 434034.204810016672127, 6062074.352829091250896 ], [ 434038.781558014568873, 6062066.696316534653306 ], [ 434040.196851238433737, 6062064.328650596551597 ], [ 434046.18889246013714, 6062054.304472100920975 ], [ 434048.81446719361702, 6062049.912107494659722 ], [ 434052.18093368189875, 6062044.280293606221676 ], [ 434058.172974903602153, 6062034.256115111522377 ], [ 434058.847376372665167, 6062033.127898457460105 ], [ 434064.165016125305556, 6062024.231936616823077 ], [ 434068.880285551655106, 6062016.343689417466521 ], [ 434070.157158086483832, 6062014.207758121192455 ], [ 434076.149672090308741, 6062004.183579626493156 ], [ 434078.913194730703253, 6061999.560804577544332 ], [ 434082.141931341495365, 6061994.159401131793857 ], [ 434088.133972563198768, 6061984.135222637094557 ], [ 434088.9461039097514, 6061982.77659553848207 ], [ 434094.12601378490217, 6061974.111044142395258 ], [ 434098.979013088799547, 6061965.992386499419808 ], [ 434100.118055006605573, 6061964.086865646764636 ], [ 434106.110096228367183, 6061954.062687152065337 ], [ 434109.011922267847694, 6061949.208177460357547 ], [ 434112.102137450128794, 6061944.038508656434715 ], [ 434118.094178671832196, 6061934.014330162666738 ], [ 434119.044831446895842, 6061932.424178482033312 ], [ 434124.087011444556993, 6061923.990151667036116 ], [ 434129.077740625943989, 6061915.641083581373096 ], [ 434130.079052666318603, 6061913.965973172336817 ], [ 434136.071093888022006, 6061903.941794677637517 ], [ 434139.110649804992136, 6061898.856874542310834 ], [ 434142.063135109725408, 6061893.917616182938218 ], [ 434148.055176331487019, 6061883.893437688238919 ], [ 434149.143558984040283, 6061882.072665504179895 ], [ 434154.047217553248629, 6061873.869259193539619 ], [ 434159.17646816308843, 6061865.288456465117633 ], [ 434160.039258774952032, 6061863.84508069884032 ], [ 434166.031840854440816, 6061853.820902203209698 ], [ 434169.209377342136577, 6061848.505571624264121 ], [ 434172.024132769438438, 6061843.796723708510399 ], [ 434178.016173991141841, 6061833.7725452138111 ], [ 434179.242286521184724, 6061831.721362587064505 ], [ 434184.008215212903451, 6061823.7483667191118 ], [ 434189.275195700174663, 6061814.93715354707092 ], [ 434190.000256434606854, 6061813.724188223481178 ], [ 434195.992297656368464, 6061803.700009728781879 ], [ 434199.308104879339226, 6061798.152944508939981 ], [ 434201.984338878013659, 6061793.67583123408258 ], [ 434207.97638009977527, 6061783.65165273938328 ], [ 434209.341014058329165, 6061781.36873546987772 ], [ 434213.968786431767512, 6061773.627474244683981 ], [ 434219.37392323743552, 6061764.585850629024208 ], [ 434219.961254094261676, 6061763.603295749984682 ], [ 434225.953295315965079, 6061753.57911725435406 ], [ 434229.406832416425459, 6061747.801641590893269 ], [ 434231.945336537726689, 6061743.55493875965476 ], [ 434237.937377759430092, 6061733.530760264955461 ], [ 434239.439741595473606, 6061731.017432551831007 ], [ 434243.929418981133495, 6061723.506581769324839 ], [ 434249.472650774521753, 6061714.233223512768745 ], [ 434249.921460202895105, 6061713.48240327462554 ], [ 434255.914009618572891, 6061703.45822477992624 ], [ 434259.505559953511693, 6061697.450338672846556 ], [ 434261.906334197265096, 6061693.434046285226941 ], [ 434267.898375419026706, 6061683.409867789596319 ], [ 434269.53846913255984, 6061680.666129633784294 ], [ 434273.890416640730109, 6061673.385689293965697 ], [ 434279.571378311607987, 6061663.881920595653355 ], [ 434279.882457862491719, 6061663.361510800197721 ], [ 434285.874499084195122, 6061653.337332305498421 ], [ 434289.604287490597926, 6061647.097711556591094 ], [ 434291.86654030601494, 6061643.313153810799122 ], [ 434297.858581527718343, 6061633.2889753151685 ], [ 434299.637196669704281, 6061630.313502518460155 ], [ 434303.850955195841379, 6061623.264796820469201 ], [ 434309.670105848752428, 6061613.53061767667532 ], [ 434309.843455522146542, 6061613.240618325769901 ], [ 434315.835496743908152, 6061603.216439831070602 ], [ 434319.703015027800575, 6061596.746408639475703 ], [ 434321.827537965611555, 6061593.192261336371303 ], [ 434327.819579187314957, 6061583.168082840740681 ], [ 434329.735924206848722, 6061579.962199599482119 ], [ 434333.81162040901836, 6061573.143904346041381 ], [ 434339.768833385896869, 6061563.177990560419858 ], [ 434339.80366163077997, 6061563.119725851342082 ], [ 434345.795702852541581, 6061553.095547356642783 ], [ 434349.801742564886808, 6061546.3946667117998 ], [ 434351.788535625324585, 6061543.071368861943483 ], [ 434357.78057684696978, 6061533.047190366312861 ], [ 434359.834651743993163, 6061529.610896681435406 ], [ 434363.77261806873139, 6061523.023011871613562 ], [ 434369.764659290434793, 6061512.998833376914263 ], [ 434369.86756092304131, 6061512.826687643304467 ], [ 434375.756700512138195, 6061502.974654882214963 ], [ 434379.90047010203125, 6061496.042478604242206 ], [ 434381.748741733958013, 6061492.950476387515664 ], [ 434387.740782955661416, 6061482.926297891885042 ], [ 434389.933379281137604, 6061479.258269565179944 ], [ 434393.733123959973454, 6061472.90211939625442 ], [ 434399.72563796385657, 6061462.877940902486444 ], [ 434399.966288460185751, 6061462.475384725257754 ], [ 434405.717698171851225, 6061452.853762407787144 ], [ 434409.999197639292106, 6061445.691175687126815 ], [ 434411.709739393554628, 6061442.829583913087845 ], [ 434417.701780615258031, 6061432.805405417457223 ], [ 434420.032106818282045, 6061428.906966647133231 ], [ 434423.693821836961433, 6061422.781226922757924 ], [ 434429.685863058723044, 6061412.757048428058624 ], [ 434430.065015997330192, 6061412.122757609002292 ], [ 434435.677904280484654, 6061402.732869933359325 ], [ 434440.09792517637834, 6061395.339525233954191 ], [ 434441.67073705320945, 6061392.708691438660026 ], [ 434447.662778274912853, 6061382.684512943029404 ], [ 434450.130834355426487, 6061378.555663729086518 ], [ 434453.654819496674463, 6061372.660334449261427 ], [ 434459.646860718319658, 6061362.636155953630805 ], [ 434460.163743534416426, 6061361.771454690955579 ], [ 434465.638901940081269, 6061352.611977458931506 ], [ 434470.196652713464573, 6061344.987245650961995 ], [ 434471.630943161726464, 6061342.587798963300884 ], [ 434477.622984383488074, 6061332.563620468601584 ], [ 434480.22956189251272, 6061328.203036613762379 ], [ 434483.615292724047322, 6061322.539441973902285 ], [ 434489.607806727930438, 6061312.515263479202986 ], [ 434490.262471071560867, 6061311.420151772908866 ], [ 434495.599899599677883, 6061302.491084984503686 ], [ 434500.295380250609014, 6061294.635942733846605 ], [ 434501.591940821439493, 6061292.466906488873065 ], [ 434507.583982043142896, 6061282.442727994173765 ], [ 434510.328289429657161, 6061277.851733695715666 ], [ 434513.576023264904507, 6061272.418549499474466 ], [ 434519.568064486607909, 6061262.394371004775167 ], [ 434520.361198608763516, 6061261.067524657584727 ], [ 434525.560105708311312, 6061252.370192510075867 ], [ 434530.394107787753455, 6061244.283315618522465 ], [ 434531.552238301257603, 6061242.346014014445245 ], [ 434537.544979702855926, 6061232.321835519745946 ], [ 434540.427016966801602, 6061227.500430777668953 ], [ 434543.537020924501121, 6061222.297657025046647 ], [ 434549.529062146320939, 6061212.273478530347347 ], [ 434550.459926145849749, 6061210.716221739538014 ], [ 434555.521103368024342, 6061202.249300035648048 ], [ 434560.492835324897896, 6061193.932012700475752 ], [ 434561.513144589727744, 6061192.225121540017426 ], [ 434567.505185811431147, 6061182.200943045318127 ], [ 434570.525744503946044, 6061177.147803661413491 ], [ 434573.497227033192758, 6061172.176764550618827 ], [ 434579.48997549212072, 6061162.152586055919528 ], [ 434580.558653682994191, 6061160.364918820559978 ], [ 434585.482101027679164, 6061152.128407560288906 ], [ 434590.591562862042338, 6061143.580709781497717 ], [ 434591.474142249440774, 6061142.104229065589607 ], [ 434597.466183471144177, 6061132.080050570890307 ], [ 434600.624472041090485, 6061126.7965007442981 ], [ 434603.45822469284758, 6061122.055872076191008 ], [ 434609.450265914550982, 6061112.031693581491709 ], [ 434610.657381220138632, 6061110.012291705235839 ], [ 434615.442307136254385, 6061102.007515085861087 ], [ 434620.690290399186779, 6061093.228082666173577 ], [ 434621.434407065447886, 6061091.983336590230465 ], [ 434627.427181130798999, 6061081.959158096462488 ], [ 434630.723199578234926, 6061076.445197825320065 ], [ 434633.419222352502402, 6061071.934979601763189 ], [ 434639.411263574205805, 6061061.91080110706389 ], [ 434640.756108757283073, 6061059.660988787189126 ], [ 434645.403304795909207, 6061051.886622611433268 ], [ 434650.789017936214805, 6061042.876779747195542 ], [ 434651.39534601761261, 6061041.862444116733968 ], [ 434657.38738723937422, 6061031.838265622034669 ], [ 434660.821927115321159, 6061026.092570709064603 ], [ 434663.379428461077623, 6061021.814087128266692 ], [ 434669.37214425613638, 6061011.78990863263607 ], [ 434670.854836294369306, 6061009.309685869142413 ], [ 434675.36430245556403, 6061001.765730137005448 ], [ 434680.887745473417453, 6060992.525476829148829 ], [ 434681.356343677267432, 6060991.741551642306149 ], [ 434687.348384899029043, 6060981.71737314760685 ], [ 434690.920654652407393, 6060975.74126779101789 ], [ 434693.340426120790653, 6060971.693194653838873 ], [ 434699.332467342435848, 6060961.669016158208251 ], [ 434700.953563831513748, 6060958.957058752886951 ], [ 434705.324508564197458, 6060951.644837662577629 ], [ 434710.986473010561895, 6060942.172849714756012 ], [ 434711.316575829521753, 6060941.62065916787833 ], [ 434717.309089833404869, 6060931.59648067317903 ], [ 434721.019382189551834, 6060925.389964872971177 ], [ 434723.301423780445475, 6060921.572302179411054 ], [ 434729.36380207107868, 6060911.548123682849109 ], [ 434731.052291368599981, 6060908.655056451447308 ], [ 434735.343938008300029, 6060901.52394518814981 ], [ 434741.085200547706336, 6060891.821546795777977 ], [ 434741.277547445555683, 6060891.499766693450511 ], [ 434747.637056103092618, 6060881.475588198751211 ], [ 434751.118109726696275, 6060875.748495854437351 ], [ 434753.806325127778109, 6060871.451409704051912 ], [ 434759.882725796138402, 6060861.42723120842129 ], [ 434761.15101890580263, 6060859.400114703923464 ], [ 434766.154489891312551, 6060851.403052713721991 ], [ 434771.183928084850777, 6060843.365363017655909 ], [ 434772.449083148734644, 6060841.378874219022691 ], [ 434778.698701429180801, 6060831.354695724323392 ], [ 434781.216837263898924, 6060827.329952016472816 ], [ 434784.970465524413157, 6060821.330517230555415 ], [ 434791.242912967165466, 6060811.306338733993471 ], [ 434791.249746442947071, 6060811.295416769571602 ], [ 434797.514677062281407, 6060801.282160239294171 ], [ 434801.282655621995218, 6060795.259789329022169 ], [ 434803.786441157455556, 6060791.257981745526195 ], [ 434810.058888600266073, 6060781.233803249895573 ], [ 434811.315564800985157, 6060779.225254083052278 ], [ 434816.330652695382014, 6060771.209624754264951 ], [ 434821.348473980091512, 6060763.189626641571522 ], [ 434822.602416790556163, 6060761.185446260496974 ], [ 434828.874864233308472, 6060751.161267764866352 ], [ 434831.381383159139659, 6060747.15509139560163 ], [ 434835.14662832848262, 6060741.137089270167053 ], [ 434841.414292338187806, 6060731.119463954120874 ], [ 434841.418392423656769, 6060731.112910775467753 ], [ 434847.690839866409078, 6060721.088732280768454 ], [ 434851.447201517177746, 6060715.084928708150983 ], [ 434853.962603961525019, 6060711.064553785137832 ], [ 434860.234452899196185, 6060701.040375290438533 ], [ 434861.480110696225893, 6060699.049518181942403 ], [ 434866.506815499451477, 6060691.016196795739233 ], [ 434871.513019875215832, 6060683.014766020700336 ], [ 434872.778579594625626, 6060680.992018301039934 ], [ 434879.050513654074166, 6060670.967839806340635 ], [ 434871.513019875332247, 6060670.964466407895088 ], [ 434871.509643539378885, 6060670.967839806340635 ], [ 434861.480110696225893, 6060680.98696287535131 ], [ 434861.475050867651589, 6060680.992018301039934 ], [ 434851.447201517177746, 6060691.009459601715207 ], [ 434851.440458455355838, 6060691.016196795739233 ], [ 434841.414292338187806, 6060701.031956892460585 ], [ 434841.405866608081851, 6060701.040375290438533 ], [ 434831.381383159081452, 6060711.05445474665612 ], [ 434831.371275325480383, 6060711.064553785137832 ], [ 434821.348473980091512, 6060721.076953472569585 ], [ 434821.336684912734199, 6060721.088732280768454 ], [ 434821.339489218022209, 6060731.112910775467753 ], [ 434811.315564801043365, 6060741.126431873999536 ], [ 434811.304898122965824, 6060741.137089270167053 ], [ 434801.282655622053426, 6060751.148930785246193 ], [ 434801.270307897706516, 6060751.161267764866352 ], [ 434791.249746442947071, 6060761.171429954469204 ], [ 434791.235717930889223, 6060761.185446259565651 ], [ 434781.216837263898924, 6060771.193929689005017 ], [ 434781.201128527871333, 6060771.209624755196273 ], [ 434771.183928084850777, 6060781.216429984197021 ], [ 434771.166539688303601, 6060781.233803249895573 ], [ 434761.15101890580263, 6060791.238931147381663 ], [ 434761.131951717019547, 6060791.257981744594872 ], [ 434751.118109726754483, 6060801.261432569473982 ], [ 434751.097364003420807, 6060801.282160239294171 ], [ 434741.085200547648128, 6060811.283934551291168 ], [ 434741.062776852457318, 6060811.306338733993471 ], [ 434731.052291368658189, 6060821.306437402963638 ], [ 434731.028190568613354, 6060821.330517229624093 ], [ 434721.019382189610042, 6060831.328940507955849 ], [ 434720.993604541989043, 6060831.354695724323392 ], [ 434710.986473010561895, 6060841.351444175466895 ], [ 434710.95901907706866, 6060841.378874218091369 ], [ 434700.953563831513748, 6060851.373948404565454 ], [ 434700.924434173677582, 6060851.403052713721991 ], [ 434690.920654652465601, 6060861.396453497931361 ], [ 434690.889850135834422, 6060861.42723120842129 ], [ 434690.892643807164859, 6060871.451409704051912 ], [ 434680.887745473417453, 6060881.445927648805082 ], [ 434680.858059090329334, 6060881.475588198751211 ], [ 434670.854836294369306, 6060891.468432929366827 ], [ 434670.823475238867104, 6060891.499766693450511 ], [ 434660.821927115321159, 6060901.490938464179635 ], [ 434660.788891643867828, 6060901.52394518814981 ], [ 434650.78901793633122, 6060911.513444560579956 ], [ 434650.754308609466534, 6060911.548123682849109 ], [ 434640.756108757224865, 6060921.535951216705143 ], [ 434640.719726135255769, 6060921.572302178479731 ], [ 434630.723199578234926, 6060931.558458735235035 ], [ 434630.685144524963107, 6060931.59648067317903 ], [ 434620.690290399186779, 6060941.580966509878635 ], [ 434620.650563170376699, 6060941.62065916787833 ], [ 434610.657381220080424, 6060951.603474842384458 ], [ 434610.615982375224121, 6060951.644837662577629 ], [ 434600.624472041090485, 6060961.625983736477792 ], [ 434600.581402139214333, 6060961.669016159139574 ], [ 434590.591562862042338, 6060971.648493490181863 ], [ 434590.546822765609249, 6060971.69319465290755 ], [ 434580.558653682994191, 6060981.671003498136997 ], [ 434580.512243646895513, 6060981.71737314760685 ], [ 434570.525744503887836, 6060991.693514063023031 ], [ 434570.47766508650966, 6060991.741551641374826 ], [ 434560.492835324897896, 6061001.716025188565254 ], [ 434560.443087084277067, 6061001.765730137936771 ], [ 434560.445870485156775, 6061011.78990863263607 ], [ 434550.459926145907957, 6061021.765495412983 ], [ 434550.411292110336944, 6061021.81408712733537 ], [ 434540.427016966801602, 6061031.788006722927094 ], [ 434540.376714293321129, 6061031.838265622034669 ], [ 434530.394107787753455, 6061041.810518890619278 ], [ 434530.342137337080203, 6061041.862444116733968 ], [ 434520.361198608705308, 6061051.833031313493848 ], [ 434520.307560635032132, 6061051.886622611433268 ], [ 434510.328289429657161, 6061061.85554429423064 ], [ 434510.272984490147792, 6061061.91080110706389 ], [ 434500.295380250550807, 6061071.878057830035686 ], [ 434500.238408902019728, 6061071.934979601763189 ], [ 434490.262471071560867, 6061081.900572224520147 ], [ 434490.203834173094947, 6061081.959158096462488 ], [ 434480.22956189251272, 6061091.923086871393025 ], [ 434480.169259697664529, 6061091.983336590230465 ], [ 434470.196652713464573, 6061101.945602075196803 ], [ 434470.134685778233688, 6061102.007515085861087 ], [ 434460.163743534474634, 6061111.968117834068835 ], [ 434460.100112414569594, 6061112.031693581491709 ], [ 434450.130834355426487, 6061121.990634448826313 ], [ 434450.065539908478968, 6061122.055872076191008 ], [ 434440.09792517637834, 6061132.013151315972209 ], [ 434440.030967655242421, 6061132.080050570890307 ], [ 434430.065015997330192, 6061142.035668738186359 ], [ 434429.996395956841297, 6061142.104229064658284 ], [ 434429.99916884303093, 6061152.128407561220229 ], [ 434420.032106818282045, 6061162.085134758614004 ], [ 434419.964596774079837, 6061162.152586054988205 ], [ 434409.999197639233898, 6061172.107652365230024 ], [ 434409.930025260080583, 6061172.176764550618827 ], [ 434399.966288460185751, 6061182.130170525982976 ], [ 434399.8954543005093, 6061182.200943045318127 ], [ 434389.933379281137604, 6061192.152689540758729 ], [ 434389.860884196939878, 6061192.225121539086103 ], [ 434379.900470102089457, 6061202.175208809785545 ], [ 434379.826314345409628, 6061202.249300035648048 ], [ 434369.867560923099518, 6061212.197728630155325 ], [ 434369.791745047608856, 6061212.273478530347347 ], [ 434359.834651743993163, 6061222.220249305479228 ], [ 434359.757176604587585, 6061222.297657025046647 ], [ 434349.801742564945016, 6061232.242770230397582 ], [ 434349.722608413139824, 6061232.321835519745946 ], [ 434339.768833385896869, 6061242.265291708521545 ], [ 434339.688040774548426, 6061242.346014014445245 ], [ 434329.735924206848722, 6061252.287813739851117 ], [ 434329.653473688522354, 6061252.370192510075867 ], [ 434319.703015027800575, 6061262.310336623340845 ], [ 434319.61890745582059, 6061262.394371004775167 ], [ 434309.670105848752428, 6061272.332859757356346 ], [ 434309.584341473993845, 6061272.418549499474466 ], [ 434299.637196669646073, 6061282.355383441783488 ], [ 434299.549776043801103, 6061282.442727993242443 ], [ 434299.552538474672474, 6061292.466906488873065 ], [ 434289.604287490656134, 6061302.404845281504095 ], [ 434289.517972676199861, 6061302.491084984503686 ], [ 434279.571378311607987, 6061312.427369149401784 ], [ 434279.48340742936125, 6061312.515263479202986 ], [ 434269.53846913255984, 6061322.449893568642437 ], [ 434269.448842733865604, 6061322.539441973902285 ], [ 434259.505559953511693, 6061332.472418839111924 ], [ 434259.414278890180867, 6061332.563620468601584 ], [ 434249.472650774521753, 6061342.494944358244538 ], [ 434249.379715296498034, 6061342.587798963300884 ], [ 434239.439741595473606, 6061352.517470428720117 ], [ 434239.345152253401466, 6061352.611977458931506 ], [ 434229.406832416425459, 6061362.539997048676014 ], [ 434229.310589760541916, 6061362.636155953630805 ], [ 434219.373923237377312, 6061372.562524517998099 ], [ 434219.276028117921669, 6061372.660334448330104 ], [ 434209.341014058329165, 6061382.585052235983312 ], [ 434209.241466724663042, 6061382.684512943029404 ], [ 434199.308104879281018, 6061392.607580503448844 ], [ 434199.206905880826525, 6061392.708691437728703 ], [ 434189.275195700232871, 6061402.630109319463372 ], [ 434189.17234558617929, 6061402.732869933359325 ], [ 434179.242286521184724, 6061412.652638983912766 ], [ 434179.137786140316166, 6061412.757048428058624 ], [ 434169.209377342136577, 6061422.675168896093965 ], [ 434169.103226943057962, 6061422.781226922757924 ], [ 434159.17646816308843, 6061432.697699355892837 ], [ 434159.068668294174131, 6061432.805405417457223 ], [ 434159.071419414074626, 6061442.829583913087845 ], [ 434149.143558984040283, 6061452.747156672179699 ], [ 434149.036860399122816, 6061452.853762406855822 ], [ 434139.110649804992136, 6061462.769687314517796 ], [ 434139.002301932370756, 6061462.877940902486444 ], [ 434129.077740625943989, 6061472.792218504473567 ], [ 434128.967744013643824, 6061472.902119397185743 ], [ 434119.044831446895842, 6061482.814750540070236 ], [ 434118.933186942012981, 6061482.926297891885042 ], [ 434109.011922267905902, 6061492.837282825261354 ], [ 434108.898630118346773, 6061492.950476387515664 ], [ 434098.97901308874134, 6061502.859815655276179 ], [ 434098.864073841774371, 6061502.974654881283641 ], [ 434088.9461039097514, 6061512.882349032908678 ], [ 434088.829518112179358, 6061512.998833376914263 ], [ 434078.913194730703253, 6061522.904883255250752 ], [ 434078.794963228167035, 6061523.023011871613562 ], [ 434068.880285551655106, 6061532.927417723461986 ], [ 434068.760408591362648, 6061533.047190366312861 ], [ 434058.847376372665167, 6061542.949952739290893 ], [ 434058.725854500720743, 6061543.071368861943483 ], [ 434048.81446719361702, 6061552.972488597035408 ], [ 434048.691301254555583, 6061553.095547356642783 ], [ 434038.781558014568873, 6061562.995024701580405 ], [ 434038.656748255132698, 6061563.119725851342082 ], [ 434028.748648835578933, 6061573.017561351880431 ], [ 434028.622195800940972, 6061573.143904346972704 ], [ 434028.624936289561447, 6061583.168082840740681 ], [ 434018.715739656530786, 6061593.06701453588903 ], [ 434018.590383770060726, 6061593.192261336371303 ], [ 434008.682830477424432, 6061603.089551365934312 ], [ 434008.555831496953033, 6061603.216439831070602 ], [ 433998.649921298318077, 6061613.112088740803301 ], [ 433998.521279768785462, 6061613.240618325769901 ], [ 433988.617012119328137, 6061623.134626957587898 ], [ 433988.486728883523028, 6061623.264796820469201 ], [ 433978.584102940221783, 6061633.157165420241654 ], [ 433978.45217824424617, 6061633.288975314237177 ], [ 433968.551193761231843, 6061643.179704427719116 ], [ 433968.417628149094526, 6061643.313153810799122 ], [ 433958.518284582125489, 6061653.202243977226317 ], [ 433958.383078597660642, 6061653.337332304567099 ], [ 433948.485375403193757, 6061663.224784368649125 ], [ 433948.34852988779312, 6061663.361510800197721 ], [ 433938.45246622414561, 6061673.247325004078448 ], [ 433938.313981423154473, 6061673.38568929489702 ], [ 433928.419557045039255, 6061683.269866182468832 ], [ 433928.279433501476888, 6061683.409867789596319 ], [ 433918.386647865991108, 6061693.292407902888954 ], [ 433918.24488612258574, 6061693.434046285226941 ], [ 433908.353738686942961, 6061703.314950462430716 ], [ 433908.210339583631139, 6061703.45822477992624 ], [ 433898.320829507894814, 6061713.337493266910315 ], [ 433898.17579328926513, 6061713.48240327462554 ], [ 433898.178523504640907, 6061723.506581769324839 ], [ 433888.287920328846667, 6061733.386942341923714 ], [ 433888.143977145780809, 6061733.530760264955461 ], [ 433878.255011149740312, 6061743.40948532614857 ], [ 433878.109431031509303, 6061743.55493875965476 ], [ 433868.222101970750373, 6061753.432028850540519 ], [ 433868.074885459151119, 6061753.579117253422737 ], [ 433858.189192791760433, 6061763.454572916962206 ], [ 433858.04034042841522, 6061763.603295749053359 ], [ 433848.156283612712286, 6061773.477117821574211 ], [ 433848.005796235986054, 6061773.627474242821336 ], [ 433838.123374433664139, 6061783.499662971124053 ], [ 433837.971252287388779, 6061783.65165273938328 ], [ 433828.090465254615992, 6061793.522208658978343 ], [ 433827.936708879598882, 6061793.67583123408258 ], [ 433818.057556075626053, 6061803.544754886999726 ], [ 433817.902166012325324, 6061803.700009729713202 ], [ 433808.024646896519698, 6061813.567301951348782 ], [ 433807.867623981845099, 6061813.724188223481178 ], [ 433797.991737717471551, 6061823.589849256910384 ], [ 433797.83308219461469, 6061823.748366717249155 ], [ 433787.958828538423404, 6061833.612397105433047 ], [ 433787.798540947085712, 6061833.7725452138111 ], [ 433777.925919359375257, 6061843.634945490397513 ], [ 433777.764000238967128, 6061843.796723708510399 ], [ 433767.89301018032711, 6061853.657494710758328 ], [ 433767.729460366303101, 6061853.820902203209698 ], [ 433767.732180365885142, 6061863.845080697908998 ], [ 433757.860101001337171, 6061873.706939402967691 ], [ 433757.697639836987946, 6061873.869259192608297 ], [ 433747.827191822230816, 6061883.729488802142441 ], [ 433747.663100143370684, 6061883.893437688238919 ], [ 433737.794282643182669, 6061893.752038444392383 ], [ 433737.62856069218833, 6061893.917616182938218 ], [ 433727.761373464134522, 6061903.774588623084128 ], [ 433727.594021779601462, 6061903.941794677637517 ], [ 433717.728464285028167, 6061913.797139340080321 ], [ 433717.559483405202627, 6061913.965973171405494 ], [ 433707.695555106038228, 6061923.819690891541541 ], [ 433707.52494586474495, 6061923.990151667967439 ], [ 433697.662645926990081, 6061933.842242683283985 ], [ 433697.490408566081896, 6061934.014330162666738 ], [ 433687.629736747941934, 6061943.864795011468232 ], [ 433687.455871804791968, 6061944.038508657366037 ], [ 433677.596827568835579, 6061953.887348173186183 ], [ 433677.421335876279045, 6061954.062687152065337 ], [ 433667.563918389962055, 6061963.909901575185359 ], [ 433667.386800189269707, 6061964.086865646764636 ], [ 433657.5310092108557, 6061973.932455513626337 ], [ 433657.352265038702171, 6061974.111044141463935 ], [ 433647.498100031807553, 6061983.955009988509119 ], [ 433647.317730424518231, 6061984.13522263802588 ], [ 433637.465190852759406, 6061993.977565292268991 ], [ 433637.283196641714312, 6061994.159401131793857 ], [ 433637.285906482837163, 6062004.183579626493156 ], [ 433627.432281673711259, 6062014.027005922980607 ], [ 433627.251372046885081, 6062014.207758121192455 ], [ 433617.399372494663112, 6062024.049561406485736 ], [ 433617.216838442196604, 6062024.231936616823077 ], [ 433607.366463315556757, 6062034.072117129340768 ], [ 433607.182305077963974, 6062034.256115111522377 ], [ 433597.333554136566818, 6062044.09467338770628 ], [ 433597.147772249358241, 6062044.280293607152998 ], [ 433587.300644957518671, 6062054.117230179719627 ], [ 433587.113239955913741, 6062054.304472100920975 ], [ 433577.267735778470524, 6062064.139787801541388 ], [ 433577.078708492219448, 6062064.328650595620275 ], [ 433567.234826599422377, 6062074.162345664575696 ], [ 433567.044177268398926, 6062074.352829091250896 ], [ 433557.20191742037423, 6062084.184904060326517 ], [ 433557.009646579099353, 6062084.377007585950196 ], [ 433547.169008241326082, 6062094.20746298879385 ], [ 433546.975116423971485, 6062094.401186080649495 ], [ 433537.136099062277935, 6062104.230022745206952 ], [ 433536.940587097138632, 6062104.425364575348794 ], [ 433527.103189883171581, 6062114.252582741901278 ], [ 433526.906058009481058, 6062114.449543070048094 ], [ 433517.070280704123434, 6062124.275143270380795 ], [ 433516.871529455238488, 6062124.473721564747393 ], [ 433507.037371525191702, 6062134.297704332508147 ], [ 433506.837001434294507, 6062134.497900060378015 ], [ 433506.83970146777574, 6062144.522078555077314 ], [ 433497.004462346085347, 6062154.347141216509044 ], [ 433496.805173090775497, 6062154.546257049776614 ], [ 433486.9715531670372, 6062164.369702454656363 ], [ 433486.770645246782806, 6062164.570435544475913 ], [ 433476.938643987989053, 6062174.39226452074945 ], [ 433476.73611822957173, 6062174.594614040106535 ], [ 433466.905734808999114, 6062184.414826822467148 ], [ 433466.701591450837441, 6062184.618792534805834 ], [ 433456.872825629950967, 6062194.437389657832682 ], [ 433456.667065204412211, 6062194.642971029505134 ], [ 433446.839916450844612, 6062204.459953023120761 ], [ 433446.632539489888586, 6062204.667149524204433 ], [ 433436.807007271854673, 6062214.482517214491963 ], [ 433436.598014600807801, 6062214.691328019835055 ], [ 433426.774098092806526, 6062224.505081643350422 ], [ 433426.563489949447103, 6062224.715506514534354 ], [ 433416.741188913758378, 6062234.527646603062749 ], [ 433416.528965829347726, 6062234.739685010164976 ], [ 433406.708279734652024, 6062244.550212091766298 ], [ 433406.494442240160424, 6062244.763863503932953 ], [ 433396.675370555662084, 6062254.572778404690325 ], [ 433396.459919474902563, 6062254.788041998632252 ], [ 433386.642461376672145, 6062264.595344955101609 ], [ 433386.425396946782712, 6062264.812220494262874 ], [ 433376.60955219756579, 6062274.617912034504116 ], [ 433376.390874948760029, 6062274.836398988962173 ], [ 433376.393564935948234, 6062284.860577483661473 ], [ 433366.576643018517643, 6062294.667344900779426 ], [ 433366.359042584022973, 6062294.884755978360772 ], [ 433356.543733839469496, 6062304.689912155270576 ], [ 433356.324520762194879, 6062304.908934472128749 ], [ 433346.510824660421349, 6062314.712479941546917 ], [ 433346.289999470172916, 6062314.933112968690693 ], [ 433336.47791548143141, 6062324.735048548318446 ], [ 433336.255479000508785, 6062324.957291464321315 ], [ 433326.445006302325055, 6062334.757617389783263 ], [ 433326.220958767225966, 6062334.981469958089292 ], [ 433316.4120971232187, 6062344.780186761170626 ], [ 433316.186439062992577, 6062345.005648452788591 ], [ 433306.379187944170553, 6062354.802756952121854 ], [ 433306.151920180011075, 6062355.029826947487891 ], [ 433296.346278765180614, 6062364.825327380560338 ], [ 433296.117401533003431, 6062365.05400544218719 ], [ 433286.313369586074259, 6062374.847898335196078 ], [ 433286.082883414230309, 6062375.078183936886489 ], [ 433276.280460407200735, 6062384.87046981882304 ], [ 433276.048365823633503, 6062385.102362432517111 ], [ 433266.24755122809438, 6062394.893042121082544 ], [ 433266.013849052716978, 6062395.126540927216411 ], [ 433256.214642049046233, 6062404.915614657104015 ], [ 433255.979332517075818, 6062405.15071942191571 ], [ 433246.181732869998086, 6062414.938187722116709 ], [ 433245.944816508621443, 6062415.174897917546332 ], [ 433245.947496505454183, 6062425.199076412245631 ], [ 433236.148823690949939, 6062434.987616593018174 ], [ 433235.91298014507629, 6062435.223254906944931 ], [ 433226.115914511901792, 6062445.010189832188189 ], [ 433225.878464311768766, 6062445.24743340164423 ], [ 433216.083005332853645, 6062455.032763596624136 ], [ 433215.843949005415197, 6062455.271611896343529 ], [ 433206.050096153805498, 6062465.055338180623949 ], [ 433205.809434517286718, 6062465.295790391974151 ], [ 433196.017186974699143, 6062475.077912997454405 ], [ 433195.774920263735112, 6062475.31996888667345 ], [ 433185.984277795709204, 6062485.100488340482116 ], [ 433185.740406536322553, 6062485.34414738137275 ], [ 433175.951368616602849, 6062495.123064206913114 ], [ 433175.705893334758002, 6062495.368325875140727 ], [ 433165.91845943761291, 6062505.1456408938393 ], [ 433165.671380950079765, 6062505.392504371702671 ], [ 433155.885550258564763, 6062515.168217810802162 ], [ 433155.636868799338117, 6062515.41668286640197 ], [ 433145.852641079516616, 6062525.190795253030956 ], [ 433145.602357173629571, 6062525.44086136110127 ], [ 433135.819731900410261, 6062535.213373220525682 ], [ 433135.567846072663087, 6062535.465039855800569 ], [ 433125.786822721420322, 6062545.235952001996338 ], [ 433125.533335787302349, 6062545.489218350499868 ], [ 433115.753913542313967, 6062555.258531018160284 ], [ 433115.4988257351215, 6062555.51339684613049 ], [ 433115.501495506090578, 6062565.53757534082979 ], [ 433105.721004363324028, 6062575.307955916039646 ], [ 433105.466985394828953, 6062575.561753835529089 ], [ 433095.68809518427588, 6062585.330535104498267 ], [ 433095.432475516921841, 6062585.585932330228388 ], [ 433085.655186005227733, 6062595.353114817291498 ], [ 433085.397966162883677, 6062595.610110824927688 ], [ 433075.622276826237794, 6062605.375695051625371 ], [ 433075.363457332598045, 6062605.634289319626987 ], [ 433065.589367647189647, 6062615.398276100866497 ], [ 433065.328949316113722, 6062615.658467815257609 ], [ 433055.556458468083292, 6062625.420857382006943 ], [ 433055.294441532285418, 6062625.682646309956908 ], [ 433045.523549289035145, 6062635.443439186550677 ], [ 433045.259934271394741, 6062635.706824804656208 ], [ 433035.490640110045206, 6062645.46602151170373 ], [ 433035.225427533208858, 6062645.731003299355507 ], [ 433025.457730930938851, 6062655.48860464990139 ], [ 433025.190921607427299, 6062655.755181794054806 ], [ 433015.424821751948912, 6062665.511188019067049 ], [ 433015.156415913719684, 6062665.779360289685428 ], [ 433005.391912572900765, 6062675.53377190977335 ], [ 433005.121910741843749, 6062675.803538783453405 ], [ 432995.35900339379441, 6062685.556356322020292 ], [ 432995.087406091566663, 6062685.827717279084027 ], [ 432985.326094214862678, 6062695.578941544517875 ], [ 432985.052902252529748, 6062695.851895773783326 ], [ 432985.055562144785654, 6062705.876074269413948 ], [ 432975.293185035756323, 6062715.628362203016877 ], [ 432975.021057667792775, 6062715.900252764113247 ], [ 432965.260275856708176, 6062725.650947597809136 ], [ 432964.986554001865443, 6062725.924431258812547 ], [ 432955.227366677660029, 6062735.673533223569393 ], [ 432954.952050567197148, 6062735.948609753511846 ], [ 432945.194457498611882, 6062745.696119370870292 ], [ 432944.917547653254587, 6062745.972788248211145 ], [ 432935.161548319563735, 6062755.718706327490509 ], [ 432934.883045549271628, 6062755.996966742910445 ], [ 432925.128639140515588, 6062765.741293514147401 ], [ 432924.848543676082045, 6062766.021145238541067 ], [ 432915.095729961467441, 6062775.76388122048229 ], [ 432914.814042322919704, 6062776.045323733240366 ], [ 432905.062820782361086, 6062785.786469445563853 ], [ 432904.779541489493567, 6062786.069502227939665 ], [ 432895.029911603371147, 6062795.809058479964733 ], [ 432894.745041464688256, 6062796.093680723570287 ], [ 432884.997002424323, 6062805.831647743470967 ], [ 432884.710541669977829, 6062806.117859218269587 ], [ 432874.964093245333061, 6062815.854237524792552 ], [ 432874.676042394305114, 6062816.142037712968886 ], [ 432864.931184066284914, 6062825.876827824860811 ], [ 432864.641543637320865, 6062826.166216207668185 ], [ 432854.898274887178559, 6062835.89941893145442 ], [ 432854.60704568750225, 6062836.190394702367485 ], [ 432844.865365708188619, 6062845.922010268084705 ], [ 432844.572547967196442, 6062846.214573197998106 ], [ 432844.575197171303444, 6062856.238751692697406 ], [ 432834.832456529140472, 6062865.971426940523088 ], [ 432834.540699393721297, 6062866.262930187396705 ], [ 432824.799547350150533, 6062875.994018448516726 ], [ 432824.50620184559375, 6062876.287108682096004 ], [ 432814.766638171044178, 6062886.016610473394394 ], [ 432814.471704815281555, 6062886.311287176795304 ], [ 432804.733728991996031, 6062896.039203017018735 ], [ 432804.437208302668296, 6062896.335465672425926 ], [ 432794.700819812947884, 6062906.061796364374459 ], [ 432794.402712595707271, 6062906.359644167125225 ], [ 432784.667910633841529, 6062916.084389939904213 ], [ 432784.368217117560562, 6062916.383822661824524 ], [ 432774.63500145485159, 6062926.106984033249319 ], [ 432774.333722156356089, 6062926.408001156523824 ], [ 432764.602092275745235, 6062936.129578641615808 ], [ 432764.299227711686399, 6062936.432179651223123 ], [ 432754.569183096755296, 6062946.152174053713679 ], [ 432754.264734071388375, 6062946.456358145922422 ], [ 432744.536273917648941, 6062956.174769694916904 ], [ 432744.230240659206174, 6062956.480536641553044 ], [ 432734.503364738659002, 6062966.19736585021019 ], [ 432734.195747762918472, 6062966.504715135321021 ], [ 432724.470455559669062, 6062976.219962521456182 ], [ 432724.161255382292438, 6062976.528893631882966 ], [ 432714.437546380562708, 6062986.242559994570911 ], [ 432714.126763804524671, 6062986.553072125650942 ], [ 432714.129403243772686, 6062996.577250621281564 ], [ 432704.404637201456353, 6063006.291972474195063 ], [ 432704.09491103439359, 6063006.601429115980864 ], [ 432694.371728022466414, 6063016.314570117741823 ], [ 432694.060419627814554, 6063016.625607610680163 ], [ 432684.338818843476474, 6063026.337167989462614 ], [ 432684.025928448711056, 6063026.649786105379462 ], [ 432674.305909664428327, 6063036.359766376204789 ], [ 432673.99143778445432, 6063036.673964601010084 ], [ 432664.27300048538018, 6063046.382365275174379 ], [ 432663.956947634695098, 6063046.698143094778061 ], [ 432654.240091306332033, 6063056.404964976012707 ], [ 432653.922458286280744, 6063056.722321590408683 ], [ 432644.207182127283886, 6063066.42756490316242 ], [ 432643.887969164759852, 6063066.746500085107982 ], [ 432634.174272948235739, 6063076.450165343470871 ], [ 432633.853480557037983, 6063076.770678579807281 ], [ 432624.1413637692458, 6063086.472766297869384 ], [ 432623.818992462882306, 6063086.794857075437903 ], [ 432614.108454590139445, 6063096.495368051342666 ], [ 432613.784505168616306, 6063096.819035570137203 ], [ 432604.075545411091298, 6063106.517970029264688 ], [ 432603.750018100661691, 6063106.843214064836502 ], [ 432594.042636232043151, 6063116.540572520345449 ], [ 432593.715531545516569, 6063116.867392559535801 ], [ 432584.009727052995004, 6063126.563175810500979 ], [ 432583.681045789388008, 6063126.891571054235101 ], [ 432583.683675517619122, 6063136.915749549865723 ], [ 432573.976817873946857, 6063146.612584407441318 ], [ 432573.649189132847823, 6063146.939928044565022 ], [ 432563.94390869489871, 6063156.635187867097557 ], [ 432563.614703546860255, 6063156.964106539264321 ], [ 432553.910999515850563, 6063166.657791552133858 ], [ 432553.580218186660204, 6063166.988285033963621 ], [ 432543.878090336860623, 6063176.680395748466253 ], [ 432543.545733338396531, 6063177.01246352866292 ], [ 432533.845181157754268, 6063186.703000457957387 ], [ 432533.511249001719989, 6063187.036642024293542 ], [ 432523.812271978647914, 6063196.725605961866677 ], [ 432523.476765462663025, 6063197.060820518992841 ], [ 432513.779362799657974, 6063206.748211692087352 ], [ 432513.442282148636878, 6063207.084999013692141 ], [ 432503.746453620609827, 6063216.770817931741476 ], [ 432503.407799345615786, 6063217.109177507460117 ], [ 432493.71354444156168, 6063226.793424682691693 ], [ 432493.37331705330871, 6063227.133356003090739 ], [ 432483.680635262629949, 6063236.816032228991389 ], [ 432483.338835557166021, 6063237.157534498721361 ], [ 432473.647726083523594, 6063246.838639999739826 ], [ 432473.304354285413865, 6063247.18171299342066 ], [ 432463.614816904475447, 6063256.861248278990388 ], [ 432463.269873523560818, 6063257.20589148811996 ], [ 432453.5819077254273, 6063266.883857067674398 ], [ 432453.235393271548674, 6063267.230069982819259 ], [ 432453.238013627880719, 6063277.254248477518559 ], [ 432443.548998546379153, 6063286.933262088336051 ], [ 432443.203533035470173, 6063287.27842697314918 ], [ 432433.516089367331006, 6063296.955871045589447 ], [ 432433.169052952725906, 6063297.302605466917157 ], [ 432423.483180188282859, 6063306.978480798192322 ], [ 432423.134573664690834, 6063307.326783962547779 ], [ 432413.450271009234712, 6063317.001090774312615 ], [ 432413.10009460040601, 6063317.350962457247078 ], [ 432403.417361830244772, 6063327.023701258003712 ], [ 432403.065616044972558, 6063327.3751409528777 ], [ 432393.384452651138417, 6063337.046312250196934 ], [ 432393.031137998215854, 6063337.399319447577 ], [ 432383.35154347209027, 6063347.068924035876989 ], [ 432382.996660744713154, 6063347.423497942276299 ], [ 432373.318634293100331, 6063357.091536043211818 ], [ 432372.96218371449504, 6063357.447676436975598 ], [ 432363.285725114052184, 6063367.114148559048772 ], [ 432362.927707192080561, 6063367.471854931674898 ], [ 432353.252815934887622, 6063377.136761581525207 ], [ 432352.893231177295092, 6063377.496033426374197 ], [ 432343.219906755897682, 6063387.15937539562583 ], [ 432342.858755954541266, 6063387.520211922004819 ], [ 432333.186997576849535, 6063397.181989432312548 ], [ 432332.824280954257119, 6063397.544390416704118 ], [ 432323.154088397801388, 6063407.204603973776102 ], [ 432322.789806460961699, 6063407.568568911403418 ], [ 432322.792417211865541, 6063417.592747406102717 ], [ 432313.121179218811449, 6063427.254005153663456 ], [ 432312.75794238015078, 6063427.616925901733339 ], [ 432303.088270039705094, 6063437.276619864627719 ], [ 432302.723468055191915, 6063437.641104396432638 ], [ 432293.055360860715155, 6063447.299235081300139 ], [ 432292.688994236872531, 6063447.665282891131938 ], [ 432283.022451681667008, 6063457.321851087734103 ], [ 432282.654521209013183, 6063457.689461385831237 ], [ 432272.98954250261886, 6063467.34446731582284 ], [ 432272.620048403041437, 6063467.713639880530536 ], [ 432262.956633323570713, 6063477.367084051482379 ], [ 432262.585576102894265, 6063477.737818376161158 ], [ 432252.923724144464359, 6063487.389701290056109 ], [ 432252.551104308338836, 6063487.761996870860457 ], [ 432242.890814965474419, 6063497.41231931746006 ], [ 432242.516633302962873, 6063497.786175365559757 ], [ 432232.857905786368065, 6063507.434937566518784 ], [ 432232.482162518776022, 6063507.810353860259056 ], [ 432222.824996607378125, 6063517.45755631942302 ], [ 432222.447692239540629, 6063517.834532354958355 ], [ 432212.79208742827177, 6063527.480175860226154 ], [ 432212.413222748378757, 6063527.858710850588977 ], [ 432202.759178249281831, 6063537.502795621752739 ], [ 432202.378753478056751, 6063537.882889345288277 ], [ 432192.726269070233684, 6063547.525415886193514 ], [ 432192.344284711871296, 6063547.907067839987576 ], [ 432192.346885910141282, 6063557.931246334686875 ], [ 432182.693359891243745, 6063567.574813244864345 ], [ 432182.312416807399131, 6063567.955424830317497 ], [ 432172.66045071213739, 6063577.597433676943183 ], [ 432172.277948208618909, 6063577.979603325016797 ], [ 432162.627541533147451, 6063587.620054612867534 ], [ 432162.243480113742407, 6063588.003781820647418 ], [ 432152.594632354099303, 6063597.642676333896816 ], [ 432152.209012805484235, 6063598.027960314415395 ], [ 432142.561723174992949, 6063607.665298274718225 ], [ 432142.174545717309229, 6063608.052138809114695 ], [ 432132.528813996003009, 6063617.68792072031647 ], [ 432132.140079132339451, 6063618.076317304745317 ], [ 432122.495904816896655, 6063627.710543666966259 ], [ 432122.105613050051033, 6063628.100495799444616 ], [ 432112.462995637848508, 6063637.733167396858335 ], [ 432112.071147753216792, 6063638.124674294143915 ], [ 432102.430086458800361, 6063647.75579134747386 ], [ 432102.03668267588364, 6063648.148852788843215 ], [ 432092.397177279810421, 6063657.778415800072253 ], [ 432092.002218100707978, 6063658.173031283542514 ], [ 432082.364268100820482, 6063667.801040753722191 ], [ 432081.967754027398769, 6063668.197209779173136 ], [ 432072.331358921714127, 6063677.823666491545737 ], [ 432071.933290737972129, 6063678.221388273872435 ], [ 432062.29844974266598, 6063687.846292446367443 ], [ 432061.89882766752271, 6063688.245566768571734 ], [ 432061.901419083063956, 6063698.269745264202356 ], [ 432052.265540563617833, 6063707.895686004310846 ], [ 432051.866955960227642, 6063708.293923757039011 ], [ 432042.232631384627894, 6063717.918312127701938 ], [ 432041.832493056426756, 6063718.318102253600955 ], [ 432032.199722205521539, 6063727.94093875028193 ], [ 432031.798030653502792, 6063728.342280748300254 ], [ 432022.166813026415184, 6063737.963565872982144 ], [ 432021.76356875145575, 6063738.366459242999554 ], [ 432012.133903847425245, 6063747.986193777993321 ], [ 432011.729107632010709, 6063748.390637737698853 ], [ 432002.100994668377098, 6063758.008821900933981 ], [ 432001.694646730786189, 6063758.414816232398152 ], [ 431992.068085489387158, 6063768.031450524926186 ], [ 431991.660186329681892, 6063768.438994728960097 ], [ 431982.035176310280804, 6063778.054079646244645 ], [ 431981.625726428406779, 6063778.463173222728074 ], [ 431972.002267131174449, 6063788.076709548942745 ], [ 431971.591267308278475, 6063788.487351717427373 ], [ 431961.969357952184509, 6063798.099339668639004 ], [ 431961.556808405963238, 6063798.511530212126672 ], [ 431951.936448773136362, 6063808.121970286592841 ], [ 431951.522350002662279, 6063808.535708706825972 ], [ 431941.903539594030008, 6063818.144601404666901 ], [ 431941.487892098200973, 6063818.559887202456594 ], [ 431931.870630415040068, 6063828.167233301326632 ], [ 431931.453434973722324, 6063828.584065697155893 ], [ 431931.456016941985581, 6063838.608244191855192 ], [ 431921.837721235991921, 6063848.216622799634933 ], [ 431921.421559203241486, 6063848.632422686554492 ], [ 431911.804812056943774, 6063858.239254862070084 ], [ 431911.387102244363632, 6063858.656601182185113 ], [ 431901.771902878012042, 6063868.261887141503394 ], [ 431901.352645502542146, 6063868.680779676884413 ], [ 431891.738993698905688, 6063878.284519918262959 ], [ 431891.318189258745406, 6063878.704958171583712 ], [ 431881.706084519857541, 6063888.307153190486133 ], [ 431881.28373351279879, 6063888.729136666283011 ], [ 431871.673175340809394, 6063898.329787243157625 ], [ 431871.249278545263223, 6063898.753315160982311 ], [ 431861.640266161819454, 6063908.352421511895955 ], [ 431861.214823794201948, 6063908.777493657544255 ], [ 431851.607356982654892, 6063918.375056414864957 ], [ 431851.180369680456351, 6063918.801672151312232 ], [ 431841.574447803664953, 6063928.397691676393151 ], [ 431841.145915923349094, 6063928.825850646011531 ], [ 431831.541538624616805, 6063938.420327573083341 ], [ 431831.111462803091854, 6063938.850029140710831 ], [ 431821.508629445568658, 6063948.442963826470077 ], [ 431821.077010038949084, 6063948.87420763541013 ], [ 431811.475720266520511, 6063958.465600715018809 ], [ 431811.042557911074255, 6063958.898386130109429 ], [ 431801.442811087472364, 6063968.488237959332764 ], [ 431801.008106138964649, 6063968.922564625740051 ], [ 431801.010678851569537, 6063978.946743120439351 ], [ 431791.409901908424217, 6063988.537623981945217 ], [ 431790.976226888480596, 6063988.97092161513865 ], [ 431781.376992729434278, 6063998.560261390171945 ], [ 431780.941775281156879, 6063998.995100109837949 ], [ 431771.344083550327923, 6064008.582899434491992 ], [ 431770.907324309402611, 6064009.019278605468571 ], [ 431761.311174371279776, 6064018.605537832714617 ], [ 431760.872873693006113, 6064019.043457100167871 ], [ 431751.278265192173421, 6064028.628176866099238 ], [ 431750.83842371153878, 6064029.06763559486717 ], [ 431741.245356013183482, 6064038.65081625431776 ], [ 431740.803974085138179, 6064039.091814089566469 ], [ 431731.212446834135335, 6064048.673456275835633 ], [ 431730.769525093142875, 6064049.115992584265769 ], [ 431721.179537655087188, 6064058.69609665311873 ], [ 431720.735076455690432, 6064059.14017107989639 ], [ 431711.146628476039041, 6064068.718737661838531 ], [ 431710.700628452177625, 6064069.16434957459569 ], [ 431701.113719297049101, 6064078.741379025392234 ], [ 431700.666180802800227, 6064079.188528069294989 ], [ 431691.080810118000954, 6064088.764021020382643 ], [ 431690.631733786780387, 6064089.212706563994288 ], [ 431681.047900938952807, 6064098.786663372069597 ], [ 431680.597287124488503, 6064099.236885060556233 ], [ 431671.01499175990466, 6064108.809306353330612 ], [ 431670.562841095030308, 6064109.26106355432421 ], [ 431670.565404462511651, 6064119.285242049023509 ], [ 431660.982082580856513, 6064128.858688497915864 ], [ 431660.53095796413254, 6064129.309420543722808 ], [ 431650.949173401808366, 6064138.881331643089652 ], [ 431650.496512098470703, 6064139.333599038422108 ], [ 431640.916264222760219, 6064148.903975142166018 ], [ 431640.462066586129367, 6064149.35777753405273 ], [ 431630.883355043653864, 6064158.926619271747768 ], [ 431630.427621705806814, 6064159.381956027820706 ], [ 431620.850445864663925, 6064168.949263755232096 ], [ 431620.393177178571932, 6064169.406134523451328 ], [ 431610.817536685615778, 6064178.971908868290484 ], [ 431610.358733282831963, 6064179.430313018150628 ], [ 431600.784627506567631, 6064188.994554334320128 ], [ 431600.324289739655796, 6064189.454491512849927 ], [ 431590.751718327519484, 6064199.017200430855155 ], [ 431590.289846827450674, 6064199.478670008480549 ], [ 431580.718809148529544, 6064209.039846879430115 ], [ 431580.255404267460108, 6064209.502848503179848 ], [ 431570.68589996942319, 6064219.062493956647813 ], [ 431570.220962337858509, 6064219.527026997879148 ], [ 431560.65299079043325, 6064229.085141386836767 ], [ 431560.186520760064013, 6064229.551205493509769 ], [ 431550.620081611326896, 6064239.107789445668459 ], [ 431550.152079812134616, 6064239.575383987277746 ], [ 431540.587172432278749, 6064249.130437995307148 ], [ 431540.11763935466297, 6064249.599562482908368 ], [ 431530.554263253230602, 6064259.153086895123124 ], [ 431530.083199248358142, 6064259.623740977607667 ], [ 431530.085752503771801, 6064269.647919471375644 ], [ 431520.521354074182454, 6064279.202464995905757 ], [ 431520.051312070223503, 6064279.672097967006266 ], [ 431510.488444895134307, 6064289.225114196538925 ], [ 431510.01687226590002, 6064289.696276461705565 ], [ 431500.455535716144368, 6064299.247763888910413 ], [ 431499.982432951452211, 6064299.720454957336187 ], [ 431490.422626537154429, 6064309.270413930527866 ], [ 431489.947993987821974, 6064309.744633452035487 ], [ 431480.389717358048074, 6064319.293064599856734 ], [ 431479.913555652485229, 6064319.768811946734786 ], [ 431470.356808178999927, 6064329.315715618431568 ], [ 431469.879117667500395, 6064329.792990441434085 ], [ 431460.32389899995178, 6064339.33836726564914 ], [ 431459.844680310459808, 6064339.817168937064707 ], [ 431450.290989820903633, 6064349.361019262112677 ], [ 431449.810243303363677, 6064349.841347431764007 ], [ 431440.258080641855486, 6064359.383671884424984 ], [ 431439.775806923513301, 6064359.865525925531983 ], [ 431430.225171462807339, 6064369.406324857845902 ], [ 431429.741370893258136, 6064369.889704421162605 ], [ 431420.192262283759192, 6064379.428978455252945 ], [ 431419.706935489783064, 6064379.913882915861905 ], [ 431410.159353104711045, 6064389.451632403768599 ], [ 431409.672500435553957, 6064389.938061411492527 ], [ 431400.126443925662898, 6064399.474286976270378 ], [ 431399.638066007406451, 6064399.962239906191826 ], [ 431399.640610023459885, 6064409.986418400891125 ], [ 431390.09353474661475, 6064419.523661382496357 ], [ 431389.606175131280906, 6064420.010596895590425 ], [ 431380.060625567566603, 6064429.546316117048264 ], [ 431379.571740865183529, 6064430.034775390289724 ], [ 431370.027716388460249, 6064439.568971201777458 ], [ 431369.537306947750039, 6064440.058953885920346 ], [ 431359.994807209470309, 6064449.591626910492778 ], [ 431359.502873656048905, 6064450.083132380619645 ], [ 431349.961898030422162, 6064459.614282966591418 ], [ 431349.468440712604206, 6064460.107310875318944 ], [ 431339.928988851374015, 6064469.636939647607505 ], [ 431339.434008394135162, 6064470.131489370949566 ], [ 431329.896079672325868, 6064479.659596675075591 ], [ 431329.399576423747931, 6064480.155667864717543 ], [ 431319.863170493277721, 6064489.682254328392446 ], [ 431319.36514507769607, 6064490.179846360348165 ], [ 431309.830261314287782, 6064499.704912328161299 ], [ 431309.330714079376776, 6064500.204024855047464 ], [ 431299.797352135239635, 6064509.727570950984955 ], [ 431299.296283704927191, 6064510.228203349746764 ], [ 431289.764442956249695, 6064519.750229922123253 ], [ 431289.261853677744512, 6064520.252381844446063 ], [ 431279.731533777085133, 6064529.772889513522387 ], [ 431279.22742427373305, 6064530.276560339145362 ], [ 431269.698624598036986, 6064539.795549454167485 ], [ 431269.192995216697454, 6064540.300738833844662 ], [ 431269.195530043449253, 6064550.324917330406606 ], [ 431259.665715419105254, 6064559.844920324161649 ], [ 431259.161100800731219, 6064560.349095824174583 ], [ 431249.632806239998899, 6064569.867580423131585 ], [ 431249.126671904756222, 6064570.37327431794256 ], [ 431239.599897060950752, 6064579.890241146087646 ], [ 431239.092243631544989, 6064580.397452813573182 ], [ 431229.566987881902605, 6064589.912902215495706 ], [ 431229.057815704727545, 6064590.421631309203804 ], [ 431219.534078702796251, 6064599.935563906095922 ], [ 431219.023388400033582, 6064600.445809803903103 ], [ 431209.501169523806311, 6064609.958225941285491 ], [ 431208.98896144144237, 6064610.46998829767108 ], [ 431199.468260344758164, 6064619.98088859859854 ], [ 431198.954535104392562, 6064620.494166793301702 ], [ 431189.435351165710017, 6064630.003551602363586 ], [ 431188.92010911309626, 6064630.518345288932323 ], [ 431179.402441986603662, 6064640.026215224526823 ], [ 431178.885683742759284, 6064640.5425237827003 ], [ 431169.369532807671931, 6064650.048879330977798 ], [ 431168.851258855487686, 6064650.566702278330922 ], [ 431159.336623628623784, 6064660.071543781086802 ], [ 431158.816834313329309, 6064660.590880773030221 ], [ 431149.303714449517429, 6064670.09420885052532 ], [ 431148.782410391257145, 6064670.615059267729521 ], [ 431139.270805270527489, 6064680.116874266415834 ], [ 431138.747986814065371, 6064680.639237763360143 ], [ 431138.75051250110846, 6064690.663416258059442 ], [ 431129.237896091421135, 6064700.16624148003757 ], [ 431128.716088739398401, 6064700.687594752758741 ], [ 431119.204986912431195, 6064710.188907054252923 ], [ 431118.681665322510526, 6064710.711773247458041 ], [ 431109.172077733383048, 6064720.211573247797787 ], [ 431108.647242525068577, 6064720.73595174215734 ], [ 431099.139168554334901, 6064730.234239785932004 ], [ 431098.612820071983151, 6064730.760130237787962 ], [ 431089.106259375344962, 6064740.256906942464411 ], [ 431088.578398237936199, 6064740.784308732487261 ], [ 431079.0733501961804, 6064750.279574441723526 ], [ 431078.543976747721899, 6064750.808487227186561 ], [ 431069.04044101719046, 6064760.302242559380829 ], [ 431068.509555876080412, 6064760.83266572188586 ], [ 431059.007531838142313, 6064770.324911019764841 ], [ 431058.47513534798054, 6064770.856844216585159 ], [ 431048.974622659035958, 6064780.347580098547041 ], [ 431048.440715437813196, 6064780.881022712215781 ], [ 431038.941713480046019, 6064790.37024952005595 ], [ 431038.406295870896429, 6064790.905201206915081 ], [ 431028.908804300997872, 6064800.392919558100402 ], [ 431028.371876921330113, 6064800.92937970161438 ], [ 431018.875895122007933, 6064810.415589938871562 ], [ 431018.33745831460692, 6064810.953558196313679 ], [ 431008.842985942901578, 6064820.438260936178267 ], [ 431008.303040324593894, 6064820.977736691012979 ], [ 431008.305556921404786, 6064831.0019151866436 ], [ 430998.810076763911638, 6064840.487624378874898 ], [ 430998.271138474170584, 6064841.0260936813429 ], [ 430988.777167584805284, 6064850.51029553450644 ], [ 430988.236720643588342, 6064851.050272176042199 ], [ 430978.744258405757137, 6064860.532967031933367 ], [ 430978.202303155441768, 6064861.074450670741498 ], [ 430968.711349226767197, 6064870.555639146827161 ], [ 430968.167886283539701, 6064871.09862916637212 ], [ 430958.678440047660843, 6064880.578311602585018 ], [ 430958.133469753607642, 6064881.12280766107142 ], [ 430948.645530868612695, 6064890.600984673015773 ], [ 430948.099053839279804, 6064891.146986155770719 ], [ 430938.612621689564548, 6064900.623658085241914 ], [ 430938.064638266689144, 6064901.171164650470018 ], [ 430928.579712510516401, 6064910.646332112140954 ], [ 430928.030223309237044, 6064911.195343145169318 ], [ 430918.54680333158467, 6064920.669006480835378 ], [ 430917.995808693114668, 6064921.21952164079994 ], [ 430908.513894152420107, 6064930.691681462340057 ], [ 430907.961394691374153, 6064931.243700135499239 ], [ 430898.480984973430168, 6064940.714356783777475 ], [ 430897.926981030730531, 6064941.267878630198538 ], [ 430888.448075794382021, 6064950.737032719887793 ], [ 430887.892567984061316, 6064951.292057124897838 ], [ 430878.415166615333874, 6064960.759708995930851 ], [ 430877.858155277906917, 6064961.316235619597137 ], [ 430877.860662833380047, 6064971.340414115227759 ], [ 430868.382257436227519, 6064980.809068959206343 ], [ 430867.826249945268501, 6064981.364592609927058 ], [ 430858.349348257295787, 6064990.831745393574238 ], [ 430857.791837397729978, 6064991.388771104626358 ], [ 430848.316439078131225, 6065000.854422440752387 ], [ 430847.757425463467371, 6065001.412949599325657 ], [ 430838.283529899141286, 6065010.877099827863276 ], [ 430837.723013869428542, 6065011.437128094024956 ], [ 430828.250620720093139, 6065020.897172483615577 ], [ 430828.250620720093139, 6065021.461306589655578 ], [ 430828.250620720093139, 6065022.025440694764256 ], [ 430838.283529899141286, 6065022.008210113272071 ], [ 430847.721883030375466, 6065031.4854850852862 ], [ 430848.316439078189433, 6065032.079523746855557 ], [ 430857.792769708670676, 6065041.509663579054177 ], [ 430858.34934825723758, 6065042.065757790580392 ], [ 430868.382257436285727, 6065042.119518426246941 ], [ 430877.837930362089537, 6065051.533842073753476 ], [ 430878.415166615333874, 6065052.110576013103127 ], [ 430888.448075794382021, 6065052.159460006281734 ], [ 430897.887860658869613, 6065061.558020567521453 ], [ 430898.480984973430168, 6065062.15062874276191 ], [ 430907.959812319953926, 6065071.582199064083397 ], [ 430908.513894152536523, 6065072.135798731818795 ], [ 430918.546803331468254, 6065072.190628218464553 ], [ 430928.003913250402547, 6065081.606377559714019 ], [ 430928.579712510516401, 6065082.18167575635016 ], [ 430938.10935890552355, 6065091.630556053481996 ], [ 430938.612621689564548, 6065092.133380896411836 ], [ 430948.645530868670903, 6065092.221733307465911 ], [ 430958.126856110349763, 6065101.654734548181295 ], [ 430958.678440047602635, 6065102.205838494002819 ], [ 430968.71134922670899, 6065102.261737577617168 ], [ 430978.169896439474542, 6065111.678913042880595 ], [ 430978.744258405757137, 6065112.252775196917355 ], [ 430988.27642955549527, 6065121.703091538511217 ], [ 430988.777167584805284, 6065122.203393823467195 ], [ 430998.810076763853431, 6065122.292837436310947 ], [ 431008.293901217810344, 6065131.727270033210516 ], [ 431008.842985942901578, 6065132.275876943022013 ], [ 431018.875895121949725, 6065132.332846506498754 ], [ 431028.335880201600958, 6065141.751448527909815 ], [ 431028.908804300997872, 6065142.323874066583812 ], [ 431038.443501543661114, 6065151.775627022609115 ], [ 431038.941713480046019, 6065152.273405413143337 ], [ 431048.974622659035958, 6065152.363941266201437 ], [ 431058.460947779996786, 6065161.799805518239737 ], [ 431059.007531838142313, 6065162.345913936384022 ], [ 431068.593650592782069, 6065171.823984012939036 ], [ 431069.040441017132252, 6065172.270385637879372 ], [ 431079.073350196238607, 6065172.394972498528659 ], [ 431088.610575009253807, 6065181.848162507638335 ], [ 431089.106259375228547, 6065182.343415526673198 ], [ 431099.139168554334901, 6065182.43504452612251 ], [ 431108.627995524264406, 6065191.872341002337635 ], [ 431109.172077733383048, 6065192.415949748829007 ], [ 431118.760751258640084, 6065201.896519497036934 ], [ 431119.204986912431195, 6065202.340368575416505 ], [ 431129.237896091421135, 6065202.466070493683219 ], [ 431138.777649676892906, 6065211.920697992667556 ], [ 431139.270805270469282, 6065212.41342443972826 ], [ 431148.911485741788056, 6065221.944876488298178 ], [ 431149.303714449517429, 6065222.336763876490295 ], [ 431159.336623628565576, 6065222.485984242521226 ], [ 431168.927853426488582, 6065231.969054982066154 ], [ 431169.369532807671931, 6065232.410350011661649 ], [ 431179.40244198666187, 6065232.537168052047491 ], [ 431188.944725685927551, 6065241.993233476765454 ], [ 431189.435351165651809, 6065242.483432011678815 ], [ 431199.078615717939101, 6065252.017411971464753 ], [ 431199.468260344758164, 6065252.406717527657747 ], [ 431209.501169523806311, 6065252.556017279624939 ], [ 431219.094956817629281, 6065262.041590467095375 ], [ 431219.534078702854458, 6065262.480330226942897 ], [ 431229.566987881902605, 6065262.608265172690153 ], [ 431239.11180317599792, 6065272.065768961794674 ], [ 431239.599897060950752, 6065272.553438104689121 ], [ 431249.245746796717867, 6065282.089947456493974 ], [ 431249.632806239998899, 6065282.476670078933239 ], [ 431259.665715419047046, 6065282.626049133017659 ], [ 431269.262061573099345, 6065292.114125951193273 ], [ 431269.698624598095194, 6065292.550309076905251 ], [ 431279.397105197655037, 6065302.138304445892572 ], [ 431279.731533777143341, 6065302.472442003898323 ], [ 431289.764442956191488, 6065302.623442994430661 ], [ 431299.412879545125179, 6065312.162482941523194 ], [ 431299.797352135297842, 6065312.54662096221 ], [ 431309.830261314229574, 6065312.696079526096582 ], [ 431319.42916783405235, 6065322.186661435291171 ], [ 431319.863170493277721, 6065322.620286423712969 ], [ 431329.56426597002428, 6065332.210839930921793 ], [ 431329.896079672325868, 6065332.542364886961877 ], [ 431339.928988851432223, 6065332.693446539342403 ], [ 431349.580013681261335, 6065342.235018425621092 ], [ 431349.961898030363955, 6065342.616570456884801 ], [ 431359.716230638325214, 6065352.259196920320392 ], [ 431359.994807209470309, 6065352.537531073205173 ], [ 431370.027716388518456, 6065352.690262544900179 ], [ 431379.731428439205047, 6065362.283375415019691 ], [ 431380.060625567508396, 6065362.612286075018346 ], [ 431390.09353474661475, 6065362.763448602519929 ], [ 431399.747148923110217, 6065372.307553910650313 ], [ 431400.126443925662898, 6065372.686518848873675 ], [ 431409.883421618840657, 6065382.33173240441829 ], [ 431410.159353104711045, 6065382.60742377396673 ], [ 431420.192262283759192, 6065382.760237300768495 ], [ 431429.898592320329044, 6065392.355910900048912 ], [ 431430.225171462807339, 6065392.682205851189792 ], [ 431440.258080641855486, 6065392.833449457772076 ], [ 431449.914285838371143, 6065402.380089395679533 ], [ 431450.29098982096184, 6065402.756465569138527 ], [ 431460.050614323990885, 6065412.404267890378833 ], [ 431460.323898999893572, 6065412.677314752712846 ], [ 431470.356808178999927, 6065412.830210549756885 ], [ 431480.065757327654865, 6065422.428446385078132 ], [ 431480.389717358048074, 6065422.75212450325489 ], [ 431490.20322509878315, 6065432.452624879777431 ], [ 431490.422626537096221, 6065432.671835394576192 ], [ 431500.455535716202576, 6065432.826410898007452 ], [ 431510.217808465589769, 6065442.476803374476731 ], [ 431510.488444895134307, 6065442.747204295359552 ], [ 431520.521354074182454, 6065442.900182567536831 ], [ 431530.232924035692122, 6065452.500981870107353 ], [ 431530.554263253230602, 6065452.822041456587613 ], [ 431540.370448274130467, 6065462.525160364806652 ], [ 431540.587172432278749, 6065462.741695928387344 ], [ 431550.620081611326896, 6065462.896355119533837 ], [ 431560.385004044743255, 6065472.549338859505951 ], [ 431560.652990790375043, 6065472.817092401906848 ], [ 431570.523687148059253, 6065482.573517354205251 ], [ 431570.68589996942319, 6065482.735589018091559 ], [ 431580.718809148471337, 6065482.891956994310021 ], [ 431590.537673203914892, 6065492.597695847973228 ], [ 431590.751718327461276, 6065492.811554708518088 ], [ 431600.784627506567631, 6065492.966297665610909 ], [ 431610.552200772508513, 6065502.621874344535172 ], [ 431610.817536685673986, 6065502.886979361064732 ], [ 431620.690941622597165, 6065512.646052839234471 ], [ 431620.850445864663925, 6065512.805418279953301 ], [ 431630.88335504377028, 6065512.961871405132115 ], [ 431640.704899596457835, 6065522.670231333933771 ], [ 431640.916264222760219, 6065522.88141203019768 ], [ 431650.949173401808366, 6065523.03623881842941 ], [ 431660.719399230147246, 6065532.69440982863307 ], [ 431660.982082580798306, 6065532.956864590756595 ], [ 431670.858197880676016, 6065542.718588323332369 ], [ 431671.01499175990466, 6065542.875245759263635 ], [ 431681.047900938952807, 6065543.031784111633897 ], [ 431690.872127159382217, 6065552.742766818031669 ], [ 431691.080810118000954, 6065552.951268180273473 ], [ 431701.012105968198739, 6065562.766945313662291 ], [ 431701.113719297049101, 6065562.868470218032598 ], [ 431711.146628476039041, 6065563.026748382486403 ], [ 431721.025455627241172, 6065572.79112380836159 ], [ 431721.179537655087188, 6065572.945071754045784 ], [ 431731.212446834135335, 6065573.101695401594043 ], [ 431741.039356480760034, 6065582.815302302129567 ], [ 431741.245356013183482, 6065583.021122572943568 ], [ 431751.179394107253756, 6065592.839480796828866 ], [ 431751.278265192231629, 6065592.938265844248235 ], [ 431761.311174371279776, 6065593.096631021238863 ], [ 431771.1927145664813, 6065602.86365929339081 ], [ 431771.344083550386131, 6065603.014896554872394 ], [ 431781.333953183318954, 6065612.88783778809011 ], [ 431781.37699272937607, 6065612.930839881300926 ], [ 431791.409901908424217, 6065613.090975502505898 ], [ 431801.346683761279564, 6065622.912016283720732 ], [ 431801.442811087530572, 6065623.008059958927333 ], [ 431811.475720266520511, 6065623.16651192959398 ], [ 431821.359975293395109, 6065632.936194777488708 ], [ 431821.508629445568658, 6065633.084719570353627 ], [ 431831.501273769303225, 6065642.960373272188008 ], [ 431831.541538624616805, 6065643.000603089109063 ], [ 431841.574447803664953, 6065643.160827257670462 ], [ 431851.51397463073954, 6065652.984551766887307 ], [ 431851.6073569827131, 6065653.077852857299149 ], [ 431861.640266161761247, 6065662.417583073489368 ], [ 431862.629728538973723, 6065663.008730262517929 ], [ 431871.673175340809394, 6065663.154541094787419 ], [ 431881.668595897092018, 6065673.032908757217228 ], [ 431881.706084519857541, 6065673.070364757440984 ], [ 431891.738993698905688, 6065673.230677253566682 ], [ 431901.681267317850143, 6065683.057087251916528 ], [ 431901.771902877953835, 6065683.147643940523267 ], [ 431911.804812056943774, 6065692.388042555190623 ], [ 431912.965128416952211, 6065693.08126574754715 ], [ 431921.837721235991921, 6065693.22436142526567 ], [ 431931.835919263830874, 6065703.105444242246449 ], [ 431931.870630415040068, 6065703.140125188045204 ], [ 431941.903539594088215, 6065703.300525780767202 ], [ 431951.848561523540411, 6065713.129622736945748 ], [ 431951.93644877319457, 6065713.21743350662291 ], [ 431961.969357952184509, 6065722.358501376584172 ], [ 431963.300530139007606, 6065723.15380123257637 ], [ 431972.002267131232657, 6065723.294179963879287 ], [ 431982.003244478779379, 6065733.177979726344347 ], [ 431982.035176310222596, 6065733.209883770905435 ], [ 431992.068085489328951, 6065740.3407833725214 ], [ 431996.857452155440114, 6065743.202158221974969 ], [ 432002.10099466831889, 6065743.287221854552627 ], [ 432012.133903847425245, 6065752.328970369882882 ], [ 432013.635915962862782, 6065753.226336716674268 ], [ 432022.166813026473392, 6065753.363997008651495 ], [ 432032.170571239490528, 6065763.250515211373568 ], [ 432032.199722205579747, 6065763.279640809632838 ], [ 432042.232631384627894, 6065770.31124219391495 ], [ 432047.192853877437301, 6065773.274693706072867 ], [ 432052.265540563617833, 6065773.357008381746709 ], [ 432062.29844974266598, 6065782.299430190585554 ], [ 432063.971314885653555, 6065783.298872200772166 ], [ 432072.331358921714127, 6065788.293524190783501 ], [ 432080.749775893928017, 6065793.323050696402788 ], [ 432082.364268100762274, 6065793.349396607838571 ], [ 432092.397177279810421, 6065800.281708771362901 ], [ 432097.528246464382391, 6065803.347229191102087 ], [ 432102.430086458800361, 6065803.426793389953673 ], [ 432112.462995637848508, 6065812.269889012910426 ], [ 432114.306716607650742, 6065813.371407685801387 ], [ 432122.495904816896655, 6065818.263983011245728 ], [ 432131.085177615866996, 6065823.395586180500686 ], [ 432132.528813996003009, 6065823.419150554575026 ], [ 432142.561723174992949, 6065830.252171007916331 ], [ 432147.863638624141458, 6065833.419764675199986 ], [ 432152.594632354099303, 6065833.496577174402773 ], [ 432162.627541533089243, 6065842.177852614782751 ], [ 432164.642103386751842, 6065843.443943170830607 ], [ 432172.660450712079182, 6065848.2344418335706 ], [ 432181.420579337922391, 6065853.468121665529907 ], [ 432182.693359891185537, 6065853.488902954384685 ], [ 432192.726269070175476, 6065859.738840255886316 ], [ 432198.199040346138645, 6065863.492300160229206 ], [ 432202.759178249281831, 6065866.216723829507828 ], [ 432212.792087428329978, 6065870.663731423206627 ], [ 432216.576082486484665, 6065873.516478654928505 ], [ 432222.824996607378125, 6065876.40143938921392 ], [ 432232.690222494362388, 6065883.540657150559127 ], [ 432232.857905786426272, 6065883.54314024746418 ], [ 432233.74827479646774, 6065883.540657149627805 ], [ 432233.854499793727882, 6065873.516478654928505 ], [ 432232.857905786426272, 6065871.178312510251999 ], [ 432229.581886461703107, 6065863.492300160229206 ], [ 432225.159290147363208, 6065853.468121666461229 ], [ 432222.824996607378125, 6065848.311081098392606 ], [ 432220.603558048373088, 6065843.443943170830607 ], [ 432215.674756638763938, 6065833.419764675199986 ], [ 432212.792087428329978, 6065827.885551775805652 ], [ 432210.453347338014282, 6065823.395586180500686 ], [ 432205.231891029281542, 6065813.371407685801387 ], [ 432202.759178249281831, 6065808.624238321557641 ], [ 432200.010481728531886, 6065803.347229191102087 ], [ 432194.789062762749381, 6065793.323050696402788 ], [ 432192.726269070175476, 6065789.362870272248983 ], [ 432189.567616119049489, 6065783.298872200772166 ], [ 432188.049271523253992, 6065773.274693706072867 ], [ 432192.726269070233684, 6065771.022863704711199 ], [ 432194.951552555488888, 6065773.274693706072867 ], [ 432202.759178249281831, 6065779.818021833896637 ], [ 432206.206485049217008, 6065783.298872200772166 ], [ 432212.792087428329978, 6065789.104004483669996 ], [ 432216.976055125123821, 6065793.323050696402788 ], [ 432222.824996607378125, 6065799.221029886975884 ], [ 432226.916889355517924, 6065803.347229191102087 ], [ 432232.857905786426272, 6065809.338055288419127 ], [ 432236.857723585970234, 6065813.371407685801387 ], [ 432242.890814965474419, 6065819.455080691725016 ], [ 432246.798557816422544, 6065823.395586180500686 ], [ 432252.923724144580774, 6065829.572106094099581 ], [ 432256.739392046816647, 6065833.419764675199986 ], [ 432262.956633323570713, 6065839.689131497405469 ], [ 432266.680226277327165, 6065843.443943170830607 ], [ 432272.98954250261886, 6065849.806156899780035 ], [ 432277.927699900523294, 6065853.468121665529907 ], [ 432283.022451681667008, 6065858.622766492888331 ], [ 432286.642143893288448, 6065863.492300160229206 ], [ 432293.055360860715155, 6065869.206704819574952 ], [ 432297.200944645213895, 6065873.516478654928505 ], [ 432303.088270039646886, 6065880.260084108449519 ], [ 432306.315842108801007, 6065883.540657149627805 ], [ 432313.121179218753241, 6065890.449014511890709 ], [ 432316.184256165521219, 6065893.564835645258427 ], [ 432323.15408839774318, 6065900.657743219286203 ], [ 432326.052285031590145, 6065903.589014139957726 ], [ 432333.186997576849535, 6065910.844973720610142 ], [ 432335.914148365613073, 6065913.613192634657025 ], [ 432343.219906755897682, 6065921.008619516156614 ], [ 432345.799693864944857, 6065923.637371129356325 ], [ 432353.252815934945829, 6065931.23195387609303 ], [ 432355.63715676125139, 6065933.661549624986947 ], [ 432363.285725113993976, 6065939.307586511597037 ], [ 432370.316348941880278, 6065943.685728119686246 ], [ 432373.318634293042123, 6065945.32746887113899 ], [ 432383.351543472032063, 6065950.524043221026659 ], [ 432389.502418246818706, 6065953.709906613454223 ], [ 432393.384452651138417, 6065955.716051675379276 ], [ 432403.417361830186564, 6065960.917191920801997 ], [ 432408.855874131491873, 6065963.734085109084845 ], [ 432413.450271009234712, 6065965.982426775619388 ], [ 432423.483180188282859, 6065970.982073278166354 ], [ 432428.947513839579187, 6065973.758263603784144 ], [ 432433.516089367389213, 6065976.002814415842295 ], [ 432443.54899854643736, 6065980.922370417043567 ], [ 432449.378237837925553, 6065983.782442100346088 ], [ 432453.581907725369092, 6065985.86173271946609 ], [ 432463.614816904417239, 6065990.785864160396159 ], [ 432469.78836603811942, 6065993.806620594114065 ], [ 432473.647726083523594, 6065995.718392170965672 ], [ 432483.680635262513533, 6066000.676913391798735 ], [ 432490.120119829720352, 6066003.830799088813365 ], [ 432493.713544441619888, 6066005.605613386258483 ], [ 432503.746453620609827, 6066010.566140591166914 ], [ 432510.415837398031726, 6066013.854977583512664 ], [ 432513.779362799657974, 6066015.516243261285126 ], [ 432523.812271978706121, 6066020.471558198332787 ], [ 432530.711554966284893, 6066023.879156078211963 ], [ 432533.845181157754268, 6066025.426873137243092 ], [ 432543.878090336802416, 6066030.382188074290752 ], [ 432551.007272534596268, 6066033.903334572911263 ], [ 432553.910999515850563, 6066035.337503011338413 ], [ 432563.94390869489871, 6066040.292817949317396 ], [ 432571.302990102907643, 6066043.927513068541884 ], [ 432573.976817874005064, 6066045.248132887296379 ] ], [ [ 432182.402889759920072, 6065763.250515211373568 ], [ 432182.693359891185537, 6065762.9191988511011 ], [ 432183.067052194208372, 6065763.250515211373568 ], [ 432182.693359891185537, 6065764.297333474270999 ], [ 432182.402889759920072, 6065763.250515211373568 ] ], [ [ 431708.310329834755976, 6065201.896519497036934 ], [ 431711.146628475980833, 6065199.564397336915135 ], [ 431714.650338779727463, 6065201.896519497036934 ], [ 431711.146628476039041, 6065203.213004568591714 ], [ 431708.310329834755976, 6065201.896519497036934 ] ], [ [ 431686.713758436962962, 6065191.872341002337635 ], [ 431681.047900938952807, 6065186.845082610845566 ], [ 431671.01499175990466, 6065184.585682526230812 ], [ 431665.117132244165987, 6065181.848162507638335 ], [ 431660.982082580856513, 6065179.125685978680849 ], [ 431650.949173401808366, 6065175.272019205614924 ], [ 431643.52056084619835, 6065171.823984012939036 ], [ 431640.916264222702011, 6065170.460970358923078 ], [ 431630.883355043712072, 6065165.958348940126598 ], [ 431621.923989448405337, 6065161.799805518239737 ], [ 431620.850445864605717, 6065161.30151507165283 ], [ 431610.817536685615778, 6065156.644691754132509 ], [ 431600.784627506567631, 6065151.987868435680866 ], [ 431600.327363255550154, 6065151.775627022609115 ], [ 431590.751718327519484, 6065147.331033842638135 ], [ 431580.718809148471337, 6065142.67419870942831 ], [ 431578.730791857698932, 6065141.751448526978493 ], [ 431570.68589996942319, 6065138.017363577149808 ], [ 431560.652990790316835, 6065133.360528443939984 ], [ 431557.134220459847711, 6065131.727270033210516 ], [ 431550.620081611326896, 6065128.703700982034206 ], [ 431540.587172432278749, 6065124.046877665445209 ], [ 431535.537594266992528, 6065121.703091538511217 ], [ 431530.554263253288809, 6065119.390048479661345 ], [ 431520.521354074182454, 6065115.225959131494164 ], [ 431511.939970034640282, 6065111.678913042880595 ], [ 431510.488444895192515, 6065111.099518845789135 ], [ 431500.455535716144368, 6065108.487745016813278 ], [ 431490.422626537096221, 6065106.073439637199044 ], [ 431480.389717358048074, 6065103.659096013754606 ], [ 431472.060374797496479, 6065101.654734548181295 ], [ 431470.356808178999927, 6065101.244790635071695 ], [ 431460.32389899995178, 6065098.830485256388783 ], [ 431450.290989820903633, 6065096.416179876774549 ], [ 431440.258080641855486, 6065094.001874497160316 ], [ 431430.403808357950766, 6065091.630556053481996 ], [ 431430.225171462807339, 6065091.587569117546082 ], [ 431420.192262283759192, 6065089.173225494101644 ], [ 431410.159353104711045, 6065086.758920115418732 ], [ 431400.126443925662898, 6065084.344614735804498 ], [ 431390.09353474661475, 6065081.930309357121587 ], [ 431388.747400848078541, 6065081.606377558782697 ], [ 431380.060625567566603, 6065079.516003977507353 ], [ 431370.027716388576664, 6065077.101698598824441 ], [ 431359.994807209470309, 6065074.687354975380003 ], [ 431349.961898030422162, 6065072.273049596697092 ], [ 431347.090993338206317, 6065071.582199064083397 ], [ 431339.928988851432223, 6065069.858744217082858 ], [ 431329.896079672325868, 6065067.444438837468624 ], [ 431319.863170493277721, 6065065.03013345785439 ], [ 431309.830261314287782, 6065062.615828079171479 ], [ 431305.434496531321201, 6065061.558020568452775 ], [ 431299.797352135297842, 6065060.201484454795718 ], [ 431289.764442956191488, 6065057.787179075181484 ], [ 431279.731533777143341, 6065055.372873696498573 ], [ 431269.698624598095194, 6065052.958568316884339 ], [ 431263.778019388904795, 6065051.533842073753476 ], [ 431259.665715419047046, 6065050.980161333456635 ], [ 431249.632806239998899, 6065049.546361629851162 ], [ 431239.59989706100896, 6065047.981932139024138 ], [ 431229.566987881902605, 6065046.268193989992142 ], [ 431219.534078702854458, 6065044.382701594382524 ], [ 431209.501169523806311, 6065042.298261385411024 ], [ 431205.962762279727031, 6065041.509663579054177 ], [ 431199.468260344758164, 6065040.560711702331901 ], [ 431189.435351165651809, 6065039.094736970961094 ], [ 431179.40244198666187, 6065037.628774782642722 ], [ 431169.369532807613723, 6065036.162815682590008 ], [ 431159.336623628565576, 6065034.696840532124043 ], [ 431149.303714449517429, 6065033.258328638970852 ], [ 431139.270805270527489, 6065031.779586484655738 ], [ 431137.358844674308784, 6065031.485485084354877 ], [ 431129.237896091421135, 6065030.298883020877838 ], [ 431119.204986912431195, 6065028.832912560552359 ], [ 431109.172077733383048, 6065027.366942100226879 ], [ 431099.139168554334901, 6065025.9009716399014 ], [ 431089.106259375286754, 6065024.434983449988067 ], [ 431079.073350196238607, 6065022.96901299059391 ], [ 431069.04044101719046, 6065021.503042529337108 ], [ 431068.754805728502106, 6065021.461306589655578 ], [ 431059.007531838142313, 6065020.037072069011629 ], [ 431048.974622659094166, 6065018.571096496656537 ], [ 431038.941713480046019, 6065017.105113418772817 ], [ 431028.908804300997872, 6065015.639142958447337 ], [ 431018.875895121949725, 6065014.173172498121858 ], [ 431008.842985942901578, 6065012.707202037796378 ], [ 431000.150871907186229, 6065011.437128093093634 ], [ 430998.810076763853431, 6065011.241213847883046 ], [ 430988.777167584805284, 6065009.775243386626244 ], [ 430978.744258405757137, 6065008.309272927232087 ], [ 430968.711349226650782, 6065006.843302465975285 ], [ 430958.678440047660843, 6065005.377332005649805 ], [ 430948.645530868670903, 6065003.911348234862089 ], [ 430938.612621689564548, 6065002.445373356342316 ], [ 430931.546849177335389, 6065001.412949599325657 ], [ 430928.579712510516401, 6065000.979402895085514 ], [ 430918.54680333158467, 6064997.374502423219383 ], [ 430916.409249424410518, 6064991.388771104626358 ], [ 430918.546803331526462, 6064990.46761491894722 ], [ 430928.579712510516401, 6064987.415865023620427 ], [ 430938.612621689564548, 6064982.493206426501274 ], [ 430939.820360402110964, 6064981.364592609927058 ], [ 430948.645530868612695, 6064977.845290912315249 ], [ 430958.678440047660843, 6064974.894391134381294 ], [ 430962.931458490143996, 6064971.340414115227759 ], [ 430968.711349226767197, 6064968.849617091007531 ], [ 430978.744258405757137, 6064966.43171576038003 ], [ 430986.192559555347543, 6064961.316235619597137 ], [ 430988.777167584805284, 6064960.202428019605577 ], [ 430998.810076763853431, 6064957.496892979368567 ], [ 431008.84298594284337, 6064952.145096283406019 ], [ 431009.776005281310063, 6064951.292057124897838 ], [ 431018.875895121949725, 6064948.275939861312509 ], [ 431028.908804300997872, 6064945.170573447830975 ], [ 431033.074605427100323, 6064941.267878631129861 ], [ 431038.941713480046019, 6064938.868507022038102 ], [ 431048.974622659094166, 6064936.914786160923541 ], [ 431055.975863160798326, 6064931.243700135499239 ], [ 431059.007531838142313, 6064929.937236185185611 ], [ 431069.040441017132252, 6064928.045015125535429 ], [ 431079.073350196296815, 6064921.550467183813453 ], [ 431079.451027184317354, 6064921.21952164079994 ], [ 431089.106259375344962, 6064918.83372101560235 ], [ 431099.139168554334901, 6064915.651704344898462 ], [ 431103.990747616102453, 6064911.19534314610064 ], [ 431109.172077733441256, 6064909.412938491441309 ], [ 431119.204986912431195, 6064907.640787148848176 ], [ 431126.093653702526353, 6064901.171164650470018 ], [ 431129.237896091421135, 6064899.854405426420271 ], [ 431139.270805270411074, 6064898.809202001430094 ], [ 431149.020267831394449, 6064891.146986155770719 ], [ 431149.303714449517429, 6064891.017029768787324 ], [ 431159.336623628623784, 6064889.573790762573481 ], [ 431169.369532807613723, 6064886.59360383823514 ], [ 431175.551205810159445, 6064881.12280766107142 ], [ 431179.40244198666187, 6064880.1099560149014 ], [ 431189.435351165710017, 6064878.813641734421253 ], [ 431197.799482541275211, 6064871.09862916637212 ], [ 431199.468260344758164, 6064870.504381200298667 ], [ 431209.501169523806311, 6064869.926076999865472 ], [ 431218.904485886974726, 6064861.074450670741498 ], [ 431219.534078702854458, 6064860.779813580214977 ], [ 431229.566987881902605, 6064860.588568181730807 ], [ 431239.599897060950752, 6064858.981452723033726 ], [ 431249.468638908001594, 6064851.050272176042199 ], [ 431249.632806239998899, 6064851.024149655364454 ], [ 431259.665715419047046, 6064850.954127631150186 ], [ 431269.698624598095194, 6064849.946746521629393 ], [ 431279.731533777143341, 6064849.724828963167965 ], [ 431289.764442956191488, 6064849.502877984195948 ], [ 431299.797352135297842, 6064849.280777341686189 ], [ 431309.830261314287782, 6064849.058859783224761 ], [ 431319.863170493277721, 6064848.836894419044256 ], [ 431329.89607967226766, 6064848.614808161742985 ], [ 431339.928988851374015, 6064848.392890602350235 ], [ 431349.96189803048037, 6064848.170973043888807 ], [ 431359.994807209470309, 6064847.948838980868459 ], [ 431370.027716388576664, 6064847.726921422407031 ], [ 431380.060625567566603, 6064847.505003863945603 ], [ 431390.093534746556543, 6064847.283004939556122 ], [ 431400.126443925662898, 6064847.060952242463827 ], [ 431410.159353104711045, 6064846.839034684002399 ], [ 431420.192262283759192, 6064846.61702137440443 ], [ 431430.225171462807339, 6064846.394983061589301 ], [ 431440.258080641855486, 6064846.173065503127873 ], [ 431450.290989820903633, 6064845.951147944666445 ], [ 431460.32389899995178, 6064845.729115458205342 ], [ 431470.356808178999927, 6064845.507096322253346 ], [ 431480.389717358048074, 6064845.285178764723241 ], [ 431490.422626537096221, 6064845.063131893053651 ], [ 431500.455535716144368, 6064844.841127142310143 ], [ 431510.488444895250723, 6064844.619209584780037 ], [ 431520.521354074182454, 6064844.397148329764605 ], [ 431530.554263253230602, 6064844.175157962366939 ], [ 431540.587172432278749, 6064843.953240403905511 ], [ 431550.620081611326896, 6064843.731322845444083 ], [ 431560.652990790375043, 6064843.509242413565516 ], [ 431570.68589996942319, 6064843.287271223962307 ], [ 431580.718809148471337, 6064843.065353664569557 ], [ 431585.216210831073113, 6064851.050272176042199 ], [ 431583.590024377335794, 6064861.074450670741498 ], [ 431580.718809148471337, 6064866.502691331319511 ], [ 431577.166010530432686, 6064871.09862916637212 ], [ 431572.921174153161701, 6064881.12280766107142 ], [ 431570.68589996942319, 6064885.244462812319398 ], [ 431567.484967302647419, 6064891.146986155770719 ], [ 431562.048563479678705, 6064901.171164650470018 ], [ 431560.652990790375043, 6064903.744641822762787 ], [ 431556.612923070788383, 6064911.195343144237995 ], [ 431551.176526307419408, 6064921.21952164079994 ], [ 431550.620081611326896, 6064922.245622061192989 ], [ 431545.740491408389062, 6064931.243700135499239 ], [ 431540.587172432278749, 6064940.746540448628366 ], [ 431540.304486780660227, 6064941.267878630198538 ], [ 431534.868437008117326, 6064951.292057124897838 ], [ 431530.554263253230602, 6064959.247520685195923 ], [ 431529.432418421958573, 6064961.316235619597137 ], [ 431523.996399835799821, 6064971.340414115227759 ], [ 431520.521354074182454, 6064977.748500924557447 ], [ 431518.560381249699276, 6064981.364592609927058 ], [ 431513.124362663598731, 6064991.388771104626358 ], [ 431510.488444895192515, 6064996.249481160193682 ], [ 431507.688334716425743, 6065001.412949599325657 ], [ 431502.252297957136761, 6065011.437128094024956 ], [ 431500.455535716144368, 6065014.750399548560381 ], [ 431496.816273364238441, 6065021.461306589655578 ], [ 431491.380257979617454, 6065031.485485084354877 ], [ 431490.422626537096221, 6065033.767493123188615 ], [ 431486.719950230093673, 6065041.509663579054177 ], [ 431490.422626537096221, 6065045.009112348780036 ], [ 431500.455535716144368, 6065051.273404321633279 ], [ 431500.843152222747449, 6065051.533842073753476 ], [ 431510.488444895134307, 6065058.28656464908272 ], [ 431515.161222133727279, 6065061.558020568452775 ], [ 431520.521354074240662, 6065065.310700071975589 ], [ 431529.479288091824856, 6065071.582199064083397 ], [ 431530.554263253230602, 6065072.334795101545751 ], [ 431540.587172432278749, 6065079.358899185433984 ], [ 431543.79736641398631, 6065081.606377558782697 ], [ 431550.620081611326896, 6065086.383025553077459 ], [ 431558.115423961018678, 6065091.630556053481996 ], [ 431560.652990790375043, 6065093.407120579853654 ], [ 431570.68589996942319, 6065100.431256003677845 ], [ 431572.433463046501856, 6065101.654734548181295 ], [ 431580.718809148471337, 6065107.455351032316685 ], [ 431586.751525136642158, 6065111.678913042880595 ], [ 431590.751718327519484, 6065114.479486455209553 ], [ 431600.784627506567631, 6065121.503581483848393 ], [ 431601.069597276800778, 6065121.703091538511217 ], [ 431610.817536685615778, 6065128.527716906741261 ], [ 431615.387638001120649, 6065131.727270033210516 ], [ 431620.850445864605717, 6065135.551811935380101 ], [ 431629.705683859239798, 6065141.751448527909815 ], [ 431630.883355043712072, 6065142.57594735827297 ], [ 431640.916264222702011, 6065149.600042386911809 ], [ 431644.023755999398418, 6065151.775627022609115 ], [ 431650.949173401808366, 6065156.624158272519708 ], [ 431658.341828139557038, 6065161.799805518239737 ], [ 431660.982082580856513, 6065163.648272838443518 ], [ 431671.01499175990466, 6065170.672372507862747 ], [ 431672.659900279715657, 6065171.823984012939036 ], [ 431681.047900938952807, 6065177.696503290906549 ], [ 431686.977948824933264, 6065181.848162507638335 ], [ 431691.080810118000954, 6065186.574795280583203 ], [ 431701.113719297049101, 6065191.744733741506934 ], [ 431701.295987910358235, 6065191.872341002337635 ], [ 431701.113719297049101, 6065192.107785772532225 ], [ 431691.080810118000954, 6065193.899334303103387 ], [ 431686.713758436962962, 6065191.872341002337635 ] ], [ [ 433057.817496466799639, 6064951.292057124897838 ], [ 433065.589367647189647, 6064947.727383268997073 ], [ 433075.622276826237794, 6064950.010501448996365 ], [ 433076.146691396133974, 6064951.292057124897838 ], [ 433075.622276826237794, 6064951.56935276184231 ], [ 433065.589367647189647, 6064955.799902578815818 ], [ 433057.817496466799639, 6064951.292057124897838 ] ], [ [ 433079.672686337376945, 6064941.267878630198538 ], [ 433085.655186005169526, 6064938.523911580443382 ], [ 433094.689701929804869, 6064941.267878631129861 ], [ 433085.655186005227733, 6064944.848596884869039 ], [ 433079.672686337376945, 6064941.267878630198538 ] ], [ [ 433101.527775489026681, 6064931.243700135499239 ], [ 433105.721004363324028, 6064929.273644323460758 ], [ 433112.607381767884362, 6064931.243700135499239 ], [ 433105.72100436326582, 6064933.836207330226898 ], [ 433101.527775489026681, 6064931.243700135499239 ] ], [ [ 433123.382965359662194, 6064921.21952164079994 ], [ 433125.786822721362114, 6064914.141415426507592 ], [ 433130.113105822762009, 6064921.21952164079994 ], [ 433125.786822721420322, 6064922.756397925317287 ], [ 433123.382965359662194, 6064921.21952164079994 ] ], [ [ 432302.539227051893249, 6064800.92937970161438 ], [ 432293.055360860715155, 6064794.21836250834167 ], [ 432283.022451681667008, 6064791.686554581858218 ], [ 432281.662571813678369, 6064790.905201206915081 ], [ 432272.98954250261886, 6064783.513875796459615 ], [ 432262.956633323570713, 6064783.47268832474947 ], [ 432253.260736233904026, 6064780.881022712215781 ], [ 432252.923724144522566, 6064780.332724067382514 ], [ 432242.890814965474419, 6064774.172209166921675 ], [ 432232.85790578648448, 6064774.534645214676857 ], [ 432225.700728591065854, 6064770.856844216585159 ], [ 432222.824996607378125, 6064766.888492165133357 ], [ 432212.792087428329978, 6064767.517517026513815 ], [ 432202.759178249281831, 6064767.549945091828704 ], [ 432192.726269070233684, 6064765.481952081434429 ], [ 432182.693359891185537, 6064763.980396676808596 ], [ 432181.857611715153325, 6064760.83266572188586 ], [ 432182.693359891185537, 6064754.147450838238001 ], [ 432183.467524302424863, 6064750.808487227186561 ], [ 432190.884588878194336, 6064740.784308732487261 ], [ 432192.726269070233684, 6064739.968730562366545 ], [ 432195.053351261594798, 6064740.784308732487261 ], [ 432202.759178249281831, 6064743.48499857634306 ], [ 432212.792087428329978, 6064747.001269571483135 ], [ 432222.824996607378125, 6064750.517503933049738 ], [ 432223.655253708653618, 6064750.808487227186561 ], [ 432232.857905786426272, 6064754.033774928189814 ], [ 432242.890814965474419, 6064757.814712073653936 ], [ 432251.836721655388828, 6064760.832665720954537 ], [ 432252.923724144522566, 6064761.225066924467683 ], [ 432262.956633323570713, 6064765.640877554193139 ], [ 432272.98954250261886, 6064769.713415979407728 ], [ 432275.668779865489341, 6064770.856844216585159 ], [ 432283.022451681667008, 6064773.995207600295544 ], [ 432293.055360860715155, 6064778.277010110206902 ], [ 432299.156983709021006, 6064780.881022712215781 ], [ 432303.088270039705094, 6064782.558797486126423 ], [ 432313.121179218753241, 6064786.840604240074754 ], [ 432318.091117877920624, 6064790.905201206915081 ], [ 432313.121179218753241, 6064793.507267634384334 ], [ 432304.217749381845351, 6064800.92937970161438 ], [ 432303.088270039705094, 6064801.647945950739086 ], [ 432302.539227051893249, 6064800.92937970161438 ] ], [ [ 433464.950603789475281, 6063026.649786105379462 ], [ 433466.905734808999114, 6063023.379017164930701 ], [ 433467.523183062905446, 6063026.649786105379462 ], [ 433466.905734808999114, 6063027.141587096266448 ], [ 433464.950603789475281, 6063026.649786105379462 ] ], [ [ 434881.545929054322187, 6060666.97957312501967 ], [ 434885.322791132552084, 6060660.943661310710013 ], [ 434881.545929054322187, 6060660.941970810294151 ], [ 434881.54423708235845, 6060660.94366130977869 ], [ 434881.545929054322187, 6060666.97957312501967 ] ], [ [ 434891.578838233370334, 6060650.944603333249688 ], [ 434891.594555227726232, 6060650.919482816010714 ], [ 434891.578838233370334, 6060650.919475780799985 ], [ 434891.578831191232894, 6060650.919482816010714 ], [ 434891.578838233370334, 6060650.944603333249688 ] ] ] } },
{ "type": "Feature", "properties": { "id": 3, "cost_level": 240.0 }, "geometry": { "type": "Polygon", "coordinates": [ [ [ 436296.186123299703468, 6067818.244461135938764 ], [ 436296.223510305397213, 6067818.207106664776802 ], [ 436306.219032478751615, 6067808.3159843031317 ], [ 436316.251941657799762, 6067808.363462577573955 ], [ 436316.432633305143099, 6067808.182928168214858 ], [ 436326.284850836847909, 6067798.432274201884866 ], [ 436326.558613594039343, 6067798.158749673515558 ], [ 436336.317760015954264, 6067788.499345231801271 ], [ 436336.682851771998685, 6067788.134571179747581 ], [ 436346.350669194944203, 6067778.564724214375019 ], [ 436356.38357837399235, 6067778.609173515811563 ], [ 436356.882793623546604, 6067778.110392685048282 ], [ 436366.416487553040497, 6067768.672071097418666 ], [ 436367.00285471935058, 6067768.086214191280305 ], [ 436376.449396732088644, 6067758.733419106341898 ], [ 436377.121364894032013, 6067758.062035693787038 ], [ 436386.482305911136791, 6067748.793231142684817 ], [ 436396.515215090126731, 6067748.834937182255089 ], [ 436397.312989299593028, 6067748.037857200019062 ], [ 436406.548124269174878, 6067738.892516680061817 ], [ 436407.427727679139934, 6067738.013678705319762 ], [ 436416.581033448223025, 6067728.948664589785039 ], [ 436417.541033223853447, 6067727.989500210620463 ], [ 436426.613942627212964, 6067719.0034144744277 ], [ 436436.646851806319319, 6067719.042623033747077 ], [ 436437.725091413769405, 6067717.965321714989841 ], [ 436446.679760985309258, 6067709.095337830483913 ], [ 436447.834960855485406, 6067707.941143220290542 ], [ 436456.71267016447382, 6067699.146742237731814 ], [ 436457.943518766376656, 6067697.916964725591242 ], [ 436466.74557934346376, 6067689.196869360283017 ], [ 436476.778488522511907, 6067689.233783477917314 ], [ 436478.120653727848548, 6067687.892786230891943 ], [ 436486.811397701560054, 6067679.263623547740281 ], [ 436488.207628519507125, 6067677.868607736192644 ], [ 436496.844306880608201, 6067669.165185222402215 ], [ 436498.166213192394935, 6067667.844429239630699 ], [ 436506.877216059656348, 6067659.065457693301141 ], [ 436516.910125238704495, 6067659.033044141717255 ], [ 436518.123974931659177, 6067657.820250745862722 ], [ 436526.943034417752642, 6067648.931422106921673 ], [ 436528.079373120330274, 6067647.796072251163423 ], [ 436536.975943596800789, 6067638.828426693566144 ], [ 436538.033396734739654, 6067637.771893756464124 ], [ 436547.008852775848936, 6067628.724020984023809 ], [ 436557.041761954897083, 6067628.689587404951453 ], [ 436557.984454433433712, 6067627.747715261764824 ], [ 436567.07467113394523, 6067618.583107525482774 ], [ 436567.934990547015332, 6067617.723536766134202 ], [ 436577.107580312993377, 6067608.475257162004709 ], [ 436577.884154982690234, 6067607.699358271434903 ], [ 436587.140489492099732, 6067598.366024766117334 ], [ 436597.173398671089672, 6067598.329512571915984 ], [ 436597.82830136542907, 6067597.675179777666926 ], [ 436607.206307850079611, 6067588.218014921993017 ], [ 436607.773815337510314, 6067587.651001282036304 ], [ 436617.239217029127758, 6067578.10487434733659 ], [ 436617.717684954870492, 6067577.626822786405683 ], [ 436627.272126208175905, 6067567.98975904006511 ], [ 436637.305035387224052, 6067567.949350621551275 ], [ 436637.652043685200624, 6067567.602644291706383 ], [ 436647.337944566272199, 6067557.832619328983128 ], [ 436647.592319456161931, 6067557.578465797007084 ], [ 436657.370853745320346, 6067547.712842170149088 ], [ 436657.529546708974522, 6067547.554287302307785 ], [ 436667.403762924310286, 6067537.591175680048764 ], [ 436667.464882983651478, 6067537.530108807608485 ], [ 436668.357998458144721, 6067527.505930312909186 ], [ 436667.403762924426701, 6067526.804656970314682 ], [ 436657.370853745320346, 6067519.43141751922667 ], [ 436654.717905374942347, 6067517.481751817278564 ], [ 436647.337944566272199, 6067512.058179829269648 ], [ 436641.077830418362282, 6067507.457573322579265 ], [ 436637.30503538728226, 6067504.684923919849098 ], [ 436627.437746398558374, 6067497.433394827879965 ], [ 436627.272126208175905, 6067497.311679569073021 ], [ 436617.23921702906955, 6067489.938441574573517 ], [ 436613.797662378638051, 6067487.409216333180666 ], [ 436607.206307850079611, 6067482.565190868452191 ], [ 436600.157578358775936, 6067477.385037837550044 ], [ 436597.173398671089672, 6067475.19194651953876 ], [ 436587.140489492041524, 6067467.818702169694006 ], [ 436586.517494338972028, 6067467.360859342850745 ], [ 436577.107580312993377, 6067460.44545781891793 ], [ 436572.877410319168121, 6067457.336680848151445 ], [ 436567.074671134003438, 6067453.072213469073176 ], [ 436559.237326299306005, 6067447.312502352520823 ], [ 436557.041761954897083, 6067445.698965064249933 ], [ 436547.008852775848936, 6067438.325724768452346 ], [ 436545.59724227944389, 6067437.288323858752847 ], [ 436536.975943596800789, 6067430.95246449764818 ], [ 436531.957175389514305, 6067427.264145363122225 ], [ 436526.943034417694435, 6067423.579226808622479 ], [ 436518.317079046333674, 6067417.239966867491603 ], [ 436516.910125238704495, 6067416.205989120528102 ], [ 436506.87721605959814, 6067408.832726242020726 ], [ 436504.677016978967004, 6067407.215788373723626 ], [ 436496.844306880608201, 6067401.459488553926349 ], [ 436491.036920635728166, 6067397.191609879024327 ], [ 436486.811397701560054, 6067394.086250864900649 ], [ 436477.396856455830857, 6067387.167431384325027 ], [ 436476.778488522511907, 6067386.712989129126072 ], [ 436466.74557934346376, 6067379.339750298298895 ], [ 436463.756772435968742, 6067377.143252888694406 ], [ 436456.712670164415613, 6067371.966500428505242 ], [ 436450.116688416106626, 6067367.119074393063784 ], [ 436446.679760985425673, 6067364.593256079591811 ], [ 436436.646851806319319, 6067357.220012043602765 ], [ 436436.476604396244511, 6067357.094895899295807 ], [ 436426.613942627271172, 6067349.846767378970981 ], [ 436422.836520376382396, 6067347.070717404596508 ], [ 436416.581033448223025, 6067342.473523028194904 ], [ 436409.196436356636696, 6067337.046538909897208 ], [ 436406.548124269233085, 6067335.100273787975311 ], [ 436396.515215090126731, 6067327.727034327574074 ], [ 436395.556352336716373, 6067327.022360414266586 ], [ 436386.482305911136791, 6067320.353789977729321 ], [ 436381.916268316912465, 6067316.998181919567287 ], [ 436376.449396732146852, 6067312.980535533279181 ], [ 436368.27619065035833, 6067306.974003424867988 ], [ 436366.416487553040497, 6067305.60729784425348 ], [ 436356.38357837399235, 6067298.234056928195059 ], [ 436354.636100277188234, 6067296.949824930168688 ], [ 436346.350669194944203, 6067290.860797277651727 ], [ 436340.996032239811029, 6067286.925646435469389 ], [ 436336.317760015896056, 6067283.487559588626027 ], [ 436327.355966513161547, 6067276.901467939838767 ], [ 436326.284850836847909, 6067276.1142986882478 ], [ 436316.251941657799762, 6067268.741059022024274 ], [ 436313.715873829263728, 6067266.877289445139468 ], [ 436306.219032478751615, 6067261.367821333929896 ], [ 436300.075798473495524, 6067256.853110950440168 ], [ 436296.18612329964526, 6067253.994565637782216 ], [ 436286.435714453575201, 6067246.828932455740869 ], [ 436286.153214120655321, 6067246.621321287937462 ], [ 436276.120304941548966, 6067239.248083079233766 ], [ 436272.795630433713086, 6067236.80475396104157 ], [ 436266.087395762559026, 6067231.874832588247955 ], [ 436259.155546413850971, 6067226.780575465410948 ], [ 436256.054486583569087, 6067224.501588238403201 ], [ 436246.021577404462732, 6067217.128343887627125 ], [ 436245.515462394047063, 6067216.756396970711648 ], [ 436235.988668225414585, 6067209.755099538713694 ], [ 436231.87537837412674, 6067206.732218476012349 ], [ 436225.955759046366438, 6067202.381855187937617 ], [ 436218.235294354322832, 6067196.708039982244372 ], [ 436215.922849867376499, 6067195.008606567047536 ], [ 436205.889940688328352, 6067187.635366487316787 ], [ 436204.595210334518924, 6067186.683861485682428 ], [ 436195.857031509280205, 6067180.262122137472034 ], [ 436190.955126314656809, 6067176.659682990983129 ], [ 436185.824122330232058, 6067172.888868312351406 ], [ 436177.315047500655055, 6067166.635504496283829 ], [ 436175.791213151183911, 6067165.515630624257028 ], [ 436165.758303972193971, 6067158.142367745749652 ], [ 436163.674985433346592, 6067156.61132600158453 ], [ 436155.725394793087617, 6067150.769130056723952 ], [ 436150.034889090107754, 6067146.587147506885231 ], [ 436145.692485614097677, 6067143.395892368629575 ], [ 436136.394824510905892, 6067136.562969011254609 ], [ 436135.659576434991322, 6067136.022630847990513 ], [ 436125.626667255943175, 6067128.649391801096499 ], [ 436122.754740491043776, 6067126.538790516555309 ], [ 436115.593758076895028, 6067121.276142148301005 ], [ 436109.114656471239869, 6067116.514612022787333 ], [ 436105.560848897846881, 6067113.902897797524929 ], [ 436095.527939718798734, 6067106.529653546400368 ], [ 436095.474572451319546, 6067106.490433527156711 ], [ 436085.495030539750587, 6067099.156409097835422 ], [ 436081.83448843145743, 6067096.466255032457411 ], [ 436075.46212136070244, 6067091.783164747059345 ], [ 436068.194404411595315, 6067086.442076535895467 ], [ 436065.429212181712501, 6067084.409920397214592 ], [ 436055.396303002606146, 6067077.036676046438515 ], [ 436054.554320391733199, 6067076.41789804212749 ], [ 436045.363393823557999, 6067069.663431697525084 ], [ 436040.914236371871084, 6067066.393719547428191 ], [ 436035.330484644509852, 6067062.290177036076784 ], [ 436027.274159104679711, 6067056.369541052728891 ], [ 436025.297575465461705, 6067054.916939347982407 ], [ 436015.264666286413558, 6067047.543698647990823 ], [ 436013.634068332263269, 6067046.345362558960915 ], [ 436005.231757107423618, 6067040.170438780449331 ], [ 435999.994000694248825, 6067036.32118406239897 ], [ 435995.198847928317264, 6067032.797201091423631 ], [ 435986.353904351009987, 6067026.297005567699671 ], [ 435985.165938749327324, 6067025.423963402397931 ], [ 435975.13302957022097, 6067018.050700524821877 ], [ 435972.713842283643316, 6067016.272827073000371 ], [ 435965.10012039123103, 6067010.6774628367275 ], [ 435959.073766528512351, 6067006.248648578301072 ], [ 435955.067211212182883, 6067003.30420735757798 ], [ 435945.433682508650236, 6066996.224470083601773 ], [ 435945.034302033134736, 6066995.930963008664548 ], [ 435935.001392854144797, 6066988.557724581100047 ], [ 435931.79359848878812, 6066986.200291587971151 ], [ 435924.968483675038442, 6066981.184474307112396 ], [ 435918.153514468926005, 6066976.176113093271852 ], [ 435914.935574495990295, 6066973.811229957267642 ], [ 435904.902665316942148, 6066966.437985607422888 ], [ 435904.513430449122097, 6066966.151934598572552 ], [ 435894.869756137894001, 6066959.064741257578135 ], [ 435890.873346429201774, 6066956.127756103873253 ], [ 435884.836846958845854, 6066951.691496906802058 ], [ 435877.233262409397867, 6066946.103577608242631 ], [ 435874.803937779739499, 6066944.318248070776463 ], [ 435864.77102860074956, 6066936.945008207112551 ], [ 435863.593178389477544, 6066936.079399113543332 ], [ 435854.73811942175962, 6066929.571763856336474 ], [ 435849.953094369615428, 6066926.055220618844032 ], [ 435844.705210242653266, 6066922.198509816080332 ], [ 435836.313015955034643, 6066916.031042124144733 ], [ 435834.672301063605119, 6066914.825272127054632 ], [ 435824.639391884556971, 6066907.452009248547256 ], [ 435822.672953887667973, 6066906.006863629445434 ], [ 435814.606482705567032, 6066900.078771559521556 ], [ 435809.03285754454555, 6066895.982685133814812 ], [ 435804.573573526577093, 6066892.705533871427178 ], [ 435795.392792565980926, 6066885.95850663818419 ], [ 435794.540664347470738, 6066885.332272566854954 ], [ 435784.507755168364383, 6066877.959033304825425 ], [ 435781.752699133998249, 6066875.934328144416213 ], [ 435774.474845989374444, 6066870.585795616731048 ], [ 435768.112624526256695, 6066865.910149649716914 ], [ 435764.441936810326297, 6066863.212539517320693 ], [ 435754.472540506452788, 6066855.885971155017614 ], [ 435754.40902763127815, 6066855.839295167475939 ], [ 435744.376118452171795, 6066848.466050816699862 ], [ 435740.832456486532465, 6066845.861792659386992 ], [ 435734.343209273181856, 6066841.092806465923786 ], [ 435727.192372466728557, 6066835.837614164687693 ], [ 435724.310300094133709, 6066833.719562116079032 ], [ 435714.277390915085562, 6066826.346317767165601 ], [ 435713.552288446866442, 6066825.813435669988394 ], [ 435704.244481736037415, 6066818.973073416389525 ], [ 435699.912204426946118, 6066815.789257175289094 ], [ 435694.211572556989267, 6066811.599818538874388 ], [ 435686.2721275590593, 6066805.765078680589795 ], [ 435684.17866337794112, 6066804.22658085078001 ], [ 435674.145754198892973, 6066796.853340365923941 ], [ 435672.632036387280095, 6066795.740900184959173 ], [ 435664.112845019903034, 6066789.480080283246934 ], [ 435658.991969148570206, 6066785.716721690259874 ], [ 435654.079935840796679, 6066782.106842594221234 ], [ 435645.351872805331368, 6066775.692543195560575 ], [ 435644.047026661690325, 6066774.733604906126857 ], [ 435634.014117482700385, 6066767.360342027619481 ], [ 435631.711810737964697, 6066765.668364700861275 ], [ 435623.981208303710446, 6066759.987104339525104 ], [ 435618.071734583587386, 6066755.644186206161976 ], [ 435613.948299124662299, 6066752.613849077373743 ], [ 435604.43165056372527, 6066745.620007710531354 ], [ 435603.915389945614152, 6066745.240604725666344 ], [ 435593.882480766566005, 6066737.86736608389765 ], [ 435590.791566543863155, 6066735.595829216763377 ], [ 435583.849571587517858, 6066730.494116025976837 ], [ 435577.15148252400104, 6066725.571650721132755 ], [ 435573.816662408411503, 6066723.120871676132083 ], [ 435563.783753229421563, 6066715.747627829201519 ], [ 435563.511398504197132, 6066715.547472226433456 ], [ 435553.750844050373416, 6066708.374382976442575 ], [ 435549.871314484335016, 6066705.523293731734157 ], [ 435543.717934871325269, 6066701.001138625666499 ], [ 435536.231230464472901, 6066695.499115236103535 ], [ 435533.68502569233533, 6066693.627889573574066 ], [ 435523.652116513228975, 6066686.254649925976992 ], [ 435522.591146444610786, 6066685.474936741404235 ], [ 435513.619207334180828, 6066678.881405576132238 ], [ 435508.95106242474867, 6066675.450758246704936 ], [ 435503.586298155132681, 6066671.508151318877935 ], [ 435495.310984409356024, 6066665.426579752005637 ], [ 435493.553388976026326, 6066664.134913629852235 ], [ 435483.520479797036387, 6066656.761650752276182 ], [ 435481.670922342047561, 6066655.402401256375015 ], [ 435473.48757061798824, 6066649.388413063250482 ], [ 435468.030825998866931, 6066645.378222761675715 ], [ 435463.454661438940093, 6066642.015175374224782 ], [ 435454.390760621055961, 6066635.354044266045094 ], [ 435453.421752259891946, 6066634.641914284788072 ], [ 435443.388843080843799, 6066627.268674807623029 ], [ 435440.750667588319629, 6066625.329865772277117 ], [ 435433.355933901853859, 6066619.895437119528651 ], [ 435427.11059258133173, 6066615.305687276646495 ], [ 435423.32302472286392, 6066612.522181236185133 ], [ 435413.470508561469615, 6066605.281508781015873 ], [ 435413.290115543757565, 6066605.148936884477735 ], [ 435403.257206364767626, 6066597.775692535564303 ], [ 435399.830424541607499, 6066595.257330287247896 ], [ 435393.224297185661271, 6066590.402448184788227 ], [ 435386.190340521803591, 6066585.233151793479919 ], [ 435383.191388006613124, 6066583.029203835874796 ], [ 435373.158478827564977, 6066575.656329330056906 ], [ 435372.550256501941476, 6066575.208973297849298 ], [ 435363.125569648458622, 6066568.282715135253966 ], [ 435358.910172482079361, 6066565.184794803149998 ], [ 435353.092660469468683, 6066560.909470785409212 ], [ 435345.270088462217245, 6066555.160616307519376 ], [ 435343.059751290420536, 6066553.536222353577614 ], [ 435333.026842111372389, 6066546.164912646636367 ], [ 435331.628915565728676, 6066545.136437812820077 ], [ 435322.99393293238245, 6066538.791829940862954 ], [ 435317.989937602891587, 6066535.112259318120778 ], [ 435312.961023753276095, 6066531.416484098881483 ], [ 435304.349841259710956, 6066525.088080823421478 ], [ 435302.928114574286155, 6066524.043246409855783 ], [ 435292.895205395179801, 6066516.674695073626935 ], [ 435290.7049453870859, 6066515.063902328722179 ], [ 435282.862296216131654, 6066509.303667567670345 ], [ 435277.06716848781798, 6066505.039723833091557 ], [ 435272.829387037025299, 6066501.925713428296149 ], [ 435263.429618618742097, 6066495.015545338392258 ], [ 435262.79647785803536, 6066494.550246445462108 ], [ 435252.763568678987212, 6066487.185730983503163 ], [ 435249.778684628196061, 6066484.991366843692958 ], [ 435242.730659499939065, 6066479.816723896190524 ], [ 435236.137151611794252, 6066474.967188348993659 ], [ 435232.697750320949126, 6066472.44080055039376 ], [ 435222.664841141900979, 6066465.058673160150647 ], [ 435222.507379760441836, 6066464.94300985429436 ], [ 435212.631931962852832, 6066457.697992010973394 ], [ 435208.850135314045474, 6066454.918831358663738 ], [ 435202.599022783804685, 6066450.331025762483478 ], [ 435195.204872332396917, 6066444.894652863964438 ], [ 435192.56611360469833, 6066442.957099868915975 ], [ 435182.533204425708391, 6066435.57994188182056 ], [ 435181.56735488655977, 6066434.870474368333817 ], [ 435172.500295246660244, 6066428.211486103013158 ], [ 435167.919310859986581, 6066424.84629587456584 ], [ 435162.467386067612097, 6066420.846541035920382 ], [ 435154.270279207616113, 6066414.822117378935218 ], [ 435152.434476888505742, 6066413.474665773101151 ], [ 435142.401567709515803, 6066406.101185255683959 ], [ 435140.627357876859605, 6066404.797938885167241 ], [ 435132.368658530525863, 6066398.731508772820234 ], [ 435126.980688840849325, 6066394.773760389536619 ], [ 435122.335749351419508, 6066391.363307517021894 ], [ 435113.333400484523736, 6066384.74958189483732 ], [ 435112.302840172313154, 6066383.993453576229513 ], [ 435102.269930993323214, 6066376.622453978285193 ], [ 435099.687338563846424, 6066374.725403400138021 ], [ 435092.237021814275067, 6066369.252752147614956 ], [ 435086.040676621254534, 6066364.701224904507399 ], [ 435082.204112635285128, 6066361.883075664751232 ], [ 435072.394022795022465, 6066354.677046409808099 ], [ 435072.171203456236981, 6066354.513487571850419 ], [ 435062.138294277130626, 6066347.14369735121727 ], [ 435058.747335993335582, 6066344.6528679151088 ], [ 435052.105385098140687, 6066339.774020869284868 ], [ 435045.100672518019564, 6066334.628689420409501 ], [ 435042.072475919034332, 6066332.404319038614631 ], [ 435032.039566740044393, 6066325.034642556682229 ], [ 435031.453997379634529, 6066324.604510925710201 ], [ 435022.006657560996246, 6066317.664940726011992 ], [ 435017.807342305779457, 6066314.580332430079579 ], [ 435011.973748381948099, 6066310.295264243148267 ], [ 435004.160654737614095, 6066304.556153936311603 ], [ 435001.940839202841744, 6066302.925587760284543 ], [ 434991.907930023851804, 6066295.555885930545628 ], [ 434990.514001677860506, 6066294.531975440680981 ], [ 434981.875020844861865, 6066288.186209447681904 ], [ 434976.86733133380767, 6066284.507796945981681 ], [ 434971.84211166575551, 6066280.816507617011666 ], [ 434963.220661049999762, 6066274.483618451282382 ], [ 434961.809202486707363, 6066273.446831135079265 ], [ 434951.776293307659216, 6066266.07715465221554 ], [ 434949.573981056804769, 6066264.45943995565176 ], [ 434941.743384128611069, 6066258.707452822476625 ], [ 434935.927320422139019, 6066254.435261460952461 ], [ 434931.710474949562922, 6066251.337776339612901 ], [ 434922.280665288039017, 6066244.411082966253161 ], [ 434921.677565770456567, 6066243.968074508942664 ], [ 434911.644656591466628, 6066236.598398027010262 ], [ 434908.633979794336483, 6066234.386904471553862 ], [ 434901.611747412418481, 6066229.228721544146538 ], [ 434894.987315010977909, 6066224.362725976854563 ], [ 434891.578838233370334, 6066221.8590197134763 ], [ 434881.545929054322187, 6066214.489343612454832 ], [ 434881.340639872592874, 6066214.338547481223941 ], [ 434871.51301987527404, 6066207.119641399942338 ], [ 434867.693986106663942, 6066204.314368986524642 ], [ 434861.4801106962841, 6066199.749964918009937 ], [ 434854.047298538556788, 6066194.290190491825342 ], [ 434851.447201517177746, 6066192.380288435146213 ], [ 434841.414292338187806, 6066185.01060920022428 ], [ 434840.400631532887928, 6066184.266011998057365 ], [ 434831.381383159139659, 6066177.640944503247738 ], [ 434826.753973826824222, 6066174.241833501495421 ], [ 434821.348473980091512, 6066170.271208291873336 ], [ 434813.107304851000663, 6066164.217655006796122 ], [ 434811.315564800985157, 6066162.901531809009612 ], [ 434801.282655621995218, 6066155.53192978631705 ], [ 434799.46053580933949, 6066154.193476512096822 ], [ 434791.249746442947071, 6066148.162294855341315 ], [ 434785.813852042250801, 6066144.169298017397523 ], [ 434781.216837263840716, 6066140.792577870190144 ], [ 434772.16730778105557, 6066134.145119522698224 ], [ 434771.183928084908985, 6066133.422775183804333 ], [ 434761.15101890580263, 6066126.052546759136021 ], [ 434758.520406442810781, 6066124.120941027067602 ], [ 434751.118109726754483, 6066118.683700593188405 ], [ 434744.873592377873138, 6066114.096762532368302 ], [ 434741.085200547706336, 6066111.314031681977212 ], [ 434731.226977800310124, 6066104.072584038600326 ], [ 434731.052291368658189, 6066103.944269118830562 ], [ 434721.019382189610042, 6066096.571426266804338 ], [ 434717.58326639351435, 6066094.048405542969704 ], [ 434710.986473010561895, 6066089.201719826087356 ], [ 434703.933699758723378, 6066084.024227047339082 ], [ 434700.953563831513748, 6066081.835187237709761 ], [ 434690.920654652465601, 6066074.464544500224292 ], [ 434690.288401890662499, 6066074.000048552639782 ], [ 434680.887745473417453, 6066067.089433560147882 ], [ 434676.648751459433697, 6066063.975870057940483 ], [ 434670.854836294369306, 6066059.717597575858235 ], [ 434663.003046779078431, 6066053.951691563241184 ], [ 434660.821927115321159, 6066052.349034620448947 ], [ 434650.78901793633122, 6066044.980512909591198 ], [ 434649.356010441784747, 6066043.927513068541884 ], [ 434640.756108757283073, 6066037.606381187215447 ], [ 434635.716195592773147, 6066033.903334572911263 ], [ 434630.723199578234926, 6066030.232511138543487 ], [ 434622.074261023604777, 6066023.879156078211963 ], [ 434620.690290399244986, 6066022.86189248599112 ], [ 434610.657381220138632, 6066015.491055825725198 ], [ 434608.430875418474898, 6066013.854977583512664 ], [ 434600.624472041090485, 6066008.11867144331336 ], [ 434594.789187953807414, 6066003.830799088813365 ], [ 434590.591562862042338, 6066000.746308202855289 ], [ 434581.147473735909443, 6065993.806620594114065 ], [ 434580.558653682994191, 6065993.373684164136648 ], [ 434570.525744503946044, 6065986.001581722870469 ], [ 434567.505759517953265, 6065983.782442099414766 ], [ 434560.492835324897896, 6065978.629218481481075 ], [ 434553.864045300055295, 6065973.758263603784144 ], [ 434550.459926145907957, 6065971.256855241954327 ], [ 434540.427016966801602, 6065963.884492001496255 ], [ 434540.222331082157325, 6065963.734085109084845 ], [ 434530.394107787753455, 6065956.512128761038184 ], [ 434526.580629933334421, 6065953.709906614385545 ], [ 434520.361198608705308, 6065949.139740255661309 ], [ 434512.938937029975932, 6065943.685728119686246 ], [ 434510.328289429657161, 6065941.767377015203238 ], [ 434500.295380250609014, 6065934.395013775676489 ], [ 434499.297222812077962, 6065933.661549624055624 ], [ 434490.262471071560867, 6065927.022650534287095 ], [ 434485.655508594121784, 6065923.637371129356325 ], [ 434480.229561892454512, 6065919.650287293829024 ], [ 434472.013794376223814, 6065913.613192634657025 ], [ 434470.196652713464573, 6065912.277924054302275 ], [ 434460.163743534416426, 6065904.905560814775527 ], [ 434458.372080158325844, 6065903.589014139957726 ], [ 434450.130834355426487, 6065897.533197574317455 ], [ 434444.73038444831036, 6065893.564835645258427 ], [ 434440.09792517637834, 6065890.160809068009257 ], [ 434431.088686106202658, 6065883.540657149627805 ], [ 434430.065015997330192, 6065882.788445827551186 ], [ 434420.032106818282045, 6065875.416082587093115 ], [ 434417.446971888304688, 6065873.516478654928505 ], [ 434409.999197639233898, 6065868.043719347566366 ], [ 434403.805257670406718, 6065863.492300160229206 ], [ 434399.966288460185751, 6065860.671356107108295 ], [ 434390.16354345245054, 6065853.468121665529907 ], [ 434389.933379281137604, 6065853.298992866650224 ], [ 434379.900470102089457, 6065845.926629627123475 ], [ 434376.52182923455257, 6065843.443943170830607 ], [ 434369.867560922983103, 6065838.554266385734081 ], [ 434362.880115016654599, 6065833.419764675199986 ], [ 434359.834651743993163, 6065831.181903146207333 ], [ 434349.801742564945016, 6065823.809516726993024 ], [ 434349.238433251855895, 6065823.395586180500686 ], [ 434339.768833385896869, 6065816.437159126624465 ], [ 434335.596706666226964, 6065813.371407685801387 ], [ 434329.735924206848722, 6065809.064802570268512 ], [ 434321.954980080598034, 6065803.347229191102087 ], [ 434319.703015027800575, 6065801.692446013912559 ], [ 434309.670105848752428, 6065794.32006670627743 ], [ 434308.313287878700066, 6065793.323050696402788 ], [ 434299.637196669704281, 6065786.947707636281848 ], [ 434294.671561293071136, 6065783.298872200772166 ], [ 434289.604287490714341, 6065779.575351079925895 ], [ 434281.029834707442205, 6065773.274693706072867 ], [ 434279.571378311607987, 6065772.202994522638619 ], [ 434269.53846913255984, 6065770.476802473887801 ], [ 434268.823031504172832, 6065773.274693706072867 ], [ 434269.538469132618047, 6065773.999065678566694 ], [ 434278.722463704179972, 6065783.298872200772166 ], [ 434279.571378311607987, 6065784.158389182761312 ], [ 434288.623017899051774, 6065793.323050696402788 ], [ 434289.604287490656134, 6065794.316572761163116 ], [ 434298.523574593709782, 6065803.347229191102087 ], [ 434299.637196669704281, 6065804.474756340496242 ], [ 434308.424131288309582, 6065813.371407685801387 ], [ 434309.670105848752428, 6065814.632939917966723 ], [ 434318.324662498664111, 6065823.395586180500686 ], [ 434319.703015027800575, 6065824.791153408586979 ], [ 434328.225215134560131, 6065833.419764675199986 ], [ 434329.73592420690693, 6065834.949336987920105 ], [ 434338.125771829218138, 6065843.443943170830607 ], [ 434339.768833385955077, 6065845.107520567253232 ], [ 434348.026304208789952, 6065853.468121666461229 ], [ 434349.801742564945016, 6065855.265734056942165 ], [ 434357.926855675468687, 6065863.492300160229206 ], [ 434359.834651743993163, 6065865.423917634412646 ], [ 434367.827412370126694, 6065873.516478654928505 ], [ 434369.867560923099518, 6065875.582101213745773 ], [ 434377.727969064668287, 6065883.540657149627805 ], [ 434379.90047010203125, 6065885.740284792147577 ], [ 434387.628503003332298, 6065893.564835645258427 ], [ 434389.933379281195812, 6065895.898498282767832 ], [ 434397.529052910977043, 6065903.589014139957726 ], [ 434399.966288460185751, 6065906.056681861169636 ], [ 434407.429609605576843, 6065913.613192634657025 ], [ 434409.999197639233898, 6065916.21486543957144 ], [ 434417.330166300176643, 6065923.637371128425002 ], [ 434420.032106818282045, 6065926.373057181015611 ], [ 434427.230693451943807, 6065933.661549625918269 ], [ 434430.065015997330192, 6065936.531262509524822 ], [ 434437.131250146543607, 6065943.685728119686246 ], [ 434440.09792517637834, 6065946.689446087926626 ], [ 434447.031806841143407, 6065953.709906615316868 ], [ 434450.130834355484694, 6065956.84762966632843 ], [ 434456.93234350788407, 6065963.734085109084845 ], [ 434460.163743534416426, 6065967.005843156017363 ], [ 434466.832890687277541, 6065973.758263603784144 ], [ 434470.196652713406365, 6065977.164026734419167 ], [ 434476.733447381993756, 6065983.782442099414766 ], [ 434480.22956189251272, 6065987.322210313752294 ], [ 434486.634004076593556, 6065993.806620594114065 ], [ 434490.262471071560867, 6065997.480415817350149 ], [ 434496.534520154003985, 6066003.830799088813365 ], [ 434500.295380250550807, 6066007.638652833178639 ], [ 434506.435042066499591, 6066013.854977583512664 ], [ 434510.328289429715369, 6066017.796861535869539 ], [ 434516.335573494143318, 6066023.879156078211963 ], [ 434520.361198608763516, 6066027.955084001645446 ], [ 434526.23607381893089, 6066033.903334573842585 ], [ 434530.394107787753455, 6066038.113313654437661 ], [ 434536.136602127866354, 6066043.927513068541884 ], [ 434540.427016966801602, 6066048.271540120244026 ], [ 434546.037115853687283, 6066053.951691563241184 ], [ 434550.459926145849749, 6066058.429755622521043 ], [ 434555.937640654155985, 6066063.975870057940483 ], [ 434560.492835324897896, 6066068.587986489757895 ], [ 434565.838134350779001, 6066074.000048552639782 ], [ 434570.525744503946044, 6066078.746235506609082 ], [ 434575.738641838543117, 6066084.024227048270404 ], [ 434580.558653682935983, 6066088.904456208460033 ], [ 434585.639146609697491, 6066094.048405542969704 ], [ 434590.591562862042338, 6066099.062708426266909 ], [ 434595.539621056173928, 6066104.072584037669003 ], [ 434600.624472041090485, 6066109.220961429178715 ], [ 434605.440095905447379, 6066114.096762532368302 ], [ 434610.657381220138632, 6066119.37924434710294 ], [ 434615.34056957194116, 6066124.120941027067602 ], [ 434620.690290399186779, 6066129.537497350946069 ], [ 434625.241045201197267, 6066134.145119522698224 ], [ 434630.723199578234926, 6066139.695780269801617 ], [ 434635.141518087708391, 6066144.169298017397523 ], [ 434640.756108757283073, 6066149.854050237685442 ], [ 434645.041977573186159, 6066154.193476512096822 ], [ 434650.789017936273012, 6066160.012316191568971 ], [ 434654.94245437241625, 6066164.217655006796122 ], [ 434660.821927115321159, 6066170.170599109493196 ], [ 434664.842926088895183, 6066174.241833501495421 ], [ 434670.854836294311099, 6066180.328852114267647 ], [ 434674.743403668224346, 6066184.266011997126043 ], [ 434680.887745473417453, 6066190.487135032191873 ], [ 434684.643874604720622, 6066194.290190491825342 ], [ 434690.920654652465601, 6066200.645388035103679 ], [ 434694.544352963974234, 6066204.314368986524642 ], [ 434700.953563831513748, 6066210.803670953959227 ], [ 434704.444823120487854, 6066214.338547481223941 ], [ 434710.986473010620102, 6066220.961923957802355 ], [ 434714.345302259782329, 6066224.362725976854563 ], [ 434721.019382189610042, 6066231.120206875726581 ], [ 434724.245762135251425, 6066234.386904471553862 ], [ 434731.052291368658189, 6066241.278489794582129 ], [ 434734.146231121732853, 6066244.411082966253161 ], [ 434741.085200547706336, 6066251.436742798425257 ], [ 434744.046711431001313, 6066254.435261460952461 ], [ 434751.118109726754483, 6066261.595025716349483 ], [ 434753.947179637500085, 6066264.45943995565176 ], [ 434761.15101890580263, 6066271.753278720192611 ], [ 434763.847660726809409, 6066274.483618451282382 ], [ 434771.183928084850777, 6066281.911561638116837 ], [ 434773.748128153267317, 6066284.507796945981681 ], [ 434781.216837263898924, 6066292.069814642891288 ], [ 434783.648610022559296, 6066294.531975440680981 ], [ 434791.249746442947071, 6066302.228097559884191 ], [ 434793.5490698980866, 6066304.55615393538028 ], [ 434801.282655621995218, 6066312.386380477808416 ], [ 434803.449536154570524, 6066314.580332430079579 ], [ 434811.315564801043365, 6066322.544633482582867 ], [ 434813.350019193836488, 6066324.604510925710201 ], [ 434821.348473980091512, 6066332.702916400507092 ], [ 434823.250484670395963, 6066334.628689420409501 ], [ 434831.381383159197867, 6066342.861169404350221 ], [ 434833.150968489586376, 6066344.6528679151088 ], [ 434841.414292338187806, 6066353.019452322274446 ], [ 434843.051433186163194, 6066354.677046409808099 ], [ 434851.447201517177746, 6066363.177705326117575 ], [ 434852.951917785336263, 6066364.701224904507399 ], [ 434861.480110696225893, 6066373.3359882440418 ], [ 434862.852377660805359, 6066374.725403400138021 ], [ 434871.51301987527404, 6066383.494271162897348 ], [ 434872.752841187349986, 6066384.74958189483732 ], [ 434881.545929054322187, 6066393.652524165809155 ], [ 434882.653326956555247, 6066394.773760389536619 ], [ 434891.578838233370334, 6066403.810807084664702 ], [ 434892.55378970305901, 6066404.797938884235919 ], [ 434901.611747412418481, 6066413.969443259760737 ], [ 434902.453897344646975, 6066414.822117378935218 ], [ 434911.644656591466628, 6066424.128148363903165 ], [ 434912.353941989713348, 6066424.84629587456584 ], [ 434921.677565770514775, 6066434.28689194470644 ], [ 434922.253944564086851, 6066434.870474369265139 ], [ 434931.710474949562922, 6066444.445621943101287 ], [ 434932.153964162163902, 6066444.894652863964438 ], [ 434941.743384128611069, 6066454.604363050311804 ], [ 434942.053970319917426, 6066454.918831358663738 ], [ 434951.776293307659216, 6066464.763146935030818 ], [ 434951.953935703786556, 6066464.94300985429436 ], [ 434961.809202486707363, 6066474.921913888305426 ], [ 434961.853918110253289, 6066474.967188348993659 ], [ 434971.753887278900947, 6066484.991366843692958 ], [ 434971.84211166575551, 6066485.080694019794464 ], [ 434981.654283251729794, 6066495.015545338392258 ], [ 434981.875020844803657, 6066495.239042771980166 ], [ 434991.554707470466383, 6066505.039723833091557 ], [ 434991.907930023793597, 6066505.397361608222127 ], [ 435001.455132339207921, 6066515.063902328722179 ], [ 435001.940839202899951, 6066515.55568044539541 ], [ 435011.355529482592829, 6066525.088080823421478 ], [ 435011.973748381948099, 6066525.71402919664979 ], [ 435021.255952530773357, 6066535.1122593190521 ], [ 435022.006657560938038, 6066535.87234803289175 ], [ 435031.156377399514895, 6066545.1364378137514 ], [ 435032.039566740044393, 6066546.030666870065033 ], [ 435041.056775713339448, 6066555.160616307519376 ], [ 435042.072475919034332, 6066556.189015621319413 ], [ 435050.957197590963915, 6066565.184794803149998 ], [ 435052.105385098082479, 6066566.347334458492696 ], [ 435060.857596685236786, 6066575.208973297849298 ], [ 435062.138294277130626, 6066576.505683209747076 ], [ 435070.758017782412935, 6066585.233151792548597 ], [ 435072.171203456120566, 6066586.664002045989037 ], [ 435080.658442651212681, 6066595.257330287247896 ], [ 435082.20411263522692, 6066596.82232088316232 ], [ 435090.558842916041613, 6066605.281508781947196 ], [ 435092.237021814275067, 6066606.980669634416699 ], [ 435100.459262842778116, 6066615.305687277577817 ], [ 435102.269930993323214, 6066617.138988471589983 ], [ 435110.359687711461447, 6066625.329865772277117 ], [ 435112.302840172371361, 6066627.297307307831943 ], [ 435120.260089146904647, 6066635.354044266976416 ], [ 435122.335749351419508, 6066637.455656059086323 ], [ 435130.160507903026883, 6066645.378222761675715 ], [ 435132.368658530467656, 6066647.613974897190928 ], [ 435140.060932771826629, 6066655.402401256375015 ], [ 435142.401567709515803, 6066657.772293732501566 ], [ 435149.961335377767682, 6066665.426579752005637 ], [ 435152.434476888505742, 6066667.930642484687269 ], [ 435159.861752963333856, 6066675.450758247636259 ], [ 435162.467386067612097, 6066678.088961321860552 ], [ 435169.762177832075395, 6066685.474936740472913 ], [ 435172.500295246718451, 6066688.247280158102512 ], [ 435179.662581608572509, 6066695.499115236103535 ], [ 435182.533204425708391, 6066698.405628910288215 ], [ 435189.562998023582622, 6066705.523293731734157 ], [ 435192.566113604814745, 6066708.563947747461498 ], [ 435199.463402580469847, 6066715.547472226433456 ], [ 435202.599022783804685, 6066718.722296497784555 ], [ 435209.36381821508985, 6066725.571650721132755 ], [ 435212.631931962794624, 6066728.880615334957838 ], [ 435219.264243083889596, 6066735.595829215832055 ], [ 435222.664841141900979, 6066739.038934171199799 ], [ 435229.164648811332881, 6066745.620007710531354 ], [ 435232.697750320890918, 6066749.197282922454178 ], [ 435239.065063275338616, 6066755.644186206161976 ], [ 435242.730659499880858, 6066759.355601759627461 ], [ 435248.965488144138362, 6066765.668364700861275 ], [ 435252.763568678987212, 6066769.513920596800745 ], [ 435258.865895042079501, 6066775.692543195560575 ], [ 435262.79647785803536, 6066779.672269348055124 ], [ 435268.766308335703798, 6066785.716721690259874 ], [ 435272.829387037083507, 6066789.830588184297085 ], [ 435278.666733204387128, 6066795.740900184959173 ], [ 435282.862296216131654, 6066799.988907020539045 ], [ 435288.567141272942536, 6066805.765078680589795 ], [ 435292.895205395179801, 6066810.147255772724748 ], [ 435298.467553395894356, 6066815.789257174357772 ], [ 435302.928114574286155, 6066820.305574608966708 ], [ 435308.367962244781666, 6066825.813435669988394 ], [ 435312.961023753276095, 6066830.463923361152411 ], [ 435318.268373587401584, 6066835.837614164687693 ], [ 435322.99393293238245, 6066840.622242197394371 ], [ 435328.16879845620133, 6066845.861792659386992 ], [ 435333.026842111372389, 6066850.780561033636332 ], [ 435338.0692084756447, 6066855.885971155017614 ], [ 435343.059751290420536, 6066860.938909785822034 ], [ 435347.969618647708558, 6066865.910149649716914 ], [ 435353.092660469468683, 6066871.097228622063994 ], [ 435357.870043516508304, 6066875.934328144416213 ], [ 435363.12556964851683, 6066881.255547458305955 ], [ 435367.770454706507735, 6066885.958506639115512 ], [ 435373.158478827564977, 6066891.413896210491657 ], [ 435377.670863708015531, 6066895.982685133814812 ], [ 435383.191388006613124, 6066901.572215046733618 ], [ 435387.571288576698862, 6066906.006863629445434 ], [ 435393.224297185661271, 6066911.730533883906901 ], [ 435397.471700937312562, 6066916.031042124144733 ], [ 435403.257206364709418, 6066921.888882635161281 ], [ 435407.372108768264297, 6066926.055220618844032 ], [ 435413.290115543757565, 6066932.047201471403241 ], [ 435417.272533637005836, 6066936.079399113543332 ], [ 435423.323024722805712, 6066942.205520307645202 ], [ 435427.172947168117389, 6066946.103577608242631 ], [ 435433.355933901853859, 6066952.363869060762227 ], [ 435437.073353828513063, 6066956.127756103873253 ], [ 435443.388843080843799, 6066962.52218789793551 ], [ 435446.973768140014727, 6066966.151934598572552 ], [ 435453.421752259950154, 6066972.680536648258567 ], [ 435456.874174020020291, 6066976.176113093271852 ], [ 435463.454661438940093, 6066982.838855484500527 ], [ 435466.77459888876183, 6066986.200291587971151 ], [ 435473.487570618046448, 6066992.99717432167381 ], [ 435476.675014370819554, 6066996.224470083601773 ], [ 435483.520479797036387, 6067003.15552307292819 ], [ 435486.575419080327265, 6067006.248648578301072 ], [ 435493.553388976084534, 6067013.313841910101473 ], [ 435496.475843949010596, 6067016.272827072069049 ], [ 435503.586298155132681, 6067023.472160747274756 ], [ 435506.376260601624381, 6067026.297005567699671 ], [ 435513.619207334180828, 6067033.630509497597814 ], [ 435516.276664140576031, 6067036.32118406239897 ], [ 435523.652116513228975, 6067043.788828335702419 ], [ 435526.177089009317569, 6067046.345362558029592 ], [ 435533.685025692277122, 6067053.94714717194438 ], [ 435536.077506832429208, 6067056.369541052728891 ], [ 435543.717934871325269, 6067064.10549592319876 ], [ 435545.977909200883005, 6067066.393719547428191 ], [ 435553.750844050373416, 6067074.26381475944072 ], [ 435555.878334069624543, 6067076.41789804212749 ], [ 435563.783753229421563, 6067084.422157483175397 ], [ 435565.778729392332025, 6067086.442076535895467 ], [ 435573.81666240846971, 6067094.580482348799706 ], [ 435575.679154261131771, 6067096.466255032457411 ], [ 435583.849571587517858, 6067104.738801185041666 ], [ 435585.57957403518958, 6067106.490433527156711 ], [ 435593.882480766566005, 6067114.897149936296046 ], [ 435595.479974452638999, 6067116.51461202185601 ], [ 435603.915389945614152, 6067125.055468772538006 ], [ 435605.380399321438745, 6067126.538790516555309 ], [ 435613.948299124662299, 6067135.213787609711289 ], [ 435615.280820265994407, 6067136.562969011254609 ], [ 435623.981208303710446, 6067145.372136361896992 ], [ 435625.181219512887765, 6067146.587147506885231 ], [ 435634.014117482700385, 6067155.530455198138952 ], [ 435635.081644381629303, 6067156.61132600158453 ], [ 435644.047026661748532, 6067165.688774034380913 ], [ 435644.982066496799234, 6067166.635504496283829 ], [ 435654.079935840796679, 6067175.847122786566615 ], [ 435654.882464573194738, 6067176.659682990983129 ], [ 435664.112845019844826, 6067186.005441622808576 ], [ 435664.782889441936277, 6067186.683861485682428 ], [ 435674.145754198892973, 6067196.163760459050536 ], [ 435674.683312727604061, 6067196.70803998131305 ], [ 435684.17866337794112, 6067206.322109211236238 ], [ 435684.583709633443505, 6067206.732218476012349 ], [ 435694.211572556989267, 6067216.480428047478199 ], [ 435694.484133699559607, 6067216.756396970711648 ], [ 435704.244481736037415, 6067226.638776799663901 ], [ 435704.384529824950732, 6067226.780575465410948 ], [ 435714.277390915085562, 6067236.797095635905862 ], [ 435714.284954693692271, 6067236.80475396104157 ], [ 435724.185379562433809, 6067246.828932455740869 ], [ 435724.310300094133709, 6067246.955414473079145 ], [ 435734.085775643354282, 6067256.853110950440168 ], [ 435734.343209273181856, 6067257.113763224333525 ], [ 435743.986199753999244, 6067266.877289445139468 ], [ 435744.376118452230003, 6067267.272082060575485 ], [ 435753.88662462279899, 6067276.901467939838767 ], [ 435754.40902763127815, 6067277.430400897748768 ], [ 435763.787021874217317, 6067286.925646435469389 ], [ 435764.441936810326297, 6067287.588749649003148 ], [ 435773.687444814306218, 6067296.949824930168688 ], [ 435774.474845989374444, 6067297.747068486176431 ], [ 435783.587869683105964, 6067306.974003424867988 ], [ 435784.507755168422591, 6067307.905387322418392 ], [ 435793.488268105080351, 6067316.998181919567287 ], [ 435794.540664347470738, 6067318.063736073672771 ], [ 435803.388689874554984, 6067327.022360414266586 ], [ 435804.573573526518885, 6067328.222054909914732 ], [ 435813.289089076919481, 6067337.046538909897208 ], [ 435814.606482705508824, 6067338.380403662100434 ], [ 435823.189510066062212, 6067347.07071740552783 ], [ 435824.639391884556971, 6067348.538722499273717 ], [ 435833.08993493480375, 6067357.094895899295807 ], [ 435834.672301063605119, 6067358.697041335515678 ], [ 435842.990335307724308, 6067367.119074393995106 ], [ 435844.705210242653266, 6067368.85539008770138 ], [ 435852.89075512625277, 6067377.143252888694406 ], [ 435854.738119421701413, 6067379.013708923943341 ], [ 435862.791179995110724, 6067387.167431384325027 ], [ 435864.77102860074956, 6067389.172027761116624 ], [ 435872.691581538529135, 6067397.191609879955649 ], [ 435874.803937779797707, 6067399.330376512371004 ], [ 435882.592000186617952, 6067407.215788373723626 ], [ 435884.836846958904061, 6067409.488695349544287 ], [ 435892.49242505535949, 6067417.239966868422925 ], [ 435894.869756137894001, 6067419.647014185786247 ], [ 435902.39282776939217, 6067427.264145363122225 ], [ 435904.902665316942148, 6067429.805362937040627 ], [ 435912.293245246866718, 6067437.288323858752847 ], [ 435914.935574496048503, 6067439.96368177421391 ], [ 435922.193670115666464, 6067447.312502353452146 ], [ 435924.968483675038442, 6067450.12200899515301 ], [ 435932.094065438432153, 6067457.336680848151445 ], [ 435935.001392854144797, 6067460.280349362641573 ], [ 435941.994490307173692, 6067467.360859342850745 ], [ 435945.034302033134736, 6067470.438668197952211 ], [ 435951.894894972094335, 6067477.385037837550044 ], [ 435955.067211212124676, 6067480.597016950137913 ], [ 435961.795310498680919, 6067487.409216333180666 ], [ 435965.10012039123103, 6067490.755335787311196 ], [ 435971.695735367480665, 6067497.433394827879965 ], [ 435975.133029570279177, 6067500.913654623553157 ], [ 435981.596141202899162, 6067507.457573322579265 ], [ 435985.165938749385532, 6067511.072003375738859 ], [ 435991.496555558987893, 6067517.481751818209887 ], [ 435995.198847928433679, 6067521.23032221198082 ], [ 436001.396980427671224, 6067527.505930311977863 ], [ 436005.231757107423618, 6067531.38864104822278 ], [ 436011.297387433820404, 6067537.530108807608485 ], [ 436015.264666286471765, 6067541.546989800408483 ], [ 436021.197800619178452, 6067547.554287302307785 ], [ 436025.297575465461705, 6067551.705308636650443 ], [ 436031.098225487978198, 6067557.578465797007084 ], [ 436035.330484644509852, 6067561.863627472892404 ], [ 436040.998633664508816, 6067567.602644291706383 ], [ 436045.363393823557999, 6067572.021976225078106 ], [ 436050.899045679485425, 6067577.626822787337005 ], [ 436055.396303002606146, 6067582.180295061320066 ], [ 436060.799454636406153, 6067587.651001282036304 ], [ 436065.429212181654293, 6067592.338643813505769 ], [ 436070.699865870992653, 6067597.675179775804281 ], [ 436075.46212136070244, 6067602.496962649747729 ], [ 436080.600290739734191, 6067607.699358271434903 ], [ 436085.495030539750587, 6067612.65528148598969 ], [ 436090.500700867269188, 6067617.723536766134202 ], [ 436095.527939718798734, 6067622.813630238175392 ], [ 436100.401110931299627, 6067627.747715261764824 ], [ 436105.560848897846881, 6067632.971949074417353 ], [ 436110.301535800041165, 6067637.771893756464124 ], [ 436115.593758076895028, 6067643.130267910659313 ], [ 436120.201947098132223, 6067647.796072251163423 ], [ 436125.626667255943175, 6067653.288616662845016 ], [ 436130.102355991548393, 6067657.820250745862722 ], [ 436135.659576434991322, 6067663.446935499086976 ], [ 436140.002780860289931, 6067667.844429240562022 ], [ 436145.69248561403947, 6067673.605254336260259 ], [ 436149.903193328878842, 6067677.868607736192644 ], [ 436155.725394793087617, 6067683.763603087514639 ], [ 436159.803601051797159, 6067687.892786230891943 ], [ 436165.758303972135764, 6067693.921921923756599 ], [ 436169.704025920596905, 6067697.916964725591242 ], [ 436175.791213151183911, 6067704.080259153619409 ], [ 436179.604421243362594, 6067707.941143220290542 ], [ 436185.824122330290265, 6067714.238589512184262 ], [ 436189.504846112104133, 6067717.965321714989841 ], [ 436195.857031509280205, 6067724.396908348426223 ], [ 436199.405260531697422, 6067727.989500210620463 ], [ 436205.889940688328352, 6067734.555257101543248 ], [ 436209.30566630361136, 6067738.013678705319762 ], [ 436215.922849867376499, 6067744.713575937785208 ], [ 436219.206091172411107, 6067748.037857200019062 ], [ 436225.955759046366438, 6067754.871894774027169 ], [ 436229.106506762444042, 6067758.062035694718361 ], [ 436235.988668225472793, 6067765.030243526212871 ], [ 436239.006911363918334, 6067768.086214190348983 ], [ 436246.021577404462732, 6067775.188562362454832 ], [ 436248.907336232601665, 6067778.11039268411696 ], [ 436256.054486583510879, 6067785.346881199628115 ], [ 436258.807752993307076, 6067788.134571179747581 ], [ 436266.087395762559026, 6067795.505229950882494 ], [ 436268.708156424108893, 6067798.158749674446881 ], [ 436276.120304941607174, 6067805.663548787124455 ], [ 436278.608581292908639, 6067808.18292816914618 ], [ 436286.153214120655321, 6067815.821867624297738 ], [ 436288.508999224111903, 6067818.207106664776802 ], [ 436296.186123299703468, 6067818.244461135938764 ] ], [ [ 432543.878090336802416, 6065968.1341847255826 ], [ 432553.910999515850563, 6065973.315785847604275 ], [ 432563.94390869489871, 6065969.142261227592826 ], [ 432566.65610007639043, 6065963.734085109084845 ], [ 432571.690906485542655, 6065953.709906613454223 ], [ 432573.976817873946857, 6065949.163974164053798 ], [ 432576.72040035732789, 6065943.685728119686246 ], [ 432581.7575764170615, 6065933.661549624986947 ], [ 432584.009727052995004, 6065929.184286708943546 ], [ 432586.782867500616703, 6065923.637371128425002 ], [ 432591.807314211153425, 6065913.613192634657025 ], [ 432594.042636232043151, 6065909.175101243890822 ], [ 432596.840863692748826, 6065903.589014139957726 ], [ 432601.856458241003565, 6065893.564835645258427 ], [ 432604.075545411091298, 6065889.146440951153636 ], [ 432606.883634659810923, 6065883.540657149627805 ], [ 432612.034625549451448, 6065873.516478654928505 ], [ 432614.108454590139445, 6065869.395671116188169 ], [ 432617.137701826635748, 6065863.492300160229206 ], [ 432621.587351136666257, 6065853.468121665529907 ], [ 432624.141363769187592, 6065850.656649854965508 ], [ 432628.014626830059569, 6065843.443943170830607 ], [ 432633.397667007579003, 6065833.419764675199986 ], [ 432634.174272948235739, 6065831.07286530546844 ], [ 432636.224202309269458, 6065823.395586180500686 ], [ 432636.075637806730811, 6065813.371407685801387 ], [ 432635.927062276401557, 6065803.347229190170765 ], [ 432635.778500605723821, 6065793.323050696402788 ], [ 432635.629925075336359, 6065783.298872200772166 ], [ 432635.655030377150979, 6065773.274693706072867 ], [ 432635.741213798173703, 6065763.250515211373568 ], [ 432637.288330992567353, 6065753.226336716674268 ], [ 432639.084134052623995, 6065743.202158221974969 ], [ 432640.879937112622429, 6065733.177979726344347 ], [ 432642.67575652373489, 6065723.153801230713725 ], [ 432644.207182127225678, 6065714.605394995771348 ], [ 432644.471562529273797, 6065713.129622736945748 ], [ 432646.267365589272231, 6065703.105444241315126 ], [ 432648.063168649328873, 6065693.08126574754715 ], [ 432649.858960839279462, 6065683.057087251916528 ], [ 432651.654746121494099, 6065673.032908757217228 ], [ 432653.450508236943278, 6065663.008730262517929 ], [ 432654.240091306332033, 6065658.601185267791152 ], [ 432655.24626505561173, 6065652.98455176781863 ], [ 432657.041965782351326, 6065642.960373272188008 ], [ 432658.837593892414588, 6065632.936194777488708 ], [ 432660.633981924620457, 6065622.912016282789409 ], [ 432662.430314987315796, 6065612.88783778809011 ], [ 432664.226545577170327, 6065602.86365929339081 ], [ 432664.27300048538018, 6065602.604419796727598 ], [ 432666.022577813535463, 6065592.839480797760189 ], [ 432667.818602901999839, 6065582.815302303060889 ], [ 432669.069248643121682, 6065572.791123807430267 ], [ 432666.805580556741916, 6065562.766945313662291 ], [ 432664.497735146665946, 6065552.742766818962991 ], [ 432664.273000485321973, 6065551.766626757569611 ], [ 432662.189889736648183, 6065542.718588323332369 ], [ 432659.882034812530037, 6065532.69440982863307 ], [ 432657.574184402008541, 6065522.670231333933771 ], [ 432655.266333991487045, 6065512.646052839234471 ], [ 432654.240091306332033, 6065508.188554290682077 ], [ 432652.95848635782022, 6065502.621874343603849 ], [ 432650.65064094774425, 6065492.59769584890455 ], [ 432648.342795537784696, 6065482.573517354205251 ], [ 432646.034950127766933, 6065472.549338859505951 ], [ 432644.207182127283886, 6065464.610387400723994 ], [ 432643.727103677520063, 6065462.525160364806652 ], [ 432641.419253266940359, 6065452.500981871038675 ], [ 432639.660617412999272, 6065442.476803374476731 ], [ 432644.207182127283886, 6065436.455641965381801 ], [ 432648.903692864929326, 6065442.476803374476731 ], [ 432654.240091306390241, 6065449.318354625254869 ], [ 432656.722541365888901, 6065452.500981870107353 ], [ 432664.27300048538018, 6065462.181054510176182 ], [ 432664.541402472008485, 6065462.525160364806652 ], [ 432672.36026491317898, 6065472.549338859505951 ], [ 432674.30590966437012, 6065475.043754394166172 ], [ 432677.872395766666159, 6065472.549338859505951 ], [ 432682.362664095708169, 6065462.525160364806652 ], [ 432683.476674293226097, 6065452.500981870107353 ], [ 432684.250199893780518, 6065442.476803374476731 ], [ 432684.338818843476474, 6065441.328381330706179 ], [ 432685.023725193284918, 6065432.452624878846109 ], [ 432685.797265208035242, 6065422.428446386009455 ], [ 432686.570789344143122, 6065412.40426788944751 ], [ 432687.344318585470319, 6065402.380089395679533 ], [ 432688.117854658397846, 6065392.355910899117589 ], [ 432688.891378794505727, 6065382.331732405349612 ], [ 432689.664911977597512, 6065372.307553910650313 ], [ 432690.43844410876045, 6065362.283375415951014 ], [ 432691.211968244810123, 6065352.259196920320392 ], [ 432691.985505369724706, 6065342.235018425621092 ], [ 432692.759033559123054, 6065332.210839930921793 ], [ 432693.532557695172727, 6065322.186661436222494 ], [ 432694.371728022466414, 6065317.634032579138875 ], [ 432695.063361828681082, 6065312.162482941523194 ], [ 432694.371728022466414, 6065310.95284696854651 ], [ 432686.823679517838173, 6065302.138304445892572 ], [ 432694.371728022466414, 6065297.076233170926571 ], [ 432702.349534599925391, 6065292.114125951193273 ], [ 432704.404637201514561, 6065289.221182137727737 ], [ 432710.984161008731462, 6065282.089947456493974 ], [ 432704.404637201514561, 6065272.29449768178165 ], [ 432704.27764501911588, 6065272.065768962725997 ], [ 432694.371728022466414, 6065265.57632303237915 ], [ 432690.090301377116702, 6065262.041590467095375 ], [ 432684.338818843476474, 6065258.642932032234967 ], [ 432677.878291256492957, 6065262.041590467095375 ], [ 432674.305909664428327, 6065264.356363785453141 ], [ 432672.693304024869576, 6065262.041590467095375 ], [ 432672.055717752606142, 6065252.017411971464753 ], [ 432667.3071337697329, 6065241.993233476765454 ], [ 432664.27300048538018, 6065239.260253127664328 ], [ 432656.7303267561947, 6065231.969054982066154 ], [ 432654.240091306390241, 6065229.561839317902923 ], [ 432646.360435510228854, 6065221.944876487366855 ], [ 432644.207182127283886, 6065219.863413384184241 ], [ 432635.99052013043547, 6065211.920697992667556 ], [ 432634.174272948177531, 6065210.165001088753343 ], [ 432625.620628884527832, 6065201.896519497036934 ], [ 432624.1413637692458, 6065200.46657363884151 ], [ 432615.250713504676241, 6065191.872341002337635 ], [ 432614.108454590139445, 6065190.768162861466408 ], [ 432604.880822258826811, 6065181.848162507638335 ], [ 432604.075545411091298, 6065181.069732081145048 ], [ 432594.510931012919173, 6065171.823984013870358 ], [ 432594.042636232043151, 6065171.371302356943488 ], [ 432584.009727052995004, 6065162.375887282192707 ], [ 432573.976817873946857, 6065163.450265929102898 ], [ 432572.784863089036662, 6065171.823984012939036 ], [ 432571.357973933918402, 6065181.848162507638335 ], [ 432569.931084778625518, 6065191.872341001406312 ], [ 432568.504186726931948, 6065201.896519497036934 ], [ 432567.077300355420448, 6065211.920697992667556 ], [ 432565.650397740129847, 6065221.944876487366855 ], [ 432563.94390869489871, 6065229.016272906213999 ], [ 432559.98456800612621, 6065221.944876487366855 ], [ 432553.910999515850563, 6065214.420554018579423 ], [ 432553.78699676587712, 6065211.920697992667556 ], [ 432553.048016558168456, 6065201.896519497036934 ], [ 432543.878090336802416, 6065192.866494958288968 ], [ 432542.870125076035038, 6065191.872341002337635 ], [ 432542.641266710183118, 6065181.848162507638335 ], [ 432541.697672410169616, 6065171.823984012939036 ], [ 432540.638332277419977, 6065161.799805518239737 ], [ 432533.845181157754268, 6065154.86723359208554 ], [ 432530.698317073401995, 6065151.775627022609115 ], [ 432529.729843946523033, 6065141.751448527909815 ], [ 432528.254552577389404, 6065131.727270033210516 ], [ 432526.533758053905331, 6065121.703091538511217 ], [ 432523.812271978706121, 6065118.741401322185993 ], [ 432516.568598201847635, 6065111.678913042880595 ], [ 432514.283785710518714, 6065101.654734547249973 ], [ 432513.779362799657974, 6065099.695798859931529 ], [ 432504.745150784670841, 6065091.630556053481996 ], [ 432503.74645362055162, 6065090.738974683918059 ], [ 432493.713544441619888, 6065081.787338061258197 ], [ 432493.511131474690046, 6065081.606377558782697 ], [ 432483.680635262571741, 6065072.813642622902989 ], [ 432482.302007591235451, 6065071.582199064083397 ], [ 432473.647726083523594, 6065063.851860092021525 ], [ 432471.073611381405499, 6065061.558020568452775 ], [ 432463.614816904533654, 6065054.902240322902799 ], [ 432457.244630556437187, 6065051.533842073753476 ], [ 432453.5819077254273, 6065047.254742121323943 ], [ 432452.111946921038907, 6065041.509663579054177 ], [ 432446.647926516248845, 6065031.485485084354877 ], [ 432443.54899854643736, 6065027.245632307603955 ], [ 432440.076566276024096, 6065021.461306589655578 ], [ 432434.140486475429498, 6065011.437128094024956 ], [ 432433.516089367331006, 6065010.532962320372462 ], [ 432428.041185630951077, 6065001.412949599325657 ], [ 432423.483180188282859, 6064993.820292335003614 ], [ 432422.023493328306358, 6064991.388771104626358 ], [ 432416.005804985936265, 6064981.364592609927058 ], [ 432413.450271009234712, 6064977.107622350566089 ], [ 432409.988109966740012, 6064971.340414115227759 ], [ 432403.970424340979662, 6064961.316235619597137 ], [ 432403.417361830186564, 6064960.394952364265919 ], [ 432397.952726605231874, 6064951.292057124897838 ], [ 432393.384452651138417, 6064943.68230505194515 ], [ 432391.935030085383914, 6064941.267878630198538 ], [ 432385.917343243665528, 6064931.243700135499239 ], [ 432383.35154347209027, 6064926.969635067507625 ], [ 432379.899649440427311, 6064921.21952164079994 ], [ 432373.881959882040974, 6064911.195343144237995 ], [ 432373.318634293042123, 6064910.256965081207454 ], [ 432367.864268795412499, 6064901.171164650470018 ], [ 432363.285725113993976, 6064893.544295096769929 ], [ 432361.84657847287599, 6064891.146986155770719 ], [ 432355.82888815033948, 6064881.12280766107142 ], [ 432353.252815934945829, 6064876.831625111401081 ], [ 432349.811193158966489, 6064871.09862916637212 ], [ 432343.793507505382877, 6064861.074450670741498 ], [ 432343.219906755897682, 6064860.118955125100911 ], [ 432337.775809797458351, 6064851.050272176042199 ], [ 432333.186997576849535, 6064843.406290523707867 ], [ 432331.758124921878334, 6064841.026093680411577 ], [ 432325.485123127233237, 6064831.0019151866436 ], [ 432323.15408839774318, 6064828.6341622620821 ], [ 432313.121179218753241, 6064828.824240490794182 ], [ 432303.088270039705094, 6064829.97330326680094 ], [ 432301.433740527543705, 6064831.0019151866436 ], [ 432293.055360860715155, 6064836.010631622746587 ], [ 432285.171797560760751, 6064841.026093682274222 ], [ 432283.022451681667008, 6064842.393491893075407 ], [ 432280.499150337418541, 6064841.0260936813429 ], [ 432277.806096017477103, 6064831.0019151866436 ], [ 432279.006473679561168, 6064820.977736691012979 ], [ 432283.022451681667008, 6064813.477671787142754 ], [ 432283.741630732256453, 6064810.953558196313679 ], [ 432283.022451681667008, 6064806.175660826265812 ], [ 432272.98954250261886, 6064803.204937610775232 ], [ 432262.956633323570713, 6064807.568372510373592 ], [ 432256.363649697392248, 6064810.953558196313679 ], [ 432252.923724144522566, 6064812.285418041981757 ], [ 432251.18301785166841, 6064810.953558196313679 ], [ 432242.890814965474419, 6064807.262438694015145 ], [ 432232.85790578648448, 6064803.270066956989467 ], [ 432226.909017826314084, 6064800.92937970161438 ], [ 432222.824996607378125, 6064799.414226034656167 ], [ 432212.792087428329978, 6064795.692061726003885 ], [ 432202.759178249281831, 6064792.044771024025977 ], [ 432193.725620839628391, 6064800.92937970161438 ], [ 432192.726269070233684, 6064802.31903325766325 ], [ 432182.693359891185537, 6064805.110112329944968 ], [ 432172.660450712079182, 6064807.901191400364041 ], [ 432162.627541533089243, 6064810.692270473577082 ], [ 432161.68830766400788, 6064810.953558197245002 ], [ 432152.594632354041096, 6064813.483349544927478 ], [ 432142.561723174992949, 6064811.270918472670019 ], [ 432142.421006167889573, 6064810.953558196313679 ], [ 432142.561723174992949, 6064809.82795187458396 ], [ 432143.674171965220012, 6064800.92937970161438 ], [ 432144.927339633286465, 6064790.905201206915081 ], [ 432145.807705597428139, 6064780.881022712215781 ], [ 432144.960392817039974, 6064770.856844216585159 ], [ 432142.992655517708044, 6064760.83266572188586 ], [ 432142.561723174992949, 6064759.996264804154634 ], [ 432132.528813995944802, 6064755.767656784504652 ], [ 432122.495904816896655, 6064756.036136733368039 ], [ 432112.462995637848508, 6064753.711457379162312 ], [ 432110.103765771724284, 6064750.808487227186561 ], [ 432102.430086458800361, 6064743.426446575671434 ], [ 432092.675213943235576, 6064740.784308732487261 ], [ 432092.397177279810421, 6064740.722596901468933 ], [ 432082.364268100820482, 6064738.495714500546455 ], [ 432072.331358921714127, 6064736.268852794542909 ], [ 432062.298449742724188, 6064734.041984312236309 ], [ 432052.265540563617833, 6064731.815108686685562 ], [ 432047.512437602505088, 6064730.760130237787962 ], [ 432042.232631384569686, 6064729.588246980682015 ], [ 432032.199722205521539, 6064727.361364580690861 ], [ 432022.166813026473392, 6064725.134502873755991 ], [ 432012.133903847425245, 6064722.907636683434248 ], [ 432002.349658950814046, 6064720.73595174215734 ], [ 432002.100994668377098, 6064720.680758765898645 ], [ 431992.068085489328951, 6064718.453897060826421 ], [ 431982.035176310339011, 6064716.227023968473077 ], [ 431972.002267131232657, 6064714.000152952969074 ], [ 431961.969357952184509, 6064711.773289055563509 ], [ 431957.186836127890274, 6064710.711773247458041 ], [ 431951.936448773136362, 6064709.551074339076877 ], [ 431941.903539594088215, 6064707.397661548107862 ], [ 431931.870630415040068, 6064705.324000537395477 ], [ 431921.837721235991921, 6064703.325969146564603 ], [ 431911.804812056943774, 6064701.397849068045616 ], [ 431908.05173575412482, 6064700.687594752758741 ], [ 431901.771902877895627, 6064699.488726238720119 ], [ 431891.73899369884748, 6064697.573366520926356 ], [ 431881.706084519857541, 6064695.658016489818692 ], [ 431871.673175340809394, 6064693.742660460993648 ], [ 431861.640266161761247, 6064691.827304432168603 ], [ 431855.543653218774125, 6064690.663416258990765 ], [ 431851.607356982771307, 6064689.911948405206203 ], [ 431841.574447803664953, 6064687.996592376381159 ], [ 431831.541538624675013, 6064686.081236347556114 ], [ 431821.508629445568658, 6064684.165887109935284 ], [ 431811.475720266462304, 6064682.250527393072844 ], [ 431803.03557068342343, 6064680.639237763360143 ], [ 431801.442811087472364, 6064680.33516826108098 ], [ 431791.409901908424217, 6064678.419827261939645 ], [ 431781.37699272937607, 6064676.504467546008527 ], [ 431771.344083550327923, 6064674.589107828214765 ], [ 431761.311174371279776, 6064672.673763450235128 ], [ 431751.278265192231629, 6064674.144203268922865 ], [ 431747.752817466971464, 6064680.639237763360143 ], [ 431742.311779555631801, 6064690.663416258059442 ], [ 431741.245356013183482, 6064692.628116462379694 ], [ 431736.870735717471689, 6064700.687594752758741 ], [ 431731.429692244564649, 6064710.711773247458041 ], [ 431731.212446834135335, 6064711.112010761164129 ], [ 431725.988656126020942, 6064720.73595174215734 ], [ 431721.179537655087188, 6064729.595930045470595 ], [ 431720.547621069825254, 6064730.760130237787962 ], [ 431715.10657723172335, 6064740.784308732487261 ], [ 431711.146628476039041, 6064748.07982671353966 ], [ 431709.665533393563237, 6064750.808487227186561 ], [ 431704.224494785128627, 6064760.83266572188586 ], [ 431701.113719296990894, 6064766.563737537711859 ], [ 431698.783462584135123, 6064770.856844216585159 ], [ 431693.34241874597501, 6064780.881022712215781 ], [ 431691.080810118000954, 6064785.047643905505538 ], [ 431687.901374907873105, 6064790.905201207846403 ], [ 431682.460333444178104, 6064800.92937970161438 ], [ 431681.047900939011015, 6064803.531545030884445 ], [ 431677.019304098386783, 6064810.953558197245002 ], [ 431671.578260260226671, 6064820.977736691012979 ], [ 431671.01499175990466, 6064822.015461097471416 ], [ 431666.137216422066558, 6064831.0019151866436 ], [ 431660.982082580856513, 6064840.499383598566055 ], [ 431660.696188970119692, 6064841.0260936813429 ], [ 431655.255145612638444, 6064851.050272176042199 ], [ 431650.949173401866574, 6064858.983278290368617 ], [ 431649.814101774420124, 6064861.074450669810176 ], [ 431644.373057936260011, 6064871.09862916637212 ], [ 431640.916264222760219, 6064877.467191090807319 ], [ 431638.93202762916917, 6064881.12280766107142 ], [ 431633.490987126773689, 6064891.146986155770719 ], [ 431630.883355043712072, 6064895.951095482334495 ], [ 431628.049943288671784, 6064901.171164650470018 ], [ 431622.608899450511672, 6064911.19534314610064 ], [ 431620.850445864663925, 6064914.434998583979905 ], [ 431617.16786628816044, 6064921.21952164079994 ], [ 431611.726828641025349, 6064931.243700135499239 ], [ 431610.817536685615778, 6064932.918912674300373 ], [ 431606.285784802865237, 6064941.267878629267216 ], [ 431600.844741065753624, 6064951.292057124897838 ], [ 431600.784627506567631, 6064951.402806077152491 ], [ 431595.403704947268125, 6064961.316235619597137 ], [ 431590.751718327461276, 6064969.886725360527635 ], [ 431589.965103407506831, 6064971.340414115227759 ], [ 431584.524185550457332, 6064981.364592609927058 ], [ 431580.718809148413129, 6064988.37329638376832 ], [ 431579.086479753546882, 6064991.388771104626358 ], [ 431573.639103683410212, 6065001.412949599325657 ], [ 431570.68589996942319, 6065006.854735868051648 ], [ 431568.20256709610112, 6065011.437128094956279 ], [ 431570.68589996942319, 6065020.114646475762129 ], [ 431571.361221060971729, 6065021.461306589655578 ], [ 431580.718809148471337, 6065027.972565438598394 ], [ 431585.767365165229421, 6065031.485485084354877 ], [ 431590.751718327519484, 6065034.953730676323175 ], [ 431600.173509269370697, 6065041.509663579054177 ], [ 431600.784627506567631, 6065041.934895913116634 ], [ 431610.817536685615778, 6065048.916061151772738 ], [ 431614.579653373628389, 6065051.533842073753476 ], [ 431620.850445864605717, 6065055.897226389497519 ], [ 431628.985797477827873, 6065061.558020568452775 ], [ 431630.883355043712072, 6065062.8783916272223 ], [ 431640.916264222702011, 6065069.859556865878403 ], [ 431643.391948839300312, 6065071.582199064083397 ], [ 431650.949173401808366, 6065076.840712374076247 ], [ 431657.798105763155036, 6065081.606377558782697 ], [ 431660.982082580798306, 6065083.821871400810778 ], [ 431671.01499175990466, 6065090.803032115101814 ], [ 431672.204259200836532, 6065091.630556053481996 ], [ 431681.047900938952807, 6065097.784197352826595 ], [ 431686.610403305036016, 6065101.654734548181295 ], [ 431691.080810118000954, 6065104.765362590551376 ], [ 431701.113719297049101, 6065110.139258933253586 ], [ 431702.994254260032903, 6065111.678913041949272 ], [ 431711.146628476039041, 6065117.524629690684378 ], [ 431721.013744579395279, 6065121.703091537579894 ], [ 431721.179537655087188, 6065121.841768863610923 ], [ 431721.26193287235219, 6065121.703091537579894 ], [ 431722.398314911406487, 6065111.678913042880595 ], [ 431731.212446834135335, 6065106.781201181933284 ], [ 431736.868408850510605, 6065111.678913042880595 ], [ 431741.245356013183482, 6065115.469077471643686 ], [ 431748.444523679965641, 6065121.703091538511217 ], [ 431751.278265192173421, 6065124.156928602606058 ], [ 431760.02062586863758, 6065131.727270032279193 ], [ 431761.311174371279776, 6065132.844804891385138 ], [ 431771.344083550327923, 6065141.532680630683899 ], [ 431771.596720583213028, 6065141.751448527909815 ], [ 431781.37699272937607, 6065150.220532312057912 ], [ 431783.172842886764556, 6065151.775627022609115 ], [ 431791.409901908424217, 6065158.908408600836992 ], [ 431794.748936869844329, 6065161.799805518239737 ], [ 431801.442811087472364, 6065167.596284890547395 ], [ 431806.325044990226161, 6065171.823984012939036 ], [ 431811.475720266578719, 6065176.284136021509767 ], [ 431821.120475681731477, 6065181.848162506707013 ], [ 431821.508629445568658, 6065182.085969577543437 ], [ 431831.541538624616805, 6065189.864306178875268 ], [ 431833.530890212627128, 6065191.872341002337635 ], [ 431841.574447803664953, 6065201.835112259723246 ], [ 431841.624025640776381, 6065201.896519497036934 ], [ 431849.717161068925634, 6065211.920697993598878 ], [ 431851.6073569827131, 6065214.261899545788765 ], [ 431857.195479077578057, 6065221.944876488298178 ], [ 431852.7809040977736, 6065231.969054982066154 ], [ 431851.6073569827131, 6065234.108869767747819 ], [ 431847.283311490085907, 6065241.993233477696776 ], [ 431841.785721248132177, 6065252.017411971464753 ], [ 431841.574447803664953, 6065252.402557133696973 ], [ 431836.285766021697782, 6065262.041590467095375 ], [ 431831.541538624616805, 6065270.690065543167293 ], [ 431830.766626827535219, 6065272.065768961794674 ], [ 431821.646688048436772, 6065282.089947456493974 ], [ 431821.508629445568658, 6065282.274374268949032 ], [ 431818.079955107008573, 6065292.114125951193273 ], [ 431821.508629445568658, 6065298.464589165523648 ], [ 431822.608836339320987, 6065302.138304445892572 ], [ 431821.508629445568658, 6065304.442255055531859 ], [ 431816.544887643307447, 6065302.138304445892572 ], [ 431811.475720266520511, 6065299.785422906279564 ], [ 431801.442811087472364, 6065295.128593682311475 ], [ 431794.948288847925141, 6065292.114125952124596 ], [ 431791.40990190836601, 6065290.471764457412064 ], [ 431781.37699272937607, 6065285.81493523158133 ], [ 431773.351690052601043, 6065282.089947456493974 ], [ 431771.344083550327923, 6065281.158104823902249 ], [ 431761.311174371279776, 6065276.50126969255507 ], [ 431751.755118654749822, 6065272.065768961794674 ], [ 431751.278265192231629, 6065271.84443483967334 ], [ 431741.245356013183482, 6065267.187605615705252 ], [ 431731.212446834135335, 6065262.530776389874518 ], [ 431730.158519859425724, 6065262.041590467095375 ], [ 431721.179537655087188, 6065257.873947164043784 ], [ 431711.146628476039041, 6065253.217117939144373 ], [ 431708.561921064043418, 6065252.017411971464753 ], [ 431701.113719296990894, 6065248.560284327715635 ], [ 431691.080810118000954, 6065243.903446772135794 ], [ 431686.965349666250404, 6065241.993233476765454 ], [ 431681.047900939011015, 6065239.246617548167706 ], [ 431671.01499175990466, 6065234.589788321405649 ], [ 431665.368750870926306, 6065231.969054982066154 ], [ 431660.982082580798306, 6065229.932959097437561 ], [ 431650.949173401808366, 6065225.276121381670237 ], [ 431643.772179473075084, 6065221.944876487366855 ], [ 431640.916264222760219, 6065220.619287930428982 ], [ 431630.883355043712072, 6065216.622752636671066 ], [ 431620.850445864663925, 6065212.651437646709383 ], [ 431617.81380162818823, 6065211.920697992667556 ], [ 431610.817536685615778, 6065210.237113146111369 ], [ 431600.784627506567631, 6065207.822807765565813 ], [ 431590.751718327519484, 6065205.408502386882901 ], [ 431580.718809148413129, 6065202.994177884422243 ], [ 431576.157370066852309, 6065201.896519497036934 ], [ 431570.68589996942319, 6065200.579872504808009 ], [ 431560.652990790375043, 6065198.165567126125097 ], [ 431550.620081611326896, 6065195.751242624595761 ], [ 431540.587172432278749, 6065193.33693724591285 ], [ 431534.500883092114236, 6065191.872341002337635 ], [ 431530.554263253230602, 6065190.922631866298616 ], [ 431520.521354074182454, 6065188.50830736476928 ], [ 431510.488444895192515, 6065186.094001986086369 ], [ 431500.455535716144368, 6065183.679696606472135 ], [ 431492.844456400373019, 6065181.848162507638335 ], [ 431490.422626537038013, 6065181.265372104942799 ], [ 431480.389717357989866, 6065178.851066725328565 ], [ 431470.356808178999927, 6065176.436742224730551 ], [ 431460.32389899995178, 6065174.022436845116317 ], [ 431451.187988607620355, 6065171.823984012939036 ], [ 431450.290989820903633, 6065171.608131466433406 ], [ 431440.258080641855486, 6065169.19380696490407 ], [ 431430.225171462807339, 6065166.779501585289836 ], [ 431420.192262283759192, 6065164.365196206606925 ], [ 431410.159353104711045, 6065161.950871705077589 ], [ 431409.531581097689923, 6065161.799805518239737 ], [ 431400.126443925662898, 6065159.536566326394677 ], [ 431390.09353474661475, 6065157.122260946780443 ], [ 431380.060625567566603, 6065154.707936445251107 ], [ 431370.027716388518456, 6065152.293631065636873 ], [ 431367.875094123068266, 6065151.775627022609115 ], [ 431359.994807209470309, 6065149.879325686022639 ], [ 431349.961898030422162, 6065147.465001184493303 ], [ 431339.928988851374015, 6065145.050695805810392 ], [ 431329.896079672325868, 6065142.636390426196158 ], [ 431326.218636275210883, 6065141.751448527909815 ], [ 431319.863170493277721, 6065140.222065924666822 ], [ 431309.830261314287782, 6065137.807760545983911 ], [ 431299.797352135239635, 6065135.393455166369677 ], [ 431289.764442956191488, 6065132.979130665771663 ], [ 431284.562199638516176, 6065131.727270033210516 ], [ 431279.731533777201548, 6065130.564825286157429 ], [ 431269.698624598153401, 6065128.150519907474518 ], [ 431259.665715419047046, 6065125.736195405945182 ], [ 431249.632806239998899, 6065123.321890026330948 ], [ 431242.905712663778104, 6065121.703091537579894 ], [ 431239.599897060950752, 6065120.907584646716714 ], [ 431229.566987881902605, 6065118.493260146118701 ], [ 431219.534078702854458, 6065116.078954765573144 ], [ 431209.501169523806311, 6065113.664649386890233 ], [ 431201.24929104745388, 6065111.678913043811917 ], [ 431199.468260344758164, 6065111.250324884429574 ], [ 431189.435351165710017, 6065108.836019506677985 ], [ 431179.40244198666187, 6065106.421714127063751 ], [ 431169.369532807613723, 6065104.007389624603093 ], [ 431159.592818179284222, 6065101.654734548181295 ], [ 431159.336623628565576, 6065101.593084245920181 ], [ 431149.303714449517429, 6065099.178778866305947 ], [ 431139.270805270411074, 6065096.764454364776611 ], [ 431129.237896091421135, 6065094.350148987025023 ], [ 431119.204986912431195, 6065091.935843607410789 ], [ 431117.936341252818238, 6065091.630556053481996 ], [ 431109.172077733324841, 6065089.521519105881453 ], [ 431099.139168554334901, 6065087.107213726267219 ], [ 431089.106259375228547, 6065084.69290245976299 ], [ 431079.073350196238607, 6065082.278583845123649 ], [ 431076.279923694732133, 6065081.606377558782697 ], [ 431069.04044101719046, 6065079.864278466440737 ], [ 431059.007531838142313, 6065077.449953965842724 ], [ 431048.974622659094166, 6065075.03564858622849 ], [ 431038.941713480046019, 6065072.621343206614256 ], [ 431034.623470922349952, 6065071.582199064083397 ], [ 431028.908804300997872, 6065070.207018706016243 ], [ 431018.875895121949725, 6065067.792713325470686 ], [ 431008.842985942901578, 6065065.378407946787775 ], [ 430998.810076763853431, 6065062.964083444327116 ], [ 430992.967029210180044, 6065061.558020568452775 ], [ 430988.777167584805284, 6065060.549778065644205 ], [ 430978.744258405757137, 6065058.135472686961293 ], [ 430968.71134922670899, 6065055.721148185431957 ], [ 430958.678440047660843, 6065053.306842805817723 ], [ 430951.310542235500179, 6065051.533842073753476 ], [ 430948.645530868612695, 6065050.892537427134812 ], [ 430938.612621689564548, 6065048.478212926536798 ], [ 430928.579712510516401, 6065046.063907546922565 ], [ 430918.546803331468254, 6065043.649602167308331 ], [ 430909.654125694592949, 6065041.509663579054177 ], [ 430908.513894152478315, 6065041.235277665778995 ], [ 430898.480984973488376, 6065038.820972286164761 ], [ 430888.448075794382021, 6065036.406666907481849 ], [ 430878.415166615392081, 6065033.992342405952513 ], [ 430868.382257436285727, 6065031.638022203929722 ], [ 430867.99764775094809, 6065031.485485084354877 ], [ 430858.34934825723758, 6065029.406990677118301 ], [ 430848.316439078189433, 6065027.512267084792256 ], [ 430848.288184218283277, 6065031.485485084354877 ], [ 430848.316439078189433, 6065031.513715357519686 ], [ 430858.34934825723758, 6065037.439556997269392 ], [ 430860.450960714893881, 6065041.509663579054177 ], [ 430868.382257436285727, 6065041.55465900618583 ], [ 430878.405270737654064, 6065051.533842074684799 ], [ 430878.415166615333874, 6065051.543729340657592 ], [ 430888.448075794382021, 6065051.595546372234821 ], [ 430898.454247750749346, 6065061.558020568452775 ], [ 430898.480984973430168, 6065061.584734524600208 ], [ 430908.513894152478315, 6065070.016936422325671 ], [ 430911.02933065633988, 6065071.582199064083397 ], [ 430918.546803331526462, 6065071.625683257356286 ], [ 430928.571339845482726, 6065081.606377559714019 ], [ 430928.579712510516401, 6065081.614742938429117 ], [ 430938.612621689564548, 6065086.328780811280012 ], [ 430945.927775869262405, 6065091.630556054413319 ], [ 430948.645530868612695, 6065091.6557532325387 ], [ 430958.678440047660843, 6065099.828722729347646 ], [ 430961.592181677406188, 6065101.654734548181295 ], [ 430968.71134922670899, 6065101.696707049384713 ], [ 430978.737409272231162, 6065111.678913042880595 ], [ 430978.744258405757137, 6065111.685756215825677 ], [ 430988.777167584747076, 6065116.242935357615352 ], [ 430996.28646157158073, 6065121.703091538511217 ], [ 430998.810076763853431, 6065121.726771480403841 ], [ 431008.842985942901578, 6065129.646566807292402 ], [ 431012.140388548083138, 6065131.727270033210516 ], [ 431018.875895121949725, 6065131.767730385065079 ], [ 431028.903479306376539, 6065141.751448527909815 ], [ 431028.908804300997872, 6065141.756768888793886 ], [ 431038.941713480046019, 6065146.159784271381795 ], [ 431046.640611827082466, 6065151.775627022609115 ], [ 431048.974622659094166, 6065151.797789410687983 ], [ 431059.007531838142313, 6065159.470242804847658 ], [ 431062.674759209388867, 6065161.799805518239737 ], [ 431069.040441017132252, 6065164.164546312764287 ], [ 431078.781190098030493, 6065171.823984012939036 ], [ 431079.073350196296815, 6065171.827781097963452 ], [ 431089.106259375228547, 6065176.079254720360041 ], [ 431096.990409272839315, 6065181.848162507638335 ], [ 431099.139168554334901, 6065181.868806737475097 ], [ 431109.172077733383048, 6065189.29957789927721 ], [ 431113.195990299456753, 6065191.872341002337635 ], [ 431119.204986912431195, 6065194.12972669955343 ], [ 431129.064482866437174, 6065201.896519497968256 ], [ 431129.237896091421135, 6065201.898792843334377 ], [ 431139.270805270469282, 6065206.001290325075388 ], [ 431147.335984881676268, 6065211.920697992667556 ], [ 431149.303714449517429, 6065212.872452365234494 ], [ 431159.336623628507368, 6065219.134370060637593 ], [ 431163.704801211715676, 6065221.944876487366855 ], [ 431169.369532807613723, 6065224.096320609562099 ], [ 431179.345784346456639, 6065231.969054982997477 ], [ 431179.40244198666187, 6065231.969804125837982 ], [ 431189.435351165710017, 6065235.925829040817916 ], [ 431197.677484642830677, 6065241.993233476765454 ], [ 431199.468260344758164, 6065242.864457698538899 ], [ 431209.501169523806311, 6065248.974427601322532 ], [ 431214.201833688188344, 6065252.017411971464753 ], [ 431219.534078702854458, 6065254.064310438930988 ], [ 431229.566987881902605, 6065261.952742515131831 ], [ 431229.716062481398694, 6065262.041590467095375 ], [ 431239.59989706100896, 6065265.852792235091329 ], [ 431248.015047010208946, 6065272.065768961794674 ], [ 431249.632806239998899, 6065272.857342316769063 ], [ 431259.665715419047046, 6065278.81960204616189 ], [ 431264.687658626760822, 6065282.089947456493974 ], [ 431269.698624598095194, 6065284.033666904084384 ], [ 431279.731533777143341, 6065291.850607184693217 ], [ 431280.173682383669075, 6065292.114125951193273 ], [ 431289.76444295613328, 6065295.782135048881173 ], [ 431298.348797168000601, 6065302.138304445892572 ], [ 431299.797352135239635, 6065302.85108957439661 ], [ 431309.830261314287782, 6065308.669698528945446 ], [ 431315.162854970549233, 6065312.162482941523194 ], [ 431319.863170493219513, 6065314.00436183065176 ], [ 431329.896079672325868, 6065321.748456191271544 ], [ 431330.631329613679554, 6065322.186661436222494 ], [ 431339.928988851374015, 6065325.713795554824173 ], [ 431348.678849826334044, 6065332.210839930921793 ], [ 431349.961898030422162, 6065332.845693302340806 ], [ 431359.994807209470309, 6065338.524581238627434 ], [ 431365.627921551000327, 6065342.23501842468977 ], [ 431370.027716388518456, 6065343.976372478529811 ], [ 431380.060625567566603, 6065351.64630476385355 ], [ 431381.088976843806449, 6065352.259196920320392 ], [ 431390.093534746672958, 6065355.647714404389262 ], [ 431399.005350270948838, 6065362.283375415951014 ], [ 431400.126443925662898, 6065362.841127479448915 ], [ 431410.159353104711045, 6065368.384088329039514 ], [ 431416.083343490725383, 6065372.307553910650313 ], [ 431420.192262283759192, 6065373.949678897857666 ], [ 431430.225171462807339, 6065381.544153335504234 ], [ 431431.546624073875137, 6065382.331732405349612 ], [ 431440.258080641855486, 6065385.583844781853259 ], [ 431449.328396888333373, 6065392.355910900048912 ], [ 431450.290989820903633, 6065392.837383606471121 ], [ 431460.32389899995178, 6065398.248065937310457 ], [ 431466.529608668759465, 6065402.380089394748211 ], [ 431470.356808178999927, 6065403.924241283908486 ], [ 431480.389717358048074, 6065411.442001909017563 ], [ 431482.004266839940101, 6065412.404267890378833 ], [ 431490.422626537096221, 6065415.522137733176351 ], [ 431499.648100696387701, 6065422.428446385078132 ], [ 431500.455535716202576, 6065422.834449470043182 ], [ 431510.488444895192515, 6065428.116396581754088 ], [ 431516.967116337327752, 6065432.452624879777431 ], [ 431520.521354074182454, 6065433.900045203045011 ], [ 431530.554263253230602, 6065441.339865137822926 ], [ 431532.46189079398755, 6065442.476803374476731 ], [ 431540.587172432278749, 6065445.462525449693203 ], [ 431549.964567229442764, 6065452.500981870107353 ], [ 431550.620081611326896, 6065452.832312698476017 ], [ 431560.652990790375043, 6065457.988926352933049 ], [ 431567.396276375628076, 6065462.525160364806652 ], [ 431570.685899969481397, 6065463.877064787782729 ], [ 431580.718809148471337, 6065471.237715586088598 ], [ 431582.919538024056237, 6065472.549338859505951 ], [ 431590.751718327519484, 6065475.404972042888403 ], [ 431600.277882067312021, 6065482.573517354205251 ], [ 431600.784627506625839, 6065482.83096637763083 ], [ 431610.817536685615778, 6065487.865525348111987 ], [ 431617.817471868533175, 6065492.59769584890455 ], [ 431620.850445864722133, 6065493.855280531570315 ], [ 431630.883355043712072, 6065501.135564158670604 ], [ 431633.377185254124925, 6065502.621874344535172 ], [ 431640.916264222702011, 6065505.349426718428731 ], [ 431650.588167996786069, 6065512.646052839234471 ], [ 431650.949173401866574, 6065512.83038548193872 ], [ 431660.982082580856513, 6065517.746084522455931 ], [ 431668.2310312227346, 6065522.670231333933771 ], [ 431671.01499175990466, 6065523.83467307779938 ], [ 431681.047900938952807, 6065531.033412730321288 ], [ 431683.834832484310027, 6065532.69440982863307 ], [ 431691.080810118000954, 6065535.295840750448406 ], [ 431700.895504938031081, 6065542.718588323332369 ], [ 431701.113719297049101, 6065542.830564760603011 ], [ 431711.146628476097248, 6065547.630478121340275 ], [ 431718.637322638300247, 6065552.742766819894314 ], [ 431721.179537655087188, 6065553.815208680927753 ], [ 431731.212446834135335, 6065560.931261302903295 ], [ 431734.292471198306885, 6065562.766945313662291 ], [ 431741.245356013183482, 6065565.244182157330215 ], [ 431751.199980761448387, 6065572.79112380836159 ], [ 431751.278265192231629, 6065572.831492028199136 ], [ 431761.311174371279776, 6065577.518586333841085 ], [ 431769.036651525064372, 6065582.815302303060889 ], [ 431771.344083550269715, 6065583.796874838881195 ], [ 431781.37699272937607, 6065590.829123091883957 ], [ 431784.750099204364233, 6065592.839480797760189 ], [ 431791.409901908482425, 6065595.194389999844134 ], [ 431801.442811087472364, 6065602.788252611644566 ], [ 431801.569333091261797, 6065602.86365929339081 ], [ 431811.475720266520511, 6065607.410319246351719 ], [ 431819.429305662866682, 6065612.88783778809011 ], [ 431821.508629445626866, 6065613.779647622257471 ], [ 431831.541538624558598, 6065620.726971376687288 ], [ 431835.20774643443292, 6065622.912016282789409 ], [ 431841.574447803664953, 6065625.146427396684885 ], [ 431851.6073569827131, 6065632.686117302626371 ], [ 431852.026952931133565, 6065632.936194777488708 ], [ 431861.640266161761247, 6065637.305551686324179 ], [ 431869.815570125821978, 6065642.960373272188008 ], [ 431871.673175340809394, 6065643.763508589938283 ], [ 431881.706084519857541, 6065650.624823552556336 ], [ 431885.665393664501607, 6065652.98455176781863 ], [ 431891.738993698963895, 6065655.100257982499897 ], [ 431901.771902877953835, 6065662.583965587429702 ], [ 431902.48460016126046, 6065663.008730262517929 ], [ 431911.804812056943774, 6065667.204184208065271 ], [ 431920.195697590825148, 6065673.032908757217228 ], [ 431921.837721235991921, 6065673.74844647012651 ], [ 431931.870630415040068, 6065680.52267212420702 ], [ 431936.123040894628502, 6065683.057087251916528 ], [ 431941.903539594146423, 6065685.055839820764959 ], [ 431951.936448773136362, 6065692.481814860366285 ], [ 431952.942247391270939, 6065693.08126574754715 ], [ 431961.969357952242717, 6065697.106130354106426 ], [ 431970.569962005945854, 6065703.105444242246449 ], [ 431972.002267131232657, 6065703.734425160102546 ], [ 431982.035176310280804, 6065710.420520697720349 ], [ 431986.580675556790084, 6065713.129622736945748 ], [ 431992.068085489328951, 6065715.013140384107828 ], [ 432002.100994668377098, 6065722.379663432948291 ], [ 432003.399894621397834, 6065723.153801231645048 ], [ 432012.133903847425245, 6065727.011291118338704 ], [ 432020.938588771270588, 6065733.177979726344347 ], [ 432022.166813026531599, 6065733.721434431150556 ], [ 432032.199722205521539, 6065740.318369269371033 ], [ 432037.038321976549923, 6065743.202158221974969 ], [ 432042.232631384569686, 6065744.972110606729984 ], [ 432052.265540563617833, 6065752.192168043926358 ], [ 432054.167593205231242, 6065753.226336716674268 ], [ 432062.29844974266598, 6065756.55544600635767 ], [ 432072.331358921714127, 6065760.697502709925175 ], [ 432075.774259953759611, 6065753.226336717605591 ], [ 432081.228069965436589, 6065743.202158221974969 ], [ 432082.364268100762274, 6065741.111600486561656 ], [ 432086.675570563995279, 6065733.177979726344347 ], [ 432092.146008677722421, 6065723.153801231645048 ], [ 432092.397177279810421, 6065722.693553103134036 ], [ 432097.608247132739052, 6065713.129622736945748 ], [ 432102.430086458742153, 6065704.21382945869118 ], [ 432103.027352582023013, 6065703.105444242246449 ], [ 432108.428979434072971, 6065693.08126574754715 ], [ 432112.4629956377903, 6065690.729573080316186 ], [ 432122.495904816896655, 6065690.687739038839936 ], [ 432132.528813995944802, 6065691.747209383174777 ], [ 432142.561723174992949, 6065692.887544703669846 ], [ 432144.266121525608469, 6065693.08126574754715 ], [ 432152.594632354099303, 6065694.0278808074072 ], [ 432162.627541533031035, 6065695.168223639950156 ], [ 432172.66045071213739, 6065696.308558961376548 ], [ 432182.693359891185537, 6065697.195232901722193 ], [ 432192.726269070233684, 6065697.408203948289156 ], [ 432202.759178249281831, 6065697.919705290347338 ], [ 432212.792087428329978, 6065698.746785630472004 ], [ 432222.824996607378125, 6065699.972073202952743 ], [ 432232.857905786426272, 6065702.385323139838874 ], [ 432234.529615235340316, 6065703.105444242246449 ], [ 432242.689928200037684, 6065713.129622736945748 ], [ 432242.890814965474419, 6065713.376393272541463 ], [ 432251.155382411903702, 6065723.153801230713725 ], [ 432252.923724144464359, 6065725.345322848297656 ], [ 432260.613907805760391, 6065733.177979726344347 ], [ 432262.956633323570713, 6065735.684459348209202 ], [ 432270.338419874198735, 6065743.202158221974969 ], [ 432272.989542502560653, 6065745.902455103583634 ], [ 432280.174304422456771, 6065753.226336716674268 ], [ 432283.022451681667008, 6065756.128457537852228 ], [ 432290.05737777822651, 6065763.250515211373568 ], [ 432293.055360860773362, 6065766.302997892722487 ], [ 432300.01740672334563, 6065773.274693705141544 ], [ 432303.088270039763302, 6065776.353517820127308 ], [ 432310.023992105154321, 6065783.298872200772166 ], [ 432313.121179218753241, 6065786.400360681116581 ], [ 432319.948317762231454, 6065793.323050696402788 ], [ 432323.154088397801388, 6065796.562581955455244 ], [ 432329.812360898707993, 6065803.34722919203341 ], [ 432333.186997576849535, 6065806.785925912670791 ], [ 432339.649797333753668, 6065813.371407685801387 ], [ 432343.219906755897682, 6065817.009278172627091 ], [ 432349.487259724410251, 6065823.395586180500686 ], [ 432353.252815934945829, 6065827.232613055966794 ], [ 432359.324706406798214, 6065833.419764675199986 ], [ 432363.285725113993976, 6065837.455974389798939 ], [ 432369.028926744183991, 6065843.443943170830607 ], [ 432373.318634293042123, 6065847.813101779669523 ], [ 432377.714401112752967, 6065853.468121665529907 ], [ 432383.35154347209027, 6065859.488643234595656 ], [ 432386.586357961059548, 6065863.492300160229206 ], [ 432393.384452651138417, 6065871.906130609102547 ], [ 432394.68556022219127, 6065873.516478654928505 ], [ 432402.784745152806863, 6065883.540657149627805 ], [ 432403.417361830186564, 6065884.32363086566329 ], [ 432410.883947413938586, 6065893.564835645258427 ], [ 432413.450271009234712, 6065896.741116469725966 ], [ 432423.483180188282859, 6065901.293857282027602 ], [ 432431.497136152698658, 6065903.589014139026403 ], [ 432433.516089367331006, 6065905.748672626912594 ], [ 432438.738599306670949, 6065913.613192634657025 ], [ 432443.548998546320945, 6065916.433285208418965 ], [ 432453.5819077254273, 6065921.603909539058805 ], [ 432457.527569633559324, 6065923.637371129356325 ], [ 432463.614816904475447, 6065926.774533868767321 ], [ 432473.647726083523594, 6065931.945158198475838 ], [ 432476.978155485820025, 6065933.661549624986947 ], [ 432483.680635262571741, 6065937.115782528184354 ], [ 432493.713544441619888, 6065942.286392970941961 ], [ 432496.42877265549032, 6065943.685728119686246 ], [ 432503.746453620609827, 6065947.457015046849847 ], [ 432513.779362799716182, 6065952.627639377489686 ], [ 432515.879358507634606, 6065953.709906614385545 ], [ 432523.812271978706121, 6065957.79826370626688 ], [ 432533.845181157812476, 6065962.968920067884028 ], [ 432535.3299443598371, 6065963.734085109084845 ], [ 432543.878090336802416, 6065968.1341847255826 ] ], [ [ 431984.644627005967777, 6065211.920697991736233 ], [ 431982.035176310280804, 6065210.501864182762802 ], [ 431972.002267131232657, 6065205.03675851225853 ], [ 431966.237376256496646, 6065201.896519497036934 ], [ 431961.969357952184509, 6065199.578613644465804 ], [ 431951.936448773136362, 6065194.134792136959732 ], [ 431947.775438387761824, 6065191.872341002337635 ], [ 431946.679326850106008, 6065181.848162507638335 ], [ 431951.387411466508638, 6065171.823984012939036 ], [ 431951.936448773136362, 6065170.654999940656126 ], [ 431955.738585532875732, 6065161.799805518239737 ], [ 431958.472600436885841, 6065151.775627022609115 ], [ 431961.969357952184509, 6065148.666953422129154 ], [ 431972.002267131232657, 6065144.422023229300976 ], [ 431981.377156592323445, 6065141.751448527909815 ], [ 431982.035176310280804, 6065141.564001964405179 ], [ 431992.068085489328951, 6065138.705964370630682 ], [ 432002.100994668435305, 6065135.329526010900736 ], [ 432009.118961608503014, 6065131.727270033210516 ], [ 432012.133903847425245, 6065129.074863093905151 ], [ 432020.51329004461877, 6065121.703091538511217 ], [ 432022.166813026531599, 6065120.248403402976692 ], [ 432031.907628879533149, 6065111.678913042880595 ], [ 432032.199722205521539, 6065111.42194371111691 ], [ 432042.232631384511478, 6065102.595453576184809 ], [ 432043.301933110284153, 6065101.654734548181295 ], [ 432052.265540563617833, 6065095.063560470938683 ], [ 432062.29844974266598, 6065101.582068259827793 ], [ 432062.501900179660879, 6065101.654734548181295 ], [ 432072.331358921714127, 6065105.610338986851275 ], [ 432080.205072303069755, 6065111.678913043811917 ], [ 432082.364268100762274, 6065113.254737546667457 ], [ 432092.397177279810421, 6065118.0939747299999 ], [ 432102.2371256822953, 6065121.703091538511217 ], [ 432102.430086458800361, 6065121.848180477507412 ], [ 432102.485534732462838, 6065121.703091539442539 ], [ 432104.867050113680307, 6065111.678913041949272 ], [ 432107.243662232998759, 6065101.654734548181295 ], [ 432109.618631185789127, 6065091.630556053481996 ], [ 432111.993591970764101, 6065081.606377558782697 ], [ 432112.462995637848508, 6065079.625140900723636 ], [ 432114.368566271441523, 6065071.58219906501472 ], [ 432116.743529756553471, 6065061.558020568452775 ], [ 432119.118489658925682, 6065051.533842073753476 ], [ 432121.502680400968529, 6065041.509663579054177 ], [ 432122.495904816896655, 6065039.155805907212198 ], [ 432128.590665978146717, 6065041.509663579054177 ], [ 432132.528813995944802, 6065042.591042758896947 ], [ 432142.561723174992949, 6065048.243134256452322 ], [ 432148.40301900106715, 6065051.533842073753476 ], [ 432152.594632354041096, 6065053.895197369158268 ], [ 432162.627541533089243, 6065059.547260481864214 ], [ 432166.196797460142989, 6065061.558020568452775 ], [ 432172.660450712079182, 6065065.199355412274599 ], [ 432174.098600365105085, 6065071.582199064083397 ], [ 432173.670012768998276, 6065081.606377558782697 ], [ 432172.660450712195598, 6065088.244961930438876 ], [ 432171.90325800323626, 6065091.630556053481996 ], [ 432170.621160877053626, 6065101.654734548181295 ], [ 432168.722918863699306, 6065111.678913041949272 ], [ 432166.314131003746297, 6065121.703091538511217 ], [ 432164.082183366524987, 6065131.727270033210516 ], [ 432172.66045071213739, 6065135.638335764408112 ], [ 432182.693359891185537, 6065140.212608811445534 ], [ 432186.068548362120055, 6065141.751448527909815 ], [ 432192.726269070175476, 6065146.197491296567023 ], [ 432202.759178249281831, 6065149.361161299049854 ], [ 432208.054904247750528, 6065151.775627022609115 ], [ 432212.792087428329978, 6065160.99498420022428 ], [ 432214.408879687311128, 6065161.799805518239737 ], [ 432212.792087428388186, 6065163.276609408669174 ], [ 432203.43449487054022, 6065171.823984012939036 ], [ 432202.759178249281831, 6065172.44082900788635 ], [ 432192.726269070233684, 6065177.352047554217279 ], [ 432182.693359891185537, 6065176.187706867232919 ], [ 432172.66045071213739, 6065173.404485566541553 ], [ 432166.963085381954443, 6065171.823984012939036 ], [ 432162.627541533031035, 6065170.621265676803887 ], [ 432152.594632354041096, 6065167.838054731488228 ], [ 432142.561723174992949, 6065165.054833430796862 ], [ 432132.528813995944802, 6065163.106890383176506 ], [ 432122.495904816838447, 6065169.188462586142123 ], [ 432112.462995637848508, 6065171.549515450373292 ], [ 432106.995865113800392, 6065171.823984012939036 ], [ 432102.430086458800361, 6065172.053201642818749 ], [ 432092.397177279810421, 6065172.556870453990996 ], [ 432082.364268100762274, 6065175.787935711443424 ], [ 432073.774961833609268, 6065181.848162507638335 ], [ 432072.331358921714127, 6065182.617075238376856 ], [ 432062.298449742724188, 6065190.418457138352096 ], [ 432060.429070898855571, 6065191.872341002337635 ], [ 432052.265540563617833, 6065198.221421408466995 ], [ 432045.523189509171061, 6065201.896519497036934 ], [ 432042.232631384511478, 6065204.23456905502826 ], [ 432032.199722205521539, 6065207.523132033646107 ], [ 432022.166813026415184, 6065210.620804624632001 ], [ 432017.956640020594932, 6065211.920697992667556 ], [ 432012.133903847425245, 6065213.718473645858467 ], [ 432002.100994668377098, 6065216.816151492297649 ], [ 431992.068085489328951, 6065215.956599293276668 ], [ 431984.644627005967777, 6065211.920697991736233 ] ], [ [ 434259.505559953511693, 6065763.839148419909179 ], [ 434261.906394652556628, 6065763.250515211373568 ], [ 434259.505559953511693, 6065762.196891675703228 ], [ 434258.924188294680789, 6065763.250515211373568 ], [ 434259.505559953511693, 6065763.839148419909179 ] ], [ [ 434249.472650774521753, 6065753.679181722924113 ], [ 434250.303947080101352, 6065753.226336716674268 ], [ 434249.472650774463546, 6065752.69888963457197 ], [ 434249.025394588068593, 6065753.226336716674268 ], [ 434249.472650774521753, 6065753.679181722924113 ] ], [ [ 434239.439741595531814, 6065743.519135627895594 ], [ 434239.815120983752422, 6065743.202158221974969 ], [ 434239.439741595473606, 6065742.928560154512525 ], [ 434239.126676019572187, 6065743.202158221974969 ], [ 434239.439741595531814, 6065743.519135627895594 ] ], [ [ 433145.852641079516616, 6065313.06664203107357 ], [ 433155.885550258564763, 6065314.670395521447062 ], [ 433165.91845943761291, 6065316.277846852317452 ], [ 433175.951368616661057, 6065317.885307442396879 ], [ 433185.984277795650996, 6065315.752019375562668 ], [ 433188.913896474114154, 6065312.162482940591872 ], [ 433196.017186974757351, 6065303.459124978631735 ], [ 433197.095179580152035, 6065302.138304445892572 ], [ 433205.276448904594872, 6065292.114125951193273 ], [ 433206.050096153805498, 6065291.297631002031267 ], [ 433214.715288686507847, 6065282.089947456493974 ], [ 433216.083005332853645, 6065280.404368191957474 ], [ 433222.246251671109349, 6065272.065768961794674 ], [ 433226.11591451196, 6065266.830286584794521 ], [ 433229.670403748634271, 6065262.041590467095375 ], [ 433236.148823690949939, 6065253.314263531006873 ], [ 433237.112116898933891, 6065252.017411971464753 ], [ 433244.558013843547087, 6065241.993233476765454 ], [ 433246.181732869939879, 6065239.807271265424788 ], [ 433252.003910788160283, 6065231.969054982066154 ], [ 433256.214642049046233, 6065226.300279001705348 ], [ 433259.449807732715271, 6065221.944876487366855 ], [ 433266.24755122809438, 6065212.793286737054586 ], [ 433266.895348152203951, 6065211.920697992667556 ], [ 433274.341601621941663, 6065201.896519497036934 ], [ 433276.280460407142527, 6065199.286294471472502 ], [ 433281.785650872741826, 6065191.872341002337635 ], [ 433286.313369586132467, 6065185.77752519864589 ], [ 433289.227938861818984, 6065181.848162507638335 ], [ 433296.346278765180614, 6065172.269625470973551 ], [ 433296.676992236229125, 6065171.823984012939036 ], [ 433304.112313906196505, 6065161.799805518239737 ], [ 433306.379187944228761, 6065158.749735660851002 ], [ 433311.554548365180381, 6065151.775627022609115 ], [ 433316.412097123276908, 6065145.230628470890224 ], [ 433318.994023644539993, 6065141.751448526978493 ], [ 433326.433024951897096, 6065131.727270033210516 ], [ 433326.445006302325055, 6065131.711129971779883 ], [ 433333.872049536090344, 6065121.703091538511217 ], [ 433336.477915481314994, 6065118.191652906127274 ], [ 433341.311062772525474, 6065111.678913042880595 ], [ 433346.510824660421349, 6065104.67215440608561 ], [ 433348.750071877497248, 6065101.654734548181295 ], [ 433356.189080982410815, 6065091.630556053481996 ], [ 433356.543733839469496, 6065090.661046563647687 ], [ 433361.85160490666749, 6065081.606377558782697 ], [ 433356.543733839469496, 6065078.005646260455251 ], [ 433346.510824660421349, 6065072.438235614448786 ], [ 433344.9681750900927, 6065071.582199064083397 ], [ 433336.477915481373202, 6065066.870842261239886 ], [ 433326.903795496968087, 6065061.558020568452775 ], [ 433326.445006302383263, 6065061.303431615233421 ], [ 433316.412097123276908, 6065055.736038262024522 ], [ 433308.839411112538073, 6065051.533842074684799 ], [ 433306.379187944228761, 6065050.168627616018057 ], [ 433296.346278765180614, 6065044.601234262809157 ], [ 433290.775026728049852, 6065041.509663579054177 ], [ 433286.313369586132467, 6065039.033823618665338 ], [ 433276.280460407142527, 6065033.466430265456438 ], [ 433272.710631255991757, 6065031.485485084354877 ], [ 433266.247551228152588, 6065027.899036912247539 ], [ 433256.214642049046233, 6065022.331629269756377 ], [ 433254.646253087848891, 6065021.461306589655578 ], [ 433246.181732870056294, 6065016.764232913032174 ], [ 433236.581873574643396, 6065011.437128094024956 ], [ 433236.148823690949939, 6065011.196822267957032 ], [ 433226.115914511901792, 6065005.629479829221964 ], [ 433218.517489190155175, 6065001.412949599325657 ], [ 433216.083005332853645, 6065000.064843765459955 ], [ 433206.050096153863706, 6064994.49484995380044 ], [ 433200.452896192437038, 6064991.38877110555768 ], [ 433196.017186974757351, 6064988.947709806263447 ], [ 433185.984277795709204, 6064984.211303230375051 ], [ 433175.951368616661057, 6064987.51282044686377 ], [ 433167.81012603425188, 6064991.38877110555768 ], [ 433165.91845943761291, 6064992.005656752735376 ], [ 433155.885550258564763, 6064995.277458290569484 ], [ 433145.852641079574823, 6064998.438127591274679 ], [ 433137.071197876532096, 6065001.412949599325657 ], [ 433135.819731900468469, 6065001.821061367169023 ], [ 433125.786822721420322, 6065005.092856399714947 ], [ 433115.753913542372175, 6065008.364661294035614 ], [ 433106.332240119227208, 6065011.437128094024956 ], [ 433105.721004363324028, 6065011.636455908417702 ], [ 433095.68809518427588, 6065014.908260801807046 ], [ 433085.655186005169526, 6065018.180058781057596 ], [ 433075.622276826179586, 6065021.451860318891704 ], [ 433075.593310041236691, 6065021.461306589655578 ], [ 433065.589367647189647, 6065024.723665202967823 ], [ 433055.5564584681415, 6065027.995463395491242 ], [ 433045.523549289093353, 6065031.267264709807932 ], [ 433044.854381883516908, 6065031.485485084354877 ], [ 433035.490640109986998, 6065034.539066473022103 ], [ 433025.457730930997059, 6065037.810868010856211 ], [ 433015.424821751948912, 6065041.082669110968709 ], [ 433014.115453725797124, 6065041.509663579054177 ], [ 433005.391912572900765, 6065044.35447108745575 ], [ 432995.35900339379441, 6065047.626268618740141 ], [ 432985.326094214804471, 6065050.898073512129486 ], [ 432983.376519443176221, 6065051.533842073753476 ], [ 432975.293185035756323, 6065054.169868126511574 ], [ 432965.260275856708176, 6065057.441673019900918 ], [ 432955.227366677660029, 6065060.713468499481678 ], [ 432952.637565890385304, 6065061.558020568452775 ], [ 432945.194457498611882, 6065064.173091062344611 ], [ 432935.161548319621943, 6065070.975379633717239 ], [ 432934.593269005301408, 6065071.582199063152075 ], [ 432925.15535443747649, 6065081.606377558782697 ], [ 432925.128639140515588, 6065081.634752352721989 ], [ 432916.035440136969555, 6065091.630556052550673 ], [ 432915.095729961409234, 6065092.698654872365296 ], [ 432907.716639258549549, 6065101.654734548181295 ], [ 432905.062820782419294, 6065104.875701829791069 ], [ 432899.457520871190354, 6065111.678913042880595 ], [ 432895.029911603371147, 6065117.052758116275072 ], [ 432891.198411346063949, 6065121.703091538511217 ], [ 432884.997002424323, 6065129.229808811098337 ], [ 432882.939295493648387, 6065131.727270034141839 ], [ 432874.964093245391268, 6065141.406859507784247 ], [ 432874.598218773549888, 6065141.751448527909815 ], [ 432865.094928119156975, 6065151.775627022609115 ], [ 432864.931184066284914, 6065151.96868322044611 ], [ 432854.898274887236767, 6065161.131197575479746 ], [ 432854.166152403573506, 6065161.799805518239737 ], [ 432844.865365708188619, 6065170.293711929582059 ], [ 432843.189725131553132, 6065171.823984012939036 ], [ 432834.832456529140472, 6065179.45622628275305 ], [ 432832.213297859416343, 6065181.848162507638335 ], [ 432824.799547350150533, 6065188.618740636855364 ], [ 432821.23687058739597, 6065191.872341002337635 ], [ 432814.766638171044178, 6065197.781254990026355 ], [ 432810.260443315375596, 6065201.896519497036934 ], [ 432804.733728991996031, 6065207.500430040061474 ], [ 432801.243970842508134, 6065211.920697992667556 ], [ 432799.702485052519478, 6065221.944876487366855 ], [ 432796.188825594261289, 6065231.969054982066154 ], [ 432794.700819812947884, 6065233.484457226470113 ], [ 432785.028729121782817, 6065241.993233476765454 ], [ 432784.667910633899737, 6065242.628378632478416 ], [ 432779.602399359806441, 6065252.017411971464753 ], [ 432784.667910633899737, 6065257.346722969785333 ], [ 432792.713695747894235, 6065262.041590467095375 ], [ 432794.700819812947884, 6065263.154343671165407 ], [ 432804.733728991937824, 6065268.73806463740766 ], [ 432810.753399620880373, 6065272.065768960863352 ], [ 432814.766638171044178, 6065274.283918221481144 ], [ 432824.799547350092325, 6065279.836637733504176 ], [ 432828.859552085516043, 6065282.089947456493974 ], [ 432834.832456529140472, 6065285.404919860884547 ], [ 432844.865365708188619, 6065289.119487704709172 ], [ 432854.898274887236767, 6065290.262311614118516 ], [ 432864.931184066284914, 6065290.925453901290894 ], [ 432874.964093245333061, 6065291.588596187531948 ], [ 432882.91501493868418, 6065292.114125951193273 ], [ 432884.997002424264792, 6065292.251738473773003 ], [ 432895.029911603371147, 6065292.914880760014057 ], [ 432905.062820782419294, 6065293.578023047186434 ], [ 432915.095729961467441, 6065294.241165333427489 ], [ 432925.128639140457381, 6065294.904307619668543 ], [ 432935.161548319621943, 6065295.56744990684092 ], [ 432945.194457498611882, 6065296.230592193081975 ], [ 432955.227366677718237, 6065296.893734480254352 ], [ 432965.260275856708176, 6065297.556876766495407 ], [ 432975.293185035756323, 6065298.220014568418264 ], [ 432985.326094214804471, 6065298.883157613687217 ], [ 432995.359003393852618, 6065299.546300659887493 ], [ 433005.391912572900765, 6065300.209443705156446 ], [ 433015.424821751948912, 6065300.872576725669205 ], [ 433025.457730930997059, 6065301.535719012841582 ], [ 433034.574454521527514, 6065302.138304445892572 ], [ 433035.490640110045206, 6065302.198861368000507 ], [ 433045.523549289093353, 6065302.862004414200783 ], [ 433055.5564584681415, 6065303.525147459469736 ], [ 433065.589367647189647, 6065304.188288158737123 ], [ 433075.622276826179586, 6065304.851430444978178 ], [ 433085.655186005285941, 6065305.514572732150555 ], [ 433095.68809518427588, 6065306.177715019322932 ], [ 433105.721004363324028, 6065307.272274357266724 ], [ 433115.753913542372175, 6065308.354729223996401 ], [ 433125.786822721420322, 6065309.879253668710589 ], [ 433135.819731900468469, 6065311.456206539645791 ], [ 433140.229748500161804, 6065312.162482941523194 ], [ 433145.852641079516616, 6065313.06664203107357 ] ], [ [ 435222.664841141900979, 6061732.273738061077893 ], [ 435232.697750320949126, 6061732.46842576097697 ], [ 435239.118912808713503, 6061723.506581769324839 ], [ 435242.730659499939065, 6061719.617537323385477 ], [ 435249.334314108011313, 6061713.48240327462554 ], [ 435252.763568678987212, 6061708.909941521473229 ], [ 435259.016727968701161, 6061703.45822477992624 ], [ 435262.79647785803536, 6061700.0723627069965 ], [ 435271.21195193240419, 6061693.434046285226941 ], [ 435272.829387037083507, 6061692.122099744156003 ], [ 435282.862296216131654, 6061684.267603492364287 ], [ 435283.22943733696593, 6061683.409867789596319 ], [ 435289.473217798920814, 6061673.38568929489702 ], [ 435292.895205395179801, 6061670.054275804199278 ], [ 435296.252688542590477, 6061663.361510800197721 ], [ 435300.991719225479756, 6061653.337332305498421 ], [ 435302.928114574286155, 6061650.073263906873763 ], [ 435306.293683742347639, 6061643.313153810799122 ], [ 435311.34501971246209, 6061633.2889753151685 ], [ 435312.961023753276095, 6061630.074740112759173 ], [ 435316.333246821537614, 6061623.264796820469201 ], [ 435321.346367957245093, 6061613.240618325769901 ], [ 435322.99393293238245, 6061609.97794147580862 ], [ 435326.361934807267971, 6061603.216439831070602 ], [ 435331.346255518961698, 6061593.192261336371303 ], [ 435333.026842111372389, 6061589.838185395114124 ], [ 435336.350742221809924, 6061583.168082840740681 ], [ 435341.343136606912594, 6061573.143904346041381 ], [ 435343.059751290420536, 6061569.697940763086081 ], [ 435346.339247474214062, 6061563.119725851342082 ], [ 435351.331586137646809, 6061553.095547356642783 ], [ 435353.092660469468683, 6061549.55976759083569 ], [ 435356.327717432170175, 6061543.071368861943483 ], [ 435361.322192030842416, 6061533.047190366312861 ], [ 435363.12556964851683, 6061529.424930544570088 ], [ 435366.316147462988738, 6061523.02301187068224 ], [ 435371.312767898896709, 6061512.998833376914263 ], [ 435373.158478827564977, 6061509.292845738120377 ], [ 435376.307214476400986, 6061502.974654881283641 ], [ 435381.303302144515328, 6061492.950476387515664 ], [ 435383.191388006671332, 6061489.161013400182128 ], [ 435386.298525060410611, 6061482.926297891885042 ], [ 435391.294180101831444, 6061472.90211939625442 ], [ 435393.224297185661271, 6061469.029184521175921 ], [ 435396.289832955109887, 6061462.877940902486444 ], [ 435401.285487196873873, 6061452.853762408718467 ], [ 435403.257206364767626, 6061448.897352419793606 ], [ 435406.281143597676419, 6061442.829583913087845 ], [ 435411.276798580540344, 6061432.805405417457223 ], [ 435413.290115543757565, 6061428.765523304231465 ], [ 435416.27245143376058, 6061422.781226922757924 ], [ 435421.268105734197889, 6061412.757048428058624 ], [ 435423.323024722805712, 6061408.633691439405084 ], [ 435426.263762134942226, 6061402.732869933359325 ], [ 435431.259417059249245, 6061392.708691438660026 ], [ 435433.355933901853859, 6061388.501862087287009 ], [ 435436.255069912411273, 6061382.684512943029404 ], [ 435441.250724271405488, 6061372.660334448330104 ], [ 435443.388843080843799, 6061368.370030459016562 ], [ 435446.246380672208034, 6061362.636155953630805 ], [ 435451.24203553784173, 6061352.611977458931506 ], [ 435453.421752259891946, 6061348.238200871273875 ], [ 435456.237688391120173, 6061342.587798963300884 ], [ 435461.233342808671296, 6061332.563620468601584 ], [ 435463.454661438940093, 6061328.106369476765394 ], [ 435466.228999209473841, 6061322.539441974833608 ], [ 435471.22465401655063, 6061312.515263479202986 ], [ 435473.48757061798824, 6061307.974539654329419 ], [ 435476.220306869712658, 6061302.491084983572364 ], [ 435479.528960703115445, 6061292.466906488873065 ], [ 435480.541958142363001, 6061282.442727994173765 ], [ 435479.733522156951949, 6061272.418549499474466 ], [ 435478.925081442808732, 6061262.394371004775167 ], [ 435478.116648077673744, 6061252.370192510075867 ], [ 435477.308215942583047, 6061242.346014014445245 ], [ 435476.49978001054842, 6061232.321835519745946 ], [ 435475.691338012984488, 6061222.297657025046647 ], [ 435474.882909728214145, 6061212.273478530347347 ], [ 435474.074469945800956, 6061202.249300035648048 ], [ 435473.487570617930032, 6061194.971969624049962 ], [ 435473.266043876297772, 6061192.225121540017426 ], [ 435472.457601878675632, 6061182.200943045318127 ], [ 435471.649162799760234, 6061172.176764550618827 ], [ 435470.840733811608516, 6061162.152586055919528 ], [ 435470.032291814044584, 6061152.128407560288906 ], [ 435469.223856585449539, 6061142.104229065589607 ], [ 435468.415423746861052, 6061132.080050570890307 ], [ 435467.606991085223854, 6061122.055872077122331 ], [ 435466.798550371080637, 6061112.031693581491709 ], [ 435465.990113682230003, 6061102.007515085861087 ], [ 435465.181684870854951, 6061091.98333659209311 ], [ 435464.373245615046471, 6061081.959158096462488 ], [ 435463.564803617482539, 6061071.934979601763189 ], [ 435463.454661438998301, 6061070.56925811059773 ], [ 435462.867573530587833, 6061061.91080110706389 ], [ 435462.219175553240348, 6061051.886622611433268 ], [ 435461.602060465724207, 6061041.862444117665291 ], [ 435461.044505538360681, 6061031.838265622034669 ], [ 435460.647487640962936, 6061021.81408712733537 ], [ 435460.250475246633869, 6061011.78990863263607 ], [ 435459.853458338126075, 6061001.765730137005448 ], [ 435459.456444954907056, 6060991.741551642306149 ], [ 435459.059436056762934, 6060981.71737314760685 ], [ 435458.662420631735586, 6060971.69319465290755 ], [ 435458.265405765036121, 6060961.669016158208251 ], [ 435457.868391328840517, 6060951.644837662577629 ], [ 435457.471375473309308, 6060941.62065916787833 ], [ 435457.074362026061863, 6060931.59648067317903 ], [ 435456.677353622450028, 6060921.572302178479731 ], [ 435456.280336283496581, 6060911.548123682849109 ], [ 435455.883324319671374, 6060901.52394518814981 ], [ 435455.486305991769768, 6060891.499766693450511 ], [ 435455.089295016834512, 6060881.475588198751211 ], [ 435454.692286613222677, 6060871.451409704051912 ], [ 435454.424367653671652, 6060861.42723120842129 ], [ 435455.076166866288986, 6060851.403052713721991 ], [ 435463.454661438940093, 6060846.818741951137781 ], [ 435472.935746753413696, 6060841.378874219954014 ], [ 435473.48757061798824, 6060841.074196829460561 ], [ 435483.520479797036387, 6060836.005599355325103 ], [ 435483.549769276229199, 6060831.354695724323392 ], [ 435483.520479796978179, 6060827.650552619248629 ], [ 435480.644926157896407, 6060821.330517230555415 ], [ 435473.671943586668931, 6060811.306338733993471 ], [ 435473.720375875767786, 6060801.282160239294171 ], [ 435473.649889087537304, 6060791.257981744594872 ], [ 435473.48757061798824, 6060791.095804525539279 ], [ 435463.848183235677425, 6060781.23380324896425 ], [ 435463.881413713737857, 6060771.209624754264951 ], [ 435463.82088289555395, 6060761.185446259565651 ], [ 435463.454661438881885, 6060760.819543490186334 ], [ 435454.015859913488384, 6060751.161267764866352 ], [ 435454.034923984494526, 6060741.137089270167053 ], [ 435453.983622903644573, 6060731.112910775467753 ], [ 435453.769404609163757, 6060721.088732280768454 ], [ 435453.421752259950154, 6060720.74138246010989 ], [ 435444.181336590670981, 6060711.06455378420651 ], [ 435444.138600081379991, 6060701.040375290438533 ], [ 435443.932951630675234, 6060691.016196795739233 ], [ 435443.388843080843799, 6060690.472561731934547 ], [ 435434.32104931055801, 6060680.992018301039934 ], [ 435434.286267810384743, 6060670.967839806340635 ], [ 435434.088672726240475, 6060660.943661311641335 ], [ 435433.355933901853859, 6060660.211560119874775 ], [ 435424.454430743702687, 6060650.919482816010714 ], [ 435424.427044325391762, 6060640.895304321311414 ], [ 435424.236996797437314, 6060630.871125826612115 ], [ 435423.32302472286392, 6060629.957949095405638 ], [ 435414.581822938111145, 6060620.846947330981493 ], [ 435414.561316771490965, 6060610.822768837213516 ], [ 435414.37839246582007, 6060600.798590341582894 ], [ 435414.187479700776748, 6060590.774411845952272 ], [ 435413.290115543757565, 6060589.877828579396009 ], [ 435404.689443747571204, 6060580.750233352184296 ], [ 435404.513249636045657, 6060570.726054856553674 ], [ 435404.329560349928215, 6060560.701876361854374 ], [ 435403.257206364767626, 6060559.630455544218421 ], [ 435394.811758043419104, 6060550.677697867155075 ], [ 435394.641929334960878, 6060540.653519372455776 ], [ 435394.465063194278628, 6060530.629340877756476 ], [ 435393.224297185661271, 6060529.389654588885605 ], [ 435384.710877445526421, 6060520.605162382125854 ], [ 435384.669527093996294, 6060510.580983887426555 ], [ 435384.594352277868893, 6060500.556805392727256 ], [ 435383.191388006613124, 6060499.155061987228692 ], [ 435374.502184320008382, 6060490.532626898027956 ], [ 435374.461340258189011, 6060480.508448403328657 ], [ 435374.422006476088427, 6060470.484269907698035 ], [ 435374.380958714638837, 6060460.460091412998736 ], [ 435373.158478827564977, 6060459.238675333559513 ], [ 435364.250633226823993, 6060450.435912917368114 ], [ 435364.211340586771257, 6060440.411734423600137 ], [ 435363.12556964851683, 6060439.326908328570426 ], [ 435354.075270456494763, 6060430.387555927969515 ], [ 435354.044121785089374, 6060420.363377433270216 ], [ 435354.012757962627802, 6060410.339198938570917 ], [ 435353.092660469468683, 6060409.419902118854225 ], [ 435343.872809222608339, 6060400.315020442940295 ], [ 435343.840480429935269, 6060390.290841949172318 ], [ 435343.059751290420536, 6060389.510792203247547 ], [ 435333.697433115681633, 6060380.266663453541696 ], [ 435333.668342857970856, 6060370.242484958842397 ], [ 435333.642061565362383, 6060360.218306464143097 ], [ 435333.026842111372389, 6060359.603622376918793 ], [ 435323.495823176344857, 6060350.194127969443798 ], [ 435323.467804206069559, 6060340.169949475675821 ], [ 435322.993932932324242, 6060339.696490566246212 ], [ 435313.318078909243923, 6060330.145770979113877 ], [ 435313.285419263585936, 6060320.121592484414577 ], [ 435312.961023753217887, 6060319.797479264438152 ], [ 435303.130022396508139, 6060310.097413989715278 ], [ 435303.096305307466537, 6060300.073235495015979 ], [ 435303.062356005015317, 6060290.049057001248002 ], [ 435302.928114574227948, 6060289.914932387880981 ], [ 435292.902082653017715, 6060280.024878504686058 ], [ 435292.895205395179801, 6060278.053642063401639 ], [ 435292.162105109833647, 6060280.024878504686058 ], [ 435288.434134624083526, 6060290.049057000316679 ], [ 435284.706149877747521, 6060300.073235495015979 ], [ 435282.862296216131654, 6060305.031194220297039 ], [ 435280.978180516161956, 6060310.097413989715278 ], [ 435277.548621937516145, 6060320.121592484414577 ], [ 435274.197145427926444, 6060330.145770979113877 ], [ 435272.829387037083507, 6060333.540420658886433 ], [ 435269.505248149274848, 6060340.169949474744499 ], [ 435266.600321643520147, 6060350.194127969443798 ], [ 435267.861407877295278, 6060360.218306464143097 ], [ 435269.107230014633387, 6060370.242484958842397 ], [ 435272.829387037083507, 6060379.275329540483654 ], [ 435273.071884471341036, 6060380.266663453541696 ], [ 435272.829387037083507, 6060385.879977657459676 ], [ 435272.206800128624309, 6060390.290841949172318 ], [ 435270.791890545748174, 6060400.315020443871617 ], [ 435269.376980047440156, 6060410.339198939502239 ], [ 435267.96208430128172, 6060420.363377433270216 ], [ 435266.547173802973703, 6060430.387555928900838 ], [ 435265.132278056757059, 6060440.411734423600137 ], [ 435263.717367558449041, 6060450.435912918299437 ], [ 435262.79647785803536, 6060456.960183527320623 ], [ 435262.302471085975412, 6060460.460091412998736 ], [ 435260.887561314040795, 6060470.484269907698035 ], [ 435259.472650815616362, 6060480.508448403328657 ], [ 435258.057755069574341, 6060490.532626898959279 ], [ 435256.642844571149908, 6060500.556805392727256 ], [ 435255.227948824991472, 6060510.580983887426555 ], [ 435253.813038326683454, 6060520.605162382125854 ], [ 435252.763568678987212, 6060528.040389396250248 ], [ 435252.3981420432101, 6060530.629340877756476 ], [ 435250.983232082158793, 6060540.653519372455776 ], [ 435249.568331637885422, 6060550.677697867155075 ], [ 435248.153425837750547, 6060560.701876361854374 ], [ 435246.738515339384321, 6060570.726054856553674 ], [ 435245.323619593225885, 6060580.750233352184296 ], [ 435243.908709094917867, 6060590.774411846883595 ], [ 435242.730659499997273, 6060599.120595265179873 ], [ 435242.493813348759431, 6060600.798590341582894 ], [ 435241.078902850451414, 6060610.822768836282194 ], [ 435239.664002595178317, 6060620.846947330981493 ], [ 435238.24909660598496, 6060630.871125826612115 ], [ 435236.834186107676942, 6060640.895304321311414 ], [ 435235.419290361576714, 6060650.919482816010714 ], [ 435234.004379863210488, 6060660.943661310710013 ], [ 435232.697750321007334, 6060670.200801135972142 ], [ 435232.589484117052052, 6060670.967839805409312 ], [ 435231.174573618744034, 6060680.992018301039934 ], [ 435229.759673552529421, 6060691.016196795739233 ], [ 435228.344767374219373, 6060701.040375290438533 ], [ 435226.929856875911355, 6060711.064553785137832 ], [ 435225.514961129752919, 6060721.088732280768454 ], [ 435224.100050631444901, 6060731.112910775467753 ], [ 435222.685154885286465, 6060741.137089270167053 ], [ 435222.664841141900979, 6060741.281005503609776 ], [ 435221.270244386978447, 6060751.161267764866352 ], [ 435219.855344509822316, 6060761.185446259565651 ], [ 435218.440438142453786, 6060771.209624754264951 ], [ 435217.02553410443943, 6060781.233803249895573 ], [ 435215.61063189804554, 6060791.257981744594872 ], [ 435214.195721399679314, 6060801.282160239294171 ], [ 435212.780825653579086, 6060811.306338733993471 ], [ 435212.631931962852832, 6060812.361201874911785 ], [ 435211.365915155212861, 6060821.330517230555415 ], [ 435209.951015467115212, 6060831.354695724323392 ], [ 435208.536108910746407, 6060841.378874219954014 ], [ 435207.121205061674118, 6060851.403052713721991 ], [ 435205.706302666221745, 6060861.42723120842129 ], [ 435204.291392167913727, 6060871.451409704051912 ], [ 435202.876496421755292, 6060881.475588198751211 ], [ 435202.599022783804685, 6060883.441398247145116 ], [ 435201.461585923389066, 6060891.499766693450511 ], [ 435200.046690177288838, 6060901.523945189081132 ], [ 435198.63177967898082, 6060911.548123681917787 ], [ 435197.216876019025221, 6060921.572302178479731 ], [ 435195.801973434456158, 6060931.59648067317903 ], [ 435194.387062936148141, 6060941.620659166947007 ], [ 435192.972167189931497, 6060951.644837662577629 ], [ 435192.566113604756538, 6060954.521594617515802 ], [ 435191.557256691681687, 6060961.669016158208251 ], [ 435190.142360945465043, 6060971.69319465290755 ], [ 435188.727450447157025, 6060981.71737314760685 ], [ 435187.31254697625991, 6060991.741551642306149 ], [ 435185.897644202690572, 6061001.765730137005448 ], [ 435184.482733704382554, 6061011.78990863263607 ], [ 435183.067837958224118, 6061021.81408712733537 ], [ 435182.533204425708391, 6061025.601790988817811 ], [ 435181.6529274599161, 6061031.838265622034669 ], [ 435180.238031713757664, 6061041.862444115802646 ], [ 435178.823121215449646, 6061051.886622611433268 ], [ 435177.408217933611013, 6061061.91080110706389 ], [ 435175.993314970924985, 6061071.934979601763189 ], [ 435174.578407528228126, 6061081.959158096462488 ], [ 435173.163508726458531, 6061091.983336591161788 ], [ 435172.500295246660244, 6061096.68198736011982 ], [ 435171.748598228150513, 6061102.007515085861087 ], [ 435170.333702481933869, 6061112.031693581491709 ], [ 435168.918791983625852, 6061122.055872075259686 ], [ 435167.503888890845701, 6061132.080050570890307 ], [ 435166.088985739159398, 6061142.104229065589607 ], [ 435164.674078485521022, 6061152.128407560288906 ], [ 435163.259179494692944, 6061162.152586055919528 ], [ 435162.467386067612097, 6061167.762183732353151 ], [ 435161.844268996326718, 6061172.176764549687505 ], [ 435160.42937325022649, 6061182.200943045318127 ], [ 435159.014462751918472, 6061192.225121540948749 ], [ 435157.599567005643621, 6061202.249300035648048 ], [ 435161.772845541883726, 6061212.273478530347347 ], [ 435162.467386067612097, 6061212.765353102236986 ], [ 435162.861631170206238, 6061212.273478530347347 ], [ 435170.603470777277835, 6061202.249300035648048 ], [ 435172.500295246660244, 6061200.247955612838268 ], [ 435178.93072125047911, 6061192.225121540017426 ], [ 435182.533204425708391, 6061187.730543771758676 ], [ 435186.953957307618111, 6061182.200943045318127 ], [ 435192.566113604814745, 6061175.203457145020366 ], [ 435194.981065020139795, 6061172.176764550618827 ], [ 435202.599022783804685, 6061162.656089982017875 ], [ 435203.000990689499304, 6061162.152586055919528 ], [ 435211.000627340516075, 6061152.128407560288906 ], [ 435212.631931962852832, 6061150.0889205718413 ], [ 435219.006439797813073, 6061142.104229065589607 ], [ 435222.664841141900979, 6061137.521725302562118 ], [ 435227.009154029714409, 6061132.080050570890307 ], [ 435232.697750320949126, 6061124.954548416659236 ], [ 435234.997945346869528, 6061122.055872077122331 ], [ 435242.730659499939065, 6061112.384678035974503 ], [ 435243.010305896226782, 6061112.031693580560386 ], [ 435250.981735125358682, 6061102.007515085861087 ], [ 435252.763568678987212, 6061099.778025154955685 ], [ 435258.93628630891908, 6061091.983336591161788 ], [ 435262.79647785803536, 6061087.149160098284483 ], [ 435266.98267564678099, 6061081.959158096462488 ], [ 435272.829387037083507, 6061074.556845713406801 ], [ 435274.953842195565812, 6061071.934979600831866 ], [ 435282.862296216131654, 6061061.970370693132281 ], [ 435282.910372656304389, 6061061.91080110706389 ], [ 435291.046577213215642, 6061051.886622611433268 ], [ 435292.895205395179801, 6061049.538995856419206 ], [ 435299.090670291392598, 6061041.862444116733968 ], [ 435302.928114574227948, 6061037.10762101970613 ], [ 435307.180819108849391, 6061031.838265622034669 ], [ 435312.961023753276095, 6061024.676246183924377 ], [ 435315.270967926480807, 6061021.81408712733537 ], [ 435322.993932932324242, 6061012.244871347211301 ], [ 435323.3611167439376, 6061011.789908631704748 ], [ 435331.451265561510809, 6061001.765730137005448 ], [ 435333.026842111372389, 6060999.813496509566903 ], [ 435339.541414379025809, 6060991.741551642306149 ], [ 435343.059751290420536, 6060987.382121674716473 ], [ 435347.631572976824827, 6060981.71737314760685 ], [ 435353.092660469526891, 6060974.950773430988193 ], [ 435355.721733476791997, 6060971.693194651976228 ], [ 435363.12556964851683, 6060962.519398594275117 ], [ 435363.861414198006969, 6060961.669016158208251 ], [ 435371.902031111880206, 6060951.644837662577629 ], [ 435373.158478827564977, 6060950.088023757562041 ], [ 435379.992179929511622, 6060941.62065916787833 ], [ 435383.191388006613124, 6060937.656648920848966 ], [ 435389.807919505052269, 6060931.59648067317903 ], [ 435393.224297185661271, 6060926.971539242193103 ], [ 435397.999858213181142, 6060921.572302178479731 ], [ 435403.257206364767626, 6060913.91896290704608 ], [ 435406.18047619657591, 6060911.548123682849109 ], [ 435413.290115543757565, 6060906.070779133588076 ], [ 435418.372751332353801, 6060911.548123682849109 ], [ 435414.963806171203032, 6060921.572302178479731 ], [ 435413.290115543757565, 6060926.49387551099062 ], [ 435411.554853294277564, 6060931.59648067317903 ], [ 435408.145871237502433, 6060941.62065916787833 ], [ 435404.736926076351665, 6060951.644837662577629 ], [ 435403.257206364709418, 6060955.996029545553029 ], [ 435401.327980915259104, 6060961.669016158208251 ], [ 435397.919035754166543, 6060971.69319465290755 ], [ 435394.510051698656753, 6060981.71737314760685 ], [ 435393.224297185661271, 6060985.498183580115438 ], [ 435391.101100820407737, 6060991.741551642306149 ], [ 435387.692155659315176, 6061001.765730137005448 ], [ 435384.283210498222616, 6061011.78990863263607 ], [ 435383.191388006554917, 6061015.000468797981739 ], [ 435380.874265337130055, 6061021.81408712733537 ], [ 435377.465275564463809, 6061031.838265622034669 ], [ 435374.056330403313041, 6061041.862444115802646 ], [ 435373.158478827564977, 6061044.502622832544148 ], [ 435370.647385242278688, 6061051.886622611433268 ], [ 435367.238440081127919, 6061061.91080110706389 ], [ 435363.829494919977151, 6061071.934979601763189 ], [ 435363.12556964851683, 6061074.004880962893367 ], [ 435360.420505147369113, 6061081.959158096462488 ], [ 435357.011559986276552, 6061091.983336591161788 ], [ 435353.602614825183991, 6061102.007515085861087 ], [ 435353.092660469468683, 6061103.507062084972858 ], [ 435350.193669664091431, 6061112.031693581491709 ], [ 435346.784696454531513, 6061122.055872076191008 ], [ 435343.375734730332624, 6061132.080050570890307 ], [ 435343.059751290420536, 6061133.00921612046659 ], [ 435339.966789569240063, 6061142.104229065589607 ], [ 435336.557844408089295, 6061152.128407560288906 ], [ 435333.148899246996734, 6061162.152586055919528 ], [ 435333.026842111372389, 6061162.511501337401569 ], [ 435329.73993947065901, 6061172.176764550618827 ], [ 435326.330964313237928, 6061182.200943045318127 ], [ 435322.993932932324242, 6061192.0136553728953 ], [ 435322.922019152087159, 6061192.225121540017426 ], [ 435319.513073991052806, 6061202.24930003657937 ], [ 435316.104128829902038, 6061212.273478530347347 ], [ 435312.961023753276095, 6061221.515819639898837 ], [ 435312.695139057294, 6061222.297657025046647 ], [ 435309.286193896143232, 6061232.321835519745946 ], [ 435305.877248735050671, 6061242.346014014445245 ], [ 435302.928114574227948, 6061251.018094625324011 ], [ 435302.468303573899902, 6061252.370192510075867 ], [ 435299.059341210231651, 6061262.394371004775167 ], [ 435295.650368640199304, 6061272.418549499474466 ], [ 435292.895205395179801, 6061280.52024865988642 ], [ 435292.241423479106743, 6061282.442727994173765 ], [ 435288.832478318014182, 6061292.466906489804387 ], [ 435285.423533156863414, 6061302.491084984503686 ], [ 435282.862296216131654, 6061310.022533878684044 ], [ 435282.014584226417355, 6061312.515263479202986 ], [ 435278.605598223104607, 6061322.539441973902285 ], [ 435275.196653062012047, 6061332.563620468601584 ], [ 435272.829387037083507, 6061339.52468791231513 ], [ 435271.787707900919486, 6061342.587798963300884 ], [ 435268.378762739826925, 6061352.611977458931506 ], [ 435264.969782630796544, 6061362.636155953630805 ], [ 435262.796477858093567, 6061369.026841947808862 ], [ 435261.560827806009911, 6061372.660334447398782 ], [ 435258.151882644975558, 6061382.684512943029404 ], [ 435254.74293748382479, 6061392.708691437728703 ], [ 435252.763568678987212, 6061393.750458786264062 ], [ 435245.903227787348442, 6061402.732869933359325 ], [ 435242.730659499939065, 6061404.222601522691548 ], [ 435232.697750320949126, 6061407.5362464543432 ], [ 435224.555495730019175, 6061412.757048428058624 ], [ 435222.664841141900979, 6061413.641471604816616 ], [ 435212.631931962794624, 6061418.352381624281406 ], [ 435203.206954698369373, 6061422.781226922757924 ], [ 435202.599022783804685, 6061423.06313322391361 ], [ 435192.566113604756538, 6061427.72855097334832 ], [ 435182.533204425708391, 6061432.43072531092912 ], [ 435181.737146998406388, 6061432.805405417457223 ], [ 435172.500295246660244, 6061437.10550407320261 ], [ 435162.467386067612097, 6061441.765804838389158 ], [ 435160.184344722307287, 6061442.829583913087845 ], [ 435152.434476888622157, 6061446.468152400106192 ], [ 435142.401567709457595, 6061451.16822749376297 ], [ 435138.797495645354502, 6061452.853762407787144 ], [ 435132.368658530467656, 6061455.868748963810503 ], [ 435122.335749351419508, 6061461.533174416050315 ], [ 435120.496311302296817, 6061462.877940902486444 ], [ 435120.319412832206581, 6061472.902119397185743 ], [ 435120.142511551210191, 6061482.926297892816365 ], [ 435118.836629410216119, 6061492.950476387515664 ], [ 435117.284440733725205, 6061502.974654882214963 ], [ 435115.62471373466542, 6061512.998833376914263 ], [ 435112.483894646458793, 6061523.023011871613562 ], [ 435112.302840172371361, 6061523.482927451841533 ], [ 435108.170151987695135, 6061533.047190366312861 ], [ 435103.908412907854654, 6061543.071368861943483 ], [ 435102.269930993323214, 6061547.016127803362906 ], [ 435099.632499230210669, 6061553.09554735571146 ], [ 435095.283702132757753, 6061563.119725851342082 ], [ 435092.23702181421686, 6061570.142472486943007 ], [ 435090.93491202412406, 6061573.143904346041381 ], [ 435086.586127320362721, 6061583.168082840740681 ], [ 435082.237324876943603, 6061593.192261336371303 ], [ 435082.20411263522692, 6061593.268817172385752 ], [ 435077.888540114276111, 6061603.216439831070602 ], [ 435073.539755410514772, 6061613.240618325769901 ], [ 435072.171203456178773, 6061616.39518997259438 ], [ 435069.190952908189502, 6061623.264796820469201 ], [ 435064.842168204369955, 6061633.2889753151685 ], [ 435068.070320241269656, 6061643.313153810799122 ], [ 435072.171203456236981, 6061644.849243347533047 ], [ 435082.20411263522692, 6061648.607323253527284 ], [ 435092.237021814275067, 6061652.365403158590198 ], [ 435094.831771554716397, 6061653.337332305498421 ], [ 435102.269930993265007, 6061656.123483063653111 ], [ 435112.302840172429569, 6061659.881562970578671 ], [ 435121.593222868163139, 6061663.361510800197721 ], [ 435122.335749351419508, 6061663.639642875641584 ], [ 435132.368658530525863, 6061667.397722782567143 ], [ 435142.401567709515803, 6061671.155802687630057 ], [ 435148.354695673682727, 6061673.385689295828342 ], [ 435152.434476888505742, 6061674.915938098914921 ], [ 435162.467386067612097, 6061678.671948932111263 ], [ 435172.500295246660244, 6061682.427789113484323 ], [ 435175.116161715879571, 6061683.409867789596319 ], [ 435182.533204425708391, 6061686.305625618435442 ], [ 435192.56611360469833, 6061689.965080604888499 ], [ 435198.914131000870839, 6061693.434046285226941 ], [ 435202.599022783804685, 6061695.915539714507759 ], [ 435205.104300670325756, 6061703.458224778994918 ], [ 435211.725841918843798, 6061713.48240327462554 ], [ 435212.631931962852832, 6061714.86993895098567 ], [ 435219.047859213489573, 6061723.506581769324839 ], [ 435222.664841141900979, 6061732.273738061077893 ] ], [ [ 435422.492390886123758, 6060891.499766693450511 ], [ 435423.323024722805712, 6060890.394513486884534 ], [ 435424.739221641444601, 6060891.499766694381833 ], [ 435423.323024722805712, 6060896.165370998904109 ], [ 435422.492390886123758, 6060891.499766693450511 ] ] ] } },
{ "type": "Feature", "properties": { "id": 2, "cost_level": 180.0 }, "geometry": { "type": "Polygon", "coordinates": [ [ [ 436356.38357837399235, 6067769.292404757812619 ], [ 436366.416487553040497, 6067768.137826479040086 ], [ 436366.468144794052932, 6067768.086214190348983 ], [ 436376.449396732088644, 6067758.204015611670911 ], [ 436376.591500308190007, 6067758.062035694718361 ], [ 436386.482305911078583, 6067748.268581828102469 ], [ 436396.515215090184938, 6067748.312648587860167 ], [ 436396.790245810814667, 6067748.037857200019062 ], [ 436406.548124269233085, 6067738.37485589645803 ], [ 436406.909616031858604, 6067738.013678705319762 ], [ 436416.581033448223025, 6067728.435550583526492 ], [ 436417.027472314191982, 6067727.989500210620463 ], [ 436426.613942627212964, 6067718.49476811196655 ], [ 436436.646851806261111, 6067718.536196023225784 ], [ 436437.218223324744031, 6067717.965321714058518 ], [ 436446.679760985367466, 6067708.593263270333409 ], [ 436447.332449007837567, 6067707.941143220290542 ], [ 436456.712670164415613, 6067698.648945955559611 ], [ 436457.445288922346663, 6067697.916964726522565 ], [ 436466.74557934346376, 6067688.703279055655003 ], [ 436476.778488522511907, 6067688.742282652296126 ], [ 436477.628724823705852, 6067687.892786230891943 ], [ 436486.811397701560054, 6067678.775180377066135 ], [ 436487.71875993302092, 6067677.868607736192644 ], [ 436496.844306880608201, 6067668.672538665123284 ], [ 436497.673137558391318, 6067667.844429239630699 ], [ 436506.877216059656348, 6067658.56853477563709 ], [ 436516.910125238646287, 6067658.534286493435502 ], [ 436517.62478288525017, 6067657.820250745862722 ], [ 436526.943034417752642, 6067648.428280862979591 ], [ 436527.575793659372721, 6067647.796072251163423 ], [ 436536.975943596800789, 6067638.320824114605784 ], [ 436537.525352053169627, 6067637.771893756464124 ], [ 436547.008852775848936, 6067628.211877242662013 ], [ 436557.041761954897083, 6067628.175494593568146 ], [ 436557.469913865497801, 6067627.747715262696147 ], [ 436567.07467113394523, 6067618.064356143586338 ], [ 436567.41578735265648, 6067617.72353676520288 ], [ 436577.107580312993377, 6067607.951769637875259 ], [ 436577.360211519931909, 6067607.699358271434903 ], [ 436587.140489492041524, 6067597.837722869589925 ], [ 436597.173398671089672, 6067597.799143947660923 ], [ 436597.297470809658989, 6067597.675179776735604 ], [ 436607.206307850079611, 6067587.682703703641891 ], [ 436607.23803788330406, 6067587.651001282036304 ], [ 436607.206307850079611, 6067581.74814235419035 ], [ 436601.595637556398287, 6067577.626822786405683 ], [ 436597.173398671089672, 6067574.378465871326625 ], [ 436587.948981715890113, 6067567.602644291706383 ], [ 436587.140489492041524, 6067567.008764040656388 ], [ 436577.107580312993377, 6067559.639087557792664 ], [ 436574.302296928595752, 6067557.578465797007084 ], [ 436567.07467113394523, 6067552.269411075860262 ], [ 436560.65563143894542, 6067547.554287302307785 ], [ 436557.041761954897083, 6067544.899709245190024 ], [ 436547.008956300793216, 6067537.530108808539808 ], [ 436547.008852775848936, 6067537.530032763257623 ], [ 436536.975943596800789, 6067530.16033764462918 ], [ 436533.362303241039626, 6067527.505930312909186 ], [ 436526.943034417694435, 6067522.790654450654984 ], [ 436519.715615672874264, 6067517.481751817278564 ], [ 436516.910125238704495, 6067515.420977967791259 ], [ 436506.877216059656348, 6067508.051276137121022 ], [ 436506.068962613120675, 6067507.457573322579265 ], [ 436496.844306880608201, 6067500.681599654257298 ], [ 436492.422275045071729, 6067497.433394827879965 ], [ 436486.811397701560054, 6067493.311912750825286 ], [ 436478.775621985259932, 6067487.409216333180666 ], [ 436476.778488522570115, 6067485.942221341654658 ], [ 436466.74557934346376, 6067478.572544858790934 ], [ 436465.128939977614209, 6067477.385037837550044 ], [ 436456.712670164415613, 6067471.202843028120697 ], [ 436451.482281357399188, 6067467.360859342850745 ], [ 436446.679760985367466, 6067463.833166547119617 ], [ 436437.835593789350241, 6067457.336680849082768 ], [ 436436.646851806319319, 6067456.463490064255893 ], [ 436426.613942627271172, 6067449.093788233585656 ], [ 436424.188940729538444, 6067447.312502353452146 ], [ 436416.581033448223025, 6067441.724111750721931 ], [ 436410.542273931903765, 6067437.288323858752847 ], [ 436406.548124269233085, 6067434.354409920051694 ], [ 436396.895600101735909, 6067427.264145363122225 ], [ 436396.515215090184938, 6067426.98473343718797 ], [ 436386.482305911136791, 6067419.615056954324245 ], [ 436383.248923654900864, 6067417.239966868422925 ], [ 436376.449396732088644, 6067412.24535512458533 ], [ 436369.602259473933373, 6067407.215788373723626 ], [ 436366.416487553040497, 6067404.875678641721606 ], [ 436356.38357837399235, 6067397.505976812914014 ], [ 436355.955606414121576, 6067397.191609879024327 ], [ 436346.350669194944203, 6067390.136300329118967 ], [ 436342.308918846072629, 6067387.167431384325027 ], [ 436336.317760015837848, 6067382.766623847186565 ], [ 436328.662257609132212, 6067377.143252888694406 ], [ 436326.284850836847909, 6067375.396922016516328 ], [ 436316.251941657857969, 6067368.027245533652604 ], [ 436315.015582470630761, 6067367.119074393995106 ], [ 436306.219032478751615, 6067360.657543703913689 ], [ 436301.368925158400089, 6067357.094895899295807 ], [ 436296.186123299703468, 6067353.287867221049964 ], [ 436287.722237590351142, 6067347.070717403665185 ], [ 436286.153214120597113, 6067345.91819073818624 ], [ 436276.120304941607174, 6067338.548488908447325 ], [ 436274.075584530597553, 6067337.046538909897208 ], [ 436266.087395762559026, 6067331.178812425583601 ], [ 436260.428916424862109, 6067327.022360414266586 ], [ 436256.054486583569087, 6067323.809110594913363 ], [ 436246.782243902678601, 6067316.998181919567287 ], [ 436246.021577404462732, 6067316.439434112049639 ], [ 436235.988668225414585, 6067309.069757630117238 ], [ 436233.135566147917416, 6067306.974003424867988 ], [ 436225.955759046366438, 6067301.700055800378323 ], [ 436219.488903274876066, 6067296.949824930168688 ], [ 436215.922849867376499, 6067294.330379317514598 ], [ 436205.889940688328352, 6067286.960677486844361 ], [ 436205.842250215122476, 6067286.925646435469389 ], [ 436195.857031509280205, 6067279.591001003980637 ], [ 436192.19556264707353, 6067276.901467939838767 ], [ 436185.824122330232058, 6067272.221324522048235 ], [ 436178.548900102148764, 6067266.877289444208145 ], [ 436175.791213151183911, 6067264.851622691377997 ], [ 436165.758303972135764, 6067257.481949388980865 ], [ 436164.902224963705521, 6067256.853110950440168 ], [ 436155.725394793087617, 6067250.112244378775358 ], [ 436151.255568959400989, 6067246.828932455740869 ], [ 436145.692485613981262, 6067242.742567895911634 ], [ 436137.60888139141025, 6067236.80475396104157 ], [ 436135.659576434991322, 6067235.37289141304791 ], [ 436125.626667255943175, 6067228.003229774534702 ], [ 436123.962199706817046, 6067226.780575465410948 ], [ 436115.593758076895028, 6067220.633562121540308 ], [ 436110.315558917936869, 6067216.756396970711648 ], [ 436105.560848897788674, 6067213.263811269775033 ], [ 436096.66888770373771, 6067206.732218476012349 ], [ 436095.527939718740527, 6067205.894134787842631 ], [ 436085.495030539750587, 6067198.524563954211771 ], [ 436083.022072549152654, 6067196.70803998131305 ], [ 436075.46212136070244, 6067191.15493736974895 ], [ 436069.375400528486352, 6067186.683861485682428 ], [ 436065.429212181712501, 6067183.785206120461226 ], [ 436055.728892872110009, 6067176.659682990983129 ], [ 436055.396303002606146, 6067176.415378160774708 ], [ 436045.363393823499791, 6067169.045908914878964 ], [ 436042.08191299403552, 6067166.635504496283829 ], [ 436035.330484644509852, 6067161.676358202472329 ], [ 436028.435115696047433, 6067156.61132600158453 ], [ 436025.297575465461705, 6067154.306674731895328 ], [ 436015.264666286471765, 6067146.936937514692545 ], [ 436014.788465048593935, 6067146.587147506885231 ], [ 436005.231757107423618, 6067139.567340176552534 ], [ 436001.141644991992507, 6067136.562969011254609 ], [ 435995.198847928317264, 6067132.197783725336194 ], [ 435987.494783242291305, 6067126.538790516555309 ], [ 435985.165938749327324, 6067124.828180717304349 ], [ 435975.133029570279177, 6067117.457840593531728 ], [ 435973.848187231284101, 6067116.51461202185601 ], [ 435965.10012039123103, 6067110.088534202426672 ], [ 435960.201179907890037, 6067106.490433527156711 ], [ 435955.067211212124676, 6067102.719302790239453 ], [ 435946.554363442061003, 6067096.466255032457411 ], [ 435945.034302033134736, 6067095.349713925272226 ], [ 435935.001392854086589, 6067087.977603394538164 ], [ 435932.910420806379989, 6067086.442076536826789 ], [ 435924.968483675038442, 6067080.606237974017859 ], [ 435919.263830217008945, 6067076.41789804212749 ], [ 435914.935574495932087, 6067073.238153219223022 ], [ 435905.613895575632341, 6067066.393719547428191 ], [ 435904.902665316942148, 6067065.871290755458176 ], [ 435894.869756137894001, 6067058.496298791840672 ], [ 435891.97463027574122, 6067056.369541052728891 ], [ 435884.836846958845854, 6067051.122900329530239 ], [ 435878.331830585550051, 6067046.345362558960915 ], [ 435874.803937779797707, 6067043.752756807953119 ], [ 435864.77102860074956, 6067036.385712737217546 ], [ 435864.683212751697283, 6067036.32118406239897 ], [ 435854.73811942175962, 6067029.013349497690797 ], [ 435851.041498533741105, 6067026.297005567699671 ], [ 435844.705210242653266, 6067021.63848527520895 ], [ 435837.401776749931742, 6067016.272827073000371 ], [ 435834.672301063663326, 6067014.266316858120263 ], [ 435824.639391884556971, 6067006.896259777247906 ], [ 435823.758070098003373, 6067006.248648578301072 ], [ 435814.606482705567032, 6066999.523896537721157 ], [ 435810.116355880105402, 6066996.224470083601773 ], [ 435804.573573526518885, 6066992.151533296331763 ], [ 435796.474669417832047, 6066986.200291587971151 ], [ 435794.540664347470738, 6066984.778797254897654 ], [ 435784.507755168422591, 6066977.406781549565494 ], [ 435782.832961827924009, 6066976.176113093271852 ], [ 435774.474845989374444, 6066970.034418310038745 ], [ 435769.191247610026039, 6066966.151934599503875 ], [ 435764.441936810384504, 6066962.662055070511997 ], [ 435755.549533392069861, 6066956.127756103873253 ], [ 435754.40902763127815, 6066955.289691830053926 ], [ 435744.376118452230003, 6066947.917328589595854 ], [ 435741.907819174171891, 6066946.103577608242631 ], [ 435734.343209273181856, 6066940.544965349137783 ], [ 435728.266104956273921, 6066936.079399113543332 ], [ 435724.310300094075501, 6066933.172602108679712 ], [ 435714.624390738375951, 6066926.055220618844032 ], [ 435714.277390915085562, 6066925.800238868221641 ], [ 435704.244481735979207, 6066918.427850362844765 ], [ 435700.982710904092528, 6066916.031042124144733 ], [ 435694.211572556989267, 6066911.055487122386694 ], [ 435687.340996686252765, 6066906.006863629445434 ], [ 435684.17866337794112, 6066903.683123882859945 ], [ 435674.145754198892973, 6066896.310760641470551 ], [ 435673.69928246823838, 6066895.982685133814812 ], [ 435664.112845019844826, 6066888.938397401943803 ], [ 435660.05756825034041, 6066885.958506639115512 ], [ 435654.079935840796679, 6066881.566034162417054 ], [ 435646.415854032442439, 6066875.934328144416213 ], [ 435644.047026661748532, 6066874.19367092102766 ], [ 435634.014117482700385, 6066866.821307680569589 ], [ 435632.774144064052962, 6066865.910149649716914 ], [ 435623.981208303710446, 6066859.448919175192714 ], [ 435619.132459980319254, 6066855.885971155017614 ], [ 435613.948299124604091, 6066852.076555934734643 ], [ 435605.490745762421284, 6066845.861792659386992 ], [ 435603.915389945614152, 6066844.704192695207894 ], [ 435593.882480766624212, 6066837.3318294538185 ], [ 435591.849031544523314, 6066835.837614164687693 ], [ 435583.849571587517858, 6066829.959466214291751 ], [ 435578.207317326567136, 6066825.813435669988394 ], [ 435573.816662408527918, 6066822.58710297383368 ], [ 435564.565603108727373, 6066815.789257175289094 ], [ 435563.783753229421563, 6066815.214739733375609 ], [ 435553.750844050373416, 6066807.842376494780183 ], [ 435550.923898578970693, 6066805.765078680589795 ], [ 435543.717934871325269, 6066800.469987988471985 ], [ 435537.28220905654598, 6066795.740900184959173 ], [ 435533.685025692218915, 6066793.097624746151268 ], [ 435523.652116513228975, 6066785.725261507555842 ], [ 435523.640494838589802, 6066785.716721690259874 ], [ 435513.619207334180828, 6066778.352898267097771 ], [ 435509.998780620691832, 6066775.692543195560575 ], [ 435503.586298155132681, 6066770.9805350266397 ], [ 435496.357066402735654, 6066765.668364699929953 ], [ 435493.553388976026326, 6066763.608171787112951 ], [ 435483.520479797036387, 6066756.23580854665488 ], [ 435482.715352184895892, 6066755.644186206161976 ], [ 435473.487570618046448, 6066748.863445306196809 ], [ 435469.073653093830217, 6066745.620007710531354 ], [ 435463.454661438940093, 6066741.491056799888611 ], [ 435455.431958132714499, 6066735.595829215832055 ], [ 435453.421752259891946, 6066734.11869355943054 ], [ 435443.388843080843799, 6066726.746330319903791 ], [ 435441.790243914816529, 6066725.571650721132755 ], [ 435433.355933901853859, 6066719.37396707944572 ], [ 435428.148529696976766, 6066715.547472227364779 ], [ 435423.323024722805712, 6066712.001603839918971 ], [ 435414.506815479020588, 6066705.523293731734157 ], [ 435413.290115543757565, 6066704.629240598529577 ], [ 435403.257206364709418, 6066697.256877359002829 ], [ 435400.86510126106441, 6066695.499115236103535 ], [ 435393.224297185661271, 6066689.884514118544757 ], [ 435387.223407608806156, 6066685.474936741404235 ], [ 435383.191388006613124, 6066682.512133080512285 ], [ 435373.581705758464523, 6066675.450758246704936 ], [ 435373.158478827564977, 6066675.139762371778488 ], [ 435363.125569648458622, 6066667.76739913225174 ], [ 435359.939992991043255, 6066665.426579752005637 ], [ 435353.092660469468683, 6066660.395035891793668 ], [ 435346.298278773145285, 6066655.402401256375015 ], [ 435343.059751290420536, 6066653.022672651335597 ], [ 435333.026842111372389, 6066645.650309411808848 ], [ 435332.656564555189107, 6066645.378222761675715 ], [ 435322.993932932324242, 6066638.277946171350777 ], [ 435319.014850337291136, 6066635.354044266976416 ], [ 435312.961023753276095, 6066630.905582930892706 ], [ 435305.373136119334958, 6066625.329865772277117 ], [ 435302.928114574286155, 6066623.533219691365957 ], [ 435292.895205395179801, 6066616.160833340138197 ], [ 435291.731452296837233, 6066615.305687277577817 ], [ 435282.862296216189861, 6066608.788476783782244 ], [ 435278.089742067211773, 6066605.281508781947196 ], [ 435272.829387037083507, 6066601.416104704141617 ], [ 435264.448027849255595, 6066595.257330287247896 ], [ 435262.79647785803536, 6066594.043741464614868 ], [ 435252.763568678987212, 6066586.671381848864257 ], [ 435250.806306923681404, 6066585.233151792548597 ], [ 435242.730659499939065, 6066579.299025293439627 ], [ 435237.164599413517863, 6066575.208973297849298 ], [ 435232.697750321007334, 6066571.926651744171977 ], [ 435223.522885195619892, 6066565.184794804081321 ], [ 435222.664841141900979, 6066564.554288503713906 ], [ 435212.63193196291104, 6066557.181930357590318 ], [ 435209.881161550525576, 6066555.160616307519376 ], [ 435202.599022783804685, 6066549.809573801234365 ], [ 435196.239456759823952, 6066545.136437812820077 ], [ 435192.566113604756538, 6066542.437191979028285 ], [ 435182.597742762998678, 6066535.112259318120778 ], [ 435182.533204425708391, 6066535.064835422672331 ], [ 435172.500295246602036, 6066527.692478866316378 ], [ 435168.956016177427955, 6066525.088080823421478 ], [ 435162.467386067612097, 6066520.320122310891747 ], [ 435155.314314106071834, 6066515.063902328722179 ], [ 435152.434476888505742, 6066512.947740487754345 ], [ 435142.401567709515803, 6066505.575383931398392 ], [ 435141.672597389901057, 6066505.039723833091557 ], [ 435132.368658530467656, 6066498.203027375042439 ], [ 435128.030870804213919, 6066495.015545338392258 ], [ 435122.335749351419508, 6066490.830670818686485 ], [ 435114.389171452319715, 6066484.991366843692958 ], [ 435112.302840172429569, 6066483.458288996480405 ], [ 435102.269930993323214, 6066476.085932440124452 ], [ 435100.747452016687021, 6066474.967188348993659 ], [ 435092.237021814275067, 6066468.713575884699821 ], [ 435087.10572543105809, 6066464.94300985429436 ], [ 435082.20411263522692, 6066461.341210249811411 ], [ 435073.464033229160123, 6066454.918831358663738 ], [ 435072.171203456178773, 6066453.968837505206466 ], [ 435062.138294277130626, 6066448.280515608377755 ], [ 435058.232940375222825, 6066454.91883135959506 ], [ 435062.138294277130626, 6066458.873001845553517 ], [ 435068.132286704494618, 6066464.943009853363037 ], [ 435072.171203456236981, 6066469.032402876764536 ], [ 435078.031663778121583, 6066474.967188348993659 ], [ 435082.20411263522692, 6066479.191784580238163 ], [ 435087.931093817169312, 6066484.991366844624281 ], [ 435092.237021814275067, 6066489.351087113842368 ], [ 435097.830567635246553, 6066495.015545338392258 ], [ 435102.269930993323214, 6066499.510356947779655 ], [ 435107.730106259114109, 6066505.039723833091557 ], [ 435112.302840172371361, 6066509.66956069227308 ], [ 435117.630100612877868, 6066515.063902328722179 ], [ 435122.335749351419508, 6066519.828321466222405 ], [ 435127.530643451143987, 6066525.088080823421478 ], [ 435132.368658530409448, 6066529.986505044624209 ], [ 435137.431200145743787, 6066535.112259317189455 ], [ 435142.401567709515803, 6066540.144688623026013 ], [ 435147.331742323003709, 6066545.136437812820077 ], [ 435152.43447688856395, 6066550.302902112714946 ], [ 435157.232283992110752, 6066555.160616307519376 ], [ 435162.467386067612097, 6066560.461085692048073 ], [ 435167.132840686710551, 6066565.184794803149998 ], [ 435172.500295246660244, 6066570.619269270449877 ], [ 435177.033397381310351, 6066575.208973297849298 ], [ 435182.533204425708391, 6066580.777452848851681 ], [ 435186.933941117487848, 6066585.233151792548597 ], [ 435192.566113604756538, 6066590.935666339471936 ], [ 435196.834481227619108, 6066595.257330287247896 ], [ 435202.599022783804685, 6066601.09384991787374 ], [ 435206.735037922218908, 6066605.281508781947196 ], [ 435212.631931962852832, 6066611.252033496275544 ], [ 435216.635594616876915, 6066615.305687277577817 ], [ 435222.664841141900979, 6066621.410235291346908 ], [ 435226.536121768469457, 6066625.329865772277117 ], [ 435232.697750320949126, 6066631.568430565297604 ], [ 435236.436678463127464, 6066635.354044266976416 ], [ 435242.730659499997273, 6066641.726614143699408 ], [ 435246.337235157727264, 6066645.378222761675715 ], [ 435252.763568678987212, 6066651.884797722101212 ], [ 435256.237781622097827, 6066655.402401256375015 ], [ 435262.796477857977152, 6066662.043011212721467 ], [ 435266.138319003919605, 6066665.426579752005637 ], [ 435272.829387037083507, 6066672.201194792054594 ], [ 435276.038875698577613, 6066675.450758246704936 ], [ 435282.862296216131654, 6066682.359378369525075 ], [ 435285.939432393177412, 6066685.474936741404235 ], [ 435292.895205395179801, 6066692.517561947926879 ], [ 435295.839980416640174, 6066695.499115236103535 ], [ 435302.928114574227948, 6066702.675775439478457 ], [ 435305.740516239486169, 6066705.523293731734157 ], [ 435312.961023753276095, 6066712.833959017880261 ], [ 435315.641072934027761, 6066715.547472226433456 ], [ 435322.993932932324242, 6066722.992142596282065 ], [ 435325.541622126707807, 6066725.571650721132755 ], [ 435333.026842111372389, 6066733.15035608690232 ], [ 435335.442156780394726, 6066735.595829216763377 ], [ 435343.059751290420536, 6066743.308539665304124 ], [ 435345.342713474994525, 6066745.620007710531354 ], [ 435353.092660469468683, 6066753.466723243705928 ], [ 435355.243270169594325, 6066755.644186206161976 ], [ 435363.12556964851683, 6066763.624906822107732 ], [ 435365.143820921191946, 6066765.668364700861275 ], [ 435373.158478827564977, 6066773.783120312727988 ], [ 435375.044354015844874, 6066775.692543195560575 ], [ 435383.191388006671332, 6066783.941303891129792 ], [ 435384.944910710444674, 6066785.716721690259874 ], [ 435393.224297185661271, 6066794.099487469531596 ], [ 435394.845462631375995, 6066795.740900184959173 ], [ 435403.257206364709418, 6066804.257700960151851 ], [ 435404.745994556753431, 6066805.765078680589795 ], [ 435413.290115543757565, 6066814.415884538553655 ], [ 435414.64655125135323, 6066815.789257175289094 ], [ 435423.323024722805712, 6066824.574068116955459 ], [ 435424.54710794595303, 6066825.813435669988394 ], [ 435433.355933901853859, 6066834.732251696288586 ], [ 435434.447661425860133, 6066835.837614164687693 ], [ 435443.388843080843799, 6066844.890465185046196 ], [ 435444.348191792203579, 6066845.861792659386992 ], [ 435453.421752259891946, 6066855.048648765310645 ], [ 435454.248748486861587, 6066855.885971155017614 ], [ 435463.454661438940093, 6066865.206832342781126 ], [ 435464.149305181403179, 6066865.910149649716914 ], [ 435473.48757061798824, 6066875.365044134669006 ], [ 435474.049832333112136, 6066875.934328144416213 ], [ 435483.520479797036387, 6066885.523229411803186 ], [ 435483.950389027711935, 6066885.958506639115512 ], [ 435493.553388976084534, 6066895.681412991136312 ], [ 435493.850945722311735, 6066895.982685133814812 ], [ 435503.586298155132681, 6066905.839596569538116 ], [ 435503.751501930470113, 6066906.006863629445434 ], [ 435513.619207334180828, 6066915.997810059227049 ], [ 435513.652029568620492, 6066916.031042124144733 ], [ 435523.552586263278499, 6066926.055220618844032 ], [ 435523.652116513228975, 6066926.155993637628853 ], [ 435533.453142957878299, 6066936.079399114474654 ], [ 435533.685025692277122, 6066936.314177216030657 ], [ 435543.353699652478099, 6066946.103577608242631 ], [ 435543.717934871325269, 6066946.472362996079028 ], [ 435553.254225341777783, 6066956.127756103873253 ], [ 435553.750844050373416, 6066956.63058028742671 ], [ 435563.154776090406813, 6066966.151934598572552 ], [ 435563.783753229421563, 6066966.788769265636802 ], [ 435573.055326742352918, 6066976.176113093271852 ], [ 435573.81666240846971, 6066976.946962144225836 ], [ 435582.95584629161749, 6066986.200291587971151 ], [ 435583.849571587517858, 6066987.105181935243309 ], [ 435592.856393825437408, 6066996.224470084533095 ], [ 435593.882480766566005, 6066997.263378813862801 ], [ 435602.756936388788745, 6067006.248648578301072 ], [ 435603.915389945614152, 6067007.421578090637922 ], [ 435612.657476613472681, 6067016.272827073931694 ], [ 435613.948299124662299, 6067017.579775867052376 ], [ 435622.557993336755317, 6067026.297005567699671 ], [ 435623.981208303710446, 6067027.73800515756011 ], [ 435632.458529663213994, 6067036.321184061467648 ], [ 435634.014117482700385, 6067037.89620613399893 ], [ 435642.359044047421776, 6067046.345362558029592 ], [ 435644.047026661748532, 6067048.054438624531031 ], [ 435652.259528107009828, 6067056.369541052728891 ], [ 435654.079935840796679, 6067058.212691629305482 ], [ 435662.159993343171664, 6067066.393719547428191 ], [ 435664.112845019786619, 6067068.370974546298385 ], [ 435672.06047662277706, 6067076.41789804212749 ], [ 435674.145754198892973, 6067078.529227550141513 ], [ 435681.960942638921551, 6067086.442076536826789 ], [ 435684.17866337794112, 6067088.687510468065739 ], [ 435691.861402514448855, 6067096.466255033388734 ], [ 435694.211572556989267, 6067098.845793386921287 ], [ 435701.761884624022059, 6067106.490433527156711 ], [ 435704.244481736095622, 6067109.004046390764415 ], [ 435711.662351810198743, 6067116.51461202185601 ], [ 435714.277390915027354, 6067119.162329307757318 ], [ 435721.562833139789291, 6067126.538790516555309 ], [ 435724.310300094133709, 6067129.320582311600447 ], [ 435731.463301105948631, 6067136.562969011254609 ], [ 435734.343209273181856, 6067139.478865230455995 ], [ 435741.36378165561473, 6067146.587147506885231 ], [ 435744.376118452230003, 6067149.637118235230446 ], [ 435751.264250401756726, 6067156.61132600158453 ], [ 435754.40902763127815, 6067159.795401153154671 ], [ 435761.16471027728403, 6067166.635504496283829 ], [ 435764.441936810268089, 6067169.953684070147574 ], [ 435771.065189656801522, 6067176.659682990983129 ], [ 435774.474845989374444, 6067180.111937073990703 ], [ 435780.965659573033918, 6067186.683861485682428 ], [ 435784.507755168422591, 6067190.270219992846251 ], [ 435790.866138172626961, 6067196.70803998131305 ], [ 435794.540664347470738, 6067200.428472996689379 ], [ 435800.766608868842013, 6067206.732218476012349 ], [ 435804.573573526577093, 6067210.586755914613605 ], [ 435810.667086688394193, 6067216.756396970711648 ], [ 435814.606482705567032, 6067220.745008919388056 ], [ 435820.567558164591901, 6067226.780575465410948 ], [ 435824.639391884556971, 6067230.903291836380959 ], [ 435830.468018040060997, 6067236.80475396104157 ], [ 435834.672301063605119, 6067241.061574755236506 ], [ 435840.368494689580984, 6067246.828932455740869 ], [ 435844.705210242653266, 6067251.219827759079635 ], [ 435850.268967335810885, 6067256.853110950440168 ], [ 435854.73811942175962, 6067261.37811067700386 ], [ 435860.169443205348216, 6067266.877289445139468 ], [ 435864.77102860074956, 6067271.536363680846989 ], [ 435870.069916631560773, 6067276.901467939838767 ], [ 435874.803937779797707, 6067281.694646598771214 ], [ 435879.970391721231863, 6067286.925646435469389 ], [ 435884.836846958845854, 6067291.852899603545666 ], [ 435889.87086592731066, 6067296.949824930168688 ], [ 435894.869756137894001, 6067302.011182521469891 ], [ 435899.771340236999094, 6067306.974003424867988 ], [ 435904.902665316942148, 6067312.169451029039919 ], [ 435909.671799722418655, 6067316.998181919567287 ], [ 435914.935574495990295, 6067322.327718442305923 ], [ 435919.57227509864606, 6067327.022360414266586 ], [ 435924.968483675038442, 6067332.48600136116147 ], [ 435929.472748238244094, 6067337.046538909897208 ], [ 435935.001392854086589, 6067342.644254365935922 ], [ 435939.373224394395947, 6067347.070717404596508 ], [ 435945.034302033134736, 6067352.802537282928824 ], [ 435949.273696754011326, 6067357.094895899295807 ], [ 435955.067211212182883, 6067362.960790286771953 ], [ 435959.174173690145835, 6067367.119074393995106 ], [ 435965.10012039123103, 6067373.119073204696178 ], [ 435969.074645269778557, 6067377.143252888694406 ], [ 435975.133029570279177, 6067383.27732620947063 ], [ 435978.975122985895723, 6067387.167431384325027 ], [ 435985.165938749327324, 6067393.435609128326178 ], [ 435988.875582861481234, 6067397.191609879024327 ], [ 435995.198847928433679, 6067403.59389204531908 ], [ 435998.776053271023557, 6067407.215788373723626 ], [ 436005.231757107423618, 6067413.752145050093532 ], [ 436008.676532157231122, 6067417.239966868422925 ], [ 436015.264666286471765, 6067423.910427967086434 ], [ 436018.577001786790788, 6067427.264145363122225 ], [ 436025.297575465461705, 6067434.068680971860886 ], [ 436028.477481452922802, 6067437.288323858752847 ], [ 436035.330484644509852, 6067444.226963889785111 ], [ 436038.37795030255802, 6067447.312502353452146 ], [ 436045.363393823557999, 6067454.38521689362824 ], [ 436048.278430748730898, 6067457.336680848151445 ], [ 436055.396303002606146, 6067464.543499811552465 ], [ 436058.178890624199994, 6067467.360859342850745 ], [ 436065.429212181654293, 6067474.701782728545368 ], [ 436068.079358303803019, 6067477.385037837550044 ], [ 436075.46212136070244, 6067484.860035734251142 ], [ 436077.979839919949882, 6067487.409216333180666 ], [ 436085.495030539808795, 6067495.018318651244044 ], [ 436087.880306819570251, 6067497.433394828811288 ], [ 436095.527939718798734, 6067505.176571656018496 ], [ 436097.780789215757977, 6067507.457573322579265 ], [ 436105.560848897846881, 6067515.334854573942721 ], [ 436107.68125533539569, 6067517.481751817278564 ], [ 436115.593758076895028, 6067525.49310757778585 ], [ 436117.581738511507865, 6067527.505930312909186 ], [ 436125.626667256001383, 6067535.651390496641397 ], [ 436127.482198387035169, 6067537.530108807608485 ], [ 436135.659576434991322, 6067545.8096734136343 ], [ 436137.382663336582482, 6067547.554287302307785 ], [ 436145.69248561403947, 6067555.967926417477429 ], [ 436147.283147682785057, 6067557.578465797007084 ], [ 436155.725394793087617, 6067566.126209336332977 ], [ 436157.183611852407921, 6067567.602644291706383 ], [ 436165.758303972135764, 6067576.284462340176105 ], [ 436167.084096978534944, 6067577.626822787337005 ], [ 436175.791213151183911, 6067586.442745258100331 ], [ 436176.98456036823336, 6067587.651001282036304 ], [ 436185.824122330232058, 6067596.60099826194346 ], [ 436186.88504627434304, 6067597.675179776735604 ], [ 436195.857031509280205, 6067606.759281179867685 ], [ 436196.785508884000592, 6067607.699358271434903 ], [ 436205.889940688328352, 6067616.9175616921857 ], [ 436206.68596836947836, 6067617.723536766134202 ], [ 436215.922849867376499, 6067627.075817102566361 ], [ 436216.586455445620231, 6067627.747715261764824 ], [ 436225.955759046366438, 6067637.234100019559264 ], [ 436226.486916885129176, 6067637.771893756464124 ], [ 436235.988668225414585, 6067647.392353024333715 ], [ 436236.387404741370119, 6067647.796072251163423 ], [ 436246.021577404462732, 6067657.550635942257941 ], [ 436246.287865400954615, 6067657.820250745862722 ], [ 436256.054486583510879, 6067667.708888946101069 ], [ 436256.188354037120007, 6067667.844429240562022 ], [ 436266.087395762559026, 6067677.867171864956617 ], [ 436266.088813916780055, 6067677.868607736192644 ], [ 436275.989271691942122, 6067687.892786230891943 ], [ 436276.120304941607174, 6067688.02546366956085 ], [ 436285.889687157294247, 6067697.916964725591242 ], [ 436286.153214120655321, 6067698.183797765523195 ], [ 436295.790091299801134, 6067707.941143220290542 ], [ 436296.186123299703468, 6067708.342143876478076 ], [ 436305.690511730907019, 6067717.965321715921164 ], [ 436306.219032478751615, 6067718.500475272536278 ], [ 436315.590890114428475, 6067727.989500210620463 ], [ 436316.251941657799762, 6067728.658846218138933 ], [ 436325.491285561933182, 6067738.013678705319762 ], [ 436326.284850836847909, 6067738.817204053513706 ], [ 436335.391638955567032, 6067748.037857200019062 ], [ 436336.317760015896056, 6067748.975599841214716 ], [ 436345.292009412660263, 6067758.062035694718361 ], [ 436346.350669194944203, 6067759.133984120562673 ], [ 436355.192337809421588, 6067768.086214190348983 ], [ 436356.38357837399235, 6067769.292404757812619 ] ], [ [ 435052.105385098024271, 6066448.713551527820528 ], [ 435058.670516492449678, 6066444.894652863964438 ], [ 435052.105385098140687, 6066440.631368910893798 ], [ 435048.333653203386348, 6066444.894652863964438 ], [ 435052.105385098024271, 6066448.713551527820528 ] ], [ [ 435042.072475919034332, 6066438.487028146162629 ], [ 435046.180580057902262, 6066434.870474369265139 ], [ 435042.07247591909254, 6066431.851760228164494 ], [ 435038.501692711142823, 6066434.870474368333817 ], [ 435042.072475919034332, 6066438.487028146162629 ] ], [ [ 435032.039566740044393, 6066425.477173037827015 ], [ 435032.538887856062502, 6066424.84629587456584 ], [ 435032.039566740044393, 6066424.479386014863849 ], [ 435031.420326639316045, 6066424.84629587456584 ], [ 435032.039566740044393, 6066425.477173037827015 ] ], [ [ 432523.812271978706121, 6065894.423165657557547 ], [ 432524.59932240966009, 6065893.564835644327104 ], [ 432528.375886704656295, 6065883.540657149627805 ], [ 432533.845181157812476, 6065877.87547349371016 ], [ 432543.60781566699734, 6065873.516478654928505 ], [ 432543.878090336802416, 6065873.047014502808452 ], [ 432547.151100368297193, 6065863.492300160229206 ], [ 432543.878090336802416, 6065858.595999811775982 ], [ 432540.945935048221145, 6065853.468121664598584 ], [ 432534.019508905126713, 6065843.443943170830607 ], [ 432533.845181157754268, 6065841.336363930255175 ], [ 432533.190362165740225, 6065833.419764675199986 ], [ 432533.845181157754268, 6065832.705688737332821 ], [ 432543.878090336802416, 6065826.685830237343907 ], [ 432553.910999515850563, 6065824.37289971858263 ], [ 432559.680919676204212, 6065823.395586180500686 ], [ 432563.94390869489871, 6065822.555451474152505 ], [ 432573.976817873946857, 6065817.43072219286114 ], [ 432576.624018023721874, 6065813.371407685801387 ], [ 432581.151731907157227, 6065803.347229191102087 ], [ 432581.280095191672444, 6065793.323050696402788 ], [ 432581.131519661284983, 6065783.298872200772166 ], [ 432580.982957990607247, 6065773.274693706072867 ], [ 432580.834382460219786, 6065763.250515211373568 ], [ 432580.685820789542049, 6065753.226336716674268 ], [ 432580.537245259154588, 6065743.202158221974969 ], [ 432580.388678586285096, 6065733.177979726344347 ], [ 432580.24010805808939, 6065723.153801231645048 ], [ 432580.091532527760137, 6065713.129622736945748 ], [ 432579.942970857024193, 6065703.105444242246449 ], [ 432579.794395326636732, 6065693.08126574754715 ], [ 432579.645833655958995, 6065683.057087251916528 ], [ 432579.497258125629742, 6065673.032908757217228 ], [ 432579.369369514286518, 6065663.008730262517929 ], [ 432580.101733462768607, 6065652.98455176781863 ], [ 432581.165471707761753, 6065642.960373272188008 ], [ 432582.961292047810275, 6065632.936194777488708 ], [ 432584.009727052995004, 6065627.083838440477848 ], [ 432584.757097124354914, 6065622.912016282789409 ], [ 432586.552905075775925, 6065612.88783778809011 ], [ 432588.348711589700542, 6065602.86365929339081 ], [ 432589.910564500722103, 6065592.839480797760189 ], [ 432591.199863003741484, 6065582.815302303060889 ], [ 432592.489149980188813, 6065572.79112380836159 ], [ 432593.778436956636142, 6065562.766945313662291 ], [ 432594.042636232043151, 6065560.712801633402705 ], [ 432595.067723933141679, 6065552.742766818962991 ], [ 432596.357025986653753, 6065542.718588323332369 ], [ 432597.646317483973689, 6065532.69440982863307 ], [ 432598.935604460421018, 6065522.670231333933771 ], [ 432600.22573688509874, 6065512.646052839234471 ], [ 432601.516431662079412, 6065502.621874344535172 ], [ 432602.807723755715415, 6065492.59769584890455 ], [ 432604.075545411091298, 6065482.773727496154606 ], [ 432604.10151448455872, 6065482.573517354205251 ], [ 432605.427068042336032, 6065472.549338860437274 ], [ 432605.270531219954137, 6065462.525160364806652 ], [ 432604.826370106369723, 6065452.500981870107353 ], [ 432604.941301936749369, 6065442.476803374476731 ], [ 432604.075545411091298, 6065437.345954021438956 ], [ 432601.743592700222507, 6065432.452624879777431 ], [ 432597.480687195551582, 6065422.428446386009455 ], [ 432596.586903107236139, 6065412.404267890378833 ], [ 432595.576612175675109, 6065402.380089395679533 ], [ 432594.042636232101358, 6065399.057139882817864 ], [ 432590.218737539602444, 6065392.355910900048912 ], [ 432588.061005630239379, 6065382.331732405349612 ], [ 432587.115985388867557, 6065372.307553910650313 ], [ 432584.009727052995004, 6065363.94436058588326 ], [ 432583.046431668451987, 6065362.283375415951014 ], [ 432579.788967522443272, 6065352.259196920320392 ], [ 432578.139253618079238, 6065342.235018426552415 ], [ 432575.564329147455283, 6065332.210839930921793 ], [ 432573.976817873946857, 6065328.831574582494795 ], [ 432571.551943176542409, 6065322.186661435291171 ], [ 432569.458552401745692, 6065312.162482941523194 ], [ 432568.750720778480172, 6065302.138304445892572 ], [ 432568.326961048878729, 6065292.114125951193273 ], [ 432567.647105764073785, 6065282.089947456493974 ], [ 432563.94390869489871, 6065278.162451654672623 ], [ 432557.773146368155722, 6065272.065768962725997 ], [ 432556.775372750184033, 6065262.041590466164052 ], [ 432556.039032480097376, 6065252.017411971464753 ], [ 432555.114559913403355, 6065241.993233476765454 ], [ 432553.910999515792355, 6065240.834659578278661 ], [ 432544.937847833440173, 6065231.969054982066154 ], [ 432543.970997408847325, 6065221.944876487366855 ], [ 432543.878090336802416, 6065221.09142092615366 ], [ 432533.845181157754268, 6065212.284537621773779 ], [ 432533.441876297525596, 6065211.920697992667556 ], [ 432523.812271978706121, 6065203.22118363250047 ], [ 432522.330293300794438, 6065201.896519497036934 ], [ 432513.779362799657974, 6065194.240671975538135 ], [ 432511.120359778520651, 6065191.872341002337635 ], [ 432503.746453620609827, 6065185.295261992141604 ], [ 432499.873237473482732, 6065181.848162507638335 ], [ 432493.713544441619888, 6065176.366004044190049 ], [ 432488.610056774108671, 6065171.823984012939036 ], [ 432483.680635262571741, 6065167.436879996210337 ], [ 432475.807440415723249, 6065161.799805518239737 ], [ 432473.647726083523594, 6065159.927404126152396 ], [ 432465.348844135878608, 6065161.799805518239737 ], [ 432463.614816904475447, 6065162.19326413422823 ], [ 432453.5819077254273, 6065164.469798082485795 ], [ 432443.548998546379153, 6065166.746303861029446 ], [ 432433.516089367331006, 6065169.022830766625702 ], [ 432423.483180188282859, 6065171.299344738945365 ], [ 432421.171014657942578, 6065171.823984012939036 ], [ 432413.450271009234712, 6065173.575855641625822 ], [ 432403.417361830186564, 6065175.852385615929961 ], [ 432393.384452651138417, 6065178.128891395404935 ], [ 432383.35154347209027, 6065180.405426494777203 ], [ 432376.993185180006549, 6065181.848162507638335 ], [ 432373.318634293042123, 6065182.681932272389531 ], [ 432363.285725113993976, 6065184.958447148092091 ], [ 432353.252815934945829, 6065187.23497315030545 ], [ 432343.219906755897682, 6065189.511478928849101 ], [ 432333.186997576791327, 6065191.788014028221369 ], [ 432332.714319277263712, 6065191.872341002337635 ], [ 432323.154088397801388, 6065193.394043040461838 ], [ 432313.121179218753241, 6065199.556601078249514 ], [ 432310.559456561692059, 6065201.896519497036934 ], [ 432303.088270039646886, 6065208.720820678398013 ], [ 432299.585071744921152, 6065211.920697992667556 ], [ 432293.055360860773362, 6065217.885040279477835 ], [ 432288.610686928266659, 6065221.944876488298178 ], [ 432283.022451681667008, 6065227.049259878695011 ], [ 432277.636302111437544, 6065231.969054982066154 ], [ 432272.98954250261886, 6065236.213479477912188 ], [ 432266.661917294724844, 6065241.993233476765454 ], [ 432262.956633323570713, 6065243.433283444494009 ], [ 432253.361806202563457, 6065241.993233476765454 ], [ 432252.923724144522566, 6065241.925076926127076 ], [ 432242.890814965474419, 6065239.15412207134068 ], [ 432232.857905786426272, 6065236.647470153868198 ], [ 432222.824996607378125, 6065237.329589702188969 ], [ 432212.79208742827177, 6065240.196141196414828 ], [ 432202.759178249281831, 6065240.756209827959538 ], [ 432192.726269070233684, 6065241.25989696290344 ], [ 432182.693359891243745, 6065241.76356534473598 ], [ 432178.118616277643014, 6065241.993233476765454 ], [ 432172.66045071213739, 6065242.267251968383789 ], [ 432162.627541533089243, 6065242.770920862443745 ], [ 432152.594632354041096, 6065243.27460799831897 ], [ 432142.561723174992949, 6065243.77827638015151 ], [ 432132.528813995944802, 6065244.281963515095413 ], [ 432122.495904816896655, 6065244.785645426250994 ], [ 432112.4629956377903, 6065245.289319032803178 ], [ 432102.430086458800361, 6065245.792999058961868 ], [ 432092.397177279810421, 6065246.29667454957962 ], [ 432082.364268100762274, 6065246.800352692604065 ], [ 432072.331358921714127, 6065247.304030068218708 ], [ 432062.298449742607772, 6065247.807717202231288 ], [ 432052.265540563617833, 6065248.311385584995151 ], [ 432042.232631384511478, 6065248.724453320726752 ], [ 432033.237253336410504, 6065252.017411971464753 ], [ 432032.199722205521539, 6065252.300215567462146 ], [ 432022.166813026473392, 6065260.010916247963905 ], [ 432018.848086163401604, 6065262.041590467095375 ], [ 432012.133903847425245, 6065266.967589253559709 ], [ 432002.100994668435305, 6065270.931861501187086 ], [ 431998.428431866748724, 6065272.065768961794674 ], [ 431992.068085489328951, 6065274.029529610648751 ], [ 431982.035176310280804, 6065276.884510906413198 ], [ 431972.002267131232657, 6065272.325484688393772 ], [ 431971.524260652833618, 6065272.065768961794674 ], [ 431961.969357952184509, 6065266.874294348061085 ], [ 431953.082693050964735, 6065262.041590467095375 ], [ 431951.936448773136362, 6065261.417755598202348 ], [ 431941.903539594088215, 6065255.946205359883606 ], [ 431934.699506817385554, 6065252.017411971464753 ], [ 431931.870630415040068, 6065250.47465512342751 ], [ 431921.837721235991921, 6065245.003104885108769 ], [ 431911.804812056943774, 6065247.337243082001805 ], [ 431909.221597010735422, 6065252.017411971464753 ], [ 431903.688746725558303, 6065262.041590467095375 ], [ 431901.771902877953835, 6065265.52611518651247 ], [ 431898.184093476622365, 6065272.065768962725997 ], [ 431892.686509002698585, 6065282.089947456493974 ], [ 431891.738993698905688, 6065283.817172447219491 ], [ 431887.187315432820469, 6065292.114125952124596 ], [ 431881.706084519857541, 6065302.108116031624377 ], [ 431881.689527602458838, 6065302.138304445892572 ], [ 431876.009666770929471, 6065312.162482941523194 ], [ 431871.673175340809394, 6065316.883311504498124 ], [ 431865.201942922896706, 6065322.186661436222494 ], [ 431861.640266161761247, 6065325.021467231214046 ], [ 431856.046178116870578, 6065332.210839930921793 ], [ 431856.27870948711643, 6065342.235018425621092 ], [ 431858.40455759386532, 6065352.259196920320392 ], [ 431861.640266161761247, 6065360.102655686438084 ], [ 431862.491270066297147, 6065362.283375415951014 ], [ 431862.067824038211256, 6065372.307553910650313 ], [ 431861.640266161761247, 6065373.073696791194379 ], [ 431859.989649065770209, 6065372.307553910650313 ], [ 431851.607356982654892, 6065368.416862629354 ], [ 431841.574447803664953, 6065363.760025624185801 ], [ 431838.393077667918988, 6065362.283375415951014 ], [ 431831.541538624675013, 6065359.103196399286389 ], [ 431821.508629445568658, 6065354.446367172524333 ], [ 431816.796478872594889, 6065352.259196920320392 ], [ 431811.475720266520511, 6065349.789537947624922 ], [ 431801.442811087472364, 6065345.132699681445956 ], [ 431795.199907474743668, 6065342.235018425621092 ], [ 431791.409901908424217, 6065340.475866780616343 ], [ 431781.37699272937607, 6065335.819037555716932 ], [ 431773.603308679361362, 6065332.210839931853116 ], [ 431771.344083550327923, 6065331.162208331748843 ], [ 431761.311174371279776, 6065326.505379105918109 ], [ 431752.006709884095471, 6065322.186661437153816 ], [ 431751.278265192231629, 6065321.848549451678991 ], [ 431741.245356013183482, 6065318.023606855422258 ], [ 431731.212446834193543, 6065314.400805774144828 ], [ 431721.910852310829796, 6065312.162482941523194 ], [ 431721.179537655087188, 6065311.986500395461917 ], [ 431711.146628475980833, 6065309.572195015847683 ], [ 431701.113719296990894, 6065307.157870513387024 ], [ 431691.080810118000954, 6065304.743565134704113 ], [ 431681.047900938952807, 6065302.329259755089879 ], [ 431680.254371621296741, 6065302.138304445892572 ], [ 431671.01499175990466, 6065299.914935253560543 ], [ 431660.982082580856513, 6065297.500629874877632 ], [ 431650.949173401808366, 6065295.086324495263398 ], [ 431640.916264222760219, 6065292.671999993734062 ], [ 431638.597957826277707, 6065292.114125951193273 ], [ 431630.883355043712072, 6065290.257694614119828 ], [ 431620.850445864722133, 6065287.843389235436916 ], [ 431610.817536685615778, 6065285.42906473390758 ], [ 431600.784627506567631, 6065283.014759355224669 ], [ 431596.941470851656049, 6065282.089947456493974 ], [ 431590.751718327577692, 6065280.600453976541758 ], [ 431580.718809148529544, 6065278.186129475012422 ], [ 431570.68589996942319, 6065275.771824095398188 ], [ 431560.652990790375043, 6065273.357499593868852 ], [ 431555.285063341725618, 6065272.065768961794674 ], [ 431550.620081611385103, 6065270.943194214254618 ], [ 431540.587172432336956, 6065268.528888835571706 ], [ 431530.554263253230602, 6065266.11456433404237 ], [ 431520.521354074182454, 6065263.700258955359459 ], [ 431513.62857636710396, 6065262.041590467095375 ], [ 431510.488444895192515, 6065261.285953575745225 ], [ 431500.455535716144368, 6065258.871629074215889 ], [ 431490.422626537096221, 6065256.457323694601655 ], [ 431480.389717358048074, 6065254.043018314987421 ], [ 431471.972156063071452, 6065252.017411971464753 ], [ 431470.356808178999927, 6065251.628693813458085 ], [ 431460.32389899995178, 6065249.214388434775174 ], [ 431450.290989820903633, 6065246.80008305516094 ], [ 431440.258080641855486, 6065244.385758553631604 ], [ 431430.315681882551871, 6065241.993233476765454 ], [ 431430.225171462807339, 6065241.971453174948692 ], [ 431420.192262283759192, 6065239.557147795334458 ], [ 431410.159353104711045, 6065237.142823293805122 ], [ 431400.126443925662898, 6065234.728517914190888 ], [ 431390.09353474661475, 6065232.314212535507977 ], [ 431388.659206268377602, 6065231.969054982066154 ], [ 431380.060625567566603, 6065229.899888033978641 ], [ 431370.027716388460249, 6065227.48558265529573 ], [ 431359.994807209470309, 6065225.071277275681496 ], [ 431349.961898030363955, 6065222.656952775083482 ], [ 431347.002787397999782, 6065221.944876486435533 ], [ 431339.928988851374015, 6065220.242647395469248 ], [ 431329.896079672325868, 6065217.828342016786337 ], [ 431319.863170493277721, 6065215.414017515257001 ], [ 431309.830261314287782, 6065212.999712135642767 ], [ 431305.346300423378125, 6065211.920697992667556 ], [ 431299.797352135239635, 6065210.585406756959856 ], [ 431289.764442956191488, 6065208.171082254499197 ], [ 431279.731533777085133, 6065205.756776874884963 ], [ 431269.698624598095194, 6065203.342471495270729 ], [ 431263.689861040562391, 6065201.896519497036934 ], [ 431259.665715419047046, 6065200.928146993741393 ], [ 431249.632806240057107, 6065198.513841615058482 ], [ 431239.599897060950752, 6065199.448488378897309 ], [ 431237.66858320106985, 6065201.896519497036934 ], [ 431239.599897060950752, 6065203.059450476430357 ], [ 431249.632806239998899, 6065206.829070361331105 ], [ 431254.698194272117689, 6065211.920697992667556 ], [ 431259.665715419105254, 6065214.881315459497273 ], [ 431269.698624598095194, 6065220.666597014293075 ], [ 431271.517423480050638, 6065221.944876487366855 ], [ 431279.731533777143341, 6065226.840458193793893 ], [ 431288.33663500554394, 6065231.969054982066154 ], [ 431289.764442956191488, 6065232.820022698491812 ], [ 431299.797352135239635, 6065238.799595662392676 ], [ 431305.155841502244584, 6065241.993233476765454 ], [ 431309.830261314287782, 6065244.779164030216634 ], [ 431319.863170493277721, 6065250.758741589263082 ], [ 431321.975047998887021, 6065252.017411971464753 ], [ 431329.896079672384076, 6065256.738306766375899 ], [ 431338.794282235554419, 6065262.041590467095375 ], [ 431339.928988851374015, 6065262.717870983295143 ], [ 431349.96189803048037, 6065268.697449502535164 ], [ 431355.613488732255064, 6065272.065768962725997 ], [ 431359.994807209470309, 6065274.677016910165548 ], [ 431370.027716388518456, 6065280.656589874066412 ], [ 431372.432695228955708, 6065282.089947456493974 ], [ 431380.060625567566603, 6065286.636155338957906 ], [ 431389.251904052682221, 6065292.11412595026195 ], [ 431390.093534746556543, 6065292.615734972991049 ], [ 431400.126443925662898, 6065298.595298074185848 ], [ 431406.071135962381959, 6065302.138304445892572 ], [ 431410.159353104711045, 6065304.574865194037557 ], [ 431420.192262283759192, 6065310.554440810345113 ], [ 431422.890342459082603, 6065312.162482941523194 ], [ 431430.225171462807339, 6065316.534011121839285 ], [ 431439.70954895572504, 6065322.186661436222494 ], [ 431440.258080641855486, 6065322.513583545573056 ], [ 431450.290989820903633, 6065328.493146646767855 ], [ 431456.528765945637133, 6065332.210839930921793 ], [ 431460.32389899995178, 6065334.472726280800998 ], [ 431470.356808178999927, 6065340.452289381995797 ], [ 431473.347989689151291, 6065342.235018425621092 ], [ 431480.389717358048074, 6065346.431859403848648 ], [ 431490.167196185851935, 6065352.259196920320392 ], [ 431490.422626537154429, 6065352.41143211722374 ], [ 431500.455535716144368, 6065358.391005331650376 ], [ 431506.986402682494372, 6065362.283375415951014 ], [ 431510.488444895134307, 6065364.370574852451682 ], [ 431520.521354074182454, 6065370.350137954577804 ], [ 431523.80562783847563, 6065372.307553910650313 ], [ 431530.554263253230602, 6065376.329717588610947 ], [ 431540.587172432278749, 6065382.309280689805746 ], [ 431540.624843415862415, 6065382.331732405349612 ], [ 431550.620081611326896, 6065388.288853615522385 ], [ 431557.444049912563059, 6065392.355910899117589 ], [ 431560.65299079043325, 6065394.268423425965011 ], [ 431570.68589996942319, 6065400.247999543324113 ], [ 431574.263256409205496, 6065402.380089395679533 ], [ 431580.718809148471337, 6065406.227566162124276 ], [ 431590.751718327519484, 6065412.207129262387753 ], [ 431591.082489731430542, 6065412.404267890378833 ], [ 431600.784627506567631, 6065418.186708896420896 ], [ 431607.901697142689954, 6065422.428446385078132 ], [ 431610.817536685615778, 6065424.166271997615695 ], [ 431620.850445864663925, 6065430.145847827196121 ], [ 431624.720903639332391, 6065432.452624879777431 ], [ 431630.883355043712072, 6065436.125414732843637 ], [ 431640.916264222760219, 6065442.104993753135204 ], [ 431641.540110136033036, 6065442.476803374476731 ], [ 431650.949173401808366, 6065448.08455746807158 ], [ 431658.359344372700434, 6065452.500981870107353 ], [ 431660.982082580856513, 6065454.064123149029911 ], [ 431671.01499175990466, 6065460.043700205162168 ], [ 431675.178550869459286, 6065462.525160364806652 ], [ 431681.047900938952807, 6065466.023263305425644 ], [ 431691.080810118000954, 6065472.002842037938535 ], [ 431691.997757366101723, 6065472.549338859505951 ], [ 431701.113719297049101, 6065477.982406040653586 ], [ 431708.816970304003917, 6065482.573517354205251 ], [ 431711.146628476039041, 6065483.961985675618052 ], [ 431721.179537655087188, 6065489.941548776812851 ], [ 431725.636198099469766, 6065492.59769584890455 ], [ 431731.212446834193543, 6065495.921117358841002 ], [ 431741.245356013183482, 6065501.900691512040794 ], [ 431742.455404596170411, 6065502.621874344535172 ], [ 431751.278265192231629, 6065507.880254613235593 ], [ 431759.274616723763756, 6065512.646052839234471 ], [ 431761.311174371279776, 6065513.859834248200059 ], [ 431771.344083550327923, 6065519.839397348463535 ], [ 431776.093832197017036, 6065522.670231333933771 ], [ 431781.37699272937607, 6065525.818976983428001 ], [ 431791.409901908424217, 6065531.798540083691478 ], [ 431792.913051826297306, 6065532.69440982863307 ], [ 431801.442811087472364, 6065537.778111569583416 ], [ 431809.732258322939742, 6065542.718588322401047 ], [ 431811.475720266578719, 6065543.757682819850743 ], [ 431821.508629445568658, 6065549.737245921045542 ], [ 431826.551478616660461, 6065552.742766818031669 ], [ 431831.541538624616805, 6065555.716825556010008 ], [ 431841.574447803664953, 6065561.696388656273484 ], [ 431843.370694089913741, 6065562.766945313662291 ], [ 431851.6073569827131, 6065567.675968290306628 ], [ 431860.189905553066637, 6065572.79112380836159 ], [ 431861.640266161761247, 6065573.655531391501427 ], [ 431871.673175340751186, 6065579.63510578032583 ], [ 431877.009112049767282, 6065582.815302303060889 ], [ 431881.706084519857541, 6065585.614674127660692 ], [ 431891.738993698905688, 6065591.594237227924168 ], [ 431893.828340509615373, 6065592.839480797760189 ], [ 431901.771902877953835, 6065597.573816863819957 ], [ 431910.647552783077117, 6065602.86365929339081 ], [ 431911.804812056943774, 6065603.553381102159619 ], [ 431921.837721235991921, 6065609.532959599047899 ], [ 431927.466759279719554, 6065612.88783778809011 ], [ 431931.870630415040068, 6065615.512522699311376 ], [ 431941.903539594088215, 6065621.492099991999567 ], [ 431944.285965776420198, 6065622.912016282789409 ], [ 431951.936448773136362, 6065627.471665434539318 ], [ 431961.105200013204012, 6065632.936194777488708 ], [ 431961.969357952184509, 6065633.451229386031628 ], [ 431972.002267131232657, 6065639.430808169767261 ], [ 431977.924406509846449, 6065642.96037327311933 ], [ 431982.035176310280804, 6065645.410375312902033 ], [ 431992.068085489328951, 6065651.389950906857848 ], [ 431994.743613006547093, 6065652.98455176781863 ], [ 432002.100994668377098, 6065657.369514007121325 ], [ 432011.562821082188748, 6065663.008730262517929 ], [ 432012.133903847425245, 6065663.349093642085791 ], [ 432022.166813026531599, 6065667.412619818001986 ], [ 432031.186954706383403, 6065673.032908757217228 ], [ 432032.199722205521539, 6065673.663946070708334 ], [ 432042.232631384511478, 6065679.676912167109549 ], [ 432052.124121187836863, 6065673.032908757217228 ], [ 432052.265540563617833, 6065672.858052746392787 ], [ 432057.635368515620939, 6065663.008730262517929 ], [ 432062.29844974266598, 6065654.391690813004971 ], [ 432065.769919137936085, 6065652.98455176781863 ], [ 432072.331358921714127, 6065652.283887310884893 ], [ 432078.472097517224029, 6065652.984551768749952 ], [ 432082.364268100762274, 6065653.429978192783892 ], [ 432092.397177279752214, 6065654.567269204184413 ], [ 432102.430086458800361, 6065653.284333241172135 ], [ 432103.656354515696876, 6065652.984551768749952 ], [ 432112.462995637848508, 6065650.672519253566861 ], [ 432122.495904816896655, 6065649.85982105601579 ], [ 432132.528813995886594, 6065651.401950251311064 ], [ 432137.980029819125775, 6065652.984551766887307 ], [ 432142.561723174992949, 6065653.880309389904141 ], [ 432152.594632354041096, 6065653.261306114494801 ], [ 432162.627541533089243, 6065655.484215155243874 ], [ 432172.660450712079182, 6065654.617931541986763 ], [ 432180.729154980799649, 6065652.98455176781863 ], [ 432182.693359891185537, 6065651.968999707140028 ], [ 432192.726269070291892, 6065646.781700683757663 ], [ 432200.117216471233405, 6065642.960373272188008 ], [ 432202.759178249281831, 6065641.594409077428281 ], [ 432212.792087428329978, 6065636.407108962535858 ], [ 432219.505289783352055, 6065632.936194777488708 ], [ 432222.824996607378125, 6065631.219818446785212 ], [ 432232.857905786426272, 6065626.032507522962987 ], [ 432238.893363095470704, 6065622.912016282789409 ], [ 432242.890814965474419, 6065620.845221381634474 ], [ 432252.923724144580774, 6065615.657916894182563 ], [ 432258.281404162058607, 6065612.88783778809011 ], [ 432262.956633323570713, 6065610.470605969429016 ], [ 432272.98954250261886, 6065605.283326264470816 ], [ 432277.669481553253718, 6065602.86365929339081 ], [ 432283.022451681667008, 6065600.096015339717269 ], [ 432293.055360860715155, 6065594.908710858784616 ], [ 432297.057522648130544, 6065592.839480797760189 ], [ 432303.088270039646886, 6065589.721424710005522 ], [ 432313.121179218753241, 6065584.534113785251975 ], [ 432316.445595960249193, 6065582.815302303060889 ], [ 432323.154088397801388, 6065579.346823277883232 ], [ 432333.186997576849535, 6065574.159523155540228 ], [ 432335.833653343317565, 6065572.79112380836159 ], [ 432343.219906755897682, 6065568.972212230786681 ], [ 432352.046733784023672, 6065572.79112380836159 ], [ 432348.970674275944475, 6065582.815302303060889 ], [ 432345.070678035495803, 6065592.839480797760189 ], [ 432343.219906755897682, 6065597.53076876886189 ], [ 432341.121484493953176, 6065602.86365929339081 ], [ 432337.193798176536802, 6065612.88783778809011 ], [ 432333.233188977173995, 6065622.912016282789409 ], [ 432333.186997576849535, 6065623.029889336787164 ], [ 432329.32372423162451, 6065632.936194777488708 ], [ 432325.378183405846357, 6065642.960373272188008 ], [ 432323.15408839774318, 6065648.641549084335566 ], [ 432321.460491808888037, 6065652.98455176781863 ], [ 432317.529570779413916, 6065663.008730262517929 ], [ 432313.605273486638907, 6065673.032908757217228 ], [ 432313.121179218753241, 6065676.560591864399612 ], [ 432312.010445025633089, 6065683.057087251916528 ], [ 432313.121179218753241, 6065684.852374117821455 ], [ 432317.148392860661261, 6065693.08126574754715 ], [ 432323.154088397859596, 6065700.560704049654305 ], [ 432325.14573474903591, 6065703.105444242246449 ], [ 432333.186997576849535, 6065713.057916665449739 ], [ 432333.244933569862042, 6065713.129622736945748 ], [ 432341.344118500477634, 6065723.153801231645048 ], [ 432343.219906755897682, 6065725.475417075678706 ], [ 432349.443320761551149, 6065733.177979726344347 ], [ 432353.252815934945829, 6065737.892905971966684 ], [ 432357.542513102060184, 6065743.202158221974969 ], [ 432363.285725113935769, 6065750.310389900580049 ], [ 432365.641712022945285, 6065753.226336715742946 ], [ 432373.318634293042123, 6065762.727873828262091 ], [ 432373.740910214488395, 6065763.250515211373568 ], [ 432381.840109864831902, 6065773.274693706072867 ], [ 432383.35154347209027, 6065775.145357756875455 ], [ 432389.93929740623571, 6065783.298872200772166 ], [ 432393.384452651138417, 6065787.562854011543095 ], [ 432398.038499667367432, 6065793.323050696402788 ], [ 432403.417361830128357, 6065799.980347063392401 ], [ 432406.137689296971075, 6065803.347229191102087 ], [ 432413.450271009234712, 6065812.397830992005765 ], [ 432414.236888217856176, 6065813.371407685801387 ], [ 432422.336087138741277, 6065823.395586179569364 ], [ 432423.483180188282859, 6065824.81531492061913 ], [ 432430.435286059742793, 6065833.419764675199986 ], [ 432433.516089367331006, 6065837.232798848301172 ], [ 432438.534476311993785, 6065843.443943170830607 ], [ 432443.548998546379153, 6065849.650290947407484 ], [ 432453.5819077254273, 6065848.668990086764097 ], [ 432463.614816904475447, 6065845.676271894946694 ], [ 432471.098565757682081, 6065843.443943170830607 ], [ 432473.647726083523594, 6065842.683553701266646 ], [ 432483.680635262571741, 6065839.897738144733012 ], [ 432490.998678193544038, 6065843.44394317176193 ], [ 432493.713544441619888, 6065848.200711028650403 ], [ 432494.72425581846619, 6065853.468121665529907 ], [ 432494.804272238630801, 6065863.492300160229206 ], [ 432494.789923255390022, 6065873.516478654928505 ], [ 432503.746453620609827, 6065883.524929046630859 ], [ 432503.774738830979913, 6065883.540657149627805 ], [ 432513.779362799657974, 6065889.049396154470742 ], [ 432522.204813307267614, 6065893.564835645258427 ], [ 432523.812271978706121, 6065894.423165657557547 ] ], [ [ 433125.786822721420322, 6065273.441075262613595 ], [ 433135.819731900468469, 6065275.048529349267483 ], [ 433145.852641079458408, 6065276.038071068003774 ], [ 433152.614797361195087, 6065272.065768961794674 ], [ 433155.885550258564763, 6065268.058248352259398 ], [ 433160.79607663070783, 6065262.041590467095375 ], [ 433165.91845943761291, 6065255.807913144119084 ], [ 433172.728588420315646, 6065252.017411971464753 ], [ 433175.951368616661057, 6065250.213189190253615 ], [ 433182.026926266786177, 6065241.993233476765454 ], [ 433185.984277795709204, 6065236.639103715308011 ], [ 433189.436010442615952, 6065231.969054982066154 ], [ 433196.017186974757351, 6065223.065019707195461 ], [ 433196.845110499416478, 6065221.944876487366855 ], [ 433201.588881731440779, 6065211.920697992667556 ], [ 433198.177672379650176, 6065201.896519497036934 ], [ 433206.050096153805498, 6065194.621439452283084 ], [ 433216.083005332853645, 6065193.997349565848708 ], [ 433218.731145055964589, 6065191.872341003268957 ], [ 433225.655698668037076, 6065181.848162507638335 ], [ 433226.115914511901792, 6065181.183551578782499 ], [ 433233.174900712678209, 6065171.823984012939036 ], [ 433236.148823690949939, 6065167.880835201591253 ], [ 433240.735136500850786, 6065161.799805518239737 ], [ 433246.181732869998086, 6065154.578103002160788 ], [ 433248.295355725334957, 6065151.775627022609115 ], [ 433255.855591513507534, 6065141.751448527909815 ], [ 433256.214642049046233, 6065141.275380484759808 ], [ 433263.41582730168011, 6065131.727270033210516 ], [ 433266.24755122809438, 6065127.972664108499885 ], [ 433270.976063089910895, 6065121.703091539442539 ], [ 433276.280460407142527, 6065114.669947731308639 ], [ 433278.356560624553822, 6065111.678913042880595 ], [ 433276.618266062112525, 6065101.654734548181295 ], [ 433276.280460407142527, 6065101.463234706781805 ], [ 433266.24755122809438, 6065095.894904642365873 ], [ 433258.560382920433767, 6065091.630556053481996 ], [ 433256.214642049104441, 6065090.329287026077509 ], [ 433246.181732869998086, 6065084.763679346069694 ], [ 433240.490202766784932, 6065081.606377558782697 ], [ 433236.148823690949939, 6065079.198054371401668 ], [ 433226.115914511901792, 6065073.632446693256497 ], [ 433222.420022613194305, 6065071.582199064083397 ], [ 433216.083005332911853, 6065068.066821718588471 ], [ 433206.05009615374729, 6065062.498571404255927 ], [ 433204.356443508877419, 6065061.558020568452775 ], [ 433196.017186974757351, 6065056.926900804974139 ], [ 433185.984277795709204, 6065054.666364265605807 ], [ 433178.890821080829483, 6065061.558020567521453 ], [ 433175.951368616661057, 6065064.413849104195833 ], [ 433172.377647260262165, 6065061.558020568452775 ], [ 433169.232862293836661, 6065051.533842073753476 ], [ 433166.838016962283291, 6065041.509663579054177 ], [ 433165.91845943761291, 6065040.222546774893999 ], [ 433155.885550258564763, 6065036.579192742705345 ], [ 433145.852641079516616, 6065038.967393691651523 ], [ 433138.056825044332072, 6065041.509663579054177 ], [ 433135.819731900468469, 6065042.239195229485631 ], [ 433125.786822721420322, 6065045.510996768251061 ], [ 433115.753913542372175, 6065048.782795484177768 ], [ 433107.317896886612289, 6065051.533842073753476 ], [ 433105.721004363324028, 6065052.054599843919277 ], [ 433095.68809518427588, 6065055.326394991949201 ], [ 433085.655186005227733, 6065058.598199885338545 ], [ 433076.578940214531031, 6065061.558020568452775 ], [ 433075.622276826237794, 6065061.869994499720633 ], [ 433065.589367647189647, 6065065.1417993940413 ], [ 433055.5564584681415, 6065068.413597256876528 ], [ 433045.840009051316883, 6065071.582199064083397 ], [ 433045.523549289093353, 6065071.685398901812732 ], [ 433035.490640110103413, 6065074.957203795202076 ], [ 433025.457730930997059, 6065078.229001872241497 ], [ 433015.424821751948912, 6065081.500803302042186 ], [ 433015.1010808935971, 6065081.606377558782697 ], [ 433005.391912572900765, 6065084.772604949772358 ], [ 432995.359003393852618, 6065088.044406487606466 ], [ 432985.326094214804471, 6065091.316207703202963 ], [ 432983.975637667288538, 6065091.630556053481996 ], [ 432975.293185035698116, 6065094.810006381012499 ], [ 432968.586092649260536, 6065101.654734548181295 ], [ 432965.260275856708176, 6065105.187143933027983 ], [ 432959.148177183931693, 6065111.678913042880595 ], [ 432955.227366677660029, 6065115.843275872990489 ], [ 432949.710261718486436, 6065121.703091538511217 ], [ 432945.194457498611882, 6065126.499407812952995 ], [ 432940.272346253157593, 6065131.727270033210516 ], [ 432935.161548319563735, 6065137.155539752915502 ], [ 432931.171319216024131, 6065141.751448526978493 ], [ 432925.128639140515588, 6065148.94793320633471 ], [ 432922.798847144294996, 6065151.775627022609115 ], [ 432915.095729961467441, 6065161.124983902089298 ], [ 432914.539731291821226, 6065161.799805518239737 ], [ 432906.280613699054811, 6065171.823984012939036 ], [ 432905.062820782419294, 6065173.30203203111887 ], [ 432898.021495311753824, 6065181.848162507638335 ], [ 432895.029911603312939, 6065185.47908529266715 ], [ 432889.762383734399918, 6065191.872341002337635 ], [ 432884.997002424323, 6065197.656135987490416 ], [ 432881.503267881984357, 6065201.896519497036934 ], [ 432874.964093245333061, 6065209.833186682313681 ], [ 432873.244152029510587, 6065211.920697992667556 ], [ 432864.985792053630576, 6065221.944876487366855 ], [ 432864.931184066284914, 6065222.225200020708144 ], [ 432860.869978745933622, 6065231.969054982066154 ], [ 432864.931184066284914, 6065234.223038020543754 ], [ 432874.964093245333061, 6065239.791320146992803 ], [ 432878.931479857652448, 6065241.993233476765454 ], [ 432884.997002424323, 6065245.143707579001784 ], [ 432895.029911603371147, 6065247.799440143629909 ], [ 432905.062820782419294, 6065248.462582430802286 ], [ 432915.095729961467441, 6065249.125724717974663 ], [ 432925.128639140515588, 6065249.788867003284395 ], [ 432935.161548319563735, 6065250.452009290456772 ], [ 432945.194457498611882, 6065251.115151577629149 ], [ 432955.227366677660029, 6065251.778293863870203 ], [ 432958.845067293616012, 6065252.017411971464753 ], [ 432965.260275856708176, 6065252.441436150111258 ], [ 432975.293185035814531, 6065253.104578437283635 ], [ 432985.326094214746263, 6065253.76772072352469 ], [ 432995.359003393852618, 6065254.430863010697067 ], [ 433005.391912572900765, 6065255.094005296006799 ], [ 433015.424821752007119, 6065256.28923480398953 ], [ 433025.457730930997059, 6065257.478482235223055 ], [ 433035.490640110045206, 6065259.000962967053056 ], [ 433045.523549289093353, 6065260.673671587370336 ], [ 433054.436285206931643, 6065262.041590467095375 ], [ 433055.5564584681415, 6065262.211889714002609 ], [ 433065.589367647189647, 6065263.810650982894003 ], [ 433075.622276826296002, 6065265.404216276481748 ], [ 433085.655186005169526, 6065267.011251420713961 ], [ 433095.68809518427588, 6065268.618712010793388 ], [ 433105.72100436326582, 6065270.2261633425951 ], [ 433115.753913542372175, 6065271.83362371660769 ], [ 433117.202846991538536, 6065272.065768961794674 ], [ 433125.786822721420322, 6065273.441075262613595 ] ], [ [ 432303.088270039705094, 6065173.108237957581878 ], [ 432313.121179218753241, 6065178.309988824650645 ], [ 432318.462792366102803, 6065171.823984012939036 ], [ 432323.15408839774318, 6065163.135437427088618 ], [ 432323.876989732147194, 6065161.799805518239737 ], [ 432329.293261795421131, 6065151.775627022609115 ], [ 432333.186997576849535, 6065144.561007035896182 ], [ 432334.706981240422465, 6065141.751448527909815 ], [ 432340.12453735829331, 6065131.727270033210516 ], [ 432343.21990675595589, 6065125.989413628354669 ], [ 432345.537809601228219, 6065121.703091538511217 ], [ 432350.956641456636135, 6065111.678913042880595 ], [ 432353.252815934945829, 6065107.420641915872693 ], [ 432356.369461341528222, 6065101.654734548181295 ], [ 432361.789583340694662, 6065091.630556053481996 ], [ 432363.285725113993976, 6065088.856818557716906 ], [ 432367.204437935608439, 6065081.606377558782697 ], [ 432372.623173914442305, 6065071.582199064083397 ], [ 432373.318634293042123, 6065070.324689094908535 ], [ 432378.149929727602284, 6065061.558020567521453 ], [ 432383.35154347209027, 6065052.179393545724452 ], [ 432383.709581343806349, 6065051.533842073753476 ], [ 432389.2692240558099, 6065041.509663579054177 ], [ 432392.565087946306448, 6065031.485485084354877 ], [ 432386.557881282060407, 6065021.461306589655578 ], [ 432383.35154347209027, 6065016.12023220770061 ], [ 432380.540196406538598, 6065011.437128094024956 ], [ 432374.522497920494061, 6065001.412949598394334 ], [ 432373.318634293042123, 6064999.407569767907262 ], [ 432368.504813044972252, 6064991.388771104626358 ], [ 432363.285725113935769, 6064982.694904318079352 ], [ 432362.487115642346907, 6064981.364592609927058 ], [ 432356.469429683405906, 6064971.340414115227759 ], [ 432353.252815934945829, 6064965.982234332710505 ], [ 432350.451734997332096, 6064961.316235619597137 ], [ 432344.434044674795587, 6064951.292057124897838 ], [ 432343.219906755839474, 6064949.269564346410334 ], [ 432338.416354352259077, 6064941.267878630198538 ], [ 432333.186997576849535, 6064932.556894361972809 ], [ 432332.398662960331421, 6064931.243700135499239 ], [ 432326.380973707302473, 6064921.219521641731262 ], [ 432323.154088397801388, 6064915.844224376603961 ], [ 432320.363279598765075, 6064911.19534314610064 ], [ 432314.345593062229455, 6064901.171164650470018 ], [ 432313.121179218753241, 6064899.131554391235113 ], [ 432308.327896237256937, 6064891.146986155770719 ], [ 432303.088270039705094, 6064885.412050629965961 ], [ 432293.055360860715155, 6064885.429884074255824 ], [ 432283.022451681667008, 6064885.61995892599225 ], [ 432272.98954250261886, 6064885.81004046369344 ], [ 432262.956633323570713, 6064886.000115586444736 ], [ 432252.923724144522566, 6064888.385070416145027 ], [ 432249.680132518871687, 6064881.12280766107142 ], [ 432252.582410179369617, 6064871.09862916637212 ], [ 432252.923724144522566, 6064866.595524466596544 ], [ 432253.173983121989295, 6064861.074450670741498 ], [ 432252.923724144522566, 6064859.704063496552408 ], [ 432243.008493688306771, 6064851.050272176042199 ], [ 432242.890814965474419, 6064851.017128061503172 ], [ 432242.511492696474306, 6064851.050272176973522 ], [ 432232.857905786368065, 6064852.056739559397101 ], [ 432231.561396158824209, 6064851.050272176042199 ], [ 432223.700651914754417, 6064841.0260936813429 ], [ 432222.824996607378125, 6064839.888843089342117 ], [ 432212.792087428329978, 6064835.826824186369777 ], [ 432208.52425959345419, 6064841.026093680411577 ], [ 432202.759178249281831, 6064845.939581522718072 ], [ 432192.726269070175476, 6064848.597006060183048 ], [ 432183.464144864410628, 6064851.050272176042199 ], [ 432182.693359891185537, 6064851.254430243745446 ], [ 432172.66045071213739, 6064853.911855134181678 ], [ 432162.627541533089243, 6064856.611379603855312 ], [ 432152.594632354041096, 6064859.733986883424222 ], [ 432148.596337624243461, 6064861.074450669810176 ], [ 432152.594632354041096, 6064865.25828311406076 ], [ 432154.494319278863259, 6064871.09862916637212 ], [ 432152.594632354041096, 6064872.217647454701364 ], [ 432148.083236472564749, 6064871.09862916637212 ], [ 432142.561723174992949, 6064865.776278532110155 ], [ 432132.528813995886594, 6064867.240654889494181 ], [ 432122.495904816896655, 6064864.752881695516407 ], [ 432112.462995637848508, 6064862.264265842735767 ], [ 432107.666981081536505, 6064861.074450670741498 ], [ 432102.430086458742153, 6064859.426021381281316 ], [ 432092.397177279810421, 6064854.188687227666378 ], [ 432088.846099197282456, 6064851.050272176042199 ], [ 432084.957823443401139, 6064841.026093682274222 ], [ 432082.364268100820482, 6064838.472723489627242 ], [ 432072.331358921714127, 6064831.468359892256558 ], [ 432071.987352375756018, 6064831.0019151866436 ], [ 432064.594449564872775, 6064820.977736691012979 ], [ 432062.298449742724188, 6064817.993596795015037 ], [ 432052.265540563617833, 6064813.190265999175608 ], [ 432042.232631384569686, 6064810.963388216681778 ], [ 432042.188343183661345, 6064810.953558196313679 ], [ 432032.199722205521539, 6064808.736526509746909 ], [ 432022.166813026473392, 6064806.509644109755754 ], [ 432012.133903847425245, 6064804.282782403752208 ], [ 432002.100994668377098, 6064802.05591837130487 ], [ 431997.025520772207528, 6064800.92937970161438 ], [ 431992.068085489328951, 6064799.829038295894861 ], [ 431982.035176310339011, 6064797.602176589891315 ], [ 431972.002267131232657, 6064795.37529418990016 ], [ 431961.969357952184509, 6064793.148432483896613 ], [ 431951.936448773136362, 6064790.921570743434131 ], [ 431951.862697949167341, 6064790.905201206915081 ], [ 431941.903539594088215, 6064788.694688376970589 ], [ 431931.870630415040068, 6064786.46782667003572 ], [ 431921.837721235991921, 6064784.240944269113243 ], [ 431911.804812056943774, 6064782.014082563109696 ], [ 431906.699920923099853, 6064780.881022712215781 ], [ 431901.771902877953835, 6064779.787220857106149 ], [ 431891.738993698963895, 6064777.560338456183672 ], [ 431881.706084519857541, 6064775.333476749248803 ], [ 431871.673175340809394, 6064773.106610398739576 ], [ 431861.640266161761247, 6064770.879732642322779 ], [ 431861.537144582369365, 6064770.856844216585159 ], [ 431851.6073569827131, 6064768.652870936319232 ], [ 431841.574447803664953, 6064766.425988535396755 ], [ 431831.541538624558598, 6064764.199126829393208 ], [ 431821.508629445568658, 6064761.950364881195128 ], [ 431816.374322717660107, 6064760.83266572188586 ], [ 431811.475720266578719, 6064759.745382722467184 ], [ 431801.442811087472364, 6064757.330304918810725 ], [ 431791.409901908424217, 6064754.747042389586568 ], [ 431785.503136456769425, 6064760.83266572188586 ], [ 431791.409901908424217, 6064766.103148393332958 ], [ 431796.60880527732661, 6064770.856844216585159 ], [ 431801.442811087472364, 6064775.181296873837709 ], [ 431807.814139439549763, 6064780.881022712215781 ], [ 431811.475720266520511, 6064785.277755109593272 ], [ 431818.028315097326413, 6064790.905201206915081 ], [ 431811.475720266462304, 6064793.782490360550582 ], [ 431801.442811087472364, 6064791.594753102399409 ], [ 431796.501369623700157, 6064790.905201206915081 ], [ 431791.409901908424217, 6064790.205035141669214 ], [ 431790.162586428457871, 6064790.905201206915081 ], [ 431781.37699272937607, 6064798.629859826527536 ], [ 431780.124921501846984, 6064800.92937970161438 ], [ 431774.088524592341855, 6064810.953558195382357 ], [ 431771.344083550327923, 6064815.478706428781152 ], [ 431768.540828975324985, 6064820.977736691012979 ], [ 431762.949634545540903, 6064831.0019151866436 ], [ 431761.311174371279776, 6064833.669996784999967 ], [ 431757.357442673994228, 6064841.0260936813429 ], [ 431752.000474927655887, 6064851.050272176042199 ], [ 431751.278265192231629, 6064852.336662621237338 ], [ 431746.581906503532082, 6064861.074450670741498 ], [ 431741.245356013183482, 6064871.003328611142933 ], [ 431741.190716865588911, 6064871.09862916637212 ], [ 431735.806370333069935, 6064881.12280766107142 ], [ 431731.212446834135335, 6064889.670010400936007 ], [ 431730.418605891289189, 6064891.146986155770719 ], [ 431725.030834162607789, 6064901.171164650470018 ], [ 431721.179537655087188, 6064908.336676238104701 ], [ 431719.643070405814797, 6064911.195343145169318 ], [ 431714.255300674471073, 6064921.21952164079994 ], [ 431711.146628476039041, 6064927.003342075273395 ], [ 431708.86753423535265, 6064931.243700135499239 ], [ 431703.479763863317203, 6064941.267878629267216 ], [ 431701.113719297049101, 6064945.670007911510766 ], [ 431698.091998065006919, 6064951.292057124897838 ], [ 431692.704234308155719, 6064961.316235619597137 ], [ 431691.080810118000954, 6064964.336685001850128 ], [ 431687.316461894544773, 6064971.340414116159081 ], [ 431684.80335857369937, 6064981.364592609927058 ], [ 431691.080810118000954, 6064985.357897629030049 ], [ 431700.561307056399528, 6064991.388771103695035 ], [ 431701.113719297049101, 6064991.824092775583267 ], [ 431711.146628476039041, 6064998.122461816295981 ], [ 431716.319255539157894, 6065001.412949599325657 ], [ 431721.179537655087188, 6065005.320441630668938 ], [ 431731.212446834135335, 6065010.887026003561914 ], [ 431732.077204021916259, 6065011.437128094024956 ], [ 431741.245356013183482, 6065018.960031384602189 ], [ 431745.95670655707363, 6065021.461306589655578 ], [ 431751.278265192231629, 6065026.176214098930359 ], [ 431758.496897763805464, 6065031.485485084354877 ], [ 431761.311174371279776, 6065033.922466797754169 ], [ 431770.072999896132387, 6065041.509663579054177 ], [ 431771.344083550386131, 6065042.610343087464571 ], [ 431781.37699272937607, 6065051.298219376243651 ], [ 431781.64909466705285, 6065051.533842073753476 ], [ 431791.409901908424217, 6065059.986070508137345 ], [ 431793.225216914201155, 6065061.558020568452775 ], [ 431801.442811087472364, 6065068.673946795985103 ], [ 431804.801310897339135, 6065071.582199064083397 ], [ 431811.475720266520511, 6065077.361823085695505 ], [ 431816.377419074065983, 6065081.606377558782697 ], [ 431821.508629445568658, 6065086.0496742175892 ], [ 431827.953527915466111, 6065091.630556053481996 ], [ 431831.541538624675013, 6065094.737550506368279 ], [ 431839.529621898545884, 6065101.654734548181295 ], [ 431841.574447803664953, 6065103.425426795147359 ], [ 431851.105743481079116, 6065111.678913042880595 ], [ 431851.6073569827131, 6065112.015205197967589 ], [ 431861.640266161703039, 6065114.358378826640546 ], [ 431871.673175340809394, 6065117.656464826315641 ], [ 431881.706084519857541, 6065119.897415077313781 ], [ 431886.288637904915959, 6065111.678913041949272 ], [ 431891.738993698905688, 6065106.829290754161775 ], [ 431898.764637767977547, 6065101.654734548181295 ], [ 431901.771902877953835, 6065100.126083430834115 ], [ 431911.804812056943774, 6065095.92854149453342 ], [ 431918.62757786345901, 6065091.630556053481996 ], [ 431921.837721235991921, 6065088.806420172564685 ], [ 431930.021905626286753, 6065081.606377558782697 ], [ 431931.870630415040068, 6065079.979960481636226 ], [ 431941.416211537900381, 6065071.582199064083397 ], [ 431941.903539594088215, 6065071.153470347635448 ], [ 431951.936448773136362, 6065062.327010654844344 ], [ 431952.810545677144546, 6065061.558020567521453 ], [ 431961.969357952184509, 6065053.500544991344213 ], [ 431964.204879816388711, 6065051.533842073753476 ], [ 431972.002267131232657, 6065044.674060829915106 ], [ 431975.599191757559311, 6065041.509663578122854 ], [ 431982.035176310222596, 6065035.847601138055325 ], [ 431986.993513490830082, 6065031.485485084354877 ], [ 431992.068085489328951, 6065027.021111004985869 ], [ 431998.387834823224694, 6065021.461306589655578 ], [ 432002.100994668377098, 6065018.194651313126087 ], [ 432009.782173658080865, 6065011.437128094024956 ], [ 432012.133903847425245, 6065009.368191622197628 ], [ 432021.176481304515619, 6065001.412949599325657 ], [ 432022.166813026473392, 6065000.54170148819685 ], [ 432032.199722205521539, 6064999.07331345230341 ], [ 432042.232631384511478, 6064995.453243784606457 ], [ 432050.547235975449439, 6064991.388771104626358 ], [ 432052.265540563617833, 6064990.186125405132771 ], [ 432060.956328051688615, 6064981.364592609927058 ], [ 432062.29844974266598, 6064977.946112908422947 ], [ 432063.873715134337544, 6064971.340414115227759 ], [ 432066.264199110155459, 6064961.316235619597137 ], [ 432068.654679119237699, 6064951.292057124897838 ], [ 432071.045151642407291, 6064941.267878630198538 ], [ 432072.331358921714127, 6064935.874312620609999 ], [ 432073.432551917794626, 6064931.243700135499239 ], [ 432075.814274989475962, 6064921.21952164079994 ], [ 432078.199279838299844, 6064911.195343145169318 ], [ 432080.586443581967615, 6064901.171164650470018 ], [ 432082.364268100762274, 6064893.72091053891927 ], [ 432092.397177279810421, 6064894.871873319149017 ], [ 432102.430086458800361, 6064900.523936432786286 ], [ 432103.578973475378007, 6064901.171164650470018 ], [ 432112.462995637848508, 6064906.176015431061387 ], [ 432121.372715548379347, 6064911.195343145169318 ], [ 432122.495904816896655, 6064911.82809447683394 ], [ 432132.528813996003009, 6064917.480157589539886 ], [ 432139.166514099924825, 6064921.21952164079994 ], [ 432142.561723174992949, 6064923.132220702245831 ], [ 432152.594632354041096, 6064928.784307826310396 ], [ 432156.960256172926165, 6064931.243700135499239 ], [ 432162.627541533089243, 6064934.436378746293485 ], [ 432172.66045071213739, 6064940.088441858068109 ], [ 432174.754054724471644, 6064941.267878630198538 ], [ 432182.693359891185537, 6064945.7405049726367 ], [ 432192.547797802137211, 6064951.292057124897838 ], [ 432192.726269070233684, 6064951.392599902115762 ], [ 432202.759178249281831, 6064957.044663014821708 ], [ 432210.341595349018462, 6064961.316235619597137 ], [ 432212.79208742827177, 6064962.696726127527654 ], [ 432214.588470740942284, 6064971.340414115227759 ], [ 432213.509459640248679, 6064981.364592609927058 ], [ 432212.792087428329978, 6064986.081819206476212 ], [ 432211.720852619910147, 6064991.388771104626358 ], [ 432210.460607301094569, 6065001.412949599325657 ], [ 432208.936181355034932, 6065011.437128094024956 ], [ 432207.411755409149919, 6065021.461306589655578 ], [ 432205.887325158459134, 6065031.485485084354877 ], [ 432204.362898262101226, 6065041.509663578122854 ], [ 432202.838471365801524, 6065051.533842073753476 ], [ 432202.759178249281831, 6065052.055250057019293 ], [ 432201.314045370381791, 6065061.558020568452775 ], [ 432199.789619424380362, 6065071.582199063152075 ], [ 432197.542070044321008, 6065081.606377558782697 ], [ 432194.961438691825606, 6065091.630556053481996 ], [ 432192.726269070233684, 6065099.058670865371823 ], [ 432191.945096077572089, 6065101.654734548181295 ], [ 432191.381549924262799, 6065111.678913042880595 ], [ 432192.726269070233684, 6065115.007978740148246 ], [ 432202.759178249281831, 6065120.439273475669324 ], [ 432205.110782773583196, 6065121.703091538511217 ], [ 432212.792087428329978, 6065125.77679643407464 ], [ 432222.824996607378125, 6065131.09765394218266 ], [ 432224.012189611734357, 6065131.727270033210516 ], [ 432232.857905786426272, 6065136.418516197241843 ], [ 432242.890814965474419, 6065141.739362630993128 ], [ 432242.913603848137427, 6065141.751448527909815 ], [ 432252.923724144522566, 6065147.060233877971768 ], [ 432261.814986356708687, 6065151.775627023540437 ], [ 432262.956633323570713, 6065152.381090263836086 ], [ 432272.98954250261886, 6065157.701894195750356 ], [ 432280.71640066546388, 6065161.799805518239737 ], [ 432283.022451681667008, 6065163.004235780797899 ], [ 432293.055360860715155, 6065168.343157505616546 ], [ 432299.618950773845427, 6065171.823984012007713 ], [ 432303.088270039705094, 6065173.108237957581878 ] ], [ [ 431650.949173401808366, 6064983.368964551948011 ], [ 431651.558361037226859, 6064981.364592610858381 ], [ 431650.949173401808366, 6064980.55425526574254 ], [ 431650.599693866854068, 6064981.364592609927058 ], [ 431650.949173401808366, 6064983.368964551948011 ] ], [ [ 431691.080810118000954, 6064912.086057490669191 ], [ 431691.56187456502812, 6064911.195343144237995 ], [ 431691.080810118000954, 6064909.855606908909976 ], [ 431690.550020733033307, 6064911.195343145169318 ], [ 431691.080810118000954, 6064912.086057490669191 ] ], [ [ 431701.113719297049101, 6064893.448593776673079 ], [ 431702.354002256179228, 6064891.146986156702042 ], [ 431701.113719296990894, 6064888.7762505793944 ], [ 431699.977165023388807, 6064891.146986155770719 ], [ 431701.113719297049101, 6064893.448593776673079 ] ], [ [ 431711.146628476039041, 6064872.290378279983997 ], [ 431711.688207947125193, 6064871.09862916637212 ], [ 431711.146628476039041, 6064870.239720441401005 ], [ 431710.738589301938191, 6064871.09862916637212 ], [ 431711.146628476039041, 6064872.290378279983997 ] ], [ [ 431761.311174371279776, 6064781.6244524884969 ], [ 431761.711379261687398, 6064780.881022713147104 ], [ 431761.311174371337984, 6064779.963714768178761 ], [ 431760.854462013638113, 6064780.881022712215781 ], [ 431761.311174371279776, 6064781.6244524884969 ] ], [ [ 431771.344083550327923, 6064761.760269013233483 ], [ 431772.346254422212951, 6064760.832665722817183 ], [ 431771.344083550386131, 6064760.014277898706496 ], [ 431770.896954938420095, 6064760.83266572188586 ], [ 431771.344083550327923, 6064761.760269013233483 ] ], [ [ 435212.631931962852832, 6061653.718621119856834 ], [ 435222.664841141900979, 6061656.231401277706027 ], [ 435232.697750320890918, 6061656.787483083084226 ], [ 435238.988887848798186, 6061653.337332305498421 ], [ 435242.730659499880858, 6061650.136244930326939 ], [ 435246.194972538622096, 6061653.337332305498421 ], [ 435252.76356867904542, 6061656.5511211194098 ], [ 435254.565722196479328, 6061653.337332305498421 ], [ 435259.02372429263778, 6061643.313153810799122 ], [ 435262.79647785803536, 6061638.659382054582238 ], [ 435265.807965960819274, 6061633.2889753151685 ], [ 435271.429090926947538, 6061623.264796820469201 ], [ 435272.829387037083507, 6061620.767642205581069 ], [ 435277.050215892959386, 6061613.240618325769901 ], [ 435282.671334808692336, 6061603.216439831070602 ], [ 435282.862296216131654, 6061602.875897249206901 ], [ 435289.408488841843791, 6061593.192261336371303 ], [ 435292.895205395179801, 6061585.778488679789007 ], [ 435295.734536353498697, 6061583.168082840740681 ], [ 435302.928114574227948, 6061573.395189235918224 ], [ 435303.245702896267176, 6061573.143904346041381 ], [ 435312.961023753276095, 6061565.147929598577321 ], [ 435314.083347317937296, 6061563.119725850410759 ], [ 435322.993932932324242, 6061553.596028311178088 ], [ 435323.245235758309718, 6061553.095547356642783 ], [ 435327.717015239293687, 6061543.071368861943483 ], [ 435333.026842111372389, 6061533.615021092817187 ], [ 435333.311962783627678, 6061533.047190366312861 ], [ 435338.345322687877342, 6061523.023011871613562 ], [ 435343.059751290420536, 6061513.634000413119793 ], [ 435343.377679104742128, 6061512.998833376914263 ], [ 435348.412049713195302, 6061502.974654882214963 ], [ 435353.092660469468683, 6061493.652993293479085 ], [ 435353.44150443514809, 6061492.950476387515664 ], [ 435358.459013143205084, 6061482.926297891885042 ], [ 435363.12556964851683, 6061473.666375759057701 ], [ 435363.504842117719818, 6061472.902119398117065 ], [ 435368.482708439929411, 6061462.877940902486444 ], [ 435373.158478827564977, 6061453.595786992460489 ], [ 435373.528120343049522, 6061452.853762407787144 ], [ 435378.506552286096849, 6061442.829583913087845 ], [ 435383.191388006613124, 6061433.455542489886284 ], [ 435383.515255514066666, 6061432.805405417457223 ], [ 435388.508819572511129, 6061422.781226922757924 ], [ 435393.224297185661271, 6061413.315297988243401 ], [ 435393.50239068508381, 6061412.757048428058624 ], [ 435398.495954743586481, 6061402.732869933359325 ], [ 435403.257206364709418, 6061393.175053485669196 ], [ 435403.489578791253734, 6061392.70869143679738 ], [ 435408.483089914603624, 6061382.684512943029404 ], [ 435413.290115543757565, 6061373.034808984026313 ], [ 435413.476782559824642, 6061372.660334448330104 ], [ 435418.126769096590579, 6061362.636155953630805 ], [ 435413.290115543757565, 6061357.244568641297519 ], [ 435403.257206364709418, 6061361.817566659301519 ], [ 435401.808070937113371, 6061362.636155953630805 ], [ 435393.224297185661271, 6061366.666808016598225 ], [ 435383.191388006671332, 6061371.377925438806415 ], [ 435380.460338879725896, 6061372.660334449261427 ], [ 435373.158478827564977, 6061376.089045741595328 ], [ 435363.12556964851683, 6061380.80016712192446 ], [ 435359.112624754896387, 6061382.684512943029404 ], [ 435353.092660469468683, 6061385.50579022988677 ], [ 435343.059751290478744, 6061390.222403550520539 ], [ 435337.764892697508913, 6061392.708691437728703 ], [ 435333.026842111372389, 6061394.908961014822125 ], [ 435322.993932932266034, 6061399.595063316635787 ], [ 435316.319772239890881, 6061402.732869933359325 ], [ 435312.961023753276095, 6061404.295020491816103 ], [ 435302.928114574227948, 6061408.955533888190985 ], [ 435294.766969963849988, 6061412.757048428058624 ], [ 435292.895205395179801, 6061413.627604255452752 ], [ 435282.862296216131654, 6061418.293892001733184 ], [ 435273.214167687809095, 6061422.781226922757924 ], [ 435272.829387037083507, 6061422.960613093338907 ], [ 435262.79647785803536, 6061427.631999127566814 ], [ 435252.763568678987212, 6061432.292771780863404 ], [ 435251.661365411826409, 6061432.805405417457223 ], [ 435242.730659499939065, 6061436.999202560633421 ], [ 435232.697750321007334, 6061441.699516370892525 ], [ 435230.281872890074737, 6061442.829583913087845 ], [ 435222.664841141900979, 6061446.40180188883096 ], [ 435212.631931962794624, 6061451.107020849362016 ], [ 435208.907359164149966, 6061452.853762406855822 ], [ 435202.599022783804685, 6061455.812231449410319 ], [ 435192.566113604756538, 6061460.517450410872698 ], [ 435187.532854383112863, 6061462.877940902486444 ], [ 435182.533204425708391, 6061465.24703012034297 ], [ 435172.500295246660244, 6061471.600336210802197 ], [ 435170.882259963895194, 6061472.902119397185743 ], [ 435170.705361493863165, 6061482.926297891885042 ], [ 435172.500295246660244, 6061489.537753270938993 ], [ 435173.747070013661869, 6061492.950476387515664 ], [ 435172.500295246660244, 6061494.899897268041968 ], [ 435168.605036206950899, 6061502.974654882214963 ], [ 435167.052847530459985, 6061512.998833376914263 ], [ 435165.669962478568777, 6061523.023011871613562 ], [ 435164.905934246547986, 6061533.047190366312861 ], [ 435163.487491438165307, 6061543.071368861943483 ], [ 435162.467386067612097, 6061547.293870253488421 ], [ 435161.004403194820043, 6061553.095547357574105 ], [ 435158.476637118437793, 6061563.119725851342082 ], [ 435156.098801024374552, 6061573.143904346041381 ], [ 435153.620640288689174, 6061583.168082840740681 ], [ 435152.434476888622157, 6061586.770654333755374 ], [ 435150.114064442401286, 6061593.192261336371303 ], [ 435146.241374632867519, 6061603.216439831070602 ], [ 435142.401567709515803, 6061613.232041048817337 ], [ 435142.398145954997744, 6061613.240618325769901 ], [ 435142.401567709515803, 6061613.242415060289204 ], [ 435152.43447688856395, 6061620.046266658231616 ], [ 435161.239062051463407, 6061623.264796820469201 ], [ 435162.467386067612097, 6061623.710432838648558 ], [ 435172.500295246660244, 6061628.66463684104383 ], [ 435179.582356449100189, 6061633.2889753151685 ], [ 435182.533204425708391, 6061634.849005026742816 ], [ 435192.566113604814745, 6061640.153119823895395 ], [ 435196.350121904106345, 6061643.313153810799122 ], [ 435202.599022783804685, 6061651.47835973277688 ], [ 435211.056817036354914, 6061653.337332306429744 ], [ 435212.631931962852832, 6061653.718621119856834 ] ], [ [ 435423.323024722805712, 6061352.746060851030052 ], [ 435423.38937835174147, 6061352.611977458931506 ], [ 435423.323024722805712, 6061352.440354073420167 ], [ 435423.155785061884671, 6061352.611977458931506 ], [ 435423.323024722805712, 6061352.746060851030052 ] ], [ [ 435252.763568678987212, 6060997.811856583692133 ], [ 435257.629014800768346, 6060991.741551642306149 ], [ 435262.796477857977152, 6060985.294439548626542 ], [ 435265.66355952701997, 6060981.71737314760685 ], [ 435272.829387037083507, 6060972.777025327086449 ], [ 435273.698094141320325, 6060971.69319465290755 ], [ 435281.732649607292842, 6060961.669016158208251 ], [ 435282.862296216131654, 6060960.259631495922804 ], [ 435289.767190722632222, 6060951.644837662577629 ], [ 435292.895205395179801, 6060947.742214460857213 ], [ 435297.801739687565714, 6060941.620659168809652 ], [ 435302.92811457416974, 6060935.224806842394173 ], [ 435305.830206575803459, 6060931.59648067317903 ], [ 435312.961023753276095, 6060922.704450552351773 ], [ 435313.86424082017038, 6060921.572302178479731 ], [ 435321.88346636982169, 6060911.548123682849109 ], [ 435322.993932932324242, 6060910.163509032689035 ], [ 435329.887127035181038, 6060901.52394518814981 ], [ 435333.026842111372389, 6060897.600436549633741 ], [ 435337.897257927048486, 6060891.499766692519188 ], [ 435343.059751290420536, 6060885.033241280354559 ], [ 435345.89997215900803, 6060881.475588198751211 ], [ 435353.092660469468683, 6060872.466069254092872 ], [ 435353.902707035304047, 6060871.451409704051912 ], [ 435361.905421267263591, 6060861.42723120842129 ], [ 435363.125569648458622, 6060859.898876600898802 ], [ 435369.908135499223135, 6060851.403052713721991 ], [ 435373.158478827564977, 6060847.331691835075617 ], [ 435377.910870375460945, 6060841.378874218091369 ], [ 435383.191388006554917, 6060834.76451192330569 ], [ 435385.913584607420489, 6060831.354695724323392 ], [ 435393.224297185661271, 6060822.197316654026508 ], [ 435393.916298839380033, 6060821.330517229624093 ], [ 435401.919033715734258, 6060811.306338734924793 ], [ 435403.257206364709418, 6060809.630147244781256 ], [ 435409.921747947693802, 6060801.282160239294171 ], [ 435413.290115543757565, 6060797.062962859869003 ], [ 435417.890602950006723, 6060791.257981743663549 ], [ 435423.323024722805712, 6060784.465941289439797 ], [ 435425.884820776584093, 6060781.233803249895573 ], [ 435433.355933901853859, 6060771.849279768764973 ], [ 435434.416524188069161, 6060771.209624755196273 ], [ 435443.388843080843799, 6060766.362876680679619 ], [ 435453.421752259891946, 6060761.245124508626759 ], [ 435453.441772401565686, 6060761.185446260496974 ], [ 435453.481588129070587, 6060751.161267764866352 ], [ 435453.501731298456434, 6060741.137089271098375 ], [ 435453.447526382748038, 6060731.112910775467753 ], [ 435453.421752259950154, 6060729.948622860014439 ], [ 435449.196704158792272, 6060721.088732280768454 ], [ 435443.658294194261543, 6060711.064553785137832 ], [ 435443.613138637330849, 6060701.040375290438533 ], [ 435443.395849708293099, 6060691.016196795739233 ], [ 435443.388843080843799, 6060691.009196265600622 ], [ 435433.807777965033893, 6060680.992018301039934 ], [ 435433.771027700626291, 6060670.967839805409312 ], [ 435433.562247989175376, 6060660.943661310710013 ], [ 435433.355933901853859, 6060660.737526759505272 ], [ 435423.95057207433274, 6060650.919482816010714 ], [ 435423.921635481412522, 6060640.895304321311414 ], [ 435423.720830546168145, 6060630.871125826612115 ], [ 435423.323024722805712, 6060630.47366617526859 ], [ 435414.087037931429222, 6060620.846947330981493 ], [ 435414.065371038392186, 6060610.822768836282194 ], [ 435413.872092526755296, 6060600.798590341582894 ], [ 435413.67037337878719, 6060590.774411846883595 ], [ 435413.290115543757565, 6060590.394484913907945 ], [ 435404.202613268513232, 6060580.750233352184296 ], [ 435404.01644590543583, 6060570.726054857484996 ], [ 435403.822359112498816, 6060560.701876361854374 ], [ 435403.257206364709418, 6060560.137215413153172 ], [ 435394.333713798841927, 6060550.677697867155075 ], [ 435394.154272144602146, 6060540.653519372455776 ], [ 435393.967394712963142, 6060530.629340877756476 ], [ 435393.224297185661271, 6060529.886889996938407 ], [ 435384.228985762165394, 6060520.605162382125854 ], [ 435384.185294824710581, 6060510.580983887426555 ], [ 435384.105864830198698, 6060500.556805392727256 ], [ 435383.191388006554917, 6060499.643124351277947 ], [ 435374.010342601861339, 6060490.532626898027956 ], [ 435373.96718661201885, 6060480.508448403328657 ], [ 435373.92562638950767, 6060470.484269907698035 ], [ 435373.882255169854034, 6060460.460091412998736 ], [ 435373.158478827623185, 6060459.73694490455091 ], [ 435363.746415551344398, 6060450.435912919230759 ], [ 435363.704898799594957, 6060440.411734423600137 ], [ 435363.12556964851683, 6060439.832909407094121 ], [ 435353.562989370140713, 6060430.387555928900838 ], [ 435353.53007756639272, 6060420.363377433270216 ], [ 435353.496938433265314, 6060410.339198938570917 ], [ 435353.092660469468683, 6060409.93527277931571 ], [ 435343.350930850196164, 6060400.315020443871617 ], [ 435343.316772125835996, 6060390.290841949172318 ], [ 435343.059751290420536, 6060390.034044774249196 ], [ 435333.16749057744164, 6060380.266663452610373 ], [ 435333.13675370143028, 6060370.242484958842397 ], [ 435333.108984788472299, 6060360.218306464143097 ], [ 435333.026842111430597, 6060360.136235267855227 ], [ 435323.921080638829153, 6060360.218306464143097 ], [ 435322.993932932324242, 6060363.034890246577561 ], [ 435320.470726124942303, 6060370.242484958842397 ], [ 435316.26996950164903, 6060380.266663453541696 ], [ 435312.961023753276095, 6060387.077961254864931 ], [ 435311.085838594066445, 6060390.290841948240995 ], [ 435303.630618914728984, 6060400.315020443871617 ], [ 435302.928114574227948, 6060401.183117346838117 ], [ 435301.327503094857093, 6060410.339198938570917 ], [ 435302.928114574286155, 6060414.781850478611887 ], [ 435305.639452317205723, 6060420.363377433270216 ], [ 435308.003915401524864, 6060430.387555928900838 ], [ 435310.906551774882246, 6060440.41173442453146 ], [ 435312.961023753276095, 6060444.693923905491829 ], [ 435315.117686041921843, 6060450.435912918299437 ], [ 435315.975864881533198, 6060460.460091412067413 ], [ 435318.895483993226662, 6060470.484269907698035 ], [ 435317.480573494918644, 6060480.508448403328657 ], [ 435316.065677748760208, 6060490.532626898027956 ], [ 435314.650767250452191, 6060500.556805392727256 ], [ 435313.235871504235547, 6060510.580983887426555 ], [ 435312.961023753276095, 6060512.528190383687615 ], [ 435311.820961005927529, 6060520.605162382125854 ], [ 435310.406050507619511, 6060530.629340877756476 ], [ 435308.991154761402868, 6060540.653519372455776 ], [ 435307.576244263153058, 6060550.677697867155075 ], [ 435306.161348516994622, 6060560.701876361854374 ], [ 435304.746438018628396, 6060570.726054856553674 ], [ 435303.331542272528168, 6060580.750233352184296 ], [ 435302.928114574227948, 6060583.608386756852269 ], [ 435301.916631774161942, 6060590.774411846883595 ], [ 435300.501721275853924, 6060600.798590341582894 ], [ 435299.086825529695489, 6060610.822768836282194 ], [ 435297.671915031387471, 6060620.846947330981493 ], [ 435296.257019285229035, 6060630.871125826612115 ], [ 435294.842108786921017, 6060640.895304321311414 ], [ 435293.427213040762581, 6060650.919482816010714 ], [ 435292.895205395179801, 6060654.688583127222955 ], [ 435292.012302542454563, 6060660.943661310710013 ], [ 435290.597403417690657, 6060670.967839806340635 ], [ 435289.182496297871694, 6060680.992018301039934 ], [ 435287.767585799621884, 6060691.016196795739233 ], [ 435286.352690053463448, 6060701.040375290438533 ], [ 435284.93777955515543, 6060711.064553785137832 ], [ 435283.522883808938786, 6060721.088732280768454 ], [ 435282.862296216131654, 6060725.768779499456286 ], [ 435282.107973310630769, 6060731.112910775467753 ], [ 435280.693074374925345, 6060741.137089270167053 ], [ 435279.278167066164315, 6060751.161267764866352 ], [ 435277.863256567856297, 6060761.185446260496974 ], [ 435276.448360821697861, 6060771.209624755196273 ], [ 435275.033450323331635, 6060781.233803249895573 ], [ 435273.6185545771732, 6060791.257981744594872 ], [ 435272.829387037083507, 6060796.848975869826972 ], [ 435272.203644078865182, 6060801.282160239294171 ], [ 435270.788745332218241, 6060811.306338733993471 ], [ 435269.373837834398728, 6060821.330517229624093 ], [ 435267.958927336032502, 6060831.354695724323392 ], [ 435266.544031589932274, 6060841.378874219022691 ], [ 435265.129121091566049, 6060851.403052713721991 ], [ 435263.714225345407613, 6060861.427231207489967 ], [ 435262.79647785803536, 6060867.929172242060304 ], [ 435262.299314847099595, 6060871.451409704051912 ], [ 435260.884416289511137, 6060881.475588198751211 ], [ 435259.469508602633141, 6060891.499766693450511 ], [ 435258.054598104325123, 6060901.52394518814981 ], [ 435256.63970235810848, 6060911.548123682849109 ], [ 435255.224791859800462, 6060921.572302178479731 ], [ 435253.809896113642026, 6060931.59648067317903 ], [ 435252.763568678987212, 6060939.009368613362312 ], [ 435252.394985615334008, 6060941.620659166947007 ], [ 435250.980087246804032, 6060951.644837662577629 ], [ 435249.565179370867554, 6060961.669016158208251 ], [ 435248.150276841421146, 6060971.69319465290755 ], [ 435246.735373126342893, 6060981.71737314760685 ], [ 435247.038227906101383, 6060991.741551642306149 ], [ 435252.763568678987212, 6060997.811856583692133 ] ] ] } },
{ "type": "Feature", "properties": { "id": 1, "cost_level": 120.0 }, "geometry": { "type": "Polygon", "coordinates": [ [ [ 436426.613942627212964, 6067717.986121749505401 ], [ 436436.646851806319319, 6067718.029769012704492 ], [ 436436.711355235835072, 6067717.965321714989841 ], [ 436446.679760985367466, 6067708.091188710182905 ], [ 436446.829937160189729, 6067707.941143219359219 ], [ 436456.712670164415613, 6067698.151149673387408 ], [ 436456.947059078374878, 6067697.916964725591242 ], [ 436466.74557934346376, 6067688.209688751958311 ], [ 436476.778488522453699, 6067688.250781826674938 ], [ 436477.13679591944674, 6067687.89278622996062 ], [ 436486.811397701560054, 6067678.28673720639199 ], [ 436487.229891346534714, 6067677.868607736192644 ], [ 436496.844306880666409, 6067668.179892108775675 ], [ 436497.180061924445909, 6067667.844429240562022 ], [ 436506.877216059656348, 6067658.071611856110394 ], [ 436516.910125238704495, 6067658.035528847016394 ], [ 436517.12559083889937, 6067657.820250745862722 ], [ 436526.943034417752642, 6067647.925139619037509 ], [ 436527.072214198473375, 6067647.796072251163423 ], [ 436536.975943596858997, 6067637.813221536576748 ], [ 436537.0173073715996, 6067637.771893756464124 ], [ 436536.975943596800789, 6067629.683145998977125 ], [ 436534.34205264726188, 6067627.747715261764824 ], [ 436526.943034417752642, 6067622.310782758519053 ], [ 436520.700338429305702, 6067617.723536766134202 ], [ 436516.910125238646287, 6067614.938419518060982 ], [ 436507.058641092386097, 6067607.699358272366226 ], [ 436506.877216059656348, 6067607.566043812781572 ], [ 436496.844306880608201, 6067600.19368040561676 ], [ 436493.416927185375243, 6067597.675179776735604 ], [ 436486.811397701501846, 6067592.821317165158689 ], [ 436479.775212967419066, 6067587.651001282036304 ], [ 436476.778488522511907, 6067585.448953924700618 ], [ 436466.74557934346376, 6067578.076578051783144 ], [ 436466.133515941386577, 6067577.626822787337005 ], [ 436456.712670164415613, 6067570.704214811325073 ], [ 436452.491801723430399, 6067567.602644291706383 ], [ 436446.679760985425673, 6067563.331851571798325 ], [ 436438.850087505532429, 6067557.578465797007084 ], [ 436436.646851806319319, 6067555.959488331340253 ], [ 436426.613942627271172, 6067548.587123789824545 ], [ 436425.208375696092844, 6067547.554287302307785 ], [ 436416.581033448223025, 6067541.214749217964709 ], [ 436411.566676261543762, 6067537.530108807608485 ], [ 436406.548124269233085, 6067533.842385977506638 ], [ 436397.924962043645792, 6067527.505930312909186 ], [ 436396.515215090126731, 6067526.470022737979889 ], [ 436386.482305911136791, 6067519.097657460719347 ], [ 436384.283251593937166, 6067517.481751817278564 ], [ 436376.449396732088644, 6067511.725283624604344 ], [ 436370.641550799715333, 6067507.457573322579265 ], [ 436366.416487553040497, 6067504.352920383214951 ], [ 436356.999836581759155, 6067497.433394828811288 ], [ 436356.38357837399235, 6067496.980557143688202 ], [ 436346.350669194944203, 6067489.608191132545471 ], [ 436343.358127491665073, 6067487.409216333180666 ], [ 436336.317760015896056, 6067482.235818030312657 ], [ 436329.716425337828696, 6067477.385037837550044 ], [ 436326.284850836847909, 6067474.863454789854586 ], [ 436316.251941657799762, 6067467.491091549396515 ], [ 436316.074711119872518, 6067467.360859342850745 ], [ 436306.219032478751615, 6067460.118728308938444 ], [ 436302.433003389509395, 6067457.336680848151445 ], [ 436296.18612329964526, 6067452.74635243602097 ], [ 436288.791299875883851, 6067447.312502354383469 ], [ 436286.153214120655321, 6067445.373989196494222 ], [ 436276.120304941607174, 6067438.001625956967473 ], [ 436275.149585657927673, 6067437.288323858752847 ], [ 436266.087395762559026, 6067430.629262715578079 ], [ 436261.507879287237301, 6067427.264145363122225 ], [ 436256.054486583510879, 6067423.256886841729283 ], [ 436247.866174413939007, 6067417.239966869354248 ], [ 436246.021577404462732, 6067415.884523602202535 ], [ 436235.988668225356378, 6067408.512160362675786 ], [ 436234.224460196041036, 6067407.215788373723626 ], [ 436225.955759046366438, 6067401.139797123149037 ], [ 436220.582755184965208, 6067397.191609879024327 ], [ 436215.922849867376499, 6067393.767421249300241 ], [ 436206.94104895205237, 6067387.167431384325027 ], [ 436205.889940688328352, 6067386.39505800884217 ], [ 436195.857031509280205, 6067379.022697136737406 ], [ 436193.299334734154399, 6067377.143252888694406 ], [ 436185.824122330232058, 6067371.650331527926028 ], [ 436179.657620516256429, 6067367.119074393995106 ], [ 436175.791213151183911, 6067364.27796470746398 ], [ 436166.015923490107525, 6067357.094895899295807 ], [ 436165.758303972135764, 6067356.905592414550483 ], [ 436155.725394793087617, 6067349.533235382288694 ], [ 436152.37420352990739, 6067347.070717404596508 ], [ 436145.692485614097677, 6067342.160872381180525 ], [ 436138.732483128085732, 6067337.046538909897208 ], [ 436135.659576434991322, 6067334.788512482307851 ], [ 436125.626667255943175, 6067327.416140446439385 ], [ 436125.090778999903705, 6067327.022360414266586 ], [ 436115.593758076895028, 6067320.043783890083432 ], [ 436111.449059516424313, 6067316.998181919567287 ], [ 436105.560848897846881, 6067312.671414701268077 ], [ 436097.807343020453118, 6067306.974003423936665 ], [ 436095.527939718798734, 6067305.299058144912124 ], [ 436085.495030539750587, 6067297.926688956096768 ], [ 436084.165633626747876, 6067296.949824930168688 ], [ 436075.46212136070244, 6067290.554324340075254 ], [ 436070.52392423292622, 6067286.925646435469389 ], [ 436065.429212181654293, 6067283.181963209062815 ], [ 436056.882197647355497, 6067276.901467939838767 ], [ 436055.396303002606146, 6067275.809605278074741 ], [ 436045.363393823499791, 6067268.437237463891506 ], [ 436043.240488253592048, 6067266.877289444208145 ], [ 436035.330484644509852, 6067261.064873582683504 ], [ 436029.598778859828599, 6067256.853110950440168 ], [ 436025.297575465403497, 6067253.692511718720198 ], [ 436015.957052274199668, 6067246.828932455740869 ], [ 436015.264666286529973, 6067246.320154521614313 ], [ 436005.231757107423618, 6067238.947785973548889 ], [ 436002.315342880436219, 6067236.80475396104157 ], [ 435995.198847928375471, 6067231.575422826223075 ], [ 435988.673633486730978, 6067226.780575465410948 ], [ 435985.165938749327324, 6067224.203060226514935 ], [ 435975.133029570279177, 6067216.830703670158982 ], [ 435975.031907074386254, 6067216.756396970711648 ], [ 435965.10012039123103, 6067209.45833448227495 ], [ 435961.390197507338598, 6067206.732218476012349 ], [ 435955.067211212182883, 6067202.085972069762647 ], [ 435947.748488113516942, 6067196.70803998131305 ], [ 435945.034302033134736, 6067194.713608736172318 ], [ 435935.001392854086589, 6067187.341252178885043 ], [ 435934.106763060903177, 6067186.683861484751105 ], [ 435924.968483675038442, 6067179.968882990069687 ], [ 435920.465052134124562, 6067176.659682990983129 ], [ 435914.935574495990295, 6067172.596521313302219 ], [ 435906.823342740361113, 6067166.635504496283829 ], [ 435904.902665316942148, 6067165.224157243967056 ], [ 435894.869756137894001, 6067157.851800687611103 ], [ 435893.181619047478307, 6067156.61132600158453 ], [ 435884.836846958845854, 6067150.479431498795748 ], [ 435879.539906760968734, 6067146.587147505953908 ], [ 435874.803937779855914, 6067143.107070557773113 ], [ 435865.898197367205285, 6067136.562969010323286 ], [ 435864.77102860074956, 6067135.734705753624439 ], [ 435854.738119421701413, 6067128.857074516825378 ], [ 435852.256487973441835, 6067126.538790516555309 ], [ 435844.705210242653266, 6067120.989980007521808 ], [ 435838.614761387812905, 6067116.51461202185601 ], [ 435834.672301063605119, 6067113.617619800381362 ], [ 435829.514509383589029, 6067116.51461202185601 ], [ 435834.672301063605119, 6067121.775028452277184 ], [ 435837.893074205261655, 6067126.538790516555309 ], [ 435844.705210242653266, 6067133.44192343018949 ], [ 435847.642137142713182, 6067136.562969011254609 ], [ 435854.738119421701413, 6067143.748989207670093 ], [ 435857.540716748160776, 6067146.587147506885231 ], [ 435864.77102860074956, 6067153.909201728180051 ], [ 435867.43929635360837, 6067156.61132600158453 ], [ 435874.803937779797707, 6067164.069403104484081 ], [ 435877.33788701298181, 6067166.635504496283829 ], [ 435884.836846958845854, 6067174.22939985152334 ], [ 435887.236684134288225, 6067176.659682990983129 ], [ 435894.869756137894001, 6067184.38819619640708 ], [ 435897.136664064892102, 6067186.683861485682428 ], [ 435904.902665316942148, 6067194.546935373917222 ], [ 435907.036703426681925, 6067196.70803998131305 ], [ 435914.935574496048503, 6067204.705637062899768 ], [ 435916.936779109644704, 6067206.732218476012349 ], [ 435924.968483675038442, 6067214.864277608692646 ], [ 435926.836914559127763, 6067216.756396970711648 ], [ 435935.001392854086589, 6067225.022881119512022 ], [ 435936.737088447029237, 6067226.780575465410948 ], [ 435945.034302033134736, 6067235.181433259509504 ], [ 435946.637307271943428, 6067236.80475396104157 ], [ 435955.067211212182883, 6067245.339926362968981 ], [ 435956.537724915193394, 6067246.828932455740869 ], [ 435965.10012039123103, 6067255.498253748752177 ], [ 435966.438269003352616, 6067256.853110950440168 ], [ 435975.133029570279177, 6067265.656437326222658 ], [ 435976.338823922676966, 6067266.877289445139468 ], [ 435985.165938749327324, 6067275.814635860733688 ], [ 435986.23936762107769, 6067276.901467939838767 ], [ 435995.198847928433679, 6067285.972819440066814 ], [ 435996.139922930160537, 6067286.925646435469389 ], [ 436005.231757107423618, 6067296.131017974577844 ], [ 436006.040466238860972, 6067296.949824930168688 ], [ 436015.264666286471765, 6067306.28921548742801 ], [ 436015.941008161986247, 6067306.974003424867988 ], [ 436025.297575465461705, 6067316.447400087490678 ], [ 436025.841564055590425, 6067316.998181919567287 ], [ 436035.330484644509852, 6067326.605598622001708 ], [ 436035.742106779653113, 6067327.022360414266586 ], [ 436045.363393823557999, 6067336.763782201334834 ], [ 436045.642663063132204, 6067337.046538909897208 ], [ 436055.396303002606146, 6067346.921980734914541 ], [ 436055.543205397436395, 6067347.070717404596508 ], [ 436065.429212181654293, 6067357.080164314247668 ], [ 436065.443762070673984, 6067357.094895899295807 ], [ 436075.344304188620299, 6067367.119074393995106 ], [ 436075.46212136070244, 6067367.238362848758698 ], [ 436085.244860709819477, 6067377.143252888694406 ], [ 436085.495030539750587, 6067377.396546426229179 ], [ 436095.145403196162079, 6067387.167431384325027 ], [ 436095.527939718798734, 6067387.554744961671531 ], [ 436105.045945314166602, 6067397.191609878093004 ], [ 436105.560848897846881, 6067397.712943495251238 ], [ 436114.946501250669826, 6067407.215788373723626 ], [ 436115.593758076895028, 6067407.871127074584365 ], [ 436124.847044321708381, 6067417.239966868422925 ], [ 436125.626667255943175, 6067418.029325607232749 ], [ 436134.747599868453108, 6067427.264145363122225 ], [ 436135.659576434991322, 6067428.187509186565876 ], [ 436144.648143329191953, 6067437.288323858752847 ], [ 436145.69248561403947, 6067438.345707722008228 ], [ 436154.548698486178182, 6067447.312502353452146 ], [ 436155.725394793145824, 6067448.503891301341355 ], [ 436164.449242336675525, 6067457.336680848151445 ], [ 436165.758303972135764, 6067458.662089834921062 ], [ 436174.349797103961464, 6067467.360859343782067 ], [ 436175.791213151183911, 6067468.820275590755045 ], [ 436184.250339027144946, 6067477.385037837550044 ], [ 436185.824122330232058, 6067478.978471947833896 ], [ 436194.15088346216362, 6067487.409216333180666 ], [ 436195.857031509280205, 6067489.136670483276248 ], [ 436204.05143764487002, 6067497.433394827879965 ], [ 436205.889940688328352, 6067499.294854060746729 ], [ 436213.951982469705399, 6067507.457573322579265 ], [ 436215.922849867376499, 6067509.453052595257759 ], [ 436223.852536262595095, 6067517.481751818209887 ], [ 436225.955759046366438, 6067519.61123617272824 ], [ 436233.753081477130763, 6067527.505930312909186 ], [ 436235.988668225414585, 6067529.769434709101915 ], [ 436243.653634880320169, 6067537.530108807608485 ], [ 436246.021577404462732, 6067539.927618287503719 ], [ 436253.554180484614335, 6067547.554287301376462 ], [ 436256.054486583510879, 6067550.085816821083426 ], [ 436263.454733498103451, 6067557.578465797007084 ], [ 436266.087395762559026, 6067560.244004376232624 ], [ 436273.355275421228725, 6067567.602644291706383 ], [ 436276.120304941607174, 6067570.40219893399626 ], [ 436283.255821610160638, 6067577.626822786405683 ], [ 436286.153214120655321, 6067580.560397469438612 ], [ 436293.156374038895592, 6067587.651001282036304 ], [ 436296.186123299703468, 6067590.718581047840416 ], [ 436303.056920617702417, 6067597.675179776735604 ], [ 436306.219032478751615, 6067600.876779582351446 ], [ 436312.957472656737082, 6067607.699358271434903 ], [ 436316.251941657799762, 6067611.034963159821928 ], [ 436322.858019625185989, 6067617.723536766134202 ], [ 436326.284850836847909, 6067621.193161694332957 ], [ 436332.758571274462156, 6067627.747715261764824 ], [ 436336.317760015837848, 6067631.351345273666084 ], [ 436342.659118632669561, 6067637.771893756464124 ], [ 436346.350669194944203, 6067641.509543808177114 ], [ 436352.559660750674084, 6067647.796072251163423 ], [ 436356.383578373934142, 6067651.667742341756821 ], [ 436362.460211815312505, 6067657.820250745862722 ], [ 436366.416487553040497, 6067661.825925920158625 ], [ 436372.360759758215863, 6067667.844429241493344 ], [ 436376.449396732030436, 6067671.984124455600977 ], [ 436382.261310433153994, 6067677.868607736192644 ], [ 436386.482305911136791, 6067682.142308034002781 ], [ 436392.161858765757643, 6067687.892786230891943 ], [ 436396.515215090184938, 6067692.300506568513811 ], [ 436402.062409050820861, 6067697.91696472465992 ], [ 436406.548124269233085, 6067702.458690147846937 ], [ 436411.962957773183007, 6067707.941143220290542 ], [ 436416.581033448223025, 6067712.616888681426644 ], [ 436421.863507668604143, 6067717.965321714989841 ], [ 436426.613942627212964, 6067717.986121749505401 ] ], [ [ 435824.639391884556971, 6067107.314232784323394 ], [ 435824.973051994107664, 6067106.490433528088033 ], [ 435824.639391884556971, 6067106.2452542623505 ], [ 435823.845409176195972, 6067106.490433527156711 ], [ 435824.639391884556971, 6067107.314232784323394 ] ], [ [ 432473.647726083523594, 6065798.5939313005656 ], [ 432483.680635262513533, 6065796.044120350852609 ], [ 432492.802875841734931, 6065793.323050696402788 ], [ 432493.713544441619888, 6065793.051407407037914 ], [ 432503.746453620609827, 6065790.82617066334933 ], [ 432513.779362799657974, 6065789.126787843182683 ], [ 432523.812271978706121, 6065784.606770997866988 ], [ 432525.188661922467873, 6065783.298872200772166 ], [ 432526.48455257655587, 6065773.274693706072867 ], [ 432526.33598223287845, 6065763.250515211373568 ], [ 432526.187410086218733, 6065753.226336716674268 ], [ 432526.038839845103212, 6065743.202158221974969 ], [ 432525.890272679855116, 6065733.177979726344347 ], [ 432525.741702644038014, 6065723.153801230713725 ], [ 432525.593135273607913, 6065713.129622736945748 ], [ 432525.444565443031024, 6065703.105444241315126 ], [ 432525.295997867302503, 6065693.08126574754715 ], [ 432525.147428241907619, 6065683.057087251916528 ], [ 432526.572566665883642, 6065673.032908757217228 ], [ 432527.594193669734523, 6065663.008730262517929 ], [ 432528.732866996666417, 6065652.98455176781863 ], [ 432529.944892344588879, 6065642.960373272188008 ], [ 432527.124935837637167, 6065632.936194777488708 ], [ 432523.812271978764329, 6065630.436978167854249 ], [ 432513.779362799657974, 6065623.894759444519877 ], [ 432512.272263556718826, 6065622.912016282789409 ], [ 432503.746453620609827, 6065618.048696698620915 ], [ 432494.051430841267575, 6065612.88783778809011 ], [ 432493.713544441619888, 6065612.708831757307053 ], [ 432483.680635262571741, 6065607.393580110743642 ], [ 432475.130092945706565, 6065602.863659292459488 ], [ 432473.647726083523594, 6065602.078327805735171 ], [ 432463.614816904475447, 6065596.763565511442721 ], [ 432456.20820632064715, 6065592.839480797760189 ], [ 432453.5819077254273, 6065591.448163134045899 ], [ 432443.548998546320945, 6065586.133791162632406 ], [ 432437.284079256176483, 6065582.815302303060889 ], [ 432433.516089367331006, 6065580.772261689417064 ], [ 432431.324790118727833, 6065582.815302303060889 ], [ 432424.038172277330887, 6065592.839480797760189 ], [ 432423.483180188282859, 6065593.897752556018531 ], [ 432420.147321015188936, 6065602.863659294322133 ], [ 432415.380964267824311, 6065612.88783778809011 ], [ 432413.450271009234712, 6065616.062280667945743 ], [ 432410.329946410492994, 6065622.912016282789409 ], [ 432406.669229634222575, 6065632.936194777488708 ], [ 432403.417361830186564, 6065639.595620036125183 ], [ 432401.81644063355634, 6065642.960373272188008 ], [ 432397.835170338745229, 6065652.98455176781863 ], [ 432395.617629731015768, 6065663.008730262517929 ], [ 432393.384452651138417, 6065666.018916450440884 ], [ 432389.869549195398577, 6065673.032908757217228 ], [ 432393.384452651138417, 6065678.13785856962204 ], [ 432397.086537012015469, 6065683.057087251916528 ], [ 432403.417361830186564, 6065692.656899719499052 ], [ 432403.725922187673859, 6065693.08126574754715 ], [ 432407.498713616747409, 6065703.105444242246449 ], [ 432411.050009353668429, 6065713.129622736945748 ], [ 432413.450271009234712, 6065719.904776626266539 ], [ 432414.601316329382826, 6065723.153801231645048 ], [ 432418.484736016369425, 6065733.177979726344347 ], [ 432423.483180188341066, 6065739.701118346303701 ], [ 432425.689030470501166, 6065743.202158221974969 ], [ 432433.516089367331006, 6065752.889524095691741 ], [ 432433.788222396280617, 6065753.226336716674268 ], [ 432441.887422987259924, 6065763.250515211373568 ], [ 432443.548998546379153, 6065765.307008024305105 ], [ 432449.986614913097583, 6065773.274693706072867 ], [ 432453.5819077254273, 6065777.724497916176915 ], [ 432458.085815504076891, 6065783.298872200772166 ], [ 432463.614816904417239, 6065790.141986606642604 ], [ 432466.185007429798134, 6065793.323050696402788 ], [ 432473.647726083523594, 6065798.5939313005656 ] ], [ [ 432022.166813026473392, 6065602.99358769133687 ], [ 432022.79413520754315, 6065602.86365929339081 ], [ 432032.199722205521539, 6065600.12681342381984 ], [ 432042.232631384569686, 6065597.911002531647682 ], [ 432052.265540563617833, 6065595.471944881603122 ], [ 432059.620416848105378, 6065592.839480797760189 ], [ 432062.298449742607772, 6065591.454860557802022 ], [ 432072.331358921714127, 6065586.267557164654136 ], [ 432079.008462008088827, 6065582.815302303060889 ], [ 432082.364268100820482, 6065581.080256474204361 ], [ 432092.397177279810421, 6065575.892961159348488 ], [ 432098.3965373596875, 6065572.79112380836159 ], [ 432102.430086458800361, 6065570.705662596970797 ], [ 432112.4629956377903, 6065565.518359204754233 ], [ 432117.784582519554533, 6065562.766945313662291 ], [ 432122.495904816896655, 6065560.553294728510082 ], [ 432132.528813995944802, 6065555.329377453774214 ], [ 432137.420596368494444, 6065552.742766819894314 ], [ 432142.561723174992949, 6065550.616490540094674 ], [ 432152.594632353982888, 6065546.286285744979978 ], [ 432160.032213039929047, 6065542.718588322401047 ], [ 432162.627541533089243, 6065541.588836695998907 ], [ 432172.660450712079182, 6065537.221491482108831 ], [ 432182.693359891185537, 6065532.854146451689303 ], [ 432183.060315356007777, 6065532.69440982863307 ], [ 432192.726269070233684, 6065528.48680105432868 ], [ 432202.759178249281831, 6065524.119455840438604 ], [ 432206.088417672086507, 6065522.670231333933771 ], [ 432212.792087428329978, 6065519.752107287757099 ], [ 432222.824996607378125, 6065515.384765412658453 ], [ 432229.116519988165237, 6065512.646052839234471 ], [ 432232.857905786426272, 6065511.017418336123228 ], [ 432242.890814965474419, 6065506.650074985809624 ], [ 432252.144622304243967, 6065502.621874344535172 ], [ 432252.923724144522566, 6065502.282729384489357 ], [ 432262.956633323570713, 6065497.915379172191024 ], [ 432272.98954250261886, 6065493.548039344139397 ], [ 432275.172724620322697, 6065492.59769584890455 ], [ 432283.022451681667008, 6065489.180690219625831 ], [ 432293.055360860715155, 6065484.81334000825882 ], [ 432298.200814099924173, 6065482.573517354205251 ], [ 432303.088270039705094, 6065480.44600126799196 ], [ 432313.121179218753241, 6065476.078651057556272 ], [ 432321.228924196155276, 6065472.549338859505951 ], [ 432323.154088397801388, 6065471.711312315426767 ], [ 432333.186997576849535, 6065467.343962104991078 ], [ 432343.219906755897682, 6065462.976611893624067 ], [ 432344.257007941894699, 6065462.525160364806652 ], [ 432353.252815934945829, 6065458.609273152425885 ], [ 432363.285725113993976, 6065454.241922941058874 ], [ 432367.285107534145936, 6065452.500981870107353 ], [ 432373.318634293042123, 6065449.874575736001134 ], [ 432383.351543472032063, 6065445.507233988493681 ], [ 432393.384452651138417, 6065443.995618297718465 ], [ 432403.417361830128357, 6065449.504685682244599 ], [ 432413.450271009234712, 6065452.239810707978904 ], [ 432423.16866782750003, 6065442.476803374476731 ], [ 432423.483180188282859, 6065442.160846866667271 ], [ 432433.147055190289393, 6065432.452624879777431 ], [ 432433.516089367331006, 6065432.081896969117224 ], [ 432443.268701218243223, 6065422.428446385078132 ], [ 432443.548998546379153, 6065422.146839847788215 ], [ 432453.455722882121336, 6065412.404267890378833 ], [ 432453.5819077254273, 6065412.279826179146767 ], [ 432463.614816904475447, 6065410.044778902083635 ], [ 432466.324345421162434, 6065412.404267890378833 ], [ 432473.647726083523594, 6065418.781553060747683 ], [ 432477.835650464287028, 6065422.428446385078132 ], [ 432483.680635262571741, 6065427.518327219411731 ], [ 432489.346955507411622, 6065432.452624879777431 ], [ 432493.713544441619888, 6065436.255101377144456 ], [ 432500.858260550536215, 6065442.476803374476731 ], [ 432503.746453620609827, 6065444.991875536739826 ], [ 432512.369565593660809, 6065452.500981870107353 ], [ 432513.779362799599767, 6065453.728649695403874 ], [ 432523.812271978706121, 6065462.465423701331019 ], [ 432529.453889517462812, 6065452.500981870107353 ], [ 432532.047828855807893, 6065442.476803374476731 ], [ 432533.477172171173152, 6065432.452624879777431 ], [ 432533.845181157754268, 6065429.591381881386042 ], [ 432534.766468587156851, 6065422.42844638414681 ], [ 432536.055755563662387, 6065412.404267890378833 ], [ 432537.34537026588805, 6065402.380089395679533 ], [ 432538.635555768967606, 6065392.355910900048912 ], [ 432539.926602469407953, 6065382.331732405349612 ], [ 432541.217930429731496, 6065372.30755390971899 ], [ 432542.509248588059563, 6065362.283375415951014 ], [ 432543.800566746445838, 6065352.259196920320392 ], [ 432543.878090336802416, 6065351.657400762662292 ], [ 432545.091884904890321, 6065342.235018425621092 ], [ 432546.383203063218389, 6065332.210839930921793 ], [ 432547.686119965626858, 6065322.186661436222494 ], [ 432543.878090336802416, 6065316.479028314352036 ], [ 432539.915796374611091, 6065312.162482941523194 ], [ 432533.845181157754268, 6065306.759733716957271 ], [ 432528.65246950450819, 6065302.138304445892572 ], [ 432523.812271978706121, 6065297.83060703985393 ], [ 432517.389142634463497, 6065292.114125952124596 ], [ 432513.779362799657974, 6065288.901480361819267 ], [ 432506.125815764360595, 6065282.089947456493974 ], [ 432503.74645362055162, 6065279.972353684715927 ], [ 432494.86248889437411, 6065272.065768961794674 ], [ 432493.713544441619888, 6065271.043227007612586 ], [ 432487.804675874998793, 6065272.065768961794674 ], [ 432483.680635262513533, 6065272.934857049956918 ], [ 432473.647726083523594, 6065275.211376217193902 ], [ 432463.614816904475447, 6065277.487896656617522 ], [ 432453.5819077254273, 6065279.76441709510982 ], [ 432443.548998546379153, 6065282.040937462821603 ], [ 432433.516089367331006, 6065279.878713050857186 ], [ 432423.483180188224651, 6065277.168772710487247 ], [ 432413.450271009234712, 6065274.112127304077148 ], [ 432404.701279771514237, 6065272.065768961794674 ], [ 432403.417361830186564, 6065271.773815726861358 ], [ 432402.110624972963706, 6065272.065768961794674 ], [ 432393.384452651138417, 6065275.807928592897952 ], [ 432383.351543472148478, 6065280.110470587387681 ], [ 432378.735697778640315, 6065282.089947456493974 ], [ 432373.318634293042123, 6065284.413021618500352 ], [ 432363.285725113935769, 6065288.7155582299456 ], [ 432355.360770584258717, 6065292.114125951193273 ], [ 432353.252815934945829, 6065293.018109261058271 ], [ 432343.219906755897682, 6065299.986129947006702 ], [ 432340.863724535563961, 6065302.138304445892572 ], [ 432333.186997576849535, 6065308.15063580032438 ], [ 432323.154088397801388, 6065309.199619744904339 ], [ 432313.121179218753241, 6065308.22984127048403 ], [ 432303.088270039646886, 6065309.4592269603163 ], [ 432293.055360860715155, 6065309.962904719635844 ], [ 432283.022451681667008, 6065310.46658406406641 ], [ 432272.989542502560653, 6065310.970261352136731 ], [ 432262.956633323570713, 6065311.473938640207052 ], [ 432252.923724144522566, 6065311.977615755051374 ], [ 432249.241298890439793, 6065312.162482941523194 ], [ 432242.890814965474419, 6065312.481293512508273 ], [ 432232.857905786426272, 6065312.984979879111052 ], [ 432222.824996607378125, 6065313.48865716625005 ], [ 432212.792087428388186, 6065313.992334453389049 ], [ 432202.759178249281831, 6065314.49601174145937 ], [ 432192.726269070233684, 6065314.999689029529691 ], [ 432182.693359891185537, 6065315.50336944218725 ], [ 432172.660450712195598, 6065316.007047200575471 ], [ 432162.627541533089243, 6065316.510724959895015 ], [ 432152.594632354041096, 6065317.014407556504011 ], [ 432142.561723174992949, 6065317.518084842711687 ], [ 432132.528813995944802, 6065318.021762130782008 ], [ 432122.495904816896655, 6065318.525439418852329 ], [ 432112.462995637848508, 6065319.02911670692265 ], [ 432102.430086458800361, 6065319.532800887711346 ], [ 432092.397177279810421, 6065320.03647864703089 ], [ 432082.364268100820482, 6065320.540156405419111 ], [ 432072.331358921714127, 6065321.043835233896971 ], [ 432062.29844974266598, 6065321.547512521035969 ], [ 432052.265540563559625, 6065322.051189681515098 ], [ 432049.567037821107078, 6065322.186661435291171 ], [ 432042.232631384569686, 6065322.554867439903319 ], [ 432032.199722205521539, 6065323.058545199222863 ], [ 432022.166813026473392, 6065323.562231047078967 ], [ 432012.133903847425245, 6065324.065908335149288 ], [ 432002.100994668377098, 6065324.569585621356964 ], [ 431992.068085489328951, 6065324.646115958690643 ], [ 431982.035176310222596, 6065329.316643413156271 ], [ 431975.68261729326332, 6065332.210839930921793 ], [ 431972.002267131232657, 6065334.340588042512536 ], [ 431961.969357952184509, 6065334.145546618849039 ], [ 431958.408527553547174, 6065332.210839930921793 ], [ 431951.936448773136362, 6065328.694364082068205 ], [ 431941.903539594088215, 6065323.243180644698441 ], [ 431932.616344451264013, 6065332.210839930921793 ], [ 431931.870630415040068, 6065333.526158953085542 ], [ 431927.094225417939015, 6065342.235018425621092 ], [ 431921.837721235991921, 6065351.203713175840676 ], [ 431920.988848982960917, 6065352.259196920320392 ], [ 431911.804812056943774, 6065359.785770729184151 ], [ 431908.757197797298431, 6065362.283375415951014 ], [ 431901.771902877953835, 6065368.008013466373086 ], [ 431895.758802172145806, 6065372.307553910650313 ], [ 431891.738993698905688, 6065376.433040427044034 ], [ 431890.263007295608986, 6065382.331732405349612 ], [ 431891.731690997374244, 6065392.355910900048912 ], [ 431891.738993698905688, 6065392.38471782207489 ], [ 431894.660301685915329, 6065402.380089395679533 ], [ 431898.278536136844195, 6065412.404267890378833 ], [ 431900.660905931727029, 6065422.428446385078132 ], [ 431901.771902877895627, 6065424.076533865183592 ], [ 431904.913941581151448, 6065432.452624879777431 ], [ 431901.771902877953835, 6065441.705127751454711 ], [ 431891.738993698905688, 6065437.048293147236109 ], [ 431881.837852789205499, 6065432.452624879777431 ], [ 431881.706084519857541, 6065432.391463883221149 ], [ 431871.673175340809394, 6065427.734631705097854 ], [ 431861.640266161761247, 6065423.214617519639432 ], [ 431859.616343666566536, 6065422.428446385078132 ], [ 431851.607356982771307, 6065419.428540260531008 ], [ 431841.574447803664953, 6065416.150193023495376 ], [ 431831.541538624616805, 6065413.735878083854914 ], [ 431826.007887312560342, 6065412.404267890378833 ], [ 431821.508629445626866, 6065411.32157270424068 ], [ 431811.475720266578719, 6065408.907257764600217 ], [ 431801.442811087472364, 6065406.49294282309711 ], [ 431791.409901908424217, 6065404.078637444414198 ], [ 431784.351428290945478, 6065402.380089394748211 ], [ 431781.37699272937607, 6065401.664322504773736 ], [ 431771.344083550269715, 6065399.250007563270628 ], [ 431761.311174371279776, 6065396.835697911679745 ], [ 431751.278265192289837, 6065394.421387244015932 ], [ 431742.694987087219488, 6065392.355910900048912 ], [ 431741.245356013183482, 6065392.007072303444147 ], [ 431731.212446834135335, 6065389.592757362872362 ], [ 431721.179537655087188, 6065387.178451984189451 ], [ 431711.146628476039041, 6065384.764137043617666 ], [ 431701.113719297049101, 6065382.349822103045881 ], [ 431701.03854558581952, 6065382.331732405349612 ], [ 431691.080810118000954, 6065379.935516724362969 ], [ 431681.047900939011015, 6065377.521201783791184 ], [ 431671.01499175990466, 6065375.106886843219399 ], [ 431660.982082580856513, 6065372.702501217834651 ], [ 431659.382064947567414, 6065372.307553910650313 ], [ 431650.949173401808366, 6065370.278266523964703 ], [ 431640.916264222702011, 6065367.863951583392918 ], [ 431632.590852914610878, 6065372.307553910650313 ], [ 431640.916264222702011, 6065376.549510868266225 ], [ 431649.684395605116151, 6065382.331732405349612 ], [ 431650.949173401808366, 6065383.086180275306106 ], [ 431660.982082580798306, 6065389.457092439755797 ], [ 431666.522275465657003, 6065392.355910900048912 ], [ 431671.01499175990466, 6065395.033550778403878 ], [ 431681.047900938952807, 6065401.137387052178383 ], [ 431683.341489621321671, 6065402.380089395679533 ], [ 431691.080810118000954, 6065406.992689052596688 ], [ 431700.16069743555272, 6065412.404267890378833 ], [ 431701.113719297049101, 6065412.97226535063237 ], [ 431711.146628476039041, 6065418.951833383180201 ], [ 431716.979916484677233, 6065422.428446386009455 ], [ 431721.179537655087188, 6065424.931401415728033 ], [ 431731.212446834135335, 6065430.910970718599856 ], [ 431733.79913327540271, 6065432.452624879777431 ], [ 431741.245356013183482, 6065436.890542086213827 ], [ 431750.618344260379672, 6065442.476803374476731 ], [ 431751.278265192231629, 6065442.870113777928054 ], [ 431761.311174371279776, 6065448.849681811407208 ], [ 431767.437555245356634, 6065452.500981871038675 ], [ 431771.344083550327923, 6065454.829256189987063 ], [ 431781.37699272937607, 6065460.808826142922044 ], [ 431784.256770211388357, 6065462.525160364806652 ], [ 431791.409901908424217, 6065466.788394175469875 ], [ 431801.07599057815969, 6065472.549338859505951 ], [ 431801.442811087472364, 6065472.767962207086384 ], [ 431811.475720266578719, 6065478.747533394023776 ], [ 431817.895202070241794, 6065482.573517354205251 ], [ 431821.508629445568658, 6065484.72710653860122 ], [ 431831.541538624675013, 6065490.706676129251719 ], [ 431834.714413055218756, 6065492.59769584890455 ], [ 431841.574447803664953, 6065496.686247497797012 ], [ 431851.533624040137511, 6065502.621874345466495 ], [ 431851.6073569827131, 6065502.665818865410984 ], [ 431861.640266161761247, 6065508.645386934280396 ], [ 431868.352844304929022, 6065512.646052839234471 ], [ 431871.673175340809394, 6065514.624954965896904 ], [ 431881.706084519857541, 6065520.604524701833725 ], [ 431885.172059880103916, 6065522.670231333933771 ], [ 431891.738993698905688, 6065526.58409929741174 ], [ 431901.771902877953835, 6065532.56366743799299 ], [ 431901.991270865080878, 6065532.69440982863307 ], [ 431911.804812056943774, 6065538.543238805606961 ], [ 431918.810481849999633, 6065542.718588324263692 ], [ 431921.837721235991921, 6065544.522810173220932 ], [ 431931.870630415040068, 6065550.502379693090916 ], [ 431935.629698031640146, 6065552.742766818962991 ], [ 431941.903539594030008, 6065556.481947725638747 ], [ 431951.936448773136362, 6065562.461516010574996 ], [ 431952.44891768990783, 6065562.766945313662291 ], [ 431961.969357952184509, 6065568.441092057153583 ], [ 431969.268124895053916, 6065572.79112380836159 ], [ 431972.002267131232657, 6065574.420660088770092 ], [ 431982.035176310280804, 6065578.539059154689312 ], [ 431992.068085489328951, 6065582.60411118157208 ], [ 431992.407150109997019, 6065582.815302303060889 ], [ 432002.100994668377098, 6065588.854569127783179 ], [ 432005.770556424744427, 6065592.839480797760189 ], [ 432012.133903847425245, 6065597.561687346547842 ], [ 432021.974731895141304, 6065602.86365929339081 ], [ 432022.166813026473392, 6065602.99358769133687 ] ], [ [ 433095.68809518427588, 6065232.211755004711449 ], [ 433105.721004363324028, 6065233.819211819209158 ], [ 433115.753913542372175, 6065232.40186716709286 ], [ 433116.315704356820788, 6065231.969054982066154 ], [ 433124.49698057200294, 6065221.944876488298178 ], [ 433125.786822721420322, 6065221.264187711291015 ], [ 433135.819731900468469, 6065220.016479691490531 ], [ 433141.807594737270847, 6065211.920697992667556 ], [ 433145.852641079516616, 6065206.447926711291075 ], [ 433149.216686853556894, 6065201.896519497036934 ], [ 433152.115418196830433, 6065191.872341002337635 ], [ 433147.915043547283858, 6065181.848162507638335 ], [ 433145.852641079574823, 6065176.92624437622726 ], [ 433143.714671981579158, 6065171.823984012007713 ], [ 433139.514296255540103, 6065161.799805518239737 ], [ 433135.819731900468469, 6065152.982743671163917 ], [ 433135.315368202747777, 6065151.775627022609115 ], [ 433134.144024915760383, 6065141.751448527909815 ], [ 433133.945897778437939, 6065131.727270033210516 ], [ 433133.747775329626165, 6065121.703091537579894 ], [ 433133.549649253196549, 6065111.678913042880595 ], [ 433133.351525743608363, 6065101.654734548181295 ], [ 433131.165682402206585, 6065091.630556053481996 ], [ 433125.786822721420322, 6065087.233405319973826 ], [ 433115.753913542372175, 6065089.200932167470455 ], [ 433108.303524054470472, 6065091.630556053481996 ], [ 433105.721004363324028, 6065092.47273413836956 ], [ 433095.68809518427588, 6065095.744532213546336 ], [ 433085.655186005227733, 6065099.016334077343345 ], [ 433077.56458318780642, 6065101.654734548181295 ], [ 433075.622276826237794, 6065102.288133505731821 ], [ 433065.589367647189647, 6065105.559936721809208 ], [ 433055.5564584681415, 6065108.831734797917306 ], [ 433046.825651979073882, 6065111.678913042880595 ], [ 433045.523549289093353, 6065112.103538013994694 ], [ 433035.490640110045206, 6065115.375336090102792 ], [ 433025.457730930997059, 6065118.647139307111502 ], [ 433015.424821751948912, 6065121.281727015040815 ], [ 433014.46525973896496, 6065121.703091538511217 ], [ 433005.391912572900765, 6065128.715495280921459 ], [ 433002.578921096981503, 6065131.727270033210516 ], [ 432995.359003393852618, 6065139.395673891529441 ], [ 432993.141006101446692, 6065141.751448526978493 ], [ 432985.326094214804471, 6065150.051806361414492 ], [ 432983.703091105970088, 6065151.775627022609115 ], [ 432975.293185035756323, 6065160.707938833162189 ], [ 432974.265176110435277, 6065161.799805518239737 ], [ 432965.260275856708176, 6065171.364071303978562 ], [ 432964.827261115016881, 6065171.823984012939036 ], [ 432955.38934611948207, 6065181.848162507638335 ], [ 432955.227366677660029, 6065182.053504790179431 ], [ 432946.914634290384129, 6065191.872341002337635 ], [ 432945.194457498611882, 6065195.0053187943995 ], [ 432941.411887168884277, 6065201.896519497036934 ], [ 432945.194457498611882, 6065205.427699445746839 ], [ 432955.227366677660029, 6065209.692752109840512 ], [ 432965.260275856708176, 6065211.477535420097411 ], [ 432968.177099495078437, 6065211.920697992667556 ], [ 432975.293185035698116, 6065212.988041201606393 ], [ 432985.326094214804471, 6065214.562520059756935 ], [ 432995.359003393852618, 6065216.141677662730217 ], [ 433005.391912572900765, 6065217.745062151923776 ], [ 433015.424821752007119, 6065219.352111950516701 ], [ 433025.457730930997059, 6065220.959567910991609 ], [ 433031.607517739874311, 6065221.944876487366855 ], [ 433035.490640110045206, 6065222.56702415831387 ], [ 433045.523549289093353, 6065224.174479831941426 ], [ 433055.556458468083292, 6065225.781934021040797 ], [ 433065.589367647189647, 6065227.38939175195992 ], [ 433075.622276826179586, 6065228.996846340596676 ], [ 433085.655186005227733, 6065230.604303043335676 ], [ 433094.173282736446708, 6065231.969054982066154 ], [ 433095.68809518427588, 6065232.211755004711449 ] ], [ [ 433185.984277795709204, 6065151.91736030485481 ], [ 433186.216882579668891, 6065151.775627022609115 ], [ 433193.5664921507705, 6065141.751448527909815 ], [ 433196.017186974757351, 6065138.47342483792454 ], [ 433201.04192145622801, 6065131.727270033210516 ], [ 433196.017186974757351, 6065125.324763719923794 ], [ 433190.218327419715934, 6065121.703091538511217 ], [ 433185.984277795709204, 6065119.351747004315257 ], [ 433175.951368616661057, 6065118.597287922166288 ], [ 433172.75461908057332, 6065121.703091538511217 ], [ 433165.918459437554702, 6065128.344765870831907 ], [ 433162.436906851478852, 6065131.727270033210516 ], [ 433155.885550258564763, 6065138.092243818566203 ], [ 433152.119194622384384, 6065141.751448527909815 ], [ 433155.885550258564763, 6065145.011757113970816 ], [ 433165.91845943761291, 6065148.25606682151556 ], [ 433175.951368616661057, 6065150.086714415811002 ], [ 433185.207504333986435, 6065151.775627022609115 ], [ 433185.984277795709204, 6065151.91736030485481 ] ], [ [ 432283.022451681667008, 6065096.448176803067327 ], [ 432293.055360860715155, 6065093.330176346935332 ], [ 432293.943536786304321, 6065091.630556052550673 ], [ 432299.497034524567425, 6065081.606377558782697 ], [ 432303.088270039705094, 6065075.131853175349534 ], [ 432305.057012774457689, 6065071.582199063152075 ], [ 432310.616717457247432, 6065061.558020568452775 ], [ 432313.121179218753241, 6065057.042462069541216 ], [ 432316.176422140095383, 6065051.533842074684799 ], [ 432321.736112075624987, 6065041.509663579054177 ], [ 432323.15408839774318, 6065038.953020255081356 ], [ 432327.295760759850964, 6065031.485485084354877 ], [ 432332.855408230330795, 6065021.461306589655578 ], [ 432327.021513499959838, 6065011.437128094024956 ], [ 432323.154088397801388, 6065004.994833597913384 ], [ 432321.003819095727522, 6065001.412949599325657 ], [ 432314.986130231642164, 6064991.388771104626358 ], [ 432313.121179218753241, 6064988.282163613475859 ], [ 432308.968437092436943, 6064981.364592609927058 ], [ 432303.088270039705094, 6064971.569493887014687 ], [ 432302.95074949337868, 6064971.340414115227759 ], [ 432296.933055089146364, 6064961.316235619597137 ], [ 432293.055360860773362, 6064954.856834977865219 ], [ 432290.915362136438489, 6064951.292057124897838 ], [ 432283.022451681667008, 6064941.920623613521457 ], [ 432272.989542502677068, 6064942.035521601326764 ], [ 432262.956633323570713, 6064942.225603191182017 ], [ 432252.923724144522566, 6064942.41567817889154 ], [ 432242.890814965532627, 6064949.892148463986814 ], [ 432242.677923862473108, 6064951.292057124897838 ], [ 432241.153494380239863, 6064961.316235618665814 ], [ 432239.629067959089298, 6064971.340414115227759 ], [ 432238.104641537880525, 6064981.364592609927058 ], [ 432236.58021511672996, 6064991.388771104626358 ], [ 432235.055788695579395, 6065001.412949599325657 ], [ 432233.531362064473797, 6065011.437128094024956 ], [ 432232.857905786426272, 6065015.865570228546858 ], [ 432232.006932725780644, 6065021.461306589655578 ], [ 432230.482506304630078, 6065031.485485084354877 ], [ 432228.875614503282122, 6065041.509663579985499 ], [ 432227.0067907696357, 6065051.533842073753476 ], [ 432225.432141741213854, 6065061.558020568452775 ], [ 432232.857905786426272, 6065069.258405822329223 ], [ 432237.125952644622885, 6065071.582199064083397 ], [ 432242.890814965474419, 6065074.720619084313512 ], [ 432252.923724144522566, 6065080.181161072105169 ], [ 432255.540641104569659, 6065081.606377558782697 ], [ 432262.956633323570713, 6065085.645343736745417 ], [ 432272.98954250261886, 6065091.109633187763393 ], [ 432273.946124271955341, 6065091.630556053481996 ], [ 432283.022451681667008, 6065096.448176803067327 ] ], [ [ 431851.607356982771307, 6065035.020123141817749 ], [ 431861.640266161761247, 6065034.367183320224285 ], [ 431867.432558732107282, 6065031.485485084354877 ], [ 431871.673175340809394, 6065029.375754394568503 ], [ 431881.706084519857541, 6065024.384325469844043 ], [ 431884.806796398828737, 6065021.461306590586901 ], [ 431891.738993698905688, 6065016.621767613105476 ], [ 431896.28317983110901, 6065011.437128094024956 ], [ 431901.771902877953835, 6065005.174834894947708 ], [ 431905.069086560921278, 6065001.412949599325657 ], [ 431911.804812056943774, 6064993.727898010052741 ], [ 431913.854990697698668, 6064991.388771104626358 ], [ 431921.837721236050129, 6064982.280961914919317 ], [ 431922.640891742543317, 6064981.364592609927058 ], [ 431931.426793998689391, 6064971.340414115227759 ], [ 431931.870630415040068, 6064970.834023804403841 ], [ 431940.212695649126545, 6064961.316235619597137 ], [ 431941.903539594088215, 6064959.387087356299162 ], [ 431948.998599515063688, 6064951.292057124897838 ], [ 431951.936448773136362, 6064947.940150471404195 ], [ 431958.0718836687156, 6064941.267878630198538 ], [ 431961.969357952184509, 6064936.789865288883448 ], [ 431967.948369225254282, 6064931.243700135499239 ], [ 431972.002267131232657, 6064926.413114856928587 ], [ 431977.726813441084232, 6064921.21952164079994 ], [ 431982.035176310339011, 6064916.140899224206805 ], [ 431987.656708742142655, 6064911.195343145169318 ], [ 431992.068085489328951, 6064907.314424311742187 ], [ 431999.051027927198447, 6064901.171164650470018 ], [ 432002.100994668435305, 6064898.655196913518012 ], [ 432007.157401419884991, 6064891.146986155770719 ], [ 432010.223583362763748, 6064881.12280766107142 ], [ 432002.100994668377098, 6064877.45799264870584 ], [ 431992.068085489328951, 6064874.441645702347159 ], [ 431983.119323930586688, 6064871.09862916637212 ], [ 431982.035176310280804, 6064870.735251416452229 ], [ 431978.437641099095345, 6064871.098629167303443 ], [ 431972.002267131232657, 6064871.635622775182128 ], [ 431969.626305386773311, 6064871.098629167303443 ], [ 431961.969357952242717, 6064866.92610582895577 ], [ 431951.936448773136362, 6064867.100528202950954 ], [ 431941.903539594030008, 6064864.832981057465076 ], [ 431931.870630415040068, 6064862.565433911979198 ], [ 431925.273678513767663, 6064861.074450670741498 ], [ 431921.837721235991921, 6064860.297886767424643 ], [ 431911.804812056943774, 6064858.030339622870088 ], [ 431901.771902877953835, 6064855.762789675965905 ], [ 431891.738993698905688, 6064853.495241336524487 ], [ 431881.706084519857541, 6064851.227692995220423 ], [ 431880.921075029938947, 6064851.050272176042199 ], [ 431871.673175340809394, 6064848.960146859288216 ], [ 431861.640266161761247, 6064847.044812979176641 ], [ 431851.6073569827131, 6064845.484846690669656 ], [ 431841.574447803664953, 6064844.281190039590001 ], [ 431831.541538624616805, 6064843.077538251876831 ], [ 431821.508629445568658, 6064841.873882852494717 ], [ 431814.441967244318221, 6064841.0260936813429 ], [ 431811.475720266520511, 6064840.670232097618282 ], [ 431801.442811087472364, 6064839.466575663536787 ], [ 431799.949969883135054, 6064841.0260936813429 ], [ 431793.475625525868963, 6064851.050272176042199 ], [ 431791.409901908424217, 6064854.490518087521195 ], [ 431787.456528263282962, 6064861.074450670741498 ], [ 431781.439336696115788, 6064871.09862916637212 ], [ 431781.37699272937607, 6064871.199284720234573 ], [ 431775.418336019851267, 6064881.12280766107142 ], [ 431771.344083550269715, 6064887.908051352016628 ], [ 431769.39923989813542, 6064891.146986156702042 ], [ 431763.525194074842148, 6064901.171164650470018 ], [ 431761.311174371279776, 6064904.616808756254613 ], [ 431757.361044295306783, 6064911.195343145169318 ], [ 431751.358014815079514, 6064921.21952164079994 ], [ 431751.278265192231629, 6064921.346912272274494 ], [ 431745.77834362530848, 6064931.243700135499239 ], [ 431741.245356013183482, 6064938.034342020750046 ], [ 431739.303752676234581, 6064941.267878630198538 ], [ 431733.926386861363426, 6064951.292057124897838 ], [ 431731.212446834135335, 6064955.749488272704184 ], [ 431728.538743875396904, 6064961.316235619597137 ], [ 431731.212446834135335, 6064969.754653768613935 ], [ 431732.623736968962476, 6064971.340414114296436 ], [ 431741.245356013183482, 6064975.949292279779911 ], [ 431751.278265192231629, 6064981.323956875130534 ], [ 431751.354192535218317, 6064981.364592609927058 ], [ 431761.311174371279776, 6064986.694829611107707 ], [ 431770.083987313439138, 6064991.388771104626358 ], [ 431771.344083550327923, 6064992.063175479881465 ], [ 431781.37699272937607, 6064997.433836046606302 ], [ 431788.81375970679801, 6065001.412949600256979 ], [ 431791.409901908424217, 6065002.80240669567138 ], [ 431801.442811087472364, 6065008.17285933624953 ], [ 431807.543516012490727, 6065011.437128093093634 ], [ 431811.475720266462304, 6065013.541646523401141 ], [ 431821.508629445568658, 6065018.911678150296211 ], [ 431826.273272318183444, 6065021.461306589655578 ], [ 431831.541538624558598, 6065024.280883928760886 ], [ 431841.574447803664953, 6065029.650630770251155 ], [ 431845.003028623992577, 6065031.485485084354877 ], [ 431851.607356982771307, 6065035.020123141817749 ] ], [ [ 435242.730659499939065, 6061583.169324323534966 ], [ 435242.735555605089758, 6061583.168082840740681 ], [ 435252.763568678987212, 6061581.490262609906495 ], [ 435259.651782276574522, 6061573.143904346041381 ], [ 435262.79647785803536, 6061567.153287883847952 ], [ 435267.014118249993771, 6061573.143904346041381 ], [ 435272.829387037083507, 6061577.517477275803685 ], [ 435275.281896643980872, 6061573.143904346972704 ], [ 435280.903018374519888, 6061563.119725851342082 ], [ 435282.862296216131654, 6061559.62573542073369 ], [ 435286.524142738373484, 6061553.095547356642783 ], [ 435292.145264620543458, 6061543.071368861943483 ], [ 435292.895205395179801, 6061541.733995964750648 ], [ 435297.766388089337852, 6061533.047190366312861 ], [ 435302.928114574227948, 6061523.84225650690496 ], [ 435303.387511468841694, 6061523.023011871613562 ], [ 435309.008635220001452, 6061512.998833376914263 ], [ 435312.961023753276095, 6061505.95051868353039 ], [ 435314.629757804155815, 6061502.974654882214963 ], [ 435320.250880199251696, 6061492.950476387515664 ], [ 435322.993932932324242, 6061488.058774909004569 ], [ 435325.872002966119908, 6061482.92629789095372 ], [ 435331.493127047549933, 6061472.902119397185743 ], [ 435333.026842111372389, 6061470.167036635801196 ], [ 435337.929844033031259, 6061462.877940902486444 ], [ 435342.735370811948087, 6061452.853762407787144 ], [ 435343.059751290420536, 6061452.275293180719018 ], [ 435349.926219941175077, 6061442.829583913087845 ], [ 435353.092660469468683, 6061436.394848642870784 ], [ 435354.784930391702801, 6061432.805405417457223 ], [ 435358.990511835785583, 6061422.781226922757924 ], [ 435353.092660469468683, 6061418.158701548352838 ], [ 435343.140743448690046, 6061422.781226922757924 ], [ 435343.059751290420536, 6061422.819210471585393 ], [ 435333.026842111372389, 6061427.530466683208942 ], [ 435322.993932932266034, 6061432.231013958342373 ], [ 435321.766231976624113, 6061432.805405417457223 ], [ 435312.961023753276095, 6061436.934858994558454 ], [ 435302.92811457416974, 6061441.640073774382472 ], [ 435300.39172723761294, 6061442.829583913087845 ], [ 435292.895205395179801, 6061446.345288555137813 ], [ 435282.862296216131654, 6061451.050503335893154 ], [ 435279.017214674619026, 6061452.853762407787144 ], [ 435272.829387037083507, 6061455.755718115717173 ], [ 435262.796477858093567, 6061460.460936068557203 ], [ 435257.642711026594043, 6061462.877940902486444 ], [ 435252.763568678987212, 6061465.16615185700357 ], [ 435242.730659499880858, 6061469.871367901563644 ], [ 435236.268198463600129, 6061472.902119397185743 ], [ 435232.697750320949126, 6061474.74524668045342 ], [ 435222.664841141900979, 6061481.6771040847525 ], [ 435221.268208625551779, 6061482.926297891885042 ], [ 435222.664841141900979, 6061484.509420407935977 ], [ 435229.354779594577849, 6061492.950476387515664 ], [ 435222.664841141900979, 6061501.372697310522199 ], [ 435220.937279537261929, 6061502.974654882214963 ], [ 435218.327444398310035, 6061512.998833376914263 ], [ 435216.865527145273518, 6061523.023011871613562 ], [ 435215.937963514705189, 6061533.047190366312861 ], [ 435215.192627718672156, 6061543.071368861943483 ], [ 435214.258158689248376, 6061553.095547356642783 ], [ 435212.937089334998745, 6061563.119725851342082 ], [ 435212.633114662137814, 6061573.143904346041381 ], [ 435222.664841141900979, 6061577.339044950902462 ], [ 435232.697750321007334, 6061579.845942333340645 ], [ 435242.726866385841276, 6061583.168082840740681 ], [ 435242.730659499939065, 6061583.169324323534966 ] ], [ [ 435333.026842111372389, 6060794.213490958325565 ], [ 435335.306386180978734, 6060791.257981744594872 ], [ 435333.026842111372389, 6060781.336750403046608 ], [ 435331.626468850823585, 6060791.257981744594872 ], [ 435333.026842111372389, 6060794.213490958325565 ] ], [ [ 435343.059751290420536, 6060782.858337434008718 ], [ 435344.361842337762937, 6060781.233803249895573 ], [ 435352.396388101391494, 6060771.209624755196273 ], [ 435353.092660469468683, 6060770.340930172242224 ], [ 435360.430932417977601, 6060761.185446259565651 ], [ 435363.12556964851683, 6060757.823522909544408 ], [ 435368.465477458084933, 6060751.161267764866352 ], [ 435373.158478827564977, 6060745.306115647777915 ], [ 435376.500022498192266, 6060741.137089270167053 ], [ 435383.191388006613124, 6060732.788708385080099 ], [ 435384.534567538299598, 6060731.112910775467753 ], [ 435392.569112578465138, 6060721.088732280768454 ], [ 435393.224297185661271, 6060720.271301123313606 ], [ 435400.603657618514262, 6060711.06455378420651 ], [ 435403.257206364651211, 6060707.75389386061579 ], [ 435408.638202658679802, 6060701.040375290438533 ], [ 435413.290115543757565, 6060695.236486598849297 ], [ 435417.826758083712775, 6060691.016196796670556 ], [ 435423.323024722805712, 6060686.50504906848073 ], [ 435426.713339186331723, 6060680.992018301039934 ], [ 435428.037037162052002, 6060670.967839806340635 ], [ 435426.391091746976599, 6060660.943661310710013 ], [ 435423.446713405021001, 6060650.919482816942036 ], [ 435423.416226637491491, 6060640.895304320380092 ], [ 435423.323024722805712, 6060636.427144079469144 ], [ 435420.655131046427414, 6060630.871125826612115 ], [ 435413.592252924747299, 6060620.846947330981493 ], [ 435413.5694253052352, 6060610.822768836282194 ], [ 435413.365792587632313, 6060600.798590341582894 ], [ 435413.290115543757565, 6060597.180448699742556 ], [ 435411.149647988786455, 6060590.774411846883595 ], [ 435403.715782789513469, 6060580.750233352184296 ], [ 435403.519642174767796, 6060570.726054856553674 ], [ 435403.315157875069417, 6060560.701876360923052 ], [ 435403.257206364651211, 6060560.643975280225277 ], [ 435393.855669554206543, 6060550.677697867155075 ], [ 435393.666614954301622, 6060540.653519372455776 ], [ 435393.469726231589448, 6060530.629340877756476 ], [ 435393.224297185661271, 6060530.38412540499121 ], [ 435383.747094078804366, 6060520.605162382125854 ], [ 435383.701062555308454, 6060510.580983886495233 ], [ 435383.617377382644918, 6060500.556805392727256 ], [ 435383.191388006671332, 6060500.131186714395881 ], [ 435373.518500883772504, 6060490.532626898027956 ], [ 435373.473032965906896, 6060480.508448403328657 ], [ 435373.429246302868705, 6060470.484269908629358 ], [ 435373.383551624952815, 6060460.460091412998736 ], [ 435373.158478827564977, 6060460.235214475542307 ], [ 435363.242197875806596, 6060450.435912918299437 ], [ 435363.19845701236045, 6060440.411734423600137 ], [ 435363.12556964851683, 6060440.338910486549139 ], [ 435353.092660469410475, 6060439.500010706484318 ], [ 435352.470101683051325, 6060440.411734423600137 ], [ 435345.291970330465119, 6060450.435912918299437 ], [ 435343.059751290478744, 6060453.265228353440762 ], [ 435336.984781507169828, 6060460.460091412998736 ], [ 435339.776770794647746, 6060470.484269907698035 ], [ 435343.059751290420536, 6060480.185187708586454 ], [ 435343.204760700464249, 6060480.508448403328657 ], [ 435345.40127607685281, 6060490.532626897096634 ], [ 435349.331089353305288, 6060500.556805392727256 ], [ 435352.072561756882351, 6060510.580983887426555 ], [ 435353.092660469410475, 6060513.26289371214807 ], [ 435355.813244776043575, 6060520.605162382125854 ], [ 435358.14670236047823, 6060530.629340877756476 ], [ 435361.963233008922543, 6060540.653519371524453 ], [ 435363.125569648575038, 6060544.920489550568163 ], [ 435363.980028550315183, 6060550.677697867155075 ], [ 435363.905771999445278, 6060560.701876361854374 ], [ 435363.12556964851683, 6060568.09614703990519 ], [ 435362.754360697872471, 6060570.726054856553674 ], [ 435361.339456262532622, 6060580.750233352184296 ], [ 435359.924552100070287, 6060590.774411846883595 ], [ 435358.509647937607951, 6060600.798590341582894 ], [ 435357.094743775203824, 6060610.822768836282194 ], [ 435355.679837710631546, 6060620.846947330981493 ], [ 435354.264934588340111, 6060630.871125826612115 ], [ 435353.092660469468683, 6060639.176348161883652 ], [ 435352.850031466165092, 6060640.895304321311414 ], [ 435351.435127125296276, 6060650.919482815079391 ], [ 435350.020222962833941, 6060660.943661310710013 ], [ 435348.605318800371606, 6060670.967839806340635 ], [ 435347.190414637909271, 6060680.992018301039934 ], [ 435345.775508478865959, 6060691.016196795739233 ], [ 435344.360605356632732, 6060701.040375290438533 ], [ 435343.059751290420536, 6060710.256549281068146 ], [ 435342.945702234399505, 6060711.064553785137832 ], [ 435341.530797988059931, 6060721.088732280768454 ], [ 435340.115895989874844, 6060731.112910774536431 ], [ 435338.70098966313526, 6060741.137089270167053 ], [ 435337.286085500672925, 6060751.161267764866352 ], [ 435335.87118133821059, 6060761.185446259565651 ], [ 435334.811728942790069, 6060771.209624756127596 ], [ 435333.182642450963613, 6060781.233803249895573 ], [ 435343.059751290420536, 6060782.858337434008718 ] ] ] } },
{ "type": "Feature", "properties": { "id": 0, "cost_level": 60.0 }, "geometry": { "type": "Polygon", "coordinates": [ [ [ 432473.647726083523594, 6065729.426566068083048 ], [ 432483.433066630852409, 6065723.153801231645048 ], [ 432483.680635262571741, 6065722.295719021931291 ], [ 432484.926726440840866, 6065713.129622736945748 ], [ 432486.289470187213738, 6065703.105444242246449 ], [ 432487.65221530222334, 6065693.08126574754715 ], [ 432486.061352464079391, 6065683.057087250985205 ], [ 432483.680635262571741, 6065679.951952996663749 ], [ 432473.647726083523594, 6065679.901065623387694 ], [ 432471.674548919254448, 6065683.057087251916528 ], [ 432463.614816904475447, 6065690.298331825993955 ], [ 432453.5819077254273, 6065688.966621456667781 ], [ 432445.358420319738798, 6065693.08126574754715 ], [ 432452.704937129106838, 6065703.105444242246449 ], [ 432453.5819077254273, 6065704.207630295306444 ], [ 432460.680822657071985, 6065713.129622737877071 ], [ 432463.614816904417239, 6065716.817098181694746 ], [ 432468.656708184978925, 6065723.153801231645048 ], [ 432473.647726083523594, 6065729.426566068083048 ] ], [ [ 431972.002267131232657, 6065516.045265887863934 ], [ 431975.049211480771191, 6065512.646052840165794 ], [ 431974.18661441229051, 6065502.621874344535172 ], [ 431972.367020516307093, 6065492.59769584890455 ], [ 431972.002267131232657, 6065490.762274826876819 ], [ 431970.816410949570127, 6065482.573517354205251 ], [ 431970.02434571145568, 6065472.549338860437274 ], [ 431969.092570307722781, 6065462.525160364806652 ], [ 431967.332236426882446, 6065452.500981870107353 ], [ 431967.12510091799777, 6065442.476803374476731 ], [ 431967.280886253807694, 6065432.452624879777431 ], [ 431964.15681494330056, 6065422.428446385078132 ], [ 431972.002267131232657, 6065415.251682528294623 ], [ 431982.035176310280804, 6065413.023890601471066 ], [ 431984.825633562868461, 6065412.404267890378833 ], [ 431992.068085489328951, 6065410.472172699868679 ], [ 432002.100994668435305, 6065408.568263568915427 ], [ 432012.133903847425245, 6065406.340450052171946 ], [ 432022.166813026531599, 6065404.112636536359787 ], [ 432029.969376587250736, 6065402.380089395679533 ], [ 432022.166813026473392, 6065401.817836569622159 ], [ 432012.133903847483452, 6065401.240273239091039 ], [ 432002.10099466831889, 6065400.780122243799269 ], [ 431992.068085489328951, 6065400.736415410414338 ], [ 431982.035176310339011, 6065401.171190295368433 ], [ 431972.002267131232657, 6065401.589295877143741 ], [ 431961.969357952242717, 6065402.007828511297703 ], [ 431956.708289264352061, 6065402.380089395679533 ], [ 431951.936448773136362, 6065402.688225415535271 ], [ 431941.903539594088215, 6065410.910469554364681 ], [ 431940.033912899845745, 6065412.404267890378833 ], [ 431931.870630415040068, 6065418.135923277586699 ], [ 431928.070582462241873, 6065422.428446386009455 ], [ 431926.435626607621089, 6065432.452624879777431 ], [ 431928.160182303457987, 6065442.476803374476731 ], [ 431930.334411374817137, 6065452.50098186917603 ], [ 431931.870630415040068, 6065458.037614952772856 ], [ 431933.298283808107954, 6065462.525160364806652 ], [ 431937.009441605187021, 6065472.549338859505951 ], [ 431940.143208736786619, 6065482.573517354205251 ], [ 431941.903539594088215, 6065485.721956300549209 ], [ 431950.975393696047831, 6065492.59769584890455 ], [ 431951.936448773078155, 6065494.448839297518134 ], [ 431961.969357952126302, 6065501.075515639968216 ], [ 431965.901361285999883, 6065502.621874344535172 ], [ 431969.631010310782585, 6065512.646052839234471 ], [ 431972.002267131232657, 6065516.045265887863934 ] ], [ [ 432413.450271009234712, 6065387.529362577944994 ], [ 432423.483180188282859, 6065387.740415411069989 ], [ 432428.867145377327688, 6065382.331732405349612 ], [ 432433.516089367331006, 6065377.661437025293708 ], [ 432438.845512371044606, 6065372.307553910650313 ], [ 432443.548998546379153, 6065367.582482077181339 ], [ 432448.823895361274481, 6065362.283375415951014 ], [ 432453.5819077254273, 6065357.503525516018271 ], [ 432458.802280321135186, 6065352.259196920320392 ], [ 432453.5819077254273, 6065346.90300034917891 ], [ 432443.54899854643736, 6065345.156042710877955 ], [ 432433.516089367331006, 6065345.232026102021337 ], [ 432423.483180188224651, 6065345.877857986837626 ], [ 432413.450271009234712, 6065346.523702561855316 ], [ 432403.417361830244772, 6065347.969007420353591 ], [ 432393.384452651138417, 6065351.273149114102125 ], [ 432391.391631690203212, 6065352.259196920320392 ], [ 432385.648521814844571, 6065362.283375415951014 ], [ 432385.57686982373707, 6065372.307553910650313 ], [ 432393.384452651138417, 6065376.529007587581873 ], [ 432403.417361830186564, 6065382.019243102520704 ], [ 432403.986347094818484, 6065382.331732405349612 ], [ 432413.450271009234712, 6065387.529362577944994 ] ], [ [ 433075.622276826237794, 6065192.589895336888731 ], [ 433077.572403134545311, 6065191.872341002337635 ], [ 433085.655186005227733, 6065189.17906857188791 ], [ 433095.68809518427588, 6065186.91963979229331 ], [ 433101.588269512809347, 6065181.848162507638335 ], [ 433102.530428956379183, 6065171.823984012939036 ], [ 433098.330053230340127, 6065161.799805519171059 ], [ 433097.470193881832529, 6065151.775627022609115 ], [ 433097.272068718681112, 6065141.751448527909815 ], [ 433095.68809518427588, 6065138.931306138634682 ], [ 433085.655186005285941, 6065139.434469456784427 ], [ 433078.55021748424042, 6065141.751448527909815 ], [ 433075.622276826237794, 6065142.706270346418023 ], [ 433065.589367647189647, 6065145.978071831166744 ], [ 433055.556458468083292, 6065148.966343350708485 ], [ 433045.928784891206305, 6065151.775627022609115 ], [ 433045.523549289093353, 6065151.983368310146034 ], [ 433036.571746491477825, 6065161.799805518239737 ], [ 433035.490640110045206, 6065162.948067933320999 ], [ 433027.133831261075102, 6065171.823984012939036 ], [ 433025.457730930997059, 6065174.488998313434422 ], [ 433019.899385917757172, 6065181.848162507638335 ], [ 433025.457730931055266, 6065184.552615534514189 ], [ 433035.490640110045206, 6065186.160071494057775 ], [ 433045.523549289093353, 6065187.767527455464005 ], [ 433055.5564584681415, 6065189.374983415938914 ], [ 433065.589367647189647, 6065190.982439170591533 ], [ 433071.143673591024708, 6065191.872341002337635 ], [ 433075.622276826237794, 6065192.589895336888731 ] ], [ [ 432262.956633323570713, 6065018.044557922519743 ], [ 432270.561395760858431, 6065011.437128094024956 ], [ 432266.354833492659964, 6065001.412949599325657 ], [ 432262.956633323570713, 6064998.45108712464571 ], [ 432261.336396151513327, 6065001.412949599325657 ], [ 432259.785928260302171, 6065011.437128094024956 ], [ 432262.956633323570713, 6065018.044557922519743 ] ], [ [ 431851.6073569827131, 6064965.835275646299124 ], [ 431860.551764172094408, 6064961.316235619597137 ], [ 431861.640266161761247, 6064960.979667479172349 ], [ 431871.673175340809394, 6064956.086809111759067 ], [ 431877.143737747101113, 6064951.292057124897838 ], [ 431881.706084519857541, 6064947.560401914641261 ], [ 431888.819038679008372, 6064941.267878630198538 ], [ 431891.738993698905688, 6064938.684719778597355 ], [ 431900.150184769765474, 6064931.243700135499239 ], [ 431901.771902877953835, 6064929.809035746380687 ], [ 431911.481330860522576, 6064921.21952164079994 ], [ 431911.804812056943774, 6064920.933351799845695 ], [ 431921.837721235991921, 6064912.727603900246322 ], [ 431923.141099046624731, 6064911.195343145169318 ], [ 431921.837721235991921, 6064906.039964087307453 ], [ 431917.24805795570137, 6064901.171164650470018 ], [ 431911.804812056943774, 6064900.260895580053329 ], [ 431901.771902877953835, 6064898.343322585336864 ], [ 431891.73899369884748, 6064896.682047855108976 ], [ 431881.706084519857541, 6064894.82508915103972 ], [ 431871.673175340809394, 6064892.968130886554718 ], [ 431861.833753983723, 6064891.146986156702042 ], [ 431861.640266161761247, 6064891.111174158751965 ], [ 431851.6073569827131, 6064890.640466511249542 ], [ 431850.031657272775192, 6064891.146986155770719 ], [ 431841.574447803664953, 6064894.612304760143161 ], [ 431831.541538624558598, 6064900.365192199125886 ], [ 431831.204529382172041, 6064901.171164650470018 ], [ 431831.541538624558598, 6064902.511281616985798 ], [ 431835.034201708389446, 6064911.195343145169318 ], [ 431831.541538624616805, 6064913.724888833239675 ], [ 431821.508629445568658, 6064917.24967887904495 ], [ 431818.540672549919691, 6064921.21952164079994 ], [ 431813.629852877813391, 6064931.243700135499239 ], [ 431811.475720266520511, 6064935.484356602653861 ], [ 431805.773987318563741, 6064941.267878630198538 ], [ 431811.475720266462304, 6064945.82113666459918 ], [ 431821.508629445568658, 6064951.202676482498646 ], [ 431821.678792095801327, 6064951.292057124897838 ], [ 431831.541538624616805, 6064956.524373950436711 ], [ 431841.574447803664953, 6064961.238660003058612 ], [ 431841.731126442202367, 6064961.316235619597137 ], [ 431851.6073569827131, 6064965.835275646299124 ] ], [ [ 435282.862296216131654, 6061501.776115605607629 ], [ 435292.895205395179801, 6061498.483831671997905 ], [ 435295.998069583729375, 6061492.950476387515664 ], [ 435299.676621255348437, 6061482.926297891885042 ], [ 435292.895205395121593, 6061479.225282863713801 ], [ 435285.003550522611476, 6061482.926297891885042 ], [ 435282.862296216131654, 6061484.394738490693271 ], [ 435274.779168745619245, 6061492.950476387515664 ], [ 435282.862296216131654, 6061501.776115605607629 ] ], [ [ 435393.224297185661271, 6060581.760379469953477 ], [ 435395.820427153841592, 6060580.750233352184296 ], [ 435395.820741431263741, 6060570.726054856553674 ], [ 435396.141580038936809, 6060560.701876361854374 ], [ 435393.377625309629366, 6060550.677697867155075 ], [ 435393.224297185661271, 6060542.906251171603799 ], [ 435391.139413115277421, 6060540.653519372455776 ], [ 435386.539122010290157, 6060530.629340877756476 ], [ 435383.265202395385131, 6060520.605162382125854 ], [ 435383.216830285964534, 6060510.580983887426555 ], [ 435383.191388006554917, 6060507.662793813273311 ], [ 435378.772156365797855, 6060510.580983887426555 ], [ 435373.158478827564977, 6060517.229493723250926 ], [ 435372.618160969112068, 6060520.605162382125854 ], [ 435373.158478827564977, 6060521.820160648785532 ], [ 435378.093434106907807, 6060530.629340877756476 ], [ 435378.415529780555516, 6060540.653519372455776 ], [ 435383.191388006613124, 6060549.649921388365328 ], [ 435384.31601550267078, 6060550.677697867155075 ], [ 435386.576870852673892, 6060560.701876361854374 ], [ 435390.091327468282543, 6060570.726054856553674 ], [ 435392.899024482292589, 6060580.750233351252973 ], [ 435393.224297185661271, 6060581.760379469953477 ] ] ] } }
]
}
