{
"type": "FeatureCollection",
"name": "полигоны",
"crs": { "type": "name", "properties": { "name": "urn:ogc:def:crs:EPSG::32640" } },
"features": [
{ "type": "Feature", "properties": { "id": 2, "cost_level": 900.0 }, "geometry": { "type": "Polygon", "coordinates": [ [ [ 435978.584356417588424, 6068193.436208387836814 ], [ 436003.707935616141185, 6068196.872106068767607 ], [ 436028.831514814635739, 6068200.300309194251895 ], [ 436053.955094013246708, 6068203.720910290256143 ], [ 436079.078673211741261, 6068207.046289745718241 ], [ 436104.202252410235815, 6068210.484071218408644 ], [ 436129.325831608788576, 6068213.874061780981719 ], [ 436154.449410807341337, 6068203.142814341001213 ], [ 436164.416360113536939, 6068192.796692555770278 ], [ 436179.572990005835891, 6068181.574019078165293 ], [ 436181.103661944158375, 6068167.692831254564226 ], [ 436204.696569204388652, 6068144.026669084094465 ], [ 436206.135397578531411, 6068142.588969954289496 ], [ 436229.820148402941413, 6068118.860405201092362 ], [ 436231.196525181643665, 6068117.485108653083444 ], [ 436254.943727601377759, 6068093.695978654548526 ], [ 436256.259491562203038, 6068092.381247352808714 ], [ 436280.06730679993052, 6068068.540440951474011 ], [ 436281.331353769695852, 6068067.277386051602662 ], [ 436305.190885998366866, 6068043.400012065656483 ], [ 436306.418336660368368, 6068042.173524751327932 ], [ 436330.314465196977835, 6068018.228672348894179 ], [ 436331.474384442903101, 6068017.06966345012188 ], [ 436355.438044395414181, 6067993.058347788639367 ], [ 436356.531448177294806, 6067991.96580214984715 ], [ 436380.56162359402515, 6067967.882872447371483 ], [ 436381.583357086812612, 6067966.861940847709775 ], [ 436405.685202792577911, 6067942.706967231817544 ], [ 436406.634835782693699, 6067941.758079548366368 ], [ 436430.808781991072465, 6067917.534677696414292 ], [ 436431.689932998735458, 6067916.654218248091638 ], [ 436455.932361189625226, 6067892.365409264340997 ], [ 436456.748053691524547, 6067891.550356946885586 ], [ 436481.055940388061572, 6067867.19578521233052 ], [ 436481.805818486609496, 6067866.446495644748211 ], [ 436506.179519586672541, 6067842.026778418570757 ], [ 436506.86420102318516, 6067841.342634345404804 ], [ 436531.303098785108887, 6067816.862208099104464 ], [ 436531.927023518248461, 6067816.238773044198751 ], [ 436556.426677983719856, 6067791.697335172444582 ], [ 436556.989543170202523, 6067791.134911742992699 ], [ 436581.550257182214409, 6067766.507166802883148 ], [ 436582.026747509196866, 6067766.031050442717969 ], [ 436606.67383638076717, 6067741.307319523766637 ], [ 436607.054265336191747, 6067740.927189143374562 ], [ 436631.797415579261724, 6067716.101083534769714 ], [ 436632.075389437086415, 6067715.823327841237187 ], [ 436656.920994777814485, 6067690.894670088775456 ], [ 436657.096335940528661, 6067690.719466540031135 ], [ 436682.044573976309039, 6067665.643081513233483 ], [ 436682.072071831091307, 6067665.615605239756405 ], [ 436703.3119794857339, 6067640.511743938550353 ], [ 436707.168153174803592, 6067636.58418165333569 ], [ 436709.897869882348459, 6067615.407882638275623 ], [ 436732.291732373356353, 6067592.975794728845358 ], [ 436734.965604317432735, 6067590.304021337069571 ], [ 436757.415311571909115, 6067567.815852261148393 ], [ 436760.033058299624827, 6067565.200160035863519 ], [ 436782.538890770403668, 6067542.655629916116595 ], [ 436785.100232184340712, 6067540.096298736520112 ], [ 436807.66246996895643, 6067517.495124350301921 ], [ 436810.167122626677155, 6067514.992437435314059 ], [ 436832.786049167450983, 6067492.334332176484168 ], [ 436835.233726235572249, 6067489.888576134108007 ], [ 436857.909628366003744, 6067467.176512496545911 ], [ 436860.30330467276508, 6067464.784714833833277 ], [ 436883.033207564498298, 6067442.020146369002759 ], [ 436885.374337804154493, 6067439.680853533558547 ], [ 436908.156786763051059, 6067416.863535655662417 ], [ 436910.445126158068888, 6067414.576992232352495 ], [ 436933.280365961545613, 6067391.706679915077984 ], [ 436935.515669292770326, 6067389.473130931146443 ], [ 436958.403945160098374, 6067366.540250814519823 ], [ 436960.576631547301076, 6067364.369269630871713 ], [ 436983.52752435853472, 6067341.358920355327427 ], [ 436985.622680738742929, 6067339.265408329665661 ], [ 437008.651103557145689, 6067316.177066024392843 ], [ 437010.668205646448769, 6067314.161547029390931 ], [ 437033.774682755640242, 6067290.986826993525028 ], [ 437035.705339270411059, 6067289.057685728184879 ], [ 437058.898261954193003, 6067265.791587721556425 ], [ 437060.737468723964412, 6067263.953824427910149 ], [ 437084.021841152687557, 6067240.436120576225221 ], [ 437085.609244454535656, 6067238.849963125772774 ], [ 437109.145420351298526, 6067214.526263988576829 ], [ 437109.926195294188801, 6067213.746101826429367 ], [ 437128.487103749415837, 6067188.642240525223315 ], [ 437109.145420351240318, 6067175.869757549837232 ], [ 437090.141939837136306, 6067163.538379224948585 ], [ 437084.021841152687557, 6067159.567040804773569 ], [ 437058.898261954193003, 6067143.264324061572552 ], [ 437051.455206977145281, 6067138.434517923742533 ], [ 437033.77468275569845, 6067126.961607316508889 ], [ 437012.768564091180451, 6067113.330656623467803 ], [ 437008.651103557087481, 6067110.658820744603872 ], [ 436983.527524358592927, 6067094.35610399954021 ], [ 436974.08184886717936, 6067088.226795322261751 ], [ 436958.403945160098374, 6067078.053387256339192 ], [ 436935.395116007188335, 6067063.122934021055698 ], [ 436933.280365961545613, 6067061.750670510344207 ], [ 436908.156786763051059, 6067045.44795376714319 ], [ 436896.708432183135301, 6067038.019072720780969 ], [ 436883.033207564498298, 6067029.14516719430685 ], [ 436858.021757897164207, 6067012.915211419574916 ], [ 436857.909628366061952, 6067012.84245045017451 ], [ 436832.786049167509191, 6066996.539733706042171 ], [ 436819.335025037231389, 6066987.811350119300187 ], [ 436807.66246996895643, 6066980.237016960978508 ], [ 436782.538890770403668, 6066963.934300216846168 ], [ 436780.648300275090151, 6066962.707488818094134 ], [ 436757.415311571909115, 6066947.631513644941151 ], [ 436741.961666927207261, 6066937.603627517819405 ], [ 436732.291732373356353, 6066931.328796900808811 ], [ 436707.1681531748618, 6066915.026080155745149 ], [ 436703.274934067274444, 6066912.499766216613352 ], [ 436682.044573976309039, 6066898.723363412544131 ], [ 436664.588201207341626, 6066887.395904917269945 ], [ 436656.920994777814485, 6066882.420646667480469 ], [ 436631.797415579261724, 6066866.117860094644129 ], [ 436625.901575957308523, 6066862.29204361513257 ], [ 436606.67383638076717, 6066849.815143350511789 ], [ 436587.214843097317498, 6066837.188182314857841 ], [ 436581.550257182214409, 6066833.512426606379449 ], [ 436556.426677983719856, 6066817.209709862247109 ], [ 436548.528110237384681, 6066812.084321013651788 ], [ 436531.303098785167094, 6066800.906993118114769 ], [ 436509.841469302366022, 6066786.980459713377059 ], [ 436506.179519586672541, 6066784.60420654527843 ], [ 436481.05594038811978, 6066768.30148980114609 ], [ 436471.154752127360553, 6066761.876598412171006 ], [ 436455.932361189625226, 6066751.99877305701375 ], [ 436432.468019267369527, 6066736.772737111896276 ], [ 436430.808781991072465, 6066735.69605631288141 ], [ 436405.685202792636119, 6066719.393339567817748 ], [ 436393.781337394379079, 6066711.668875810690224 ], [ 436380.56162359402515, 6066703.090552995912731 ], [ 436355.438044395472389, 6066686.787836251780391 ], [ 436355.094661157345399, 6066686.565014510415494 ], [ 436330.314465197036043, 6066670.485119506716728 ], [ 436316.407928297412582, 6066661.461153209209442 ], [ 436305.190885998425074, 6066654.182402763515711 ], [ 436280.06730679993052, 6066637.879686018452048 ], [ 436277.721205486333929, 6066636.357291908934712 ], [ 436254.943727601377759, 6066621.576940558850765 ], [ 436239.034530720091425, 6066611.25343060772866 ], [ 436229.820148402883206, 6066605.274182702414691 ], [ 436204.696569204330444, 6066588.971465958282351 ], [ 436200.347837327455636, 6066586.14956930745393 ], [ 436179.572990005835891, 6066572.668749213218689 ], [ 436161.661104467464611, 6066561.045708006247878 ], [ 436154.44941080728313, 6066556.366032468155026 ], [ 436129.325831608788576, 6066540.063315724954009 ], [ 436122.974398812104482, 6066535.941846705973148 ], [ 436104.202252410235815, 6066523.76052915211767 ], [ 436084.28774635749869, 6066510.837985403835773 ], [ 436079.078673211741261, 6066507.457812407054007 ], [ 436053.955094013246708, 6066491.15509566385299 ], [ 436045.601013497507665, 6066485.734124103561044 ], [ 436028.831514814693946, 6066474.852378918789327 ], [ 436006.91428063751664, 6066460.630262803286314 ], [ 436003.707935616141185, 6066458.549662174656987 ], [ 435978.584356417646632, 6066442.24687560275197 ], [ 435968.227655387483537, 6066435.526401502080262 ], [ 435953.46077721909387, 6066425.944158857688308 ], [ 435929.54092252755072, 6066410.422540200874209 ], [ 435928.337198020599317, 6066409.641442113555968 ], [ 435903.213618822046556, 6066393.338725369423628 ], [ 435890.854189667617902, 6066385.31867890059948 ], [ 435878.090039623552002, 6066377.036008625291288 ], [ 435852.966460424999241, 6066360.733222052454948 ], [ 435852.167564417526592, 6066360.21481760032475 ], [ 435827.842881226562895, 6066344.430505307391286 ], [ 435813.480831557651982, 6066335.110956299118698 ], [ 435802.719302027951926, 6066328.127788564190269 ], [ 435777.595722829457372, 6066311.825071819126606 ], [ 435774.794098697602749, 6066310.007094998843968 ], [ 435752.472143630904611, 6066295.522355075925589 ], [ 435736.107435931335203, 6066284.903233697637916 ], [ 435727.348564432410058, 6066279.219568503089249 ], [ 435702.224985233857296, 6066262.916851758956909 ], [ 435697.420740587636828, 6066259.799372397363186 ], [ 435677.101406035362743, 6066246.614135013893247 ], [ 435658.734007727645803, 6066234.695511095225811 ], [ 435651.977826836809982, 6066230.311418270692229 ], [ 435626.854247638315428, 6066214.008701525628567 ], [ 435620.047304023406468, 6066209.591649795882404 ], [ 435601.730668439762667, 6066197.70591495372355 ], [ 435581.360649617621675, 6066184.487788494676352 ], [ 435576.607089241268113, 6066181.403198208659887 ], [ 435551.483510042715352, 6066165.100481464527547 ], [ 435542.673916757688858, 6066159.383927194401622 ], [ 435526.359930844162591, 6066148.797764720395207 ], [ 435503.98718389775604, 6066134.28006589319557 ], [ 435501.236351645668037, 6066132.495047975331545 ], [ 435476.112772447115276, 6066116.192261403426528 ], [ 435465.300558647606522, 6066109.17620459292084 ], [ 435450.989193248562515, 6066099.889544658362865 ], [ 435426.613825787673704, 6066084.072343291714787 ], [ 435425.865614050067961, 6066083.586827914230525 ], [ 435400.742034851573408, 6066067.284111171029508 ], [ 435387.927092927740887, 6066058.968481991440058 ], [ 435375.618455653020646, 6066050.981394426897168 ], [ 435350.494876454526093, 6066034.678607854060829 ], [ 435349.240467677707784, 6066033.864620690234005 ], [ 435325.371297255973332, 6066018.375891109928489 ], [ 435310.553734817774966, 6066008.760759390890598 ], [ 435300.247718057478778, 6066002.073174365796149 ], [ 435275.124138858984224, 6065985.770457620732486 ], [ 435271.867001957783941, 6065983.656898088753223 ], [ 435250.000559660431463, 6065969.467740876600146 ], [ 435233.180341142578982, 6065958.553036787547171 ], [ 435224.876980461878702, 6065953.164954303763807 ], [ 435199.753401263384148, 6065936.862237559631467 ], [ 435194.493643847759813, 6065933.449175487272441 ], [ 435174.629822064831387, 6065920.559520815499127 ], [ 435155.806910987768788, 6065908.345314186066389 ], [ 435149.506242866336834, 6065904.256804071366787 ], [ 435124.382663667784072, 6065887.954087326303124 ], [ 435117.12017812783597, 6065883.241452885791659 ], [ 435099.259084469289519, 6065871.651370582170784 ], [ 435078.433534468291327, 6065858.137591584585607 ], [ 435074.135505270736758, 6065855.348584010265768 ], [ 435049.011926072183996, 6065839.045867266133428 ], [ 435039.746820017811842, 6065833.033730284310877 ], [ 435023.888346873689443, 6065822.743150521069765 ], [ 435001.060087157879025, 6065807.929868983104825 ], [ 434998.764767675194889, 6065806.440433776937425 ], [ 434973.641188476642128, 6065790.137717032805085 ], [ 434962.373402560362592, 6065782.826007682830095 ], [ 434948.517609278147575, 6065773.834930459968746 ], [ 434923.686729047854897, 6065757.722146382555366 ], [ 434923.394030079594813, 6065757.532213715836406 ], [ 434898.27045088110026, 6065741.229496971704066 ], [ 434884.999996187922079, 6065732.618285081349313 ], [ 434873.146871682547498, 6065724.926780227571726 ], [ 434848.023292484052945, 6065708.624063482508063 ], [ 434846.31327065237565, 6065707.514423780143261 ], [ 434822.899713285500184, 6065692.321276910603046 ], [ 434807.626638077897951, 6065682.410562479868531 ], [ 434797.77613408700563, 6065676.018560167402029 ], [ 434772.652554888452869, 6065659.715843422338367 ], [ 434768.939905217965133, 6065657.306701178662479 ], [ 434747.528975689900108, 6065643.413126678206027 ], [ 434730.253172357915901, 6065632.202839878387749 ], [ 434722.405396491405554, 6065627.110409934073687 ], [ 434697.281817292852793, 6065610.807623360306025 ], [ 434691.566547107882798, 6065607.098978577181697 ], [ 434672.158238094358239, 6065594.504906617105007 ], [ 434652.87981424794998, 6065581.995117276906967 ], [ 434647.034658895805478, 6065578.202189872972667 ], [ 434621.911079697310925, 6065561.899473127909005 ], [ 434614.193081388017163, 6065556.891255975700915 ], [ 434596.787500498758163, 6065545.596756383776665 ], [ 434575.506439679593313, 6065531.787394675426185 ], [ 434571.66392130026361, 6065529.293969810940325 ], [ 434546.540342101710849, 6065512.991253066807985 ], [ 434536.819723277934827, 6065506.683533374220133 ], [ 434521.416762903216295, 6065496.688536321744323 ], [ 434498.132990418060217, 6065481.579672074876726 ], [ 434496.293183704663534, 6065480.385819578543305 ], [ 434471.16960450616898, 6065464.083102833479643 ], [ 434459.446307771548163, 6065456.475810772739351 ], [ 434446.046025307558011, 6065447.780316261574626 ], [ 434420.922446109121665, 6065431.508803809061646 ], [ 434420.759632308036089, 6065431.371949472464621 ], [ 434395.798866910510696, 6065415.174882773309946 ], [ 434382.072899448045064, 6065406.268088171258569 ], [ 434370.675287712074351, 6065398.872166028246284 ], [ 434345.551708513521589, 6065383.80859206803143 ], [ 434342.837716233858373, 6065381.164226870052516 ], [ 434320.428129315027036, 6065367.808449888601899 ], [ 434304.699541338079143, 6065356.060365570709109 ], [ 434295.304550116532482, 6065349.963945968076587 ], [ 434270.180970917979721, 6065340.257147638127208 ], [ 434260.429613468411844, 6065330.956504268571734 ], [ 434245.05739171942696, 6065324.168951964005828 ], [ 434229.01012172724586, 6065330.956504268571734 ], [ 434245.05739171942696, 6065347.830492896959186 ], [ 434252.884134596853983, 6065356.060365569777787 ], [ 434270.180970917921513, 6065374.248105067759752 ], [ 434276.758315332001075, 6065381.164226870052516 ], [ 434295.304550116474275, 6065400.665717239491642 ], [ 434300.63249606708996, 6065406.268088171258569 ], [ 434320.428129315027036, 6065427.083558551035821 ], [ 434324.506413992261514, 6065431.371949472464621 ], [ 434345.551708513521589, 6065453.501217929646373 ], [ 434348.380594727350399, 6065456.475810772739351 ], [ 434370.675287712074351, 6065479.918830101378262 ], [ 434372.254775462439284, 6065481.579672073945403 ], [ 434395.798866910568904, 6065506.336442273110151 ], [ 434396.128952744533308, 6065506.683533374220133 ], [ 434420.002874122699723, 6065531.787394675426185 ], [ 434420.922446109121665, 6065532.754330791532993 ], [ 434443.8770548577304, 6065556.891255975700915 ], [ 434446.046025307616219, 6065559.171942963264883 ], [ 434467.751235592877492, 6065581.995117276906967 ], [ 434471.16960450616898, 6065585.589555134996772 ], [ 434491.625202348281164, 6065607.098978577181697 ], [ 434496.293183704605326, 6065612.007443652488291 ], [ 434515.499334253079724, 6065632.202839879319072 ], [ 434521.416762903216295, 6065638.425055825151503 ], [ 434539.373514988226816, 6065657.306701178662479 ], [ 434546.540342101769056, 6065664.842667997814715 ], [ 434563.247520954697393, 6065682.410562479868531 ], [ 434571.663921300205402, 6065691.260556515306234 ], [ 434587.121613648487255, 6065707.514423780143261 ], [ 434596.787500498758163, 6065717.678168687038124 ], [ 434610.99579438357614, 6065732.618285081349313 ], [ 434621.911079697310925, 6065744.095780858770013 ], [ 434634.869975118606817, 6065757.722146381624043 ], [ 434647.034658895805478, 6065770.513533839955926 ], [ 434658.743893043836579, 6065782.826007682830095 ], [ 434672.158238094358239, 6065796.931281547993422 ], [ 434682.618073778925464, 6065807.929868983104825 ], [ 434697.281817292794585, 6065823.348893720656633 ], [ 434706.492254514014348, 6065833.033730284310877 ], [ 434697.281817292852793, 6065837.243311872705817 ], [ 434672.158238094358239, 6065833.079743850976229 ], [ 434672.075130987970624, 6065833.033730284310877 ], [ 434647.034658895805478, 6065817.59336961619556 ], [ 434627.823236243100837, 6065807.929868983104825 ], [ 434621.911079697252717, 6065802.176848991774023 ], [ 434596.787500498699956, 6065791.349345645867288 ], [ 434581.392892903531902, 6065782.826007682830095 ], [ 434571.663921300321817, 6065776.324609289877117 ], [ 434546.540342101710849, 6065763.525444192811847 ], [ 434536.053358700301033, 6065757.722146381624043 ], [ 434521.416762903274503, 6065749.616617797873914 ], [ 434496.293183704663534, 6065735.700948539189994 ], [ 434490.718565212271642, 6065732.618285081349313 ], [ 434471.16960450616898, 6065721.787850065156817 ], [ 434446.046025307616219, 6065707.882324756123126 ], [ 434445.381500841351226, 6065707.514423780143261 ], [ 434420.922446109121665, 6065693.935951149091125 ], [ 434400.062226449954323, 6065682.410562479868531 ], [ 434395.798866910627112, 6065680.04836964700371 ], [ 434370.675287712016143, 6065666.096679724752903 ], [ 434354.82928869233001, 6065657.306701178662479 ], [ 434345.551708513521589, 6065652.152973524294794 ], [ 434320.428129315027036, 6065638.263870842754841 ], [ 434309.510264832642861, 6065632.202839878387749 ], [ 434295.304550116416067, 6065624.323593204841018 ], [ 434270.180970917979721, 6065610.378029551357031 ], [ 434264.253065255470574, 6065607.098978577181697 ], [ 434245.05739171942696, 6065596.489604059606791 ], [ 434219.933812520932406, 6065582.563983438536525 ], [ 434218.907384529593401, 6065581.995117276906967 ], [ 434194.810233322379645, 6065568.63321463111788 ], [ 434173.607591803011019, 6065556.891255976632237 ], [ 434169.686654123885091, 6065554.718625123612583 ], [ 434144.56307492533233, 6065540.830516444519162 ], [ 434128.23276001366321, 6065531.787394675426185 ], [ 434119.439495726837777, 6065526.923459963873029 ], [ 434094.315916528285015, 6065525.477349079214036 ], [ 434091.973486690316349, 6065531.787394675426185 ], [ 434094.315916528226808, 6065535.004303181543946 ], [ 434110.253204029169865, 6065556.891255974769592 ], [ 434119.439495726837777, 6065569.506998223252594 ], [ 434128.532857190002687, 6065581.995117276906967 ], [ 434144.56307492533233, 6065604.009692771360278 ], [ 434146.812574790557846, 6065607.098978577181697 ], [ 434165.092234288575128, 6065632.202839877456427 ], [ 434169.686654123885091, 6065638.512436166405678 ], [ 434183.371919672877993, 6065657.306701177731156 ], [ 434194.810233322437853, 6065673.015179561451077 ], [ 434201.651611387147568, 6065682.410562479868531 ], [ 434219.93126455519814, 6065707.514423780143261 ], [ 434219.933812520932406, 6065707.517922955565155 ], [ 434238.210988485836424, 6065732.618285081349313 ], [ 434245.05739171942696, 6065742.020605554804206 ], [ 434256.490641646611039, 6065757.722146381624043 ], [ 434270.180970917979721, 6065776.523312546312809 ], [ 434274.770352655439638, 6065782.826007682830095 ], [ 434293.050018745241687, 6065807.929868983104825 ], [ 434295.304550116474275, 6065811.026055940426886 ], [ 434311.329697537759785, 6065833.033730284310877 ], [ 434320.428129315027036, 6065845.528799336403608 ], [ 434329.609395843872335, 6065858.137591584585607 ], [ 434345.551708513521589, 6065880.031445531174541 ], [ 434347.889113196812104, 6065883.241452885791659 ], [ 434366.168772942502983, 6065908.345314186066389 ], [ 434370.675287712016143, 6065914.53418892621994 ], [ 434384.448458079132251, 6065933.449175488203764 ], [ 434395.798866910510696, 6065949.036932320334017 ], [ 434402.728150041075423, 6065958.553036786615849 ], [ 434420.922446109121665, 6065983.539675261825323 ], [ 434421.007803201908246, 6065983.656898088753223 ], [ 434439.287527139764279, 6066008.760759390890598 ], [ 434446.046025307616219, 6066018.042357848957181 ], [ 434457.567180300538894, 6066033.864620690234005 ], [ 434471.16960450616898, 6066052.545065306127071 ], [ 434475.846891061693896, 6066058.968481991440058 ], [ 434494.126557399169542, 6066084.072343291714787 ], [ 434496.293183704663534, 6066087.047808700241148 ], [ 434512.406235944014043, 6066109.17620459292084 ], [ 434521.416762903216295, 6066121.550552095286548 ], [ 434530.685934497741982, 6066134.28006589319557 ], [ 434546.540342101710849, 6066156.053282594308257 ], [ 434548.965587658516597, 6066159.383927194401622 ], [ 434567.24531159637263, 6066184.487788494676352 ], [ 434571.663921300321817, 6066190.555965181440115 ], [ 434585.524964757205453, 6066209.591649795882404 ], [ 434596.787500498816371, 6066225.058685081079602 ], [ 434603.804668926517479, 6066234.695511097088456 ], [ 434621.911079697310925, 6066259.561428476125002 ], [ 434622.084341855836101, 6066259.799372397363186 ], [ 434640.364013808779418, 6066284.903233697637916 ], [ 434647.034658895863686, 6066294.064171871170402 ], [ 434658.643718954408541, 6066310.007094998843968 ], [ 434672.158238094358239, 6066328.566889927722514 ], [ 434676.923372115241364, 6066335.110956299118698 ], [ 434695.203096052980982, 6066360.21481760032475 ], [ 434697.281817292852793, 6066363.069572513923049 ], [ 434713.482749213813804, 6066385.31867890059948 ], [ 434722.405396491405554, 6066397.572304856032133 ], [ 434731.76244679139927, 6066410.422540201805532 ], [ 434747.528975689900108, 6066432.075048251077533 ], [ 434750.042126312444452, 6066435.526401502080262 ], [ 434768.321850250242278, 6066460.630262803286314 ], [ 434772.652554888511077, 6066466.577717473730445 ], [ 434786.6015034110751, 6066485.734124103561044 ], [ 434797.77613408700563, 6066501.080437840893865 ], [ 434804.881207332829945, 6066510.837985404767096 ], [ 434822.899713285500184, 6066535.583181235939264 ], [ 434823.160880509705748, 6066535.941846705973148 ], [ 434841.440552215091884, 6066561.045708006247878 ], [ 434848.023292483994737, 6066570.085924630984664 ], [ 434859.720257608336397, 6066586.14956930745393 ], [ 434873.146871682547498, 6066604.588642220012844 ], [ 434877.999910769169219, 6066611.25343060772866 ], [ 434896.279634706967045, 6066636.35729190800339 ], [ 434898.27045088110026, 6066639.091324806213379 ], [ 434914.559287867741659, 6066661.461153209209442 ], [ 434923.394030079594813, 6066673.594057615846395 ], [ 434932.838985197653528, 6066686.565014510415494 ], [ 434948.517609278147575, 6066708.096801010891795 ], [ 434951.118664966430515, 6066711.668875810690224 ], [ 434969.398330079973675, 6066736.772737111896276 ], [ 434973.641188476642128, 6066742.599544405937195 ], [ 434987.678042065002955, 6066761.876598412171006 ], [ 434998.764767675194889, 6066777.1022495534271 ], [ 435005.957695225835778, 6066786.980459714308381 ], [ 435023.888346873689443, 6066811.604933995753527 ], [ 435024.237418180215172, 6066812.084321013651788 ], [ 435042.517072324408218, 6066837.188182314857841 ], [ 435049.011926072183996, 6066846.107677390798926 ], [ 435060.796763062535319, 6066862.29204361513257 ], [ 435074.135505270736758, 6066880.610420785844326 ], [ 435079.076449423038866, 6066887.395904916338623 ], [ 435097.356107944855466, 6066912.499766217544675 ], [ 435099.259084469231311, 6066915.113164179958403 ], [ 435115.635826521669514, 6066937.603627517819405 ], [ 435124.382663667784072, 6066949.615856885910034 ], [ 435133.915479682444129, 6066962.707488818094134 ], [ 435149.506242866336834, 6066984.118553770706058 ], [ 435152.195196045096964, 6066987.811350119300187 ], [ 435170.474856781074777, 6067012.915211419574916 ], [ 435174.629822064831387, 6067018.621297165751457 ], [ 435188.754580718930811, 6067038.019072720780969 ], [ 435199.753401263384148, 6067053.12400184571743 ], [ 435207.034233879705425, 6067063.122934021055698 ], [ 435224.876980461878702, 6067087.626686755567789 ], [ 435225.31395658646943, 6067088.226795322261751 ], [ 435243.593610978336073, 6067113.330656624399126 ], [ 435250.000559660373256, 6067122.129430150613189 ], [ 435261.873301468789577, 6067138.434517923742533 ], [ 435275.124138858984224, 6067156.632173545658588 ], [ 435280.152988076908514, 6067163.538379225879908 ], [ 435297.805387270695064, 6067188.642240525223315 ], [ 435300.247718057478778, 6067191.24326965585351 ], [ 435316.441711444116663, 6067213.746101826429367 ], [ 435325.371297255973332, 6067225.637609178200364 ], [ 435334.992018336313777, 6067238.849963126704097 ], [ 435350.494876454584301, 6067260.14030653052032 ], [ 435353.271734451351222, 6067263.953824427910149 ], [ 435369.503101012203842, 6067289.057685728184879 ], [ 435375.618455653020646, 6067295.621174178086221 ], [ 435388.504133659531362, 6067314.161547029390931 ], [ 435400.742034851573408, 6067329.145793320611119 ], [ 435408.110772533575073, 6067339.265408329665661 ], [ 435425.865614050067961, 6067363.648533925414085 ], [ 435426.390425694407895, 6067364.369269630871713 ], [ 435440.223064757185057, 6067389.47313093021512 ], [ 435450.989193248620722, 6067401.143335722386837 ], [ 435459.931186257745139, 6067414.576992232352495 ], [ 435476.112772447115276, 6067432.653926305472851 ], [ 435481.229512316174805, 6067439.680853532627225 ], [ 435495.11817043076735, 6067464.784714833833277 ], [ 435501.236351645668037, 6067472.084811681881547 ], [ 435509.51489892025711, 6067489.888576134108007 ], [ 435526.359930844162591, 6067508.389084907248616 ], [ 435530.520307778031565, 6067514.992437435314059 ], [ 435551.483510042715352, 6067537.333468677476048 ], [ 435553.465422668668907, 6067540.096298735588789 ], [ 435557.119061728182714, 6067565.200160036794841 ], [ 435576.459408779279329, 6067590.304021337069571 ], [ 435551.483510042657144, 6067595.211192711256444 ], [ 435542.840552790206857, 6067590.304021337069571 ], [ 435526.359930844162591, 6067582.087397975847125 ], [ 435501.236351645668037, 6067566.091944370418787 ], [ 435500.030448470963165, 6067565.200160036794841 ], [ 435476.112772447115276, 6067547.512663047760725 ], [ 435466.084380852873437, 6067540.096298735588789 ], [ 435450.989193248620722, 6067528.933087823912501 ], [ 435432.138278884405736, 6067514.992437435314059 ], [ 435425.865614050009754, 6067510.353571154177189 ], [ 435400.742034851573408, 6067491.774250077083707 ], [ 435398.19217691605445, 6067489.888576134108007 ], [ 435375.618455653078854, 6067473.194479260593653 ], [ 435364.2464666638989, 6067464.784714833833277 ], [ 435350.494876454467885, 6067454.615197937935591 ], [ 435330.30068862834014, 6067439.680853532627225 ], [ 435325.371297255973332, 6067436.035464220680296 ], [ 435300.247718057478778, 6067417.456106044352055 ], [ 435296.354586659988854, 6067414.576992232352495 ], [ 435275.124138858926017, 6067398.876626474782825 ], [ 435262.408484691579361, 6067389.473130931146443 ], [ 435250.000559660489671, 6067380.297014151699841 ], [ 435228.462484856834635, 6067364.369269630871713 ], [ 435224.876980461878702, 6067361.717732829041779 ], [ 435199.753401263384148, 6067343.137922257184982 ], [ 435194.516996403923258, 6067339.265408329665661 ], [ 435174.629822064831387, 6067324.558421744965017 ], [ 435160.570894435513765, 6067314.161547029390931 ], [ 435149.506242866278626, 6067305.979002870619297 ], [ 435126.624792467104271, 6067289.057685728184879 ], [ 435124.382663667784072, 6067287.399549041874707 ], [ 435099.259084469289519, 6067268.819738470949233 ], [ 435092.679218719364144, 6067263.953824427910149 ], [ 435074.135505270736758, 6067250.240457148291171 ], [ 435058.733304179448169, 6067238.849963126704097 ], [ 435049.011926072242204, 6067231.660798141732812 ], [ 435024.787202211038675, 6067213.746101826429367 ], [ 435023.888346873689443, 6067213.081365254707634 ], [ 434998.764767675194889, 6067194.50196039583534 ], [ 434990.841100242687389, 6067188.642240525223315 ], [ 434973.641188476642128, 6067175.922273362055421 ], [ 434956.895236912299879, 6067163.538379224948585 ], [ 434948.517609278147575, 6067157.342992038466036 ], [ 434923.394030079594813, 6067138.763181467540562 ], [ 434922.9495992953307, 6067138.434517923742533 ], [ 434898.27045088110026, 6067120.183900145813823 ], [ 434889.003509986621793, 6067113.330656623467803 ], [ 434873.146871682547498, 6067101.604336792603135 ], [ 434855.0574080182123, 6067088.226795321330428 ], [ 434848.023292484111153, 6067083.024808252230287 ], [ 434822.899713285500184, 6067064.947620603255928 ], [ 434820.957745317136869, 6067063.122934021055698 ], [ 434797.77613408700563, 6067046.353484965860844 ], [ 434787.165919730556197, 6067038.019072720780969 ], [ 434772.652554888452869, 6067027.286132061854005 ], [ 434753.219817762088496, 6067012.915211418643594 ], [ 434747.5289756898419, 6067008.706624464131892 ], [ 434722.405396491405554, 6066997.183801023289561 ], [ 434712.367717574234121, 6067012.915211418643594 ], [ 434722.405396491405554, 6067024.204494543373585 ], [ 434734.68839963740902, 6067038.019072720780969 ], [ 434747.528975689900108, 6067052.46074790507555 ], [ 434757.00908170058392, 6067063.122934021055698 ], [ 434772.652554888511077, 6067080.717001265846193 ], [ 434779.329763763817027, 6067088.226795322261751 ], [ 434797.77613408700563, 6067108.971984488889575 ], [ 434801.651601620658766, 6067113.330656623467803 ], [ 434822.899713285500184, 6067137.228044853545725 ], [ 434823.972494490386453, 6067138.434517923742533 ], [ 434846.29317655361956, 6067163.538379224948585 ], [ 434848.023292484052945, 6067165.484224348329008 ], [ 434868.613858616736252, 6067188.642240524291992 ], [ 434873.146871682547498, 6067193.740477710962296 ], [ 434890.934540679911152, 6067213.746101826429367 ], [ 434898.27045088110026, 6067221.996731070801616 ], [ 434913.255222743144259, 6067238.849963126704097 ], [ 434923.394030079594813, 6067250.252984432503581 ], [ 434935.575904806319159, 6067263.953824427910149 ], [ 434948.517609278147575, 6067278.509237794205546 ], [ 434957.896586869494058, 6067289.057685728184879 ], [ 434973.641188476642128, 6067306.765491155907512 ], [ 434980.217268932668958, 6067314.161547029390931 ], [ 434998.764767675194889, 6067335.021744517609477 ], [ 435002.537950995843858, 6067339.265408329665661 ], [ 435023.888346873689443, 6067363.277997879311442 ], [ 435024.858633059018757, 6067364.369269630871713 ], [ 435047.179315122193657, 6067389.473130931146443 ], [ 435049.011926072242204, 6067391.534251240082085 ], [ 435069.499997185426764, 6067414.576992232352495 ], [ 435074.135505270736758, 6067419.790185419842601 ], [ 435091.821083839517087, 6067439.680853531695902 ], [ 435099.259084469289519, 6067448.046245785430074 ], [ 435114.141918358393013, 6067464.784714833833277 ], [ 435124.382663667784072, 6067476.302306151017547 ], [ 435136.463409975171089, 6067489.888576134108007 ], [ 435149.506242866336834, 6067504.557727683335543 ], [ 435158.784092038404197, 6067514.992437435314059 ], [ 435174.629822064831387, 6067532.813981045037508 ], [ 435181.104774101520889, 6067540.096298735588789 ], [ 435199.753401263384148, 6067561.070234406739473 ], [ 435203.425456164753996, 6067565.200160035863519 ], [ 435224.876980461878702, 6067589.326487768441439 ], [ 435225.746138227870688, 6067590.304021337069571 ], [ 435248.066820291045588, 6067615.407882638275623 ], [ 435250.000559660431463, 6067617.582741130143404 ], [ 435270.387502354220487, 6067640.511743938550353 ], [ 435275.124138858926017, 6067645.838994490914047 ], [ 435292.708184417453595, 6067665.615605239756405 ], [ 435300.247718057478778, 6067674.095247852616012 ], [ 435315.028866480628494, 6067690.719466540962458 ], [ 435325.371297255973332, 6067702.351501214317977 ], [ 435337.349548543803394, 6067715.823327841237187 ], [ 435350.494876454584301, 6067721.139446148648858 ], [ 435369.442608468350954, 6067740.92718914244324 ], [ 435375.618455653020646, 6067744.190808568149805 ], [ 435400.742034851573408, 6067755.208847496658564 ], [ 435411.167960846330971, 6067766.031050442717969 ], [ 435425.865614050126169, 6067774.325374484062195 ], [ 435450.989193248620722, 6067787.073815260082483 ], [ 435455.4143510676804, 6067791.134911743924022 ], [ 435476.112772447115276, 6067802.856407938525081 ], [ 435499.744041650439613, 6067816.238773044198751 ], [ 435501.236351645668037, 6067817.083858106285334 ], [ 435526.359930844162591, 6067831.311325591988862 ], [ 435544.073732233140618, 6067841.342634345404804 ], [ 435551.48351004277356, 6067845.538741431199014 ], [ 435576.607089241268113, 6067859.766243245452642 ], [ 435588.40342281589983, 6067866.446495645679533 ], [ 435601.730668439762667, 6067873.993702072650194 ], [ 435626.854247638315428, 6067888.221195006743073 ], [ 435632.733113398600835, 6067891.550356946885586 ], [ 435651.977826836809982, 6067902.448619727045298 ], [ 435677.06280398130184, 6067916.654218247160316 ], [ 435677.101406035304535, 6067916.676078328862786 ], [ 435702.224985233857296, 6067930.903537381440401 ], [ 435721.392494564002845, 6067941.758079548366368 ], [ 435727.348564432410058, 6067945.130961653776467 ], [ 435752.472143630904611, 6067959.358455034904182 ], [ 435765.722185146762058, 6067966.861940848641098 ], [ 435777.595722829457372, 6067973.585913861170411 ], [ 435802.719302027951926, 6067987.813415228389204 ], [ 435810.051875729463063, 6067991.96580214984715 ], [ 435827.842881226562895, 6068002.040831515565515 ], [ 435852.966460424999241, 6068016.268298551440239 ], [ 435853.520651793980505, 6068017.06966345012188 ], [ 435860.705497948103584, 6068042.173524751327932 ], [ 435862.684868165757507, 6068067.277386051602662 ], [ 435860.592705477261916, 6068092.381247352808714 ], [ 435856.762208212749101, 6068117.485108653083444 ], [ 435852.966460424999241, 6068142.359377967193723 ], [ 435852.929461802996229, 6068142.588969954289496 ], [ 435849.100558759528212, 6068167.692831253632903 ], [ 435852.966460424999241, 6068172.46294893976301 ], [ 435878.090039623552002, 6068179.824840418994427 ], [ 435903.213618822046556, 6068183.264307260513306 ], [ 435928.337198020599317, 6068186.679862434975803 ], [ 435953.46077721909387, 6068190.05330568458885 ], [ 435973.91429420869099, 6068192.796692556701601 ], [ 435978.584356417588424, 6068193.436208387836814 ] ], [ [ 434718.6792298121145, 6065858.13759158551693 ], [ 434722.405396491405554, 6065849.7665058914572 ], [ 434730.366351972043049, 6065858.137591584585607 ], [ 434722.405396491405554, 6065860.144517133943737 ], [ 434718.6792298121145, 6065858.13759158551693 ] ], [ [ 434697.281817292911001, 6066995.948241181671619 ], [ 434711.036132523149718, 6066987.811350119300187 ], [ 434697.281817292852793, 6066981.769624351523817 ], [ 434690.047035511059221, 6066987.811350119300187 ], [ 434697.281817292911001, 6066995.948241181671619 ] ], [ [ 434672.158238094416447, 6066967.691987819969654 ], [ 434676.243055468308739, 6066962.707488818094134 ], [ 434672.158238094416447, 6066960.184968454763293 ], [ 434667.726353447826114, 6066962.707488818094134 ], [ 434672.158238094416447, 6066967.691987819969654 ] ], [ [ 434647.034658895805478, 6066939.435734458267689 ], [ 434648.025536916044075, 6066937.603627517819405 ], [ 434647.034658895805478, 6066936.900381938554347 ], [ 434645.405671384651214, 6066937.603627517819405 ], [ 434647.034658895805478, 6066939.435734458267689 ] ], [ [ 432712.519060609396547, 6066487.767726057209074 ], [ 432737.642639808007516, 6066496.843703143298626 ], [ 432762.76621900650207, 6066504.180034624412656 ], [ 432776.283862776646856, 6066485.734124103561044 ], [ 432787.116714387841057, 6066460.630262803286314 ], [ 432787.889798204996623, 6066458.839787842705846 ], [ 432797.985728199826553, 6066435.526401503011584 ], [ 432808.819384132279083, 6066410.422540201805532 ], [ 432813.013377403549384, 6066400.724902594462037 ], [ 432819.695878477592487, 6066385.318678899668157 ], [ 432830.538502533105202, 6066360.21481760032475 ], [ 432838.136956602043938, 6066342.662975588813424 ], [ 432841.414482338412199, 6066335.11095630005002 ], [ 432852.274007683154196, 6066310.007094998843968 ], [ 432863.141731221228838, 6066284.903233697637916 ], [ 432863.260535800596699, 6066284.628613338805735 ], [ 432874.010472323745489, 6066259.799372397363186 ], [ 432884.889197315729689, 6066234.695511096157134 ], [ 432888.384114999091253, 6066226.644353435374796 ], [ 432895.792585332761519, 6066209.591649795882404 ], [ 432906.693952034402173, 6066184.487788494676352 ], [ 432913.507694197702222, 6066168.820967294275761 ], [ 432917.612155442824587, 6066159.383927194401622 ], [ 432928.605365870636888, 6066134.28006589319557 ], [ 432938.631273396138567, 6066112.750781107693911 ], [ 432940.260743571270723, 6066109.17620459292084 ], [ 432953.001688548829406, 6066084.072343291714787 ], [ 432963.754852594691329, 6066062.88506065774709 ], [ 432966.136152108258102, 6066058.968481991440058 ], [ 432983.506838452536613, 6066033.864620690234005 ], [ 432988.878431793185882, 6066027.374129792675376 ], [ 433006.3851057352731, 6066008.760759389959276 ], [ 433014.002010991738643, 6066000.571837089024484 ], [ 433029.900541525916196, 6065983.656898088753223 ], [ 433039.125590190233197, 6065973.842083122581244 ], [ 433053.495884739793837, 6065958.553036787547171 ], [ 433064.249169388785958, 6065947.112286406569183 ], [ 433077.091274671431165, 6065933.449175487272441 ], [ 433089.372748587280512, 6065920.382496643811464 ], [ 433100.68845284281997, 6065908.345314186066389 ], [ 433114.496327785833273, 6065893.654534615576267 ], [ 433124.288224550313316, 6065883.241452885791659 ], [ 433137.103510485263541, 6065858.137591584585607 ], [ 433138.751130240096245, 6065833.033730284310877 ], [ 433139.619906984269619, 6065819.796664617024362 ], [ 433141.917089599010069, 6065807.929868983104825 ], [ 433153.955328898737207, 6065782.826007682830095 ], [ 433164.743486182880588, 6065775.073672039434314 ], [ 433169.06201788270846, 6065782.826007682830095 ], [ 433184.820707325590774, 6065807.929868983104825 ], [ 433189.867065381375141, 6065815.056623632088304 ], [ 433204.211137128644623, 6065833.0337302852422 ], [ 433214.990644579927903, 6065837.666935328394175 ], [ 433240.114223778480664, 6065837.119334596209228 ], [ 433263.765052526025102, 6065833.033730284310877 ], [ 433265.237802976975217, 6065832.779511781409383 ], [ 433290.361382175527979, 6065828.442337424494326 ], [ 433315.484961374022532, 6065824.105434136465192 ], [ 433336.547311631962657, 6065807.929868983104825 ], [ 433340.608540572575293, 6065803.401882463134825 ], [ 433351.994753007485997, 6065782.826007682830095 ], [ 433365.732119771069847, 6065757.987116789445281 ], [ 433365.886149187921546, 6065757.722146381624043 ], [ 433379.789290427055676, 6065732.618285081349313 ], [ 433390.855698969622608, 6065712.5721180960536 ], [ 433393.665217610716354, 6065707.514423780143261 ], [ 433407.634902063873596, 6065682.410562479868531 ], [ 433415.979278168117162, 6065667.393805829808116 ], [ 433421.610023595159873, 6065657.306701178662479 ], [ 433436.912271424429491, 6065632.202839878387749 ], [ 433441.102857366669923, 6065625.136769500561059 ], [ 433452.149998480686918, 6065607.098978577181697 ], [ 433466.226436565164477, 6065588.744679303839803 ], [ 433472.092589668522123, 6065581.995117275975645 ], [ 433491.350015763717238, 6065559.88228664547205 ], [ 433494.353880986920558, 6065556.891255975700915 ], [ 433515.970195432251785, 6065531.787394675426185 ], [ 433516.473594962211791, 6065531.208812872879207 ], [ 433541.597174160764553, 6065507.879132659174502 ], [ 433542.889898719324265, 6065506.683533374220133 ], [ 433566.720753359259106, 6065484.643209278583527 ], [ 433570.033158180711325, 6065481.579672073945403 ], [ 433591.844332557870075, 6065461.407214969396591 ], [ 433597.176358351774979, 6065456.475810772739351 ], [ 433616.967911756364629, 6065438.171240832656622 ], [ 433622.991131780901924, 6065431.371949472464621 ], [ 433641.652181109355297, 6065406.268088171258569 ], [ 433642.091490954859182, 6065405.589136091060936 ], [ 433655.76237744546961, 6065381.164226870052516 ], [ 433667.215070153353736, 6065360.702424344606698 ], [ 433669.813280775793828, 6065356.060365568846464 ], [ 433683.864184106118046, 6065330.956504268571734 ], [ 433692.338649351848289, 6065315.815712596289814 ], [ 433697.915098500146996, 6065305.852642968297005 ], [ 433711.964889196155127, 6065280.748781667090952 ], [ 433717.462228550401051, 6065270.917840937152505 ], [ 433725.970458112540655, 6065255.644920367747545 ], [ 433739.919375400291756, 6065230.54105906561017 ], [ 433742.585807748953812, 6065225.73669292870909 ], [ 433753.728478319419082, 6065205.437197765335441 ], [ 433767.508282106835395, 6065180.333336464129388 ], [ 433767.709386947448365, 6065179.966966369189322 ], [ 433781.288112417678349, 6065155.229475163854659 ], [ 433792.832966146001127, 6065134.197256918996572 ], [ 433795.086962965433486, 6065130.125613862648606 ], [ 433808.847742543148343, 6065105.021752562373877 ], [ 433817.956545344553888, 6065088.427458066493273 ], [ 433822.658229412394576, 6065079.917891261167824 ], [ 433836.418673612584826, 6065054.814029960893095 ], [ 433843.080124543048441, 6065042.695786982774734 ], [ 433849.203008748299908, 6065029.71016865875572 ], [ 433853.755551687674597, 6065004.606307359412313 ], [ 433852.153108464670368, 6064979.50244605820626 ], [ 433850.864251040387899, 6064954.39858475793153 ], [ 433850.237168132211082, 6064929.294723455794156 ], [ 433849.192409313865937, 6064904.190862156450748 ], [ 433843.080124543048441, 6064890.35020006261766 ], [ 433822.003100656613242, 6064879.087000854313374 ], [ 433817.956545344437473, 6064876.921295898035169 ], [ 433792.832966146001127, 6064863.398758852854371 ], [ 433775.6347088185139, 6064853.983139555901289 ], [ 433767.709386947448365, 6064849.62187363114208 ], [ 433742.585807748953812, 6064835.765463128685951 ], [ 433730.113299892575014, 6064828.879278253763914 ], [ 433717.462228550401051, 6064821.894493154250085 ], [ 433692.338649351906497, 6064808.023501339368522 ], [ 433684.644392118905671, 6064803.775416952557862 ], [ 433667.215070153353736, 6064794.152495822869241 ], [ 433642.091490954859182, 6064780.36816362850368 ], [ 433638.996269164024852, 6064778.671555652283132 ], [ 433616.967911756306421, 6064766.596980901435018 ], [ 433593.197817417851184, 6064753.56769435107708 ], [ 433591.844332557811867, 6064752.825798175297678 ], [ 433566.720753359259106, 6064739.054636251181364 ], [ 433541.597174160764553, 6064729.992091810330749 ], [ 433536.07563241844764, 6064728.46383305080235 ], [ 433516.473594962211791, 6064724.73362257052213 ], [ 433491.350015763775446, 6064719.952660145238042 ], [ 433466.226436565164477, 6064715.171228192746639 ], [ 433441.102857366669923, 6064710.390058786608279 ], [ 433415.979278168117162, 6064705.609459762461483 ], [ 433404.156530921172816, 6064703.359971749596298 ], [ 433390.855698969622608, 6064700.828850163146853 ], [ 433365.732119771069847, 6064696.047122547402978 ], [ 433340.608540572575293, 6064691.265612579882145 ], [ 433315.484961374022532, 6064686.484682294540107 ], [ 433290.361382175527979, 6064681.704283315688372 ], [ 433272.241829065431375, 6064678.256110449321568 ], [ 433265.237802976975217, 6064676.923004776239395 ], [ 433240.114223778422456, 6064672.141147366724908 ], [ 433214.99064457998611, 6064667.359861919656396 ], [ 433189.867065381375141, 6064662.579146831296384 ], [ 433164.743486182880588, 6064657.795809925533831 ], [ 433140.33229889528593, 6064653.152249148115516 ], [ 433139.619906984269619, 6064653.01665523275733 ], [ 433114.496327785775065, 6064648.235023887827992 ], [ 433089.372748587280512, 6064643.449196731671691 ], [ 433064.249169388785958, 6064638.674440419301391 ], [ 433039.125590190174989, 6064633.892634145915508 ], [ 433014.002010991738643, 6064629.106763750314713 ], [ 433008.434670086251572, 6064628.048387847840786 ], [ 432988.878431793185882, 6064624.331736643798649 ], [ 432963.754852594691329, 6064619.550810806453228 ], [ 432938.631273396138567, 6064614.769453253597021 ], [ 432913.507694197702222, 6064609.989610776305199 ], [ 432888.384114999091253, 6064607.76195415109396 ], [ 432863.260535800596699, 6064621.335094910115004 ], [ 432838.136956602043938, 6064620.30392974242568 ], [ 432813.013377403549384, 6064620.986438523977995 ], [ 432787.889798204996623, 6064609.479278047569096 ], [ 432778.042013908503577, 6064602.944526546634734 ], [ 432762.76621900650207, 6064593.018393006175756 ], [ 432739.329081092204433, 6064577.840665246360004 ], [ 432737.642639808007516, 6064576.744092019274831 ], [ 432712.519060609454755, 6064560.461659908294678 ], [ 432700.604766434815247, 6064552.736803945153952 ], [ 432687.395481410901994, 6064544.172316391021013 ], [ 432662.27190221240744, 6064527.883037431165576 ], [ 432661.910945437208284, 6064527.632942644879222 ], [ 432637.148323013854679, 6064511.207274451851845 ], [ 432624.566102640819736, 6064502.52908134367317 ], [ 432612.024743815360125, 6064493.64020649716258 ], [ 432586.901164616807364, 6064480.329991517588496 ], [ 432581.327716953412164, 6064477.42522004339844 ], [ 432561.77758541831281, 6064467.236048994585872 ], [ 432537.7382343566278, 6064452.321358742192388 ], [ 432536.654006219701841, 6064451.758537052199244 ], [ 432511.530427021265496, 6064444.667599502019584 ], [ 432486.406847822712734, 6064437.024331675842404 ], [ 432461.283268624218181, 6064428.799573261290789 ], [ 432456.652195735950954, 6064427.217497441917658 ], [ 432436.159689425723627, 6064419.803140349686146 ], [ 432411.036110227112658, 6064409.355265253223479 ], [ 432394.638879762555007, 6064402.113636140711606 ], [ 432385.912531028618105, 6064398.177722135558724 ], [ 432360.788951830007136, 6064386.315174620598555 ], [ 432341.730640462541487, 6064377.009774840436876 ], [ 432335.665372631512582, 6064374.048350774683058 ], [ 432310.541793433018029, 6064361.781546214595437 ], [ 432290.495414747565519, 6064351.905913539230824 ], [ 432285.418214234523475, 6064349.415603547357023 ], [ 432260.294635035970714, 6064336.701345657929778 ], [ 432240.736567887593992, 6064326.802052238956094 ], [ 432235.17105583747616, 6064323.985074651427567 ], [ 432210.047476638923399, 6064312.503123793751001 ], [ 432184.923897440428846, 6064303.547755503095686 ], [ 432178.962974398222286, 6064301.698190937750041 ], [ 432159.800318241876084, 6064296.476862862706184 ], [ 432134.676739043381531, 6064289.631337463855743 ], [ 432109.55315984482877, 6064282.658976035192609 ], [ 432086.829966211109422, 6064276.594329637475312 ], [ 432084.429580646334216, 6064275.940286668017507 ], [ 432059.306001447781455, 6064269.094761269167066 ], [ 432034.182422249286901, 6064262.19900362752378 ], [ 432009.05884305073414, 6064255.315514266490936 ], [ 431994.696958023996558, 6064251.490468336269259 ], [ 431983.935263852239586, 6064247.476891131140292 ], [ 431958.811684653686825, 6064240.949589683674276 ], [ 431933.688105455134064, 6064234.785640449263155 ], [ 431908.56452625663951, 6064227.979000800289214 ], [ 431902.563949836883694, 6064226.386607035063207 ], [ 431883.440947058144957, 6064214.708015019074082 ], [ 431858.317367859650403, 6064207.642102411948144 ], [ 431833.193788661097642, 6064203.855941437184811 ], [ 431813.77293744328199, 6064201.282745733857155 ], [ 431828.292977830686141, 6064176.178884433582425 ], [ 431833.19378866115585, 6064171.067723903805017 ], [ 431852.363690270925872, 6064151.075023133307695 ], [ 431858.317367859592196, 6064144.865805322304368 ], [ 431876.434402711107396, 6064125.971161832101643 ], [ 431883.440947058144957, 6064118.663886738941073 ], [ 431900.505115151288919, 6064100.867300531826913 ], [ 431908.56452625663951, 6064092.461968157440424 ], [ 431924.57582759152865, 6064075.763439230620861 ], [ 431933.688105455192272, 6064066.260049574077129 ], [ 431948.646540031710174, 6064050.659577930346131 ], [ 431958.811684653686825, 6064040.05813099257648 ], [ 431972.717252471949905, 6064025.555716629140079 ], [ 431983.935263852239586, 6064013.856212409213185 ], [ 431996.787964912131429, 6064000.451855328865349 ], [ 432009.05884305073414, 6063987.654293827712536 ], [ 432020.858677352312952, 6063975.347994027659297 ], [ 432034.182422249228694, 6063961.452375244349241 ], [ 432044.929190689814277, 6063950.244132727384567 ], [ 432059.306001447781455, 6063935.250261164270341 ], [ 432068.999922635848634, 6063925.140271425247192 ], [ 432084.429580646334216, 6063909.048052644357085 ], [ 432093.070349214598536, 6063900.036410125903785 ], [ 432109.55315984482877, 6063882.846134060993791 ], [ 432117.14106165478006, 6063874.932548824697733 ], [ 432134.676739043439738, 6063856.644215479493141 ], [ 432141.211774095019791, 6063849.828687524423003 ], [ 432159.800318241876084, 6063830.442296896129847 ], [ 432165.282486535201315, 6063824.724826223216951 ], [ 432184.923897440428846, 6063804.240378314629197 ], [ 432189.353198975441046, 6063799.620964922942221 ], [ 432210.047476638981607, 6063778.038459732197225 ], [ 432213.423911415564362, 6063774.517103620804846 ], [ 432235.171055837534368, 6063751.836541149765253 ], [ 432237.494623855804093, 6063749.413242321461439 ], [ 432260.294635035970714, 6063725.634622566401958 ], [ 432261.565336296043824, 6063724.309381020255387 ], [ 432285.418214234581683, 6063699.432703985832632 ], [ 432285.636048736225348, 6063699.205519719980657 ], [ 432309.706761176465079, 6063674.101658418774605 ], [ 432310.541793433018029, 6063673.230785402469337 ], [ 432333.777473616646603, 6063648.997797117568552 ], [ 432335.66537263157079, 6063647.028866819106042 ], [ 432357.848186056828126, 6063623.893935817293823 ], [ 432360.788951830065344, 6063620.826948237605393 ], [ 432381.918898497067858, 6063598.79007451608777 ], [ 432385.912531028618105, 6063594.625029655173421 ], [ 432405.989610937249381, 6063573.686213215813041 ], [ 432411.036110227112658, 6063568.423111072741449 ], [ 432430.060323377489112, 6063548.582351913675666 ], [ 432436.15968942566542, 6063542.221192490309477 ], [ 432454.130702873168048, 6063523.478490615263581 ], [ 432461.283268624218181, 6063516.018932717852294 ], [ 432478.201434819144197, 6063498.374629313126206 ], [ 432486.406847822712734, 6063489.816869889385998 ], [ 432502.271995239774697, 6063473.270768012851477 ], [ 432511.530427021265496, 6063463.614951306954026 ], [ 432526.34270767995622, 6063448.166906711645424 ], [ 432536.654006219760049, 6063437.413032723590732 ], [ 432550.413420120137744, 6063423.063045411370695 ], [ 432561.77758541831281, 6063411.211114142090082 ], [ 432574.484132560377475, 6063397.959184110164642 ], [ 432586.901164616807364, 6063385.009195560589433 ], [ 432598.554845000500791, 6063372.855322809889913 ], [ 432612.024743815360125, 6063358.807276977226138 ], [ 432622.62555744079873, 6063347.75146150868386 ], [ 432637.148323013796471, 6063332.605358393862844 ], [ 432646.696269880980253, 6063322.647600207477808 ], [ 432662.27190221240744, 6063306.685251779854298 ], [ 432671.043573617585935, 6063297.543738907203078 ], [ 432687.395481410901994, 6063281.296131295152009 ], [ 432695.90977757750079, 6063272.439877606928349 ], [ 432712.519060609512962, 6063255.932401638478041 ], [ 432720.798027205164544, 6063247.336016305722296 ], [ 432737.642639807891101, 6063230.590817209333181 ], [ 432745.705606321396772, 6063222.232155005447567 ], [ 432762.76621900650207, 6063205.26866296492517 ], [ 432770.630227348185144, 6063197.128293704241514 ], [ 432787.889798204996623, 6063179.963388128206134 ], [ 432795.790467575425282, 6063172.024432403966784 ], [ 432813.013377403491177, 6063154.895417351275682 ], [ 432821.031938740168698, 6063146.920571102760732 ], [ 432838.136956602043938, 6063129.908805300481617 ], [ 432846.273409904853906, 6063121.816709802486002 ], [ 432863.260535800596699, 6063104.922193250618875 ], [ 432871.514881069539115, 6063096.71284850127995 ], [ 432888.384114999091253, 6063079.935581198893487 ], [ 432896.756225095130503, 6063071.608987200073898 ], [ 432913.507694197702222, 6063054.948841521516442 ], [ 432921.997694469522685, 6063046.505125899799168 ], [ 432938.63127339608036, 6063029.961977650411427 ], [ 432947.238913036184385, 6063021.401264598593116 ], [ 432963.754852594691329, 6063004.975365600548685 ], [ 432972.480384200927801, 6062996.297403298318386 ], [ 432988.878431793185882, 6062979.98875354975462 ], [ 432997.721855365554802, 6062971.193541997112334 ], [ 433014.002010991796851, 6062955.002141498960555 ], [ 433022.963326530298218, 6062946.089680696837604 ], [ 433039.125590190291405, 6062930.01552944816649 ], [ 433048.204659819952212, 6062920.985819395631552 ], [ 433064.249169388785958, 6062905.028537950478494 ], [ 433073.445887332316488, 6062895.881958095356822 ], [ 433089.372748587280512, 6062880.041925899684429 ], [ 433098.687358496943489, 6062870.77809679415077 ], [ 433114.496327785775065, 6062855.055313849821687 ], [ 433123.928829661686905, 6062845.67423549387604 ], [ 433139.619906984269619, 6062830.068701798096299 ], [ 433149.170300826313905, 6062820.570374192669988 ], [ 433164.743486182880588, 6062805.082089748233557 ], [ 433174.41162517038174, 6062795.466512892395258 ], [ 433189.867065381375141, 6062780.095098249614239 ], [ 433199.652861628332175, 6062770.362651591189206 ], [ 433214.990644579869695, 6062755.108486199751496 ], [ 433224.894332793075591, 6062745.258790290914476 ], [ 433240.114223778480664, 6062730.121874148957431 ], [ 433250.135803957819007, 6062720.154928989708424 ], [ 433265.237802976975217, 6062705.135262098163366 ], [ 433275.377275122446008, 6062695.051067689433694 ], [ 433290.361382175527979, 6062680.148650048300624 ], [ 433300.618590520869475, 6062669.947206387296319 ], [ 433315.484961374022532, 6062655.161882031708956 ], [ 433325.860059895319864, 6062644.843345087952912 ], [ 433340.608540572575293, 6062630.175046499818563 ], [ 433351.101307089149486, 6062619.73948378674686 ], [ 433365.732119771069847, 6062605.188434448093176 ], [ 433376.342778253834695, 6062594.63562248647213 ], [ 433390.855698969622608, 6062580.201822398230433 ], [ 433401.584249418578111, 6062569.531761185266078 ], [ 433415.979278168117162, 6062555.215210348367691 ], [ 433426.825720583263319, 6062544.427899884991348 ], [ 433441.102857366669923, 6062530.228598296642303 ], [ 433452.067025245749392, 6062519.324038583785295 ], [ 433466.226436565164477, 6062505.241606799885631 ], [ 433477.308281385223381, 6062494.220177282579243 ], [ 433491.350015763717238, 6062480.254994748160243 ], [ 433502.54975254990859, 6062469.116315982304513 ], [ 433516.473594962269999, 6062455.268382698297501 ], [ 433527.791223714593798, 6062444.012454681098461 ], [ 433541.597174160764553, 6062430.281770646572113 ], [ 433553.032694879337214, 6062418.908593380823731 ], [ 433566.720753359259106, 6062405.295158596709371 ], [ 433578.273990596237127, 6062393.804732080549002 ], [ 433591.844332557811867, 6062380.308371096849442 ], [ 433603.515459970629308, 6062368.700870779342949 ], [ 433616.967911756306421, 6062355.32155504822731 ], [ 433628.756726845982485, 6062343.597009478136897 ], [ 433642.091490954859182, 6062330.334942998364568 ], [ 433653.998198010725901, 6062318.493148177862167 ], [ 433667.215070153353736, 6062305.34833094663918 ], [ 433679.239669175411109, 6062293.389286877587438 ], [ 433692.338649351964705, 6062280.361718896776438 ], [ 433704.481140340096317, 6062268.285425577312708 ], [ 433717.462228550342843, 6062255.37510684505105 ], [ 433729.722425321117043, 6062243.181564275175333 ], [ 433742.585807748953812, 6062230.388115347363055 ], [ 433754.963701142056379, 6062218.077702974900603 ], [ 433767.709386947448365, 6062205.401503297500312 ], [ 433780.205172306741588, 6062192.973841673694551 ], [ 433792.832966146001127, 6062180.414891246706247 ], [ 433805.446643471485004, 6062167.869980373419821 ], [ 433817.95654534449568, 6062155.428279195912182 ], [ 433830.688114636170212, 6062142.766119072213769 ], [ 433843.080124543048441, 6062130.441667145118117 ], [ 433855.929390671546571, 6062117.662257771939039 ], [ 433868.203703741542995, 6062105.454860163852572 ], [ 433881.170860045938753, 6062092.558396470732987 ], [ 433893.327282940095756, 6062080.468063596636057 ], [ 433906.41214660287369, 6062067.454535170458257 ], [ 433918.45086213859031, 6062055.481451546773314 ], [ 433931.653617767500691, 6062042.350673869252205 ], [ 433943.574441337143071, 6062030.494839495047927 ], [ 433956.895088932244107, 6062017.246812568977475 ], [ 433968.698020535637625, 6062005.508227445185184 ], [ 433982.136560096871108, 6061992.142951267771423 ], [ 433993.821599734190386, 6061980.521615393459797 ], [ 434007.37782539636828, 6061967.039089966565371 ], [ 434018.945178932743147, 6061955.534623895771801 ], [ 434032.619120898889378, 6061941.935228666290641 ], [ 434044.068758131237701, 6061930.548011844977736 ], [ 434057.860592063632794, 6061916.831367365084589 ], [ 434069.192337329790462, 6061905.561399795114994 ], [ 434083.10206322837621, 6061891.727506064809859 ], [ 434094.315916528285015, 6061880.574787744320929 ], [ 434108.34353439300321, 6061866.623644763603806 ], [ 434119.439495726837777, 6061855.588175693526864 ], [ 434133.584790746856015, 6061841.519783463329077 ], [ 434144.56307492533233, 6061830.601349228993058 ], [ 434158.826260121306404, 6061816.415922162123024 ], [ 434169.686654123885091, 6061805.614572145044804 ], [ 434184.067566359706689, 6061791.312060861848295 ], [ 434194.810233322379645, 6061780.627960094250739 ], [ 434209.309037524391897, 6061766.208199560642242 ], [ 434219.933812520932406, 6061755.641348043456674 ], [ 434234.550508689135313, 6061741.104338260367513 ], [ 434245.05739171942696, 6061730.654735993593931 ], [ 434259.791979853762314, 6061716.00047695916146 ], [ 434270.180970917979721, 6061705.668123942799866 ], [ 434285.033225471735932, 6061690.896615658886731 ], [ 434295.304550116474275, 6061680.681132445111871 ], [ 434310.274540655780584, 6061665.792754357680678 ], [ 434320.428129315027036, 6061655.694520394317806 ], [ 434335.516011820524, 6061640.688893057405949 ], [ 434345.551708513521589, 6061630.707908343523741 ], [ 434360.757482985151, 6061615.585031756199896 ], [ 434370.675287712132558, 6061605.721296293660998 ], [ 434385.998954149894416, 6061590.481170455925167 ], [ 434395.798866910627112, 6061580.734684241935611 ], [ 434411.240190822165459, 6061565.377309154719114 ], [ 434420.922446109121665, 6061555.747692745178938 ], [ 434436.481514951854479, 6061540.273447854444385 ], [ 434446.046025307616219, 6061530.76108069345355 ], [ 434461.722986116539687, 6061515.169586553238332 ], [ 434471.16960450616898, 6061505.774468643590808 ], [ 434486.964457281224895, 6061490.065725252963603 ], [ 434496.293183704663534, 6061480.787856592796743 ], [ 434512.205928445910104, 6061464.96186395175755 ], [ 434521.416762903216295, 6061455.801244542002678 ], [ 434537.447156172594987, 6061439.858002651482821 ], [ 434546.540342101710849, 6061430.814389739185572 ], [ 434562.688625546987168, 6061414.754141350276768 ], [ 434571.66392130026361, 6061405.827640993520617 ], [ 434587.92996041267179, 6061389.650280049070716 ], [ 434596.787500498699956, 6061380.841028942726552 ], [ 434610.472989773959853, 6061364.546418748795986 ], [ 434621.911079697310925, 6061353.161928826011717 ], [ 434626.217745706730057, 6061339.442557447589934 ], [ 434638.486267071100883, 6061314.338696147315204 ], [ 434647.034658895805478, 6061305.058275399729609 ], [ 434654.453498513554223, 6061289.234834846109152 ], [ 434664.510760610573925, 6061264.130973545834422 ], [ 434672.158238094300032, 6061251.472878973931074 ], [ 434677.993451173941139, 6061239.02711224462837 ], [ 434689.763504615111742, 6061213.92325094435364 ], [ 434697.281817292794585, 6061197.887647015973926 ], [ 434701.533480945276096, 6061188.819389643147588 ], [ 434713.303457275556866, 6061163.715528342872858 ], [ 434722.405396491405554, 6061144.302250589244068 ], [ 434725.07343360572122, 6061138.611667041666806 ], [ 434736.843409935943782, 6061113.507805741392076 ], [ 434747.528975689900108, 6061090.717003477737308 ], [ 434748.613463377114385, 6061088.403944440186024 ], [ 434760.383439707336947, 6061063.300083139911294 ], [ 434772.153416037559509, 6061038.196221838705242 ], [ 434772.652554888452869, 6061037.131622205488384 ], [ 434783.923392367782071, 6061013.092360538430512 ], [ 434795.693375090544578, 6060987.98849923722446 ], [ 434797.77613408700563, 6060983.546254883520305 ], [ 434807.463422139117029, 6060962.88463793694973 ], [ 434819.233398469339591, 6060937.780776635743678 ], [ 434822.899713285500184, 6060929.9609938217327 ], [ 434831.003374799503945, 6060912.676915335468948 ], [ 434842.773351129784714, 6060887.573054034262896 ], [ 434848.023292484052945, 6060876.375670755282044 ], [ 434873.146871682489291, 6060863.594785194844007 ], [ 434875.844452586723492, 6060887.573054034262896 ], [ 434878.587756937136874, 6060912.67691533640027 ], [ 434881.160926649463363, 6060937.780776635743678 ], [ 434883.734096361673437, 6060962.88463793694973 ], [ 434887.61040830379352, 6060987.98849923722446 ], [ 434880.326025619870052, 6061013.092360538430512 ], [ 434873.146871682547498, 6061022.631310226395726 ], [ 434862.103906896605622, 6061038.196221838705242 ], [ 434848.023292484052945, 6061059.94738523196429 ], [ 434846.492582302540541, 6061063.300083139911294 ], [ 434837.154403528955299, 6061088.403944440186024 ], [ 434830.439705193217378, 6061113.507805741392076 ], [ 434825.379075945238583, 6061138.611667041666806 ], [ 434822.899713285500184, 6061151.070212258026004 ], [ 434816.429317975882441, 6061163.715528342872858 ], [ 434803.874255167960655, 6061188.819389643147588 ], [ 434797.776134086947422, 6061207.792453771457076 ], [ 434794.929962455236819, 6061213.92325094435364 ], [ 434783.275647462985944, 6061239.02711224462837 ], [ 434772.652554888452869, 6061261.909679153002799 ], [ 434771.621332470618654, 6061264.130973545834422 ], [ 434759.967017478425987, 6061289.234834846109152 ], [ 434748.261532249627635, 6061314.338696147315204 ], [ 434747.528975689900108, 6061316.026995754800737 ], [ 434736.658443526364863, 6061339.442557447589934 ], [ 434724.573585545644164, 6061364.546418748795986 ], [ 434722.405396491405554, 6061370.14419165905565 ], [ 434713.349813541863114, 6061389.650280049070716 ], [ 434700.607338362722658, 6061414.754141350276768 ], [ 434697.281817292911001, 6061423.107213633134961 ], [ 434688.964020338724367, 6061439.858002651482821 ], [ 434676.703361293766648, 6061464.96186395175755 ], [ 434672.158238094358239, 6061474.440370097756386 ], [ 434663.549495673505589, 6061490.065725252963603 ], [ 434652.98413285514107, 6061515.169586553238332 ], [ 434647.034658895805478, 6061525.918468341231346 ], [ 434638.667566497810185, 6061540.273447854444385 ], [ 434628.493621418834664, 6061565.377309154719114 ], [ 434621.911079697310925, 6061577.877385252155364 ], [ 434615.222174145746976, 6061590.481170455925167 ], [ 434602.972072534495965, 6061615.585031756199896 ], [ 434596.787500498758163, 6061628.891175613738596 ], [ 434591.826338149840012, 6061640.688893057405949 ], [ 434579.710077162249945, 6061665.792754357680678 ], [ 434571.663921300321817, 6061683.291644505225122 ], [ 434568.340446238522418, 6061690.896615658886731 ], [ 434556.628960574860685, 6061716.00047695916146 ], [ 434546.540342101769056, 6061737.930844429880381 ], [ 434545.081142927578185, 6061741.10433825943619 ], [ 434533.580427416134626, 6061766.208199560642242 ], [ 434522.038315816258546, 6061791.312060861848295 ], [ 434546.540342101710849, 6061814.128212644718587 ], [ 434550.680567939940374, 6061816.415922162123024 ], [ 434571.66392130026361, 6061828.080661654472351 ], [ 434595.889489094028249, 6061841.519783463329077 ], [ 434596.787500498758163, 6061842.018531325273216 ], [ 434621.911079697310925, 6061856.007929706946015 ], [ 434641.089721208438277, 6061866.623644763603806 ], [ 434647.034658895805478, 6061869.925417672842741 ], [ 434672.158238094358239, 6061883.921196804381907 ], [ 434686.290041036554612, 6061891.727506064809859 ], [ 434697.281817292911001, 6061897.832254503853619 ], [ 434722.405396491405554, 6061911.823081594891846 ], [ 434731.464710373722482, 6061916.831367365084589 ], [ 434747.528975689900108, 6061925.764540277421474 ], [ 434772.652554888452869, 6061939.713673263788223 ], [ 434776.664342123549432, 6061941.935228666290641 ], [ 434797.77613408700563, 6061953.694483693689108 ], [ 434821.890909555717371, 6061967.039089966565371 ], [ 434822.899713285500184, 6061967.599371841177344 ], [ 434848.023292484052945, 6061981.612611880525947 ], [ 434867.091229383891914, 6061992.1429512668401 ], [ 434873.146871682547498, 6061995.5062086712569 ], [ 434898.27045088110026, 6062009.519304268062115 ], [ 434912.245100120955613, 6062017.246812568977475 ], [ 434923.394030079594813, 6062023.447967667132616 ], [ 434948.517609278147575, 6062037.414706880226731 ], [ 434957.429437963583041, 6062042.350673869252205 ], [ 434973.641188476642128, 6062051.382405328564346 ], [ 434998.764767675194889, 6062065.298415133729577 ], [ 435002.650620888161939, 6062067.454535170458257 ], [ 435023.888346873689443, 6062079.305373778566718 ], [ 435047.892417731229216, 6062092.558396470732987 ], [ 435049.011926072242204, 6062093.415145768783987 ], [ 435074.135505270736758, 6062107.216905071400106 ], [ 435093.02141681255307, 6062117.662257771939039 ], [ 435099.259084469289519, 6062122.246473571285605 ], [ 435124.382663667784072, 6062135.096717970445752 ], [ 435138.190081564360298, 6062142.766119072213769 ], [ 435149.506242866395041, 6062150.767300930805504 ], [ 435174.629822064831387, 6062163.001878982409835 ], [ 435183.413807417440694, 6062167.869980373419821 ], [ 435199.753401263384148, 6062178.996653285808861 ], [ 435224.876980461878702, 6062190.902969252318144 ], [ 435228.62059038458392, 6062192.973841673694551 ], [ 435250.000559660431463, 6062207.036581158638 ], [ 435273.298255081521347, 6062218.077702974900603 ], [ 435275.124138858984224, 6062220.103767001070082 ], [ 435300.247718057478778, 6062234.893320135772228 ], [ 435317.080321815912612, 6062243.181564275175333 ], [ 435325.371297255973332, 6062252.300652646459639 ], [ 435350.494876454526093, 6062262.516011715866625 ], [ 435363.937905480444897, 6062268.285425576381385 ], [ 435375.618455653020646, 6062275.517551706172526 ], [ 435382.326306438655593, 6062268.285425577312708 ], [ 435395.430623484076932, 6062243.181564275175333 ], [ 435400.742034851573408, 6062232.839846218004823 ], [ 435409.772221446619369, 6062218.077702974900603 ], [ 435420.652049868192989, 6062192.973841674625874 ], [ 435425.865614050067961, 6062182.53471428155899 ], [ 435434.466171888867393, 6062167.869980373419821 ], [ 435445.727008412242867, 6062142.766119072213769 ], [ 435450.989193248620722, 6062132.22959841042757 ], [ 435459.194112117111217, 6062117.662257771939039 ], [ 435470.801919288933277, 6062092.558396469801664 ], [ 435476.112772447115276, 6062081.924426784738898 ], [ 435483.952223941974808, 6062067.454535170458257 ], [ 435495.876877832983155, 6062042.350673869252205 ], [ 435501.236351645668037, 6062031.619350603781641 ], [ 435508.737202549178619, 6062017.246812569908798 ], [ 435520.951788709673565, 6061992.142951267771423 ], [ 435526.359930844162591, 6061981.314178977161646 ], [ 435533.546127148263622, 6061967.039089966565371 ], [ 435546.026699586422183, 6061941.935228666290641 ], [ 435551.483510042715352, 6061931.009048893116415 ], [ 435558.56420269201044, 6061916.831367364153266 ], [ 435571.10165813047206, 6061891.727506064809859 ], [ 435576.607089241268113, 6061880.703931170515716 ], [ 435583.639113568817265, 6061866.623644763603806 ], [ 435596.176569007104263, 6061841.519783463329077 ], [ 435601.730668439762667, 6061830.398759544827044 ], [ 435608.714024445507675, 6061816.415922162123024 ], [ 435621.251527551212348, 6061791.312060861848295 ], [ 435626.854247638315428, 6061780.093683363869786 ], [ 435633.788982989557553, 6061766.208199560642242 ], [ 435646.32643842784455, 6061741.104338260367513 ], [ 435651.977826836809982, 6061729.788511738181114 ], [ 435658.863893866189755, 6061716.00047695916146 ], [ 435671.401349304593168, 6061690.896615659818053 ], [ 435677.101406035362743, 6061679.483383504673839 ], [ 435683.938852410239633, 6061665.792754357680678 ], [ 435696.476307848584838, 6061640.688893057405949 ], [ 435702.224985233857296, 6061629.178263930603862 ], [ 435709.013763286988251, 6061615.585031757131219 ], [ 435721.551218725391664, 6061590.481170455925167 ], [ 435727.348564432410058, 6061578.87309230491519 ], [ 435734.088674163678661, 6061565.377309154719114 ], [ 435746.626177269383334, 6061540.273447854444385 ], [ 435752.472143630904611, 6061528.568016123026609 ], [ 435759.163632707728539, 6061515.169586553238332 ], [ 435771.695546876464505, 6061490.065725252963603 ], [ 435777.595722829457372, 6061478.262844497337937 ], [ 435784.238543584477156, 6061464.96186395175755 ], [ 435796.786916949786246, 6061439.858002651482821 ], [ 435802.719302027951926, 6061427.955908056348562 ], [ 435809.312095779983792, 6061414.754141351208091 ], [ 435821.956646308011841, 6061389.650280049070716 ], [ 435827.842881226504687, 6061379.098828902468085 ], [ 435835.594742731773295, 6061364.546418748795986 ], [ 435851.018272936169524, 6061339.442557447589934 ], [ 435852.966460424999241, 6061334.007003630511463 ], [ 435860.919202773366123, 6061314.338696147315204 ], [ 435853.290239794063382, 6061289.234834846109152 ], [ 435853.299459767877124, 6061264.130973545834422 ], [ 435852.966460424999241, 6061263.798235553316772 ], [ 435829.096565021842252, 6061239.02711224462837 ], [ 435827.842881226504687, 6061237.774412386119366 ], [ 435804.829509136441629, 6061213.92325094435364 ], [ 435804.826773401873652, 6061188.819389643147588 ], [ 435802.719302027951926, 6061186.713572288863361 ], [ 435780.500266392366029, 6061163.715528341941535 ], [ 435780.498430022911634, 6061138.611667041666806 ], [ 435777.595722829457372, 6061135.71123799867928 ], [ 435756.118018093169667, 6061113.507805741392076 ], [ 435755.809939920087345, 6061088.403944440186024 ], [ 435752.472143630904611, 6061085.06876777485013 ], [ 435731.687898476200644, 6061063.300083139911294 ], [ 435730.57612265390344, 6061038.196221838705242 ], [ 435727.348564432410058, 6061034.971196722239256 ], [ 435707.21470078965649, 6061013.092360538430512 ], [ 435702.224985233799089, 6061008.106561092659831 ], [ 435682.703666013898328, 6060987.98849923722446 ], [ 435682.702302216202952, 6060962.88463793694973 ], [ 435677.101406035362743, 6060957.288137542083859 ], [ 435658.154656754806638, 6060937.780776635743678 ], [ 435657.624525630264543, 6060912.676915335468948 ], [ 435651.977826836868189, 6060907.03464827593416 ], [ 435633.572791958577, 6060887.573054034262896 ], [ 435632.410600619332399, 6060862.469192733988166 ], [ 435626.85424763825722, 6060856.917200580239296 ], [ 435608.961094964412041, 6060837.365331432782114 ], [ 435607.146730534383096, 6060812.261470131576061 ], [ 435601.730668439762667, 6060806.849658759310842 ], [ 435584.088470769289415, 6060787.157608831301332 ], [ 435576.607089241209906, 6060779.682098963297904 ], [ 435559.657676325936336, 6060762.053747530095279 ], [ 435558.996603811508976, 6060736.949886229820549 ], [ 435551.483510042657144, 6060729.442689009942114 ], [ 435534.968928882852197, 6060711.846024928614497 ], [ 435533.797331968846265, 6060686.742163628339767 ], [ 435526.359930844162591, 6060679.310599646531045 ], [ 435510.236525355023332, 6060661.638302326202393 ], [ 435508.559217769186944, 6060636.534441027790308 ], [ 435501.236351645668037, 6060629.217322155833244 ], [ 435485.139437713543884, 6060611.430579725652933 ], [ 435483.319610451697372, 6060586.326718425378203 ], [ 435476.112772447115276, 6060579.125536608509719 ], [ 435460.04199179756688, 6060561.222857125103474 ], [ 435458.078480627620593, 6060536.118995824828744 ], [ 435450.989193248620722, 6060529.035272375680506 ], [ 435434.854121425654739, 6060511.015134522691369 ], [ 435425.865614050067961, 6060502.033681654371321 ], [ 435411.042688430985436, 6060485.911273222416639 ], [ 435409.635270189144649, 6060460.807411921210587 ], [ 435400.742034851573408, 6060451.921156317926943 ], [ 435385.941502463887446, 6060435.703550620935857 ], [ 435384.415287172887474, 6060410.599689319729805 ], [ 435375.618455652962439, 6060401.809761872515082 ], [ 435360.827763657376636, 6060385.495828019455075 ], [ 435359.194152088835835, 6060360.391966718249023 ], [ 435350.494876454526093, 6060351.699518591165543 ], [ 435335.179158825136255, 6060335.288105417974293 ], [ 435333.97184449294582, 6060310.184244116768241 ], [ 435325.371297255973332, 6060301.590446902438998 ], [ 435309.477328159264289, 6060285.080382816493511 ], [ 435300.247718057478778, 6060275.858016448095441 ], [ 435283.862757600843906, 6060259.976521515287459 ], [ 435275.124138858926017, 6060259.976521515287459 ], [ 435266.385520117008127, 6060259.976521515287459 ], [ 435250.000559660373256, 6060276.583572362549603 ], [ 435224.876980461878702, 6060276.980123699642718 ], [ 435216.770358973997645, 6060285.080382816493511 ], [ 435199.753401263384148, 6060302.391464347019792 ], [ 435191.954500632709824, 6060310.184244116768241 ], [ 435174.629822064831387, 6060327.811598658561707 ], [ 435149.506242866336834, 6060328.278826070018113 ], [ 435142.491458060510922, 6060335.288105417974293 ], [ 435124.382663667784072, 6060353.747801218181849 ], [ 435117.733279489271808, 6060360.391966718249023 ], [ 435099.259084469231311, 6060379.229910018853843 ], [ 435074.135505270736758, 6060379.782473808154464 ], [ 435068.417663488769904, 6060385.495828019455075 ], [ 435049.011926072242204, 6060405.302245201542974 ], [ 435043.710321062710136, 6060410.599689319729805 ], [ 435023.888346873747651, 6060430.887524020858109 ], [ 435019.06853751197923, 6060435.70355062186718 ], [ 434998.764767675194889, 6060456.597305092029274 ], [ 434973.641188476642128, 6060457.14305804297328 ], [ 434969.973956422472838, 6060460.807411920279264 ], [ 434948.517609278147575, 6060482.821945177391171 ], [ 434945.425854711967986, 6060485.911273222416639 ], [ 434923.394030079594813, 6060508.548888980410993 ], [ 434898.27045088110026, 6060508.906813712790608 ], [ 434896.160474084550515, 6060511.015134523622692 ], [ 434896.270275076210964, 6060536.118995823897421 ], [ 434873.146871682547498, 6060559.200310440734029 ], [ 434871.122736384742893, 6060561.222857124172151 ], [ 434848.023292484052945, 6060584.304571988992393 ], [ 434845.999557746283244, 6060586.326718426309526 ], [ 434822.899713285441976, 6060609.408833547495306 ], [ 434820.876379121618811, 6060611.430579725652933 ], [ 434797.77613408700563, 6060634.513093826361001 ], [ 434795.7531992145814, 6060636.534441025927663 ], [ 434772.652554888452869, 6060659.617355414666235 ], [ 434770.630020617682021, 6060661.638302327133715 ], [ 434747.528975689900108, 6060684.721617016009986 ], [ 434745.506842034694273, 6060686.742163627408445 ], [ 434722.405396491405554, 6060709.825878632254899 ], [ 434720.383663465618156, 6060711.846024928614497 ], [ 434697.281817292852793, 6060734.930140262469649 ], [ 434695.26048491045367, 6060736.949886229820549 ], [ 434672.158238094416447, 6060760.034400610253215 ], [ 434670.13730507256696, 6060762.053747530095279 ], [ 434647.034658895805478, 6060785.200152510777116 ], [ 434645.075665086158551, 6060787.157608831301332 ], [ 434621.911079697252717, 6060810.367337281815708 ], [ 434620.015459095942788, 6060812.261470131576061 ], [ 434596.787500498758163, 6060835.460607754066586 ], [ 434594.881280749803409, 6060837.365331432782114 ], [ 434571.66392130026361, 6060860.550302421674132 ], [ 434569.743523790035397, 6060862.469192733988166 ], [ 434546.540342101710849, 6060885.640014379285276 ], [ 434544.605784135055728, 6060887.573054034262896 ], [ 434521.416762903216295, 6060910.729743597097695 ], [ 434519.468061753257643, 6060912.676915335468948 ], [ 434496.293183704663534, 6060935.819490042515099 ], [ 434494.33035661309259, 6060937.780776635743678 ], [ 434471.16960450616898, 6060960.909253684803843 ], [ 434469.192668682953808, 6060962.884637937881052 ], [ 434446.046025307616219, 6060985.999035791493952 ], [ 434444.054999231477268, 6060987.988499238155782 ], [ 434420.922446109121665, 6061011.08883373066783 ], [ 434418.917345625697635, 6061013.092360538430512 ], [ 434395.798866910627112, 6061036.178648771718144 ], [ 434393.779709135938901, 6061038.196221838705242 ], [ 434370.675287712074351, 6061061.26848088670522 ], [ 434368.642089730943553, 6061063.300083139911294 ], [ 434368.937188729003537, 6061088.403944440186024 ], [ 434345.551708513521589, 6061111.830269803293049 ], [ 434343.872854949557222, 6061113.507805741392076 ], [ 434320.428129315027036, 6061136.919685730710626 ], [ 434318.734819032601081, 6061138.611667041666806 ], [ 434295.304550116532482, 6061162.009120794944465 ], [ 434293.596802265674341, 6061163.715528343804181 ], [ 434270.180970917979721, 6061187.098572296090424 ], [ 434268.458801950037014, 6061188.819389643147588 ], [ 434245.05739171942696, 6061212.188041536137462 ], [ 434243.320819386397488, 6061213.923250943422318 ], [ 434219.933812520932406, 6061237.277528482489288 ], [ 434218.182854542334098, 6061239.027112245559692 ], [ 434194.810233322379645, 6061262.367033100686967 ], [ 434193.044907384901308, 6061264.130973545834422 ], [ 434169.686654123885091, 6061287.45655535813421 ], [ 434167.906977881619241, 6061289.234834845177829 ], [ 434144.56307492533233, 6061312.546095225028694 ], [ 434142.769065999833401, 6061314.338696147315204 ], [ 434119.439495726837777, 6061337.635653986595571 ], [ 434117.631173027970362, 6061339.442557448521256 ], [ 434094.315916528285015, 6061362.725228969939053 ], [ 434092.493296290514991, 6061364.546418748795986 ], [ 434069.192337329790462, 6061387.81482146307826 ], [ 434067.355437077698298, 6061389.650280049070716 ], [ 434044.068758131237701, 6061412.904431435279548 ], [ 434042.217595357098617, 6061414.754141350276768 ], [ 434018.945178932801355, 6061437.994058855809271 ], [ 434017.079771096818149, 6061439.858002651482821 ], [ 433993.821599734190386, 6061463.08370368834585 ], [ 433991.941964264551643, 6061464.96186395175755 ], [ 433968.698020535637625, 6061488.173365904949605 ], [ 433966.804174828575924, 6061490.065725252963603 ], [ 433943.574441337143071, 6061513.263046778738499 ], [ 433941.666404066199902, 6061515.169586553238332 ], [ 433918.45086213859031, 6061538.352743663825095 ], [ 433916.528649325366132, 6061540.273447854444385 ], [ 433893.327282940095756, 6061563.442457834258676 ], [ 433891.390911885362584, 6061565.377309154719114 ], [ 433868.203703741542995, 6061588.532189261168242 ], [ 433866.253191714466084, 6061590.481170455925167 ], [ 433843.080124543048441, 6061613.62193791102618 ], [ 433841.115488781069871, 6061615.585031755268574 ], [ 433841.486518883379176, 6061640.688893057405949 ], [ 433817.95654534449568, 6061664.185848836787045 ], [ 433816.348377675167285, 6061665.792754357680678 ], [ 433792.832966146001127, 6061689.275177556090057 ], [ 433791.210254479839932, 6061690.896615658886731 ], [ 433767.709386947390158, 6061714.364525578916073 ], [ 433766.072150603926275, 6061716.00047695916146 ], [ 433742.585807748953812, 6061739.453890192322433 ], [ 433740.9340633325628, 6061741.10433825943619 ], [ 433717.462228550401051, 6061764.543272704817355 ], [ 433715.795993974024896, 6061766.20819955971092 ], [ 433692.338649351906497, 6061789.63267308473587 ], [ 433690.657942495308816, 6061791.312060861848295 ], [ 433667.215070153353736, 6061814.722091296687722 ], [ 433665.519908863119781, 6061816.415922162123024 ], [ 433642.091490954859182, 6061839.81152730807662 ], [ 433640.381893044745084, 6061841.519783463329077 ], [ 433616.967911756364629, 6061864.900981085374951 ], [ 433615.243895007064566, 6061866.623644763603806 ], [ 433591.84433255775366, 6061889.99045392498374 ], [ 433590.105916045897175, 6061891.727506064809859 ], [ 433566.720753359259106, 6061915.07994313724339 ], [ 433564.967953469720669, 6061916.831367366015911 ], [ 433541.597174160764553, 6061940.169450017623603 ], [ 433539.830008576100226, 6061941.935228666290641 ], [ 433516.473594962211791, 6061965.25897453352809 ], [ 433514.692081332381349, 6061967.039089966565371 ], [ 433491.350015763717238, 6061990.348516653291881 ], [ 433489.55417170614237, 6061992.142951267771423 ], [ 433466.226436565164477, 6062015.43807634525001 ], [ 433464.416279664903414, 6062017.246812568977475 ], [ 433441.102857366669923, 6062040.527653575874865 ], [ 433439.278405176301021, 6062042.350673869252205 ], [ 433415.979278168117162, 6062065.617249628528953 ], [ 433414.1405495252111, 6062067.454535170458257 ], [ 433390.855698969622608, 6062090.706861838698387 ], [ 433389.002710043627303, 6062092.55839647166431 ], [ 433365.732119771069847, 6062115.796491489745677 ], [ 433363.864888018055353, 6062117.662257771007717 ], [ 433340.608540572575293, 6062140.886138552799821 ], [ 433338.727083416539244, 6062142.766119072213769 ], [ 433315.48496137408074, 6062165.975802993401885 ], [ 433313.589296207181178, 6062167.869980374351144 ], [ 433313.962557369377464, 6062192.973841673694551 ], [ 433290.361382175527979, 6062216.541855061426759 ], [ 433288.824327926093247, 6062218.077702974900603 ], [ 433265.237802977033425, 6062241.631097126752138 ], [ 433263.68611800938379, 6062243.181564275175333 ], [ 433240.114223778422456, 6062266.720355969853699 ], [ 433238.547924884071108, 6062268.285425576381385 ], [ 433214.990644579927903, 6062291.809632908552885 ], [ 433213.409749867976643, 6062293.389286876656115 ], [ 433189.867065381375141, 6062316.89892790839076 ], [ 433188.271592927514575, 6062318.493148176930845 ], [ 433164.743486182880588, 6062341.988240935839713 ], [ 433163.133454029157292, 6062343.597009478136897 ], [ 433139.619906984327827, 6062367.077571959234774 ], [ 433137.995333139318973, 6062368.700870779342949 ], [ 433114.496327785833273, 6062392.166920942254364 ], [ 433112.857230224646628, 6062393.804732079617679 ], [ 433089.372748587280512, 6062417.256289190612733 ], [ 433087.719146590097807, 6062418.908593380823731 ], [ 433064.249169388785958, 6062442.345673995092511 ], [ 433062.581079524301458, 6062444.012454682029784 ], [ 433039.125590190233197, 6062467.435076659545302 ], [ 433037.443030334019568, 6062469.116315982304513 ], [ 433014.002010991738643, 6062492.524497153237462 ], [ 433012.304998986190185, 6062494.220177282579243 ], [ 432988.878431793185882, 6062517.6139354435727 ], [ 432987.166985447751358, 6062519.324038583785295 ], [ 432963.754852594691329, 6062542.703391496092081 ], [ 432962.028989685873967, 6062544.427899884991348 ], [ 432938.63127339608036, 6062567.792865277267992 ], [ 432936.89101166772889, 6062569.531761185266078 ], [ 432913.507694197644014, 6062592.882358082570136 ], [ 432911.753052687447052, 6062594.63562248647213 ], [ 432888.384114999091253, 6062617.97186722420156 ], [ 432886.615110057056881, 6062619.73948378674686 ], [ 432863.260535800596699, 6062643.06139399856329 ], [ 432861.477185072435532, 6062644.843345088884234 ], [ 432838.136956602043938, 6062668.150938370265067 ], [ 432836.339277701044921, 6062669.947206387296319 ], [ 432813.013377403549384, 6062693.240500312298536 ], [ 432811.201387910579797, 6062695.051067689433694 ], [ 432787.889798204996623, 6062718.330079786479473 ], [ 432786.063515668618493, 6062720.154928989708424 ], [ 432786.439028075430542, 6062745.258790290914476 ], [ 432762.76621900650207, 6062768.898292362689972 ], [ 432761.300709592585918, 6062770.362651591189206 ], [ 432737.642639807891101, 6062793.987445631995797 ], [ 432736.162410810415167, 6062795.466512892395258 ], [ 432712.519060609454755, 6062819.076615837402642 ], [ 432711.024128977034707, 6062820.570374192669988 ], [ 432687.395481410901994, 6062844.165804302319884 ], [ 432685.88586541794939, 6062845.67423549387604 ], [ 432662.27190221240744, 6062869.255010993219912 ], [ 432660.747620099165943, 6062870.77809679415077 ], [ 432637.148323013854679, 6062894.344235876575112 ], [ 432635.609392986632884, 6062895.881958095356822 ], [ 432612.024743815360125, 6062919.433478916995227 ], [ 432610.471184046531562, 6062920.985819395631552 ], [ 432586.901164616807364, 6062944.522740082815289 ], [ 432585.332993245043326, 6062946.089680696837604 ], [ 432561.77758541831281, 6062969.612020684406161 ], [ 432560.194821894867346, 6062971.193541997112334 ], [ 432536.654006219701841, 6062994.701317995786667 ], [ 432535.056667267926969, 6062996.297403298318386 ], [ 432511.530427021265496, 6063019.790633331052959 ], [ 432509.918530678842217, 6063021.401264598593116 ], [ 432486.406847822712734, 6063044.879966656677425 ], [ 432484.780412093910854, 6063046.505125899799168 ], [ 432461.283268624218181, 6063069.969317938201129 ], [ 432459.642311480012722, 6063071.608987200073898 ], [ 432436.15968942566542, 6063095.058687144890428 ], [ 432434.504228803562, 6063096.71284850127995 ], [ 432411.036110227112658, 6063120.148074241355062 ], [ 432409.366164031613152, 6063121.81670980155468 ], [ 432385.912531028618105, 6063145.237480527721345 ], [ 432384.228118465689477, 6063146.920571102760732 ], [ 432360.788951830065344, 6063170.326903304085135 ], [ 432359.090089401521254, 6063172.024432403966784 ], [ 432335.66537263157079, 6063195.416343871504068 ], [ 432333.952078142610844, 6063197.128293704241514 ], [ 432310.541793433018029, 6063220.505802196450531 ], [ 432308.81408465601271, 6063222.232155005447567 ], [ 432285.418214234523475, 6063245.595278247259557 ], [ 432283.676108909014147, 6063247.336016305722296 ], [ 432260.294635035970714, 6063270.684771992266178 ], [ 432258.538150868786033, 6063272.439877606928349 ], [ 432258.915934949123766, 6063297.543738907203078 ], [ 432235.17105583747616, 6063321.255166042596102 ], [ 432233.777527980564628, 6063322.647600208409131 ], [ 432210.047476638923399, 6063346.344228338450193 ], [ 432208.639138152822852, 6063347.751461509615183 ], [ 432184.923897440370638, 6063371.433309094980359 ], [ 432183.500766801123973, 6063372.855322809889913 ], [ 432159.800318241934292, 6063396.522408278658986 ], [ 432158.36241389089264, 6063397.959184110164642 ], [ 432134.676739043381531, 6063421.611525855027139 ], [ 432133.224079387495294, 6063423.063045411370695 ], [ 432109.55315984482877, 6063446.700661789625883 ], [ 432108.085763256764039, 6063448.166906711645424 ], [ 432084.429580646334216, 6063471.789816048927605 ], [ 432082.947465464298148, 6063473.270768012851477 ], [ 432059.306001447781455, 6063496.878988597542048 ], [ 432057.809185975871515, 6063498.374629314057529 ], [ 432034.182422249228694, 6063521.968180754221976 ], [ 432032.67092611186672, 6063523.478490614332259 ], [ 432009.058843050675932, 6063547.05738977715373 ], [ 432007.532683127676137, 6063548.582351913675666 ], [ 431983.935263852181379, 6063572.146616988815367 ], [ 431982.394458345428575, 6063573.686213215813041 ], [ 431958.811684653745033, 6063597.235862354747951 ], [ 431957.256251731363591, 6063598.79007451608777 ], [ 431933.688105455192272, 6063622.325125839561224 ], [ 431932.118063251487911, 6063623.893935817293823 ], [ 431908.56452625663951, 6063647.414407411590219 ], [ 431906.979892872273922, 6063648.997797117568552 ], [ 431883.440947058144957, 6063672.503707036375999 ], [ 431881.841740560019389, 6063674.101658418774605 ], [ 431858.317367859650403, 6063697.593026022426784 ], [ 431856.703607624047436, 6063699.20551972091198 ], [ 431833.193788661097642, 6063722.682361650280654 ], [ 431831.565491343557369, 6063724.309381021186709 ], [ 431808.070209462544881, 6063747.771715230308473 ], [ 431806.427393029734958, 6063749.413242321461439 ], [ 431782.946630264050327, 6063772.86108672991395 ], [ 431781.289312649285421, 6063774.517103621736169 ], [ 431757.823051065497566, 6063797.950476115569472 ], [ 431756.151250168913975, 6063799.620964922010899 ], [ 431756.531799716525711, 6063824.724826224148273 ], [ 431732.699471867003012, 6063848.523522788658738 ], [ 431731.393281986238435, 6063849.828687524423003 ], [ 431707.575892668450251, 6063873.612477358430624 ], [ 431706.254784348071553, 6063874.932548824697733 ], [ 431682.452313469955698, 6063898.701449217274785 ], [ 431681.116304012539331, 6063900.036410125903785 ], [ 431657.328734271461144, 6063923.790439706295729 ], [ 431655.977842322492506, 6063925.140271426178515 ], [ 431632.205155072908383, 6063948.879448791965842 ], [ 431630.839399242948275, 6063950.244132727384567 ], [ 431607.081575874355622, 6063973.968476437963545 ], [ 431605.700974739098456, 6063975.347994027659297 ], [ 431581.95799667580286, 6063999.057522611692548 ], [ 431580.562568776134867, 6064000.451855328865349 ], [ 431556.834417477308307, 6064024.146587276831269 ], [ 431555.424181319365744, 6064025.555716630071402 ], [ 431531.710838278755546, 6064049.235671761445701 ], [ 431530.285813698486891, 6064050.659577930346131 ], [ 431506.587259080260992, 6064074.324773303233087 ], [ 431505.147463148576207, 6064075.763439230620861 ], [ 431481.463679881708231, 6064099.413893233984709 ], [ 431480.009131001133937, 6064100.867300531826913 ], [ 431456.340100683213677, 6064124.503031518310308 ], [ 431454.870817221992183, 6064125.971161832101643 ], [ 431431.216521484660916, 6064149.592188122682273 ], [ 431429.732521776633803, 6064151.075023133307695 ], [ 431406.092942286108155, 6064174.681363010779023 ], [ 431404.594244631007314, 6064176.178884433582425 ], [ 431380.969363087613601, 6064199.77055615093559 ], [ 431379.455985751003027, 6064201.282745734788477 ], [ 431355.845783889177255, 6064224.859768860973418 ], [ 431354.317746455140878, 6064226.386607035063207 ], [ 431330.722204690566286, 6064249.948998400010169 ], [ 431329.179524002596736, 6064251.490468336269259 ], [ 431305.598625492071733, 6064275.038246089592576 ], [ 431304.04131971381139, 6064276.594329637475312 ], [ 431280.475046293518972, 6064300.127511894330382 ], [ 431278.903133555024397, 6064301.698190938681364 ], [ 431255.351467095024418, 6064325.216795780695975 ], [ 431253.76496549253352, 6064326.802052238956094 ], [ 431230.227887896471657, 6064350.306097715161741 ], [ 431228.626815492752939, 6064351.905913539230824 ], [ 431229.009682646370493, 6064377.009774840436876 ], [ 431205.104308697977103, 6064400.881368562579155 ], [ 431203.87107323150849, 6064402.113636140711606 ], [ 431179.980729499424342, 6064425.970231700688601 ], [ 431178.732484089676291, 6064427.217497441917658 ], [ 431154.857150300929789, 6064451.059112290851772 ], [ 431153.593912413984071, 6064452.321358742192388 ], [ 431129.733571102435235, 6064476.148011683486402 ], [ 431128.455359555431642, 6064477.42522004339844 ], [ 431104.609991903882474, 6064501.236929842270911 ], [ 431103.316825478686951, 6064502.52908134367317 ], [ 431079.486412705271505, 6064526.325866733677685 ], [ 431078.178310148359742, 6064527.632942643947899 ], [ 431054.362833506835159, 6064551.414822322316468 ], [ 431053.039813529409003, 6064552.736803945153952 ], [ 431029.239254308282398, 6064576.503796571865678 ], [ 431027.901335586444475, 6064577.840665246360004 ], [ 431004.115675109787844, 6064601.592790817841887 ], [ 431002.76287765725283, 6064602.944526546634734 ], [ 430978.992095911235083, 6064626.681802283972502 ], [ 430977.624436959740706, 6064628.048387846909463 ], [ 430953.868516712740529, 6064651.782541903667152 ], [ 430952.497733628551941, 6064653.152249147184193 ], [ 430928.744937514187768, 6064676.785287044942379 ], [ 430927.272958847810514, 6064678.256110449321568 ], [ 430926.598515647638123, 6064703.35997175052762 ], [ 430903.621358315693215, 6064725.348316507413983 ], [ 430900.503394680796191, 6064728.46383305080235 ], [ 430899.916472172888462, 6064753.56769435107708 ], [ 430899.361251028720289, 6064778.67155565135181 ], [ 430898.83428065298358, 6064803.775416952557862 ], [ 430878.497779117140453, 6064823.329841434024274 ], [ 430872.943983476725407, 6064828.879278253763914 ], [ 430872.479384705540724, 6064853.983139554969966 ], [ 430872.036755459208507, 6064879.087000855244696 ], [ 430853.374199918704107, 6064897.08757546916604 ], [ 430846.265333935036324, 6064904.190862156450748 ], [ 430845.870941225381102, 6064929.294723456725478 ], [ 430845.493127312860452, 6064954.39858475793153 ], [ 430845.130698806256987, 6064979.50244605820626 ], [ 430828.250620720093139, 6064995.838858640752733 ], [ 430828.250620720093139, 6065004.606307359412313 ], [ 430828.250620720093139, 6065029.710168659687042 ], [ 430828.250620720093139, 6065038.56366650480777 ], [ 430845.040187845821492, 6065054.814029959961772 ], [ 430853.3741999186459, 6065063.141501197591424 ], [ 430870.725426265504211, 6065079.917891261167824 ], [ 430878.497779117198661, 6065087.684144088067114 ], [ 430896.44954273768235, 6065105.021752562373877 ], [ 430903.621358315693215, 6065112.187939438968897 ], [ 430922.216719530057162, 6065130.125613862648606 ], [ 430922.458983781863935, 6065155.229475163854659 ], [ 430928.74493751412956, 6065161.510495451278985 ], [ 430948.292496708687395, 6065180.333336465060711 ], [ 430953.868516712740529, 6065185.904980205930769 ], [ 430974.181621835858095, 6065205.437197765335441 ], [ 430978.992095911235083, 6065210.243896406143904 ], [ 431000.13315353897633, 6065230.541059064678848 ], [ 431004.115675109787844, 6065234.520455008372664 ], [ 431026.15504705690546, 6065255.644920366816223 ], [ 431029.239254308282398, 6065258.726707019843161 ], [ 431052.256669750320725, 6065280.748781667090952 ], [ 431052.629051911120769, 6065305.852642968297005 ], [ 431054.362833506835159, 6065307.585063829086721 ], [ 431078.857163766224403, 6065330.956504268571734 ], [ 431079.486412705271505, 6065331.585259350016713 ], [ 431100.264698125072755, 6065330.956504268571734 ], [ 431104.609991903882474, 6065325.091180259361863 ], [ 431129.733571102377027, 6065327.867701061069965 ], [ 431136.091040560218971, 6065330.956504268571734 ], [ 431154.857150300929789, 6065337.199972538277507 ], [ 431179.980729499424342, 6065343.494051702320576 ], [ 431205.104308697977103, 6065353.206070259213448 ], [ 431211.351952892204281, 6065356.060365568846464 ], [ 431230.227887896471657, 6065361.861885824240744 ], [ 431255.351467095024418, 6065368.350374355912209 ], [ 431280.475046293518972, 6065378.572515305131674 ], [ 431286.581907569314353, 6065381.164226870983839 ], [ 431305.598625492071733, 6065387.553465919569135 ], [ 431330.722204690566286, 6065400.902128196321428 ], [ 431340.711320723057725, 6065406.268088171258569 ], [ 431355.845783889119048, 6065414.38498652447015 ], [ 431380.969363087613601, 6065427.894457613117993 ], [ 431387.502677355718333, 6065431.371949473395944 ], [ 431406.092942286166362, 6065441.340855029411614 ], [ 431431.216521484660916, 6065454.818683374673128 ], [ 431434.32844062068034, 6065456.475810772739351 ], [ 431456.340100683213677, 6065468.277197687886655 ], [ 431481.15155261522159, 6065481.579672073945403 ], [ 431481.463679881708231, 6065481.747016773559153 ], [ 431506.587259080260992, 6065495.216835858300328 ], [ 431527.97466460976284, 6065506.683533374220133 ], [ 431531.710838278755546, 6065508.686650942079723 ], [ 431556.834417477366515, 6065522.156474029645324 ], [ 431572.796248559956439, 6065531.787394674494863 ], [ 431581.957996675861068, 6065536.979835145175457 ], [ 431599.29231534776045, 6065556.891255975700915 ], [ 431607.081575874355622, 6065563.183943161740899 ], [ 431623.365135040949099, 6065581.995117276906967 ], [ 431632.205155072908383, 6065594.500900154002011 ], [ 431640.380474573408719, 6065607.098978577181697 ], [ 431646.881776827620342, 6065632.202839879319072 ], [ 431644.734668675460853, 6065657.306701178662479 ], [ 431633.255669064470567, 6065682.410562479868531 ], [ 431632.205155072908383, 6065684.206047772429883 ], [ 431607.081575874355622, 6065685.424679522402585 ], [ 431601.005257277691271, 6065682.410562479868531 ], [ 431581.957996675744653, 6065672.962276563048363 ], [ 431556.834417477308307, 6065660.499860345385969 ], [ 431550.397158356616274, 6065657.306701178662479 ], [ 431531.710838278755546, 6065648.037457767874002 ], [ 431506.587259080260992, 6065635.57504116743803 ], [ 431499.789059435599484, 6065632.202839877456427 ], [ 431481.463679881708231, 6065623.112638974562287 ], [ 431456.340100683213677, 6065610.650221990421414 ], [ 431449.180960514524486, 6065607.098978577181697 ], [ 431431.216521484660916, 6065598.187820178456604 ], [ 431406.092942286166362, 6065585.868174692615867 ], [ 431397.936150758992881, 6065581.995117276906967 ], [ 431380.969363087671809, 6065573.923000728711486 ], [ 431355.84578388906084, 6065562.753310502506793 ], [ 431341.139934453763999, 6065556.891255975700915 ], [ 431330.722204690566286, 6065552.73853428568691 ], [ 431311.970291116740555, 6065556.891255976632237 ], [ 431328.015604589018039, 6065581.995117276906967 ], [ 431330.722204690566286, 6065585.134365896694362 ], [ 431349.659673532063607, 6065607.098978577181697 ], [ 431355.845783889119048, 6065614.273935226723552 ], [ 431371.303742475109175, 6065632.202839878387749 ], [ 431380.969363087555394, 6065643.413504557684064 ], [ 431392.947794765466824, 6065657.306701178662479 ], [ 431406.092942286166362, 6065672.553089797496796 ], [ 431414.591868545743637, 6065682.410562479868531 ], [ 431431.216521484660916, 6065701.692683732137084 ], [ 431436.235914376738947, 6065707.514423780143261 ], [ 431456.340100683213677, 6065730.832253063097596 ], [ 431457.879983319842722, 6065732.618285081349313 ], [ 431479.524052262830082, 6065757.722146381624043 ], [ 431481.463679881708231, 6065759.971822394058108 ], [ 431501.168121205933858, 6065782.826007682830095 ], [ 431506.587259080260992, 6065789.111391725949943 ], [ 431522.812190148979425, 6065807.929868983104825 ], [ 431531.710838278755546, 6065818.250961057841778 ], [ 431544.456241373030934, 6065833.033730284310877 ], [ 431556.834417477308307, 6065847.390547730959952 ], [ 431566.100315153365955, 6065858.137591584585607 ], [ 431581.957996675861068, 6065876.530140230432153 ], [ 431587.744362050667405, 6065883.241452885791659 ], [ 431607.081575874355622, 6065905.669709561392665 ], [ 431609.388430993712973, 6065908.345314186066389 ], [ 431631.032499936816748, 6065933.449175487272441 ], [ 431632.205155072908383, 6065934.8092788932845 ], [ 431652.676568879745901, 6065958.553036788478494 ], [ 431657.328734271344729, 6065963.948848224245012 ], [ 431674.320614200318232, 6065983.656898088753223 ], [ 431682.452313469955698, 6065993.088442847132683 ], [ 431696.174689701118041, 6066008.760759390890598 ], [ 431707.575892668450251, 6066022.017578492872417 ], [ 431724.502313197765034, 6066033.864620690234005 ], [ 431732.699471867003012, 6066040.707108319737017 ], [ 431757.823051065497566, 6066058.122285018675029 ], [ 431759.083353772060946, 6066058.968481991440058 ], [ 431782.946630264050327, 6066078.338631190359592 ], [ 431790.010364678397309, 6066084.072343291714787 ], [ 431808.070209462544881, 6066095.351555718109012 ], [ 431833.193788661097642, 6066103.284913405776024 ], [ 431855.170662620163057, 6066109.17620459292084 ], [ 431858.317367859592196, 6066110.35828766413033 ], [ 431883.440947058144957, 6066124.187318495474756 ], [ 431901.776714685955085, 6066134.28006589319557 ], [ 431908.56452625663951, 6066138.016351656988263 ], [ 431933.688105455192272, 6066151.845335329882801 ], [ 431947.383669528295286, 6066159.383927194401622 ], [ 431958.811684653686825, 6066165.617884523235261 ], [ 431983.935263852239586, 6066179.503352163359523 ], [ 431992.99062437081011, 6066184.487788494676352 ], [ 432009.05884305073414, 6066193.174608483910561 ], [ 432034.182422249286901, 6066207.16136899869889 ], [ 432038.597579213208519, 6066209.591649795882404 ], [ 432059.306001447781455, 6066220.687843914143741 ], [ 432084.429580646334216, 6066234.683648058213294 ], [ 432084.451038418861572, 6066234.695511096157134 ], [ 432109.55315984482877, 6066248.158774364739656 ], [ 432130.633724072948098, 6066259.799372397363186 ], [ 432134.676739043381531, 6066261.978468437679112 ], [ 432159.800318241934292, 6066275.601689008995891 ], [ 432176.804703586385585, 6066284.903233697637916 ], [ 432184.923897440428846, 6066289.259759205393493 ], [ 432210.047476638923399, 6066303.003616349771619 ], [ 432225.264689168776385, 6066310.007094997912645 ], [ 432235.17105583747616, 6066314.792872712016106 ], [ 432260.294635035970714, 6066324.17478421330452 ], [ 432285.418214234523475, 6066333.213967002928257 ], [ 432290.817291571584065, 6066335.110956299118698 ], [ 432310.541793433018029, 6066341.912523996084929 ], [ 432335.665372631512582, 6066350.801062718965113 ], [ 432360.788951830065344, 6066359.895680860616267 ], [ 432361.65755935938796, 6066360.21481760032475 ], [ 432385.912531028618105, 6066369.106652396731079 ], [ 432411.036110227112658, 6066378.290800214745104 ], [ 432430.308663977717515, 6066385.318678899668157 ], [ 432436.15968942566542, 6066387.44600804336369 ], [ 432461.283268624218181, 6066396.58456629421562 ], [ 432486.406847822712734, 6066405.729732529260218 ], [ 432499.291937389818486, 6066410.422540201805532 ], [ 432511.530427021323703, 6066414.863607948645949 ], [ 432536.654006219760049, 6066423.980428115464747 ], [ 432561.77758541831281, 6066433.097248283214867 ], [ 432568.471733804210089, 6066435.526401502080262 ], [ 432586.901164616807364, 6066442.206993551924825 ], [ 432612.024743815301917, 6066451.331083821132779 ], [ 432637.148323013854679, 6066460.447612420655787 ], [ 432637.65166081325151, 6066460.630262803286314 ], [ 432662.27190221240744, 6066469.531219838187099 ], [ 432687.395481410901994, 6066478.642148778773844 ], [ 432706.897856483352371, 6066485.734124103561044 ], [ 432712.519060609396547, 6066487.767726057209074 ] ], [ [ 431025.591535594779998, 6064653.152249148115516 ], [ 431029.239254308282398, 6064649.496100472286344 ], [ 431050.637515054433607, 6064628.048387847840786 ], [ 431054.362833506835159, 6064624.314460096880794 ], [ 431075.683494514087215, 6064602.944526546634734 ], [ 431079.486412705329712, 6064599.132819723337889 ], [ 431100.729473973740824, 6064577.840665246360004 ], [ 431104.609991903882474, 6064573.951179348863661 ], [ 431125.775453433336224, 6064552.736803945153952 ], [ 431129.733571102377027, 6064548.769538974389434 ], [ 431150.821432892989833, 6064527.632942644879222 ], [ 431154.857150300929789, 6064523.587910851463675 ], [ 431175.867488207702991, 6064502.52908134367317 ], [ 431179.98072949948255, 6064498.406334255822003 ], [ 431200.913467667298391, 6064477.42522004339844 ], [ 431205.104308697977103, 6064473.224693881347775 ], [ 431225.959447126893792, 6064452.321358742192388 ], [ 431230.227887896471657, 6064448.043053506873548 ], [ 431251.005426586547401, 6064427.217497441917658 ], [ 431255.351467095024418, 6064422.734701393172145 ], [ 431275.923138180631213, 6064402.113636139780283 ], [ 431280.475046293577179, 6064397.406889142468572 ], [ 431300.821328533929773, 6064377.009774840436876 ], [ 431305.598625492071733, 6064372.064557178877294 ], [ 431325.704820173792541, 6064351.905913539230824 ], [ 431330.722204690566286, 6064346.706099952571094 ], [ 431350.57220423000399, 6064326.802052238956094 ], [ 431355.845783889119048, 6064321.329904693178833 ], [ 431374.852341733116191, 6064301.698190937750041 ], [ 431380.969363087613601, 6064295.3497174391523 ], [ 431399.040968446584884, 6064276.594329637475312 ], [ 431406.092942286166362, 6064269.275527488440275 ], [ 431423.22959515999537, 6064251.490468336269259 ], [ 431431.216521484660916, 6064243.20136711280793 ], [ 431447.418308179418091, 6064226.386607035063207 ], [ 431456.34010068315547, 6064217.127237157896161 ], [ 431471.606934892828576, 6064201.282745734788477 ], [ 431481.463679881708231, 6064191.053047206252813 ], [ 431495.795561606239062, 6064176.178884433582425 ], [ 431506.587259080260992, 6064164.978857255540788 ], [ 431519.984188319649547, 6064151.075023133307695 ], [ 431531.710838278755546, 6064138.904667304828763 ], [ 431544.172815033118241, 6064125.971161833032966 ], [ 431556.834417477308307, 6064112.830477353185415 ], [ 431568.361441746528726, 6064100.867300531826913 ], [ 431581.957996675744653, 6064086.756287403404713 ], [ 431592.550068459939212, 6064075.763439230620861 ], [ 431607.081575874355622, 6064060.682097451761365 ], [ 431616.738728348282166, 6064050.659577930346131 ], [ 431632.205155072908383, 6064034.607997072860599 ], [ 431640.927408192888834, 6064025.555716629140079 ], [ 431657.328734271402936, 6064008.533807122148573 ], [ 431665.116034906241111, 6064000.451855328865349 ], [ 431682.452313469955698, 6063982.459617171436548 ], [ 431689.304661619709805, 6063975.34799402859062 ], [ 431707.575892668450251, 6063956.3854272197932 ], [ 431713.49328833312029, 6063950.244132727384567 ], [ 431732.699471867003012, 6063930.311237269081175 ], [ 431737.681915046530776, 6063925.140271426178515 ], [ 431757.823051065497566, 6063904.23704731836915 ], [ 431761.870541759999469, 6063900.036410125903785 ], [ 431782.946630264050327, 6063878.162857367657125 ], [ 431786.059168473409954, 6063874.932548824697733 ], [ 431808.070209462544881, 6063852.088748924434185 ], [ 431810.247881492774468, 6063849.828687524423003 ], [ 431833.193788661097642, 6063826.014567036181688 ], [ 431834.436508206301369, 6063824.724826223216951 ], [ 431858.317367859592196, 6063799.940377086400986 ], [ 431858.625134919711854, 6063799.620964922942221 ], [ 431882.81376163312234, 6063774.517103621736169 ], [ 431883.440947058144957, 6063773.866187134757638 ], [ 431907.002388346532825, 6063749.413242321461439 ], [ 431908.56452625663951, 6063747.791997184045613 ], [ 431931.191015060001519, 6063724.309381020255387 ], [ 431933.688105455192272, 6063721.717807232402265 ], [ 431955.379641773412004, 6063699.205519719980657 ], [ 431958.811684653686825, 6063695.643629991449416 ], [ 431979.568354792834725, 6063674.101658418774605 ], [ 431983.935263852239586, 6063669.569516902789474 ], [ 432003.756981506187003, 6063648.997797117568552 ], [ 432009.05884305073414, 6063643.495326951146126 ], [ 432027.945608219713904, 6063623.8939358163625 ], [ 432034.182422249286901, 6063617.421137000434101 ], [ 432049.474962067324668, 6063623.8939358163625 ], [ 432034.305333072319627, 6063648.997797117568552 ], [ 432034.182422249286901, 6063649.136904655024409 ], [ 432012.124337428656872, 6063674.101658418774605 ], [ 432009.05884305073414, 6063677.57110342849046 ], [ 431989.94338766974397, 6063699.205519719049335 ], [ 431983.935263852239586, 6063706.005370898172259 ], [ 431967.762445316824596, 6063724.309381020255387 ], [ 431958.811684653686825, 6063734.439638366922736 ], [ 431945.581471000681631, 6063749.413242321461439 ], [ 431933.688105455250479, 6063762.873837141320109 ], [ 431923.400499914190732, 6063774.517103621736169 ], [ 431908.56452625663951, 6063791.308104610070586 ], [ 431901.122905666474253, 6063799.620964922942221 ], [ 431883.440947058144957, 6063819.667980449274182 ], [ 431878.223144465999212, 6063824.724826223216951 ], [ 431858.317367859592196, 6063847.821213329210877 ], [ 431856.233246956951916, 6063849.828687524423003 ], [ 431834.676669805776328, 6063874.932548824697733 ], [ 431833.193788661097642, 6063876.610838321037591 ], [ 431812.495677447644994, 6063900.036410125903785 ], [ 431808.070209462544881, 6063905.045037095434964 ], [ 431790.314724403142463, 6063925.140271426178515 ], [ 431782.946630264050327, 6063933.479304564185441 ], [ 431768.13378205022309, 6063950.244132727384567 ], [ 431757.823051065497566, 6063961.91357203386724 ], [ 431745.952811019669753, 6063975.347994027659297 ], [ 431732.699471867003012, 6063990.347770808264613 ], [ 431723.771836647647433, 6064000.451855328865349 ], [ 431707.575892668450251, 6064018.782038276083767 ], [ 431701.590894294669852, 6064025.555716629140079 ], [ 431682.452313469955698, 6064047.216246472671628 ], [ 431679.409891245071776, 6064050.659577930346131 ], [ 431657.328734271402936, 6064075.650504519231617 ], [ 431657.228948892094195, 6064075.763439231552184 ], [ 431635.048006539174821, 6064100.867300531826913 ], [ 431632.205155072908383, 6064104.084771988913417 ], [ 431612.867017466691323, 6064125.971161833032966 ], [ 431607.081575874355622, 6064132.518970762379467 ], [ 431590.686061136540957, 6064151.075023133307695 ], [ 431581.95799667580286, 6064156.976729691028595 ], [ 431564.15206347045023, 6064176.178884433582425 ], [ 431556.834417477308307, 6064187.192216824740171 ], [ 431544.768171755655203, 6064201.282745734788477 ], [ 431531.710838278755546, 6064225.50018063466996 ], [ 431531.231973771413323, 6064226.386607034131885 ], [ 431517.649675992841367, 6064251.490468336269259 ], [ 431506.587259080260992, 6064271.860077505931258 ], [ 431504.023152743233368, 6064276.594329636543989 ], [ 431490.425464279949665, 6064301.698190937750041 ], [ 431481.463679881708231, 6064318.292659322731197 ], [ 431476.857243440346792, 6064326.802052238956094 ], [ 431463.267618670244701, 6064351.905913539230824 ], [ 431456.340100683213677, 6064364.702980302274227 ], [ 431449.677984895301051, 6064377.009774840436876 ], [ 431436.088351120415609, 6064402.113636140711606 ], [ 431431.216521484660916, 6064411.113303054124117 ], [ 431422.498749416088685, 6064427.217497441917658 ], [ 431408.909132682951167, 6064452.321358742192388 ], [ 431406.092942286166362, 6064457.523651481606066 ], [ 431395.319498908007517, 6064477.42522004339844 ], [ 431381.729865133122075, 6064502.52908134367317 ], [ 431380.969363087613601, 6064503.933941708877683 ], [ 431368.140231358236633, 6064527.632942644879222 ], [ 431355.84578388906084, 6064550.3443140136078 ], [ 431354.550644163799006, 6064552.736803945153952 ], [ 431341.145351207756903, 6064577.840665246360004 ], [ 431330.722204690566286, 6064596.96119862049818 ], [ 431327.478404491906986, 6064602.944526546634734 ], [ 431310.439020474790595, 6064628.048387847840786 ], [ 431305.598625492071733, 6064632.289011514745653 ], [ 431280.475046293518972, 6064635.972554424777627 ], [ 431255.351467095024418, 6064639.656097333878279 ], [ 431230.227887896471657, 6064643.33964024297893 ], [ 431205.104308697977103, 6064647.023183152079582 ], [ 431179.980729499424342, 6064650.706726061180234 ], [ 431163.301056021475233, 6064653.152249148115516 ], [ 431154.857150300929789, 6064654.447877344675362 ], [ 431129.733571102377027, 6064658.314573248848319 ], [ 431104.609991903882474, 6064662.199044524691999 ], [ 431079.486412705329712, 6064666.101365304552019 ], [ 431054.362833506835159, 6064668.014687758870423 ], [ 431029.239254308282398, 6064668.804892713204026 ], [ 431025.591535594779998, 6064653.152249148115516 ] ], [ [ 432052.134234933066182, 6063598.79007451608777 ], [ 432059.306001447781455, 6063591.346947049722075 ], [ 432071.032445762422867, 6063598.79007451608777 ], [ 432059.306001447781455, 6063614.89202169328928 ], [ 432052.134234933066182, 6063598.79007451608777 ] ], [ [ 432076.322861646534875, 6063573.686213215813041 ], [ 432084.429580646334216, 6063565.27275709901005 ], [ 432094.372229148750193, 6063573.686213215813041 ], [ 432084.429580646334216, 6063586.171285658143461 ], [ 432076.322861646534875, 6063573.686213215813041 ] ], [ [ 432100.511488360003568, 6063548.582351914606988 ], [ 432109.55315984482877, 6063539.198567148298025 ], [ 432118.425311990198679, 6063548.582351914606988 ], [ 432109.55315984482877, 6063559.179321136325598 ], [ 432100.511488360003568, 6063548.582351914606988 ] ], [ [ 432124.700115073414054, 6063523.478490614332259 ], [ 432134.676739043381531, 6063513.124414140358567 ], [ 432142.835158649948426, 6063523.478490614332259 ], [ 432134.676739043323323, 6063532.915767279453576 ], [ 432124.700115073414054, 6063523.478490614332259 ] ], [ [ 432148.955882908077911, 6063498.374629313126206 ], [ 432159.800318241876084, 6063487.117815921083093 ], [ 432167.391108583367895, 6063498.374629313126206 ], [ 432159.800318241934292, 6063506.965704699978232 ], [ 432148.955882908077911, 6063498.374629313126206 ] ], [ [ 432176.574012904427946, 6063473.270768012851477 ], [ 432184.923897440428846, 6063464.515827108174562 ], [ 432189.572050936345477, 6063473.270768012851477 ], [ 432184.923897440428846, 6063478.531437231227756 ], [ 432176.574012904427946, 6063473.270768012851477 ] ], [ [ 432205.921638248837553, 6063448.166906711645424 ], [ 432210.047476638923399, 6063443.765652594156563 ], [ 432211.752997409668751, 6063448.166906711645424 ], [ 432210.047476638923399, 6063450.097169761545956 ], [ 432205.921638248837553, 6063448.166906711645424 ] ], [ [ 434219.933812520932406, 6065321.412604378536344 ], [ 434226.332438585464843, 6065305.852642968297005 ], [ 434219.933812520932406, 6065301.780569868162274 ], [ 434205.136035936651751, 6065305.852642968297005 ], [ 434219.933812520932406, 6065321.412604378536344 ] ] ] } },
{ "type": "Feature", "properties": { "id": 1, "cost_level": 600.0 }, "geometry": { "type": "Polygon", "coordinates": [ [ [ 436104.202252410235815, 6067995.643426761031151 ], [ 436129.325831608788576, 6067999.050377072766423 ], [ 436154.44941080728313, 6068002.452256169170141 ], [ 436179.572990005835891, 6068005.59285799972713 ], [ 436204.696569204330444, 6068009.170605170540512 ], [ 436229.820148402883206, 6068013.09535251185298 ], [ 436254.943727601377759, 6068016.757239110767841 ], [ 436280.06730679993052, 6068011.030919069424272 ], [ 436297.953596108651254, 6067991.96580214984715 ], [ 436305.190885998425074, 6067987.763667846098542 ], [ 436325.337599587568548, 6067966.861940848641098 ], [ 436330.314465196977835, 6067962.692463464103639 ], [ 436350.399217068799771, 6067941.758079548366368 ], [ 436355.438044395472389, 6067936.57738646119833 ], [ 436374.811070530791767, 6067916.654218247160316 ], [ 436380.56162359402515, 6067910.741846629418433 ], [ 436399.39441558776889, 6067891.550356946885586 ], [ 436405.685202792577911, 6067885.038365179672837 ], [ 436423.923968263436109, 6067866.446495645679533 ], [ 436430.808781991072465, 6067859.263499812223017 ], [ 436448.431856043403968, 6067841.342634345404804 ], [ 436455.932361189625226, 6067833.593232195824385 ], [ 436472.831275316071697, 6067816.238773044198751 ], [ 436481.05594038811978, 6067807.849432537332177 ], [ 436497.334683757624589, 6067791.134911743924022 ], [ 436506.179519586730748, 6067782.114222534000874 ], [ 436521.846194954589009, 6067766.031050442717969 ], [ 436531.303098785167094, 6067756.387421324849129 ], [ 436546.571592077496462, 6067740.92718914244324 ], [ 436556.426677983719856, 6067730.920874208211899 ], [ 436571.443334824580234, 6067715.823327841237187 ], [ 436581.550257182214409, 6067705.456414293497801 ], [ 436596.206419713445939, 6067690.719466540962458 ], [ 436606.67383638076717, 6067679.962720535695553 ], [ 436620.664819686906412, 6067665.615605239756405 ], [ 436631.797415579261724, 6067654.174599818885326 ], [ 436645.064390825747978, 6067640.511743938550353 ], [ 436656.920994777814485, 6067628.327393651939929 ], [ 436669.535832657245919, 6067615.407882638275623 ], [ 436682.044573976309039, 6067602.639379911124706 ], [ 436694.091441924101673, 6067590.304021337069571 ], [ 436707.1681531748618, 6067577.155209377408028 ], [ 436718.849004624644294, 6067565.200160036794841 ], [ 436732.291732373414561, 6067551.684808502905071 ], [ 436743.601949380361475, 6067540.096298735588789 ], [ 436757.415311571909115, 6067526.209914760664105 ], [ 436768.352486542076804, 6067514.992437435314059 ], [ 436782.538890770403668, 6067500.554904577322304 ], [ 436792.940754012903199, 6067489.888576134108007 ], [ 436807.662469968898222, 6067474.748108026571572 ], [ 436817.378100413014181, 6067464.784714833833277 ], [ 436832.786049167509191, 6067448.963331405073404 ], [ 436841.83739111199975, 6067439.680853532627225 ], [ 436857.909628366003744, 6067423.245568592101336 ], [ 436866.362982926308177, 6067414.576992232352495 ], [ 436883.033207564498298, 6067393.740746645256877 ], [ 436887.171685139648616, 6067389.473130931146443 ], [ 436883.033207564498298, 6067372.15455923601985 ], [ 436868.969444116693921, 6067364.369269630871713 ], [ 436857.909628366003744, 6067358.243878275156021 ], [ 436832.786049167450983, 6067344.332785100676119 ], [ 436823.635287032113411, 6067339.265408329665661 ], [ 436807.662469968898222, 6067330.414798805490136 ], [ 436782.538890770403668, 6067316.504969803616405 ], [ 436778.30809204315301, 6067314.161547029390931 ], [ 436757.415311571909115, 6067302.586345762014389 ], [ 436732.985947936307639, 6067289.057685728184879 ], [ 436732.291732373356353, 6067288.673028497956693 ], [ 436707.1681531748618, 6067274.756261026486754 ], [ 436687.666350236337166, 6067263.953824426978827 ], [ 436682.044573976309039, 6067260.839056817814708 ], [ 436656.920994777814485, 6067246.923360418528318 ], [ 436642.346637805749197, 6067238.849963126704097 ], [ 436631.797415579319932, 6067233.006434285081923 ], [ 436606.673836380825378, 6067219.090024441480637 ], [ 436597.026563025196083, 6067213.746101826429367 ], [ 436581.550257182214409, 6067205.173560223542154 ], [ 436556.426677983719856, 6067191.252309010364115 ], [ 436551.706819308921695, 6067188.642240525223315 ], [ 436531.303098785225302, 6067177.340526634827256 ], [ 436506.386213432298973, 6067163.538379224948585 ], [ 436506.179519586672541, 6067163.42388903349638 ], [ 436481.05594038811978, 6067149.478606659919024 ], [ 436461.075978307286277, 6067138.434517923742533 ], [ 436455.932361189625226, 6067135.584743523970246 ], [ 436430.808781991072465, 6067121.625801339745522 ], [ 436415.841499378264416, 6067113.330656623467803 ], [ 436405.685202792636119, 6067107.688787334598601 ], [ 436380.56162359402515, 6067093.766720606945455 ], [ 436370.581880241341423, 6067088.226795322261751 ], [ 436355.438044395472389, 6067079.811131766997278 ], [ 436330.314465196977835, 6067065.873668303713202 ], [ 436325.359231911366805, 6067063.122934021055698 ], [ 436305.190885998425074, 6067051.927142152562737 ], [ 436280.136583581392188, 6067038.019072720780969 ], [ 436280.06730679993052, 6067037.980610945262015 ], [ 436254.943727601377759, 6067024.034054496325552 ], [ 436234.914049569575582, 6067012.915211419574916 ], [ 436229.820148402941413, 6067010.087500237859786 ], [ 436204.696569204330444, 6066996.140974085777998 ], [ 436189.691401239600964, 6066987.811350119300187 ], [ 436179.572990005835891, 6066982.194447934627533 ], [ 436154.449410807224922, 6066968.260611875914037 ], [ 436144.466708847088739, 6066962.707488818094134 ], [ 436129.325831608846784, 6066954.303274059668183 ], [ 436104.202252410235815, 6066940.371542843990028 ], [ 436099.21181682148017, 6066937.603627517819405 ], [ 436079.078673211741261, 6066926.461750938557088 ], [ 436053.9550940131885, 6066912.503350169397891 ], [ 436053.948621395975351, 6066912.499766216613352 ], [ 436028.831514814693946, 6066898.601881496608257 ], [ 436008.604885855631437, 6066887.395904917269945 ], [ 436003.707935616199393, 6066884.689297569915652 ], [ 435978.584356417646632, 6066870.775148598477244 ], [ 435963.262080777727533, 6066862.29204361513257 ], [ 435953.46077721909387, 6066856.866566898301244 ], [ 435928.337198020657524, 6066842.956940565258265 ], [ 435917.916214506374672, 6066837.188182314857841 ], [ 435903.213618822046556, 6066829.049412136897445 ], [ 435878.090039623552002, 6066815.141551624052227 ], [ 435872.567325419164263, 6066812.084321013651788 ], [ 435852.966460424999241, 6066801.233793133869767 ], [ 435827.842881226504687, 6066787.326098663732409 ], [ 435827.218504009651951, 6066786.980459713377059 ], [ 435802.719302027951926, 6066773.41834017354995 ], [ 435781.869702273863368, 6066761.876598412171006 ], [ 435777.595722829457372, 6066759.51064570248127 ], [ 435752.472143630846404, 6066745.602951232343912 ], [ 435736.520861190743744, 6066736.772737111896276 ], [ 435727.348564432410058, 6066731.69519274123013 ], [ 435702.224985233857296, 6066717.780266795307398 ], [ 435691.172039781289641, 6066711.668875810690224 ], [ 435677.101406035362743, 6066703.879739780910313 ], [ 435651.977826836809982, 6066689.959269172511995 ], [ 435645.856747877667658, 6066686.565014510415494 ], [ 435626.854247638315428, 6066676.020131577737629 ], [ 435601.730668439762667, 6066662.111127283424139 ], [ 435600.558475547586568, 6066661.461153209209442 ], [ 435576.607089241268113, 6066648.188344018533826 ], [ 435555.280756662483327, 6066636.357291908934712 ], [ 435551.483510042715352, 6066634.250063267536461 ], [ 435526.359930844162591, 6066620.324275556020439 ], [ 435509.992878431163263, 6066611.25343060772866 ], [ 435501.236351645668037, 6066606.401874203234911 ], [ 435476.112772447173484, 6066592.476627236232162 ], [ 435464.696471016737632, 6066586.14956930745393 ], [ 435450.98919324867893, 6066578.552823459729552 ], [ 435425.865614050067961, 6066564.62901057023555 ], [ 435419.400023462891113, 6066561.045708006247878 ], [ 435400.742034851573408, 6066550.705215902999043 ], [ 435375.618455653020646, 6066536.783665862865746 ], [ 435374.100242358050309, 6066535.941846705973148 ], [ 435350.494876454526093, 6066522.872264222241938 ], [ 435328.807227770157624, 6066510.837985405698419 ], [ 435325.371297255973332, 6066508.933745584450662 ], [ 435300.247718057478778, 6066495.069535605609417 ], [ 435283.360856007784605, 6066485.734124103561044 ], [ 435275.124138858984224, 6066481.187372187152505 ], [ 435250.000559660431463, 6066467.303344195708632 ], [ 435237.913039568462409, 6066460.630262803286314 ], [ 435224.876980461878702, 6066453.433601213619113 ], [ 435199.753401263384148, 6066439.556646145880222 ], [ 435192.455271807324607, 6066435.526401502080262 ], [ 435174.629822064831387, 6066425.676356358453631 ], [ 435149.506242866336834, 6066411.805334678851068 ], [ 435147.007086550700478, 6066410.422540201805532 ], [ 435124.382663667784072, 6066397.903577964752913 ], [ 435101.636562659055926, 6066385.31867890059948 ], [ 435099.259084469289519, 6066384.002404226921499 ], [ 435074.135505270736758, 6066371.787675460800529 ], [ 435061.365701993461698, 6066385.31867890059948 ], [ 435074.135505270736758, 6066402.855738684535027 ], [ 435079.645355154294521, 6066410.422540201805532 ], [ 435097.925079092034139, 6066435.526401501148939 ], [ 435099.259084469289519, 6066437.358421270735562 ], [ 435116.204732252866961, 6066460.630262803286314 ], [ 435124.382663667784072, 6066471.861157572828233 ], [ 435134.484427732415497, 6066485.734124103561044 ], [ 435149.506242866336834, 6066506.36390096694231 ], [ 435152.764109351497609, 6066510.837985404767096 ], [ 435171.043772614677437, 6066535.941846705973148 ], [ 435174.629822064831387, 6066540.866644362919033 ], [ 435189.323486450128257, 6066561.045708006247878 ], [ 435199.753401263384148, 6066575.369346017949283 ], [ 435207.60313961096108, 6066586.14956930745393 ], [ 435224.876980461878702, 6066609.872033953666687 ], [ 435225.882860715035349, 6066611.25343060772866 ], [ 435244.16251670953352, 6066636.357291908934712 ], [ 435250.000559660373256, 6066644.374777347780764 ], [ 435262.442205597297288, 6066661.461153209209442 ], [ 435275.124138858867809, 6066678.877520743757486 ], [ 435280.721893808164168, 6066686.565014509484172 ], [ 435299.001550479617435, 6066711.668875810690224 ], [ 435300.247718057478778, 6066713.380264136940241 ], [ 435317.281270906794816, 6066736.772737111896276 ], [ 435325.371297255973332, 6066747.882910333573818 ], [ 435335.560966138727963, 6066761.876598412171006 ], [ 435350.494876454526093, 6066782.385653728619218 ], [ 435353.840648005367257, 6066786.980459713377059 ], [ 435372.120311020989902, 6066812.084321014583111 ], [ 435375.618455652962439, 6066816.888397121801972 ], [ 435390.400025104056112, 6066837.188182314857841 ], [ 435400.742034851573408, 6066851.391098311170936 ], [ 435408.679678264772519, 6066862.29204361513257 ], [ 435425.865614050067961, 6066885.893786713480949 ], [ 435426.959399121231399, 6066887.395904916338623 ], [ 435445.239055363461375, 6066912.499766216613352 ], [ 435450.989193248620722, 6066920.396530107595026 ], [ 435463.518744003551546, 6066937.603627517819405 ], [ 435476.112772447115276, 6066954.899273502640426 ], [ 435481.798432462033816, 6066962.707488818094134 ], [ 435500.078088885813486, 6066987.811350119300187 ], [ 435501.236351645668037, 6066989.402016897685826 ], [ 435518.357809560722671, 6067012.915211419574916 ], [ 435526.359930844162591, 6067023.904705642722547 ], [ 435536.637462721439078, 6067038.019072720780969 ], [ 435551.483510042715352, 6067058.407406487502158 ], [ 435554.917176986171398, 6067063.122934021055698 ], [ 435573.196839820069727, 6067088.226795321330428 ], [ 435576.607089241268113, 6067092.91014988347888 ], [ 435591.476521868433338, 6067113.330656623467803 ], [ 435601.730668439762667, 6067127.412893277592957 ], [ 435609.756216918700375, 6067138.434517923742533 ], [ 435626.854247638315428, 6067161.915630389004946 ], [ 435628.035870079533197, 6067163.538379224948585 ], [ 435646.315594017331023, 6067188.642240526154637 ], [ 435651.977826836809982, 6067196.418312976136804 ], [ 435664.595247178105637, 6067213.746101826429367 ], [ 435677.101406035362743, 6067230.921026263386011 ], [ 435682.874954850994982, 6067238.849963126704097 ], [ 435701.154624276736286, 6067263.953824427910149 ], [ 435702.224985233857296, 6067265.423769658431411 ], [ 435719.434348214592319, 6067289.057685728184879 ], [ 435727.348564432410058, 6067299.9264579359442 ], [ 435737.714001375366934, 6067314.161547029390931 ], [ 435752.472143630904611, 6067334.429159248247743 ], [ 435755.993715392367449, 6067339.265408329665661 ], [ 435774.273378474055789, 6067364.369269631803036 ], [ 435777.595722829457372, 6067368.93190264236182 ], [ 435792.553060274687596, 6067389.473130931146443 ], [ 435802.719302027951926, 6067403.434646037407219 ], [ 435810.83275557262823, 6067414.576992232352495 ], [ 435827.842881226504687, 6067437.937382682226598 ], [ 435829.112408733461052, 6067439.680853532627225 ], [ 435847.392132671258878, 6067464.784714832901955 ], [ 435852.966460425057448, 6067472.440065268427134 ], [ 435865.671785832033493, 6067489.888576133176684 ], [ 435878.090039623552002, 6067506.942779023200274 ], [ 435883.951493257307447, 6067514.992437435314059 ], [ 435902.231162930664141, 6067540.096298735588789 ], [ 435903.213618822046556, 6067541.445522416383028 ], [ 435920.510838139569387, 6067565.200160036794841 ], [ 435928.337198020541109, 6067575.948265811428428 ], [ 435938.790540029294789, 6067590.304021337069571 ], [ 435953.46077721909387, 6067610.45099001377821 ], [ 435957.070193190069403, 6067615.407882638275623 ], [ 435975.349917127925437, 6067640.511743938550353 ], [ 435978.584356417646632, 6067644.95367260184139 ], [ 435993.629570288700052, 6067665.615605239756405 ], [ 436003.707935616141185, 6067679.456398798152804 ], [ 436011.909271122072823, 6067690.719466540962458 ], [ 436028.831514814693946, 6067713.959142192266881 ], [ 436030.188947387388907, 6067715.823327841237187 ], [ 436048.468616004334763, 6067740.92718914244324 ], [ 436053.9550940131885, 6067748.461885588243604 ], [ 436066.748324485961348, 6067766.031050442717969 ], [ 436079.078673211741261, 6067782.964597348123789 ], [ 436085.02797764679417, 6067791.134911743924022 ], [ 436103.307701584533788, 6067816.238773044198751 ], [ 436104.202252410235815, 6067817.467279934324324 ], [ 436121.587354745366611, 6067841.342634345404804 ], [ 436116.709572677384131, 6067866.446495645679533 ], [ 436104.202252410235815, 6067890.600824686698616 ], [ 436103.352212305122521, 6067891.550356945954263 ], [ 436098.833525601774454, 6067916.654218247160316 ], [ 436095.143981767818332, 6067941.758079547435045 ], [ 436091.191439177491702, 6067966.861940848641098 ], [ 436096.619733391329646, 6067991.96580214984715 ], [ 436104.202252410235815, 6067995.643426761031151 ] ], [ [ 435049.011926072300412, 6066366.844454589299858 ], [ 435056.265512752346694, 6066360.214817599393427 ], [ 435049.011926072242204, 6066356.20136508718133 ], [ 435044.298644822905771, 6066360.21481760032475 ], [ 435049.011926072300412, 6066366.844454589299858 ] ], [ [ 432612.024743815418333, 6066211.978745458647609 ], [ 432637.148323013912886, 6066221.141597510315478 ], [ 432662.27190221240744, 6066212.692616440355778 ], [ 432663.626219858473632, 6066209.591649795882404 ], [ 432674.740551302034874, 6066184.487788494676352 ], [ 432686.326254923304077, 6066159.383927194401622 ], [ 432687.395481410901994, 6066156.963926753029227 ], [ 432697.495177262986545, 6066134.28006589319557 ], [ 432708.49460445396835, 6066109.176204591989517 ], [ 432712.519060609454755, 6066100.130546125583351 ], [ 432719.663444465899374, 6066084.072343291714787 ], [ 432731.497799161938019, 6066058.968481991440058 ], [ 432737.642639807949308, 6066046.544424377381802 ], [ 432743.913970440044068, 6066033.864620690234005 ], [ 432756.330141718266532, 6066008.760759389959276 ], [ 432762.76621900650207, 6065995.747859684750438 ], [ 432768.746312996430788, 6065983.656898088753223 ], [ 432781.162484274653252, 6065958.553036787547171 ], [ 432787.889798204996623, 6065944.951242798939347 ], [ 432793.578618698462378, 6065933.449175486341119 ], [ 432806.316248572606128, 6065908.345314186066389 ], [ 432813.013377403549384, 6065895.974972369149327 ], [ 432819.998036520206369, 6065883.241452885791659 ], [ 432833.935522376559675, 6065858.137591583654284 ], [ 432838.136956602043938, 6065850.796186035498977 ], [ 432848.367722855531611, 6065833.033730284310877 ], [ 432862.479919759847689, 6065807.929868983104825 ], [ 432852.470715700881556, 6065782.826007682830095 ], [ 432848.848130614031106, 6065757.72214638069272 ], [ 432849.514838297152892, 6065732.618285082280636 ], [ 432850.181545980158262, 6065707.514423780143261 ], [ 432850.848253663280047, 6065682.410562479868531 ], [ 432851.386337978765368, 6065657.306701178662479 ], [ 432854.695948141743429, 6065632.202839878387749 ], [ 432863.260535800538491, 6065608.990799070335925 ], [ 432864.167995369294658, 6065607.098978577181697 ], [ 432878.108775071799755, 6065581.995117276906967 ], [ 432888.384114999091253, 6065563.742399229668081 ], [ 432892.244467560609337, 6065556.891255975700915 ], [ 432906.389466681226622, 6065531.787394674494863 ], [ 432913.507694197644014, 6065519.154308257624507 ], [ 432920.534465801843908, 6065506.683533374220133 ], [ 432914.562810952600557, 6065481.579672073945403 ], [ 432913.507694197644014, 6065473.596455635502934 ], [ 432910.33279127581045, 6065456.475810772739351 ], [ 432913.507694197644014, 6065455.277726041153073 ], [ 432938.631273396138567, 6065453.224988453090191 ], [ 432963.754852594691329, 6065451.17224348988384 ], [ 432988.878431793185882, 6065443.775224313139915 ], [ 433014.002010991738643, 6065434.84215696901083 ], [ 433039.125590190233197, 6065432.953097719699144 ], [ 433064.249169388844166, 6065438.107873857021332 ], [ 433089.372748587280512, 6065443.513829512521625 ], [ 433114.496327785833273, 6065451.23546657897532 ], [ 433128.179744050605223, 6065456.475810772739351 ], [ 433139.619906984327827, 6065463.119553631171584 ], [ 433164.743486182880588, 6065477.686691576614976 ], [ 433171.443089898850303, 6065481.579672073945403 ], [ 433189.867065381375141, 6065492.305562940426171 ], [ 433214.789555489609484, 6065506.683533374220133 ], [ 433214.990644579927903, 6065506.800258773379028 ], [ 433240.114223778480664, 6065521.480119535699487 ], [ 433265.237802976975217, 6065512.781218552961946 ], [ 433268.690784591133706, 6065506.683533374220133 ], [ 433287.146250789985061, 6065481.579672073945403 ], [ 433290.361382175527979, 6065477.887815466150641 ], [ 433309.008438051561825, 6065456.475810772739351 ], [ 433315.484961373964325, 6065448.311706376262009 ], [ 433329.950719496409874, 6065431.371949472464621 ], [ 433340.608540572575293, 6065417.304032292217016 ], [ 433348.969326113350689, 6065406.268088171258569 ], [ 433365.732119771069847, 6065385.36507807765156 ], [ 433368.958013069641311, 6065381.164226870983839 ], [ 433390.855698969622608, 6065356.433528634719551 ], [ 433391.184955605305731, 6065356.060365569777787 ], [ 433411.364826436736621, 6065330.956504268571734 ], [ 433415.97927816817537, 6065325.837066755630076 ], [ 433433.992380911542568, 6065305.852642968297005 ], [ 433441.102857366669923, 6065297.141331326216459 ], [ 433454.490470078773797, 6065280.748781667090952 ], [ 433466.226436565164477, 6065265.938500157557428 ], [ 433474.383277296321467, 6065255.644920367747545 ], [ 433491.35001576365903, 6065234.23363112192601 ], [ 433494.153508275863715, 6065230.54105906561017 ], [ 433509.725821559783071, 6065205.437197765335441 ], [ 433516.473594962211791, 6065193.149559836834669 ], [ 433523.511641794641037, 6065180.333336464129388 ], [ 433537.2974704609951, 6065155.229475163854659 ], [ 433541.597174160764553, 6065147.399763952940702 ], [ 433551.175591895007528, 6065130.125613862648606 ], [ 433565.169171294430271, 6065105.021752562373877 ], [ 433566.720753359259106, 6065102.242670013569295 ], [ 433579.182566040370148, 6065079.917891261167824 ], [ 433591.844332557811867, 6065057.234904174692929 ], [ 433593.195876039098948, 6065054.814029960893095 ], [ 433607.215537670708727, 6065029.710168659687042 ], [ 433610.785493751987815, 6065004.606307359412313 ], [ 433591.84433255775366, 6064994.14036550745368 ], [ 433566.720753359259106, 6064980.365593164227903 ], [ 433565.162259735865518, 6064979.50244605820626 ], [ 433541.597174160764553, 6064966.451295187696815 ], [ 433519.834867105237208, 6064954.39858475793153 ], [ 433516.473594962211791, 6064952.536997210234404 ], [ 433491.35001576365903, 6064938.892416819930077 ], [ 433473.626566577993799, 6064929.294723456725478 ], [ 433466.226436565164477, 6064925.293306563049555 ], [ 433441.102857366669923, 6064911.676678583025932 ], [ 433427.261095201887656, 6064904.190862156450748 ], [ 433415.97927816817537, 6064898.089511391706765 ], [ 433390.855698969622608, 6064884.445362713187933 ], [ 433380.977674562018365, 6064879.087000855244696 ], [ 433365.732119771069847, 6064870.807495889253914 ], [ 433340.608540572575293, 6064857.207067016512156 ], [ 433334.689929671003483, 6064853.983139555901289 ], [ 433315.484961373964325, 6064843.522018760442734 ], [ 433290.361382175527979, 6064829.836929578334093 ], [ 433288.603288783458993, 6064828.879278253763914 ], [ 433265.237802976975217, 6064819.381279613822699 ], [ 433240.114223778480664, 6064811.868769826367497 ], [ 433214.990644579927903, 6064806.246740248054266 ], [ 433202.004409498476889, 6064803.775416953489184 ], [ 433189.867065381375141, 6064801.465720996260643 ], [ 433164.743486182880588, 6064796.685936412774026 ], [ 433139.619906984386034, 6064791.905971904285252 ], [ 433114.496327785775065, 6064787.126208445057273 ], [ 433089.372748587280512, 6064782.835275798104703 ], [ 433064.249169388785958, 6064781.804187130182981 ], [ 433055.288851053686813, 6064803.775416952557862 ], [ 433045.050993616867345, 6064828.879278253763914 ], [ 433039.125590190233197, 6064843.408761277794838 ], [ 433034.81316371250432, 6064853.983139554969966 ], [ 433023.76100722985575, 6064879.087000855244696 ], [ 433014.002010991680436, 6064887.586115274578333 ], [ 433000.219495439436287, 6064904.190862156450748 ], [ 432988.878431793185882, 6064914.084908390417695 ], [ 432963.754852594691329, 6064918.326373899355531 ], [ 432938.631273396138567, 6064922.953901365399361 ], [ 432927.513813179917634, 6064929.294723456725478 ], [ 432913.507694197644014, 6064935.841488766483963 ], [ 432888.384114999091253, 6064947.579103885218501 ], [ 432868.002238381304778, 6064954.398584757000208 ], [ 432863.260535800596699, 6064955.821881158277392 ], [ 432838.136956602043938, 6064959.1108892345801 ], [ 432813.013377403607592, 6064964.156430640257895 ], [ 432787.889798204996623, 6064972.30587484035641 ], [ 432773.840971148223616, 6064979.50244605820626 ], [ 432762.76621900650207, 6064991.69564682431519 ], [ 432745.727323838160373, 6065004.606307359412313 ], [ 432737.642639807891101, 6065013.938099688850343 ], [ 432720.236876217531972, 6065004.60630735848099 ], [ 432712.519060609454755, 6064996.466763220727444 ], [ 432704.480556340771727, 6064979.50244605820626 ], [ 432687.395481410901994, 6064963.019565097056329 ], [ 432671.915588185598608, 6064954.39858475793153 ], [ 432662.27190221240744, 6064949.027831740677357 ], [ 432637.148323013854679, 6064935.061453123576939 ], [ 432626.774441829882562, 6064929.294723456725478 ], [ 432612.024743815418333, 6064921.144105066545308 ], [ 432586.901164616807364, 6064906.279711687937379 ], [ 432585.406989410868846, 6064904.190862156450748 ], [ 432574.460174338077195, 6064879.087000855244696 ], [ 432563.513359265227336, 6064853.983139554038644 ], [ 432561.77758541831281, 6064850.002563870511949 ], [ 432552.566544192377478, 6064828.879278253763914 ], [ 432541.619729119585827, 6064803.775416952557862 ], [ 432536.654006219701841, 6064792.387698981910944 ], [ 432530.672951261571143, 6064778.671555652283132 ], [ 432520.191967637161724, 6064753.56769435107708 ], [ 432526.825555373856332, 6064728.46383305080235 ], [ 432511.530427021265496, 6064719.812302581965923 ], [ 432486.406847822712734, 6064705.091936230659485 ], [ 432483.570227339747362, 6064703.359971749596298 ], [ 432461.283268624218181, 6064688.935067200101912 ], [ 432442.445152417290956, 6064678.256110449321568 ], [ 432436.15968942566542, 6064674.693005374632776 ], [ 432411.036110227112658, 6064660.18206475302577 ], [ 432398.948379462002777, 6064653.152249148115516 ], [ 432385.912531028618105, 6064645.571055801585317 ], [ 432360.788951830065344, 6064630.990435637533665 ], [ 432355.467769730603322, 6064628.048387847840786 ], [ 432335.66537263157079, 6064617.099768249318004 ], [ 432310.541793433018029, 6064603.20910086017102 ], [ 432310.06385266239522, 6064602.944526546634734 ], [ 432285.418214234523475, 6064589.622463231906295 ], [ 432263.113072391191963, 6064577.840665246360004 ], [ 432260.294635035912506, 6064576.404200544580817 ], [ 432235.17105583747616, 6064563.457132108509541 ], [ 432214.406841096992139, 6064552.736803945153952 ], [ 432210.047476638923399, 6064550.488384254276752 ], [ 432184.923897440428846, 6064537.530500415712595 ], [ 432165.733947386383079, 6064527.632942644879222 ], [ 432159.800318241934292, 6064524.572567965835333 ], [ 432134.676739043381531, 6064511.61468412540853 ], [ 432115.23231718695024, 6064502.52908134367317 ], [ 432109.55315984482877, 6064499.648297398351133 ], [ 432104.14041262579849, 6064502.52908134367317 ], [ 432084.429580646334216, 6064510.238445258699358 ], [ 432059.306001447839662, 6064509.80001655779779 ], [ 432034.182422249286901, 6064507.845754442736506 ], [ 432009.05884305073414, 6064506.457346837036312 ], [ 431983.935263852239586, 6064505.06897331867367 ], [ 431958.811684653686825, 6064503.680569550022483 ], [ 431937.975220624997746, 6064502.52908134367317 ], [ 431933.688105455192272, 6064502.292162301950157 ], [ 431908.56452625663951, 6064500.903792262077332 ], [ 431883.440947058144957, 6064499.515384656377137 ], [ 431858.317367859592196, 6064498.126983700320125 ], [ 431833.193788661097642, 6064496.610193060711026 ], [ 431808.070209462544881, 6064488.462133061140776 ], [ 431787.134669164486695, 6064477.425220044329762 ], [ 431782.946630264050327, 6064475.217588379047811 ], [ 431757.823051065497566, 6064461.95358616951853 ], [ 431739.498639508325141, 6064452.321358742192388 ], [ 431732.699471867003012, 6064448.765886309556663 ], [ 431707.575892668450251, 6064435.875643638893962 ], [ 431690.735142825928051, 6064427.217497441917658 ], [ 431682.452313469955698, 6064422.844946975819767 ], [ 431671.898977052245755, 6064427.217497441917658 ], [ 431657.328734271402936, 6064438.502017060294747 ], [ 431650.141252887318842, 6064452.321358742192388 ], [ 431637.01156081125373, 6064477.42522004339844 ], [ 431632.205155072966591, 6064486.610540740191936 ], [ 431623.818092030996922, 6064502.52908134367317 ], [ 431610.301340909558348, 6064527.632942644879222 ], [ 431607.081575874355622, 6064533.615109771490097 ], [ 431596.770689143973868, 6064552.736803945153952 ], [ 431583.067802738747559, 6064577.840665246360004 ], [ 431581.957996675744653, 6064579.86659184563905 ], [ 431569.315864498843439, 6064602.944526546634734 ], [ 431556.834417477308307, 6064625.729215991683304 ], [ 431555.563975730969105, 6064628.048387847840786 ], [ 431541.812086963094771, 6064653.152249148115516 ], [ 431531.710838278755546, 6064671.591856824234128 ], [ 431528.060148723132443, 6064678.256110448390245 ], [ 431514.308259955258109, 6064703.359971749596298 ], [ 431506.587259080260992, 6064717.431507032364607 ], [ 431500.539268274442293, 6064728.46383305080235 ], [ 431486.652676127152517, 6064753.56769435107708 ], [ 431481.463679881766438, 6064763.304422464221716 ], [ 431473.216487960191444, 6064778.671555653214455 ], [ 431460.49525712011382, 6064803.775416952557862 ], [ 431456.34010068315547, 6064811.975164242088795 ], [ 431447.774075942463242, 6064828.879278253763914 ], [ 431434.987796629196964, 6064853.983139554969966 ], [ 431431.216521484660916, 6064860.894616462290287 ], [ 431421.346825223881751, 6064879.087000855244696 ], [ 431408.149048727180343, 6064904.190862156450748 ], [ 431406.092942286166362, 6064908.033028177917004 ], [ 431394.318138595670462, 6064929.294723456725478 ], [ 431381.098882362886798, 6064954.39858475793153 ], [ 431380.969363087613601, 6064954.643813788890839 ], [ 431367.78049838001607, 6064979.50244605820626 ], [ 431355.845783889119048, 6065002.191578696481884 ], [ 431354.569817914336454, 6065004.606307359412313 ], [ 431341.127829992794432, 6065029.710168659687042 ], [ 431330.722204690508079, 6065049.120668534189463 ], [ 431327.65646235778695, 6065054.814029960893095 ], [ 431314.206536832614802, 6065079.917891261167824 ], [ 431315.749529794207774, 6065105.021752562373877 ], [ 431330.722204690566286, 6065112.917082374915481 ], [ 431355.845783889119048, 6065126.163611155934632 ], [ 431363.359828883898444, 6065130.125613862648606 ], [ 431380.969363087613601, 6065139.495468839071691 ], [ 431406.092942286166362, 6065152.761714750900865 ], [ 431410.791322836012114, 6065155.229475163854659 ], [ 431431.216521484660916, 6065166.102712843567133 ], [ 431456.340100683213677, 6065179.480857226997614 ], [ 431457.948514559189789, 6065180.333336464129388 ], [ 431481.463679881650023, 6065192.851525230333209 ], [ 431502.377126952633262, 6065205.437197765335441 ], [ 431506.587259080260992, 6065207.904362739063799 ], [ 431530.912666424468625, 6065230.54105906561017 ], [ 431531.710838278755546, 6065231.235115341842175 ], [ 431556.834417477308307, 6065252.426749753765762 ], [ 431560.021581034234259, 6065255.644920366816223 ], [ 431581.95799667580286, 6065276.276757771149278 ], [ 431586.798290668521076, 6065280.748781667090952 ], [ 431606.981794387684204, 6065305.852642968297005 ], [ 431607.081575874355622, 6065305.906181436032057 ], [ 431632.205155072908383, 6065319.386655127629638 ], [ 431646.522634180262685, 6065330.956504268571734 ], [ 431654.379897779435851, 6065356.060365569777787 ], [ 431656.800190152018331, 6065381.164226870052516 ], [ 431657.328734271402936, 6065386.64648384321481 ], [ 431659.220452158944681, 6065406.268088171258569 ], [ 431661.640744531527162, 6065431.371949472464621 ], [ 431667.734689539764076, 6065456.475810772739351 ], [ 431682.452313469955698, 6065479.161264089867473 ], [ 431684.021302139328327, 6065481.579672073945403 ], [ 431703.156760107900482, 6065506.683533374220133 ], [ 431707.575892668450251, 6065511.562954437918961 ], [ 431725.89250875817379, 6065531.787394675426185 ], [ 431732.699471867003012, 6065540.690464313142002 ], [ 431744.526875520008616, 6065556.891255975700915 ], [ 431757.823051065497566, 6065576.382899329066277 ], [ 431761.346752756624483, 6065581.995117276906967 ], [ 431769.782533147896174, 6065607.098978577181697 ], [ 431778.218313539167866, 6065632.202839878387749 ], [ 431782.946630264050327, 6065646.273738093674183 ], [ 431786.654093930323143, 6065657.306701178662479 ], [ 431795.089874321594834, 6065682.410562479868531 ], [ 431803.525654712808318, 6065707.514423780143261 ], [ 431808.070209462544881, 6065721.038468601182103 ], [ 431811.961431026400533, 6065732.618285081349313 ], [ 431820.397215495235287, 6065757.722146381624043 ], [ 431820.497213132504839, 6065782.826007682830095 ], [ 431808.086830761400051, 6065807.929868983104825 ], [ 431808.070209462544881, 6065807.991575387306511 ], [ 431798.474812290514819, 6065833.033730284310877 ], [ 431808.070209462544881, 6065840.200692581012845 ], [ 431833.193788661097642, 6065855.696181639097631 ], [ 431837.202553498209454, 6065858.137591584585607 ], [ 431858.317367859592196, 6065870.996159875765443 ], [ 431878.423182310012635, 6065883.241452885791659 ], [ 431883.440947058144957, 6065886.297477792948484 ], [ 431908.56452625663951, 6065901.598769832402468 ], [ 431919.594923412776552, 6065908.345314186066389 ], [ 431933.688105455192272, 6065916.957766521722078 ], [ 431958.811684653686825, 6065932.483462955802679 ], [ 431960.374397783947643, 6065933.449175487272441 ], [ 431983.935263852239586, 6065948.009155312553048 ], [ 432000.997305301134475, 6065958.553036788478494 ], [ 432009.05884305073414, 6065963.534839188680053 ], [ 432034.182422249286901, 6065978.706898818723857 ], [ 432043.412500106729567, 6065983.656898088753223 ], [ 432059.306001447839662, 6065992.334152602590621 ], [ 432084.429580646334216, 6066005.616516917012632 ], [ 432091.737346372101456, 6066008.760759389959276 ], [ 432109.55315984482877, 6066013.43905137013644 ], [ 432134.676739043381531, 6066019.413134350441396 ], [ 432145.128947994206101, 6066008.760759389959276 ], [ 432159.800318241934292, 6066000.048625720664859 ], [ 432184.923897440428846, 6066002.182572398334742 ], [ 432198.665819434158038, 6066008.760759389959276 ], [ 432210.047476638923399, 6066032.213887658901513 ], [ 432213.060640574723948, 6066033.864620690234005 ], [ 432235.17105583747616, 6066039.458273958414793 ], [ 432258.982191812712699, 6066058.968481991440058 ], [ 432260.294635035970714, 6066060.025584449060261 ], [ 432285.418214234523475, 6066074.453546882607043 ], [ 432304.798195808543824, 6066084.072343291714787 ], [ 432310.541793433018029, 6066086.923042400740087 ], [ 432335.66537263157079, 6066099.392480271868408 ], [ 432355.377651485847309, 6066109.17620459292084 ], [ 432360.788951830065344, 6066111.861975790001452 ], [ 432385.912531028618105, 6066124.331448462791741 ], [ 432406.778077289927751, 6066134.28006589319557 ], [ 432411.036110227112658, 6066136.09474822320044 ], [ 432436.15968942566542, 6066146.568615637719631 ], [ 432461.283268624218181, 6066156.857028290629387 ], [ 432467.883123716397677, 6066159.383927194401622 ], [ 432486.406847822712734, 6066166.141913617029786 ], [ 432511.530427021265496, 6066175.274037754163146 ], [ 432536.641688921896275, 6066184.487788494676352 ], [ 432536.654006219818257, 6066184.492337102070451 ], [ 432561.77758541831281, 6066193.641002485528588 ], [ 432586.901164616807364, 6066202.843584465794265 ], [ 432605.425381300156005, 6066209.591649795882404 ], [ 432612.024743815418333, 6066211.978745458647609 ] ], [ [ 430928.744937514187768, 6065155.863643147051334 ], [ 430953.868516712798737, 6065159.028264444321394 ], [ 430955.99510003667092, 6065155.229475163854659 ], [ 430970.048934823367745, 6065130.125613862648606 ], [ 430978.992095911235083, 6065114.263681780546904 ], [ 430984.210299365338869, 6065105.021752562373877 ], [ 430998.324691365181934, 6065079.917891261167824 ], [ 431004.115675109787844, 6065069.609597260132432 ], [ 431012.429887301288545, 6065054.814029960893095 ], [ 431026.542016037506983, 6065029.710168659687042 ], [ 431029.239254308282398, 6065024.934791143983603 ], [ 431040.698084844276309, 6065004.606307359412313 ], [ 431054.362833506835159, 6064980.053397743031383 ], [ 431054.675820737786125, 6064979.502446057274938 ], [ 431069.002875893609598, 6064954.39858475793153 ], [ 431054.362833506835159, 6064939.002854218706489 ], [ 431037.999108211952262, 6064929.294723456725478 ], [ 431029.239254308282398, 6064924.508747779764235 ], [ 431004.115675109787844, 6064910.93850845657289 ], [ 430991.91066735133063, 6064904.190862156450748 ], [ 430978.992095911235083, 6064897.161506769247353 ], [ 430953.868516712740529, 6064883.061356011778116 ], [ 430946.588428056100383, 6064879.087000856176019 ], [ 430928.744937514187768, 6064869.383815388195217 ], [ 430903.621358315693215, 6064855.70515594817698 ], [ 430900.479626323969569, 6064853.983139555901289 ], [ 430878.497779117140453, 6064841.910419106483459 ], [ 430878.210940141580068, 6064853.983139554038644 ], [ 430877.635522121388931, 6064879.087000855244696 ], [ 430853.374199918587692, 6064902.48774785362184 ], [ 430851.669747899461072, 6064904.190862156450748 ], [ 430851.157037376950029, 6064929.294723456725478 ], [ 430850.665879290667363, 6064954.39858475793153 ], [ 430850.194722232059576, 6064979.50244605820626 ], [ 430828.250620720093139, 6065000.73978241533041 ], [ 430828.250620720093139, 6065004.606307359412313 ], [ 430828.250620720093139, 6065029.710168659687042 ], [ 430828.250620720093139, 6065033.688557467423379 ], [ 430850.077057983609848, 6065054.814029960893095 ], [ 430853.374199918704107, 6065058.108584179542959 ], [ 430875.93079416960245, 6065079.917891261167824 ], [ 430878.497779117198661, 6065082.482861545868218 ], [ 430901.835071823908947, 6065105.021752562373877 ], [ 430903.621358315693215, 6065106.806637112051249 ], [ 430927.795327894331422, 6065130.125613862648606 ], [ 430928.110271421843208, 6065155.229475162923336 ], [ 430928.744937514187768, 6065155.863643147051334 ] ], [ [ 435275.124138858867809, 6061979.227975931949914 ], [ 435298.523951844719704, 6061967.039089966565371 ], [ 435300.247718057478778, 6061965.347446133382618 ], [ 435312.102472646161914, 6061941.935228666290641 ], [ 435324.811995191907045, 6061916.831367365084589 ], [ 435325.371297255973332, 6061915.727471644990146 ], [ 435337.531168919987977, 6061891.727506063878536 ], [ 435350.25021337904036, 6061866.623644763603806 ], [ 435350.494876454526093, 6061866.14055116660893 ], [ 435362.964615057804622, 6061841.519783463329077 ], [ 435375.618455653078854, 6061816.533309398218989 ], [ 435375.677906560944393, 6061816.415922162123024 ], [ 435388.368254012428224, 6061791.312060861848295 ], [ 435400.742034851631615, 6061766.834218984469771 ], [ 435401.058493007032666, 6061766.208199560642242 ], [ 435413.884593827766366, 6061741.104338260367513 ], [ 435425.865614050067961, 6061717.775416283868253 ], [ 435426.774891163571738, 6061716.00047695916146 ], [ 435440.031521065742709, 6061690.896615658886731 ], [ 435450.989193248620722, 6061672.419924264773726 ], [ 435454.683525757864118, 6061665.792754357680678 ], [ 435471.053284060675651, 6061640.688893057405949 ], [ 435476.112772447115276, 6061633.177983986213803 ], [ 435487.96373006713111, 6061615.585031756199896 ], [ 435501.236351645668037, 6061595.881594711914659 ], [ 435504.874178111786023, 6061590.481170454993844 ], [ 435521.784600568469614, 6061565.377309154719114 ], [ 435526.359930844162591, 6061558.585151967592537 ], [ 435538.695036144112237, 6061540.273447854444385 ], [ 435551.48351004277356, 6061521.288709224201739 ], [ 435555.605471069808118, 6061515.169586553238332 ], [ 435572.515924329869449, 6061490.065725252963603 ], [ 435576.607089241268113, 6061483.992319949902594 ], [ 435589.426359211327508, 6061464.96186395175755 ], [ 435601.730668439762667, 6061446.695877206511796 ], [ 435606.336794831091538, 6061439.858002651482821 ], [ 435623.247217243653722, 6061414.754141350276768 ], [ 435626.854247638315428, 6061409.399434462189674 ], [ 435640.157665332430042, 6061389.650280049070716 ], [ 435651.977826836868189, 6061372.10304518789053 ], [ 435657.068111294705886, 6061364.546418748795986 ], [ 435659.997460311162286, 6061339.442557448521256 ], [ 435660.973695103079081, 6061314.338696147315204 ], [ 435661.932539959088899, 6061289.234834846109152 ], [ 435662.490580594865605, 6061264.130973545834422 ], [ 435663.219254744937643, 6061239.02711224462837 ], [ 435664.326193718472496, 6061213.92325094435364 ], [ 435665.438795199501328, 6061188.819389643147588 ], [ 435666.51911653787829, 6061163.715528342872858 ], [ 435667.616194410598837, 6061138.611667041666806 ], [ 435668.713728048140183, 6061113.507805741392076 ], [ 435668.062319386459421, 6061088.403944440186024 ], [ 435660.232587710255757, 6061063.300083139911294 ], [ 435664.447969461209141, 6061038.196221838705242 ], [ 435672.551235599908978, 6061013.092360538430512 ], [ 435670.387500479118899, 6060987.98849923722446 ], [ 435669.768042878364213, 6060962.88463793694973 ], [ 435652.470631970616523, 6060937.780776635743678 ], [ 435651.977826836809982, 6060919.689453357830644 ], [ 435648.612457652576268, 6060912.676915335468948 ], [ 435628.051281495194416, 6060887.573054034262896 ], [ 435626.854247638315428, 6060867.435019492171705 ], [ 435623.503490879316814, 6060862.469192733988166 ], [ 435603.593149162305053, 6060837.365331432782114 ], [ 435601.730668439762667, 6060817.151055417954922 ], [ 435597.974784589430783, 6060812.261470131576061 ], [ 435578.795811468211468, 6060787.157608831301332 ], [ 435576.607089241268113, 6060784.97060439363122 ], [ 435554.572852451354265, 6060762.053747530095279 ], [ 435553.713458182639442, 6060736.949886229820549 ], [ 435551.48351004277356, 6060734.721688234247267 ], [ 435530.014554534864146, 6060711.846024928614497 ], [ 435528.491478546580765, 6060686.742163627408445 ], [ 435526.359930844104383, 6060684.612288841046393 ], [ 435505.399503708351403, 6060661.638302327133715 ], [ 435503.219003846636042, 6060636.534441025927663 ], [ 435501.236351645668037, 6060634.553344883024693 ], [ 435480.310363533906639, 6060611.430579725652933 ], [ 435477.944588093436323, 6060586.326718425378203 ], [ 435476.112772447115276, 6060584.496340454556048 ], [ 435455.220757602655794, 6060561.222857124172151 ], [ 435452.668193081801292, 6060536.118995822966099 ], [ 435450.989193248620722, 6060534.441313730552793 ], [ 435430.013599878759123, 6060511.015134522691369 ], [ 435425.865614050067961, 6060506.870404183864594 ], [ 435406.595810745260678, 6060485.911273223347962 ], [ 435404.766167030960787, 6060460.807411921210587 ], [ 435400.742034851573408, 6060456.786438026465476 ], [ 435381.501342747593299, 6060435.703550620004535 ], [ 435379.517262869281694, 6060410.599689319729805 ], [ 435375.618455653020646, 6060406.703942028805614 ], [ 435356.390556058671791, 6060385.495828019455075 ], [ 435354.266861019597854, 6060360.391966718249023 ], [ 435350.494876454526093, 6060356.622942543588579 ], [ 435330.584443536354229, 6060335.288105418905616 ], [ 435329.014934904465917, 6060310.184244116768241 ], [ 435325.371297256031539, 6060306.543466127477586 ], [ 435304.709137430239934, 6060285.080382816493511 ], [ 435300.247718057478778, 6060280.622464927844703 ], [ 435278.947269463853445, 6060259.976521515287459 ], [ 435275.124138858926017, 6060259.976521515287459 ], [ 435271.301008253940381, 6060259.976521515287459 ], [ 435250.000559660431463, 6060281.565687618218362 ], [ 435224.876980461878702, 6060282.081204354763031 ], [ 435221.875446287216619, 6060285.080382816493511 ], [ 435199.753401263325941, 6060307.584788804873824 ], [ 435197.151904203055892, 6060310.184244115836918 ], [ 435174.629822064831387, 6060333.09980502165854 ], [ 435149.506242866395041, 6060333.707200655713677 ], [ 435147.924096378381364, 6060335.288105417974293 ], [ 435124.382663667784072, 6060359.285709958523512 ], [ 435123.275537995214108, 6060360.391966718249023 ], [ 435099.259084469289519, 6060384.881293009035289 ], [ 435077.676951703149825, 6060385.495828019455075 ], [ 435074.135505270736758, 6060396.956079071387649 ], [ 435070.020843928505201, 6060410.599689319729805 ], [ 435062.476403480453882, 6060435.703550620935857 ], [ 435063.69115349749336, 6060460.807411921210587 ], [ 435071.769533592625521, 6060485.911273222416639 ], [ 435074.13550527067855, 6060495.080471323803067 ], [ 435079.675667084462475, 6060511.015134522691369 ], [ 435079.675516674178652, 6060536.118995823897421 ], [ 435079.67536626389483, 6060561.222857124172151 ], [ 435081.890914254880045, 6060586.326718425378203 ], [ 435084.464088900538627, 6060611.430579725652933 ], [ 435087.037263546139002, 6060636.534441026858985 ], [ 435089.610438191797584, 6060661.638302327133715 ], [ 435092.183612837397959, 6060686.742163628339767 ], [ 435094.756787483056542, 6060711.846024928614497 ], [ 435097.329962128715124, 6060736.949886229820549 ], [ 435099.259084469289519, 6060755.770380887202919 ], [ 435099.903136774315499, 6060762.053747530095279 ], [ 435102.476311419974081, 6060787.157608831301332 ], [ 435105.049486065574456, 6060812.261470131576061 ], [ 435107.622660711174831, 6060837.365331432782114 ], [ 435110.7354108656873, 6060862.469192733988166 ], [ 435124.382663667784072, 6060876.778536764904857 ], [ 435141.913388276589103, 6060887.573054035194218 ], [ 435149.506242866336834, 6060892.161017598584294 ], [ 435174.62982206477318, 6060907.067091467790306 ], [ 435182.692841891781427, 6060912.676915335468948 ], [ 435174.629822064831387, 6060925.833349073305726 ], [ 435169.945642832724843, 6060937.780776635743678 ], [ 435151.052107317664195, 6060962.88463793694973 ], [ 435149.506242866336834, 6060964.938629724085331 ], [ 435132.158539079071488, 6060987.98849923722446 ], [ 435149.506242866336834, 6061010.519388945773244 ], [ 435153.337022352381609, 6061013.092360538430512 ], [ 435149.506242866336834, 6061027.613194242119789 ], [ 435147.278894320013933, 6061038.196221838705242 ], [ 435136.914990211080294, 6061063.300083139911294 ], [ 435126.551092412264552, 6061088.403944440186024 ], [ 435124.382663667784072, 6061093.656383623369038 ], [ 435116.187158144428395, 6061113.507805742323399 ], [ 435105.823277884337585, 6061138.611667040735483 ], [ 435099.259084469289519, 6061154.511717766523361 ], [ 435095.45936271827668, 6061163.715528342872858 ], [ 435085.095428450382315, 6061188.819389643147588 ], [ 435074.135505270736758, 6061208.916930692270398 ], [ 435070.609735083358828, 6061213.92325094435364 ], [ 435049.011926072242204, 6061230.296551203355193 ], [ 435037.495512426132336, 6061239.02711224462837 ], [ 435023.888346873689443, 6061249.34266646951437 ], [ 435004.381281911744736, 6061264.130973545834422 ], [ 434998.764767675194889, 6061268.388853313401341 ], [ 434973.641188476642128, 6061287.435040155425668 ], [ 434971.267102533893194, 6061289.234834846109152 ], [ 434948.517609278147575, 6061306.894306999631226 ], [ 434942.728098710591439, 6061314.338696147315204 ], [ 434937.429097943124361, 6061339.442557448521256 ], [ 434936.443966194347013, 6061364.546418748795986 ], [ 434935.458812678931281, 6061389.650280049070716 ], [ 434930.108418550109491, 6061414.754141349345446 ], [ 434923.394030079594813, 6061435.592973563820124 ], [ 434922.019818575354293, 6061439.858002651482821 ], [ 434913.930720416305121, 6061464.96186395175755 ], [ 434905.841590112599079, 6061490.065725252963603 ], [ 434898.27045088110026, 6061509.9244020935148 ], [ 434895.941665297956206, 6061515.169586553238332 ], [ 434884.672412354499102, 6061540.273447854444385 ], [ 434873.302743684442248, 6061565.377309154719114 ], [ 434873.146871682547498, 6061565.726263386197388 ], [ 434862.101908979821019, 6061590.481170454993844 ], [ 434850.80143337638583, 6061615.585031756199896 ], [ 434848.023292483994737, 6061621.783863847143948 ], [ 434839.552947548101656, 6061640.688893057405949 ], [ 434828.299754799751099, 6061665.792754357680678 ], [ 434822.899713285500184, 6061677.84180151950568 ], [ 434817.048915511462837, 6061690.896615658886731 ], [ 434812.978246888378635, 6061716.000476958230138 ], [ 434822.899713285441976, 6061721.660142478533089 ], [ 434848.023292484052945, 6061735.991749186068773 ], [ 434856.985758392489515, 6061741.104338260367513 ], [ 434873.146871682547498, 6061750.323355892673135 ], [ 434898.27045088110026, 6061764.654962598346174 ], [ 434900.993295239226427, 6061766.208199560642242 ], [ 434923.394030079594813, 6061778.986619759351015 ], [ 434945.000762810115702, 6061791.312060862779617 ], [ 434948.517609278147575, 6061793.302540451288223 ], [ 434973.64118847658392, 6061807.649833170697093 ], [ 434989.008309242606629, 6061816.415922161191702 ], [ 434998.764767675194889, 6061821.930500879883766 ], [ 435023.888346873689443, 6061836.313057049177587 ], [ 435033.015823541907594, 6061841.519783463329077 ], [ 435049.011926072300412, 6061850.549013749696314 ], [ 435074.135505270736758, 6061864.976310450583696 ], [ 435077.023313660174608, 6061866.623644763603806 ], [ 435099.259084469289519, 6061879.158075145445764 ], [ 435121.099606976902578, 6061891.727506065741181 ], [ 435124.382663667784072, 6061893.603538263589144 ], [ 435149.506242866336834, 6061907.757737148553133 ], [ 435165.256924752960913, 6061916.831367365084589 ], [ 435174.629822064889595, 6061922.180381655693054 ], [ 435199.753401263384148, 6061936.348051207140088 ], [ 435209.461283314565662, 6061941.935228666290641 ], [ 435224.876980461878702, 6061950.714150615036488 ], [ 435250.000559660373256, 6061964.941704755648971 ], [ 435253.671708413865417, 6061967.039089966565371 ], [ 435275.124138858867809, 6061979.227975931949914 ] ] ] } },
{ "type": "Feature", "properties": { "id": 0, "cost_level": 300.0 }, "geometry": { "type": "Polygon", "coordinates": [ [ [ 436380.561623594083358, 6067819.549933982081711 ], [ 436405.685202792577911, 6067818.601606516167521 ], [ 436407.972777675138786, 6067816.238773044198751 ], [ 436430.808781991130672, 6067795.66815553419292 ], [ 436435.216018822626211, 6067791.134911743924022 ], [ 436455.932361189625226, 6067769.826006102375686 ], [ 436459.581105890800245, 6067766.031050442717969 ], [ 436481.055940388177987, 6067743.949388511478901 ], [ 436483.956880257930607, 6067740.92718914244324 ], [ 436506.179519586672541, 6067718.085227156989276 ], [ 436508.366987620829605, 6067715.823327841237187 ], [ 436531.303098785167094, 6067692.194252036511898 ], [ 436532.750686503539328, 6067690.719466540962458 ], [ 436556.426677983719856, 6067666.044002294540405 ], [ 436556.846988816396333, 6067665.615605239756405 ], [ 436580.93509004014777, 6067640.511743938550353 ], [ 436581.550257182214409, 6067639.699640135280788 ], [ 436604.740619451680686, 6067615.407882638275623 ], [ 436606.67383638076717, 6067612.332619417458773 ], [ 436627.909193329047412, 6067590.304021337069571 ], [ 436631.797415579261724, 6067581.222952731885016 ], [ 436646.563811478554271, 6067565.200160036794841 ], [ 436631.797415579261724, 6067546.688512838445604 ], [ 436619.902688629110344, 6067540.096298735588789 ], [ 436606.67383638076717, 6067532.764694848097861 ], [ 436581.550257182214409, 6067518.840876857750118 ], [ 436574.606271395401563, 6067514.992437435314059 ], [ 436556.426677983719856, 6067504.917090779170394 ], [ 436531.303098785167094, 6067490.999006780795753 ], [ 436529.296430908958428, 6067489.888576134108007 ], [ 436506.179519586672541, 6067477.115115577355027 ], [ 436483.923445232328959, 6067464.784714833833277 ], [ 436481.05594038811978, 6067463.198373848572373 ], [ 436455.932361189625226, 6067449.319417691789567 ], [ 436438.472949845017865, 6067439.680853532627225 ], [ 436430.808781991072465, 6067435.452690276317298 ], [ 436405.685202792577911, 6067421.580165079794824 ], [ 436392.999571047956124, 6067414.576992232352495 ], [ 436380.56162359402515, 6067407.710546061396599 ], [ 436355.438044395472389, 6067393.840918065048754 ], [ 436347.526192250894383, 6067389.473130931146443 ], [ 436330.314465197036043, 6067379.971290070563555 ], [ 436305.190885998425074, 6067366.101009573787451 ], [ 436302.052398477622773, 6067364.369269630871713 ], [ 436280.06730679993052, 6067352.232996933162212 ], [ 436256.577196796890348, 6067339.265408329665661 ], [ 436254.943727601377759, 6067338.363678957335651 ], [ 436229.820148402883206, 6067324.465514844283462 ], [ 436211.174810637079645, 6067314.161547029390931 ], [ 436204.696569204330444, 6067310.579106455668807 ], [ 436179.572990005835891, 6067296.685897952876985 ], [ 436165.786346305743791, 6067289.057685728184879 ], [ 436154.449410807341337, 6067282.7849081158638 ], [ 436129.325831608788576, 6067268.883892534300685 ], [ 436120.415617308346555, 6067263.953824427910149 ], [ 436104.202252410235815, 6067254.982896404340863 ], [ 436079.078673211741261, 6067241.081906567327678 ], [ 436075.044830409169663, 6067238.849963126704097 ], [ 436053.955094013130292, 6067227.180916730314493 ], [ 436032.098069778701756, 6067238.849963126704097 ], [ 436049.037548594584223, 6067263.953824427910149 ], [ 436053.955094013130292, 6067270.707184185273945 ], [ 436067.317246783990413, 6067289.057685727253556 ], [ 436079.078673211741261, 6067305.209910250268877 ], [ 436085.596918766445015, 6067314.161547029390931 ], [ 436103.876607774524018, 6067339.265408329665661 ], [ 436104.202252410235815, 6067339.712623240426183 ], [ 436122.15629586513387, 6067364.369269631803036 ], [ 436129.325831608846784, 6067374.215336231514812 ], [ 436140.435968764941208, 6067389.473130931146443 ], [ 436154.449410807224922, 6067408.718060565181077 ], [ 436158.715666954347398, 6067414.576992232352495 ], [ 436176.995361513050739, 6067439.680853532627225 ], [ 436179.572990005835891, 6067443.220762212760746 ], [ 436195.275027944764588, 6067464.784714833833277 ], [ 436204.696569204330444, 6067477.72349875420332 ], [ 436213.554726134228986, 6067489.888576134108007 ], [ 436229.820148402883206, 6067512.226236795075238 ], [ 436231.834391772456001, 6067514.992437435314059 ], [ 436250.114087124704383, 6067540.096298735588789 ], [ 436254.943727601435967, 6067546.728949785232544 ], [ 436268.39376887108665, 6067565.200160036794841 ], [ 436280.06730679993052, 6067581.231662776321173 ], [ 436286.673448115121573, 6067590.304021336138248 ], [ 436304.95314596965909, 6067615.407882638275623 ], [ 436305.190885998425074, 6067615.734375766478479 ], [ 436323.232809105538763, 6067640.511743938550353 ], [ 436330.314465196919627, 6067650.23711852915585 ], [ 436341.512507295003161, 6067665.615605239756405 ], [ 436355.438044395472389, 6067684.73985034879297 ], [ 436359.792176229064353, 6067690.719466540962458 ], [ 436378.071868285420351, 6067715.823327841237187 ], [ 436365.165254179039039, 6067740.92718914244324 ], [ 436355.438044395472389, 6067754.696134367026389 ], [ 436335.026976618857589, 6067766.031050443649292 ], [ 436330.851525524572935, 6067791.134911743924022 ], [ 436355.438044395472389, 6067816.129613055847585 ], [ 436356.234894475550391, 6067816.238773044198751 ], [ 436380.561623594083358, 6067819.549933982081711 ] ], [ [ 436028.831514814693946, 6067219.041180332191288 ], [ 436029.674043510050979, 6067213.746101826429367 ], [ 436028.831514814693946, 6067213.279926299117506 ], [ 436027.438212755776476, 6067213.74610182736069 ], [ 436028.831514814693946, 6067219.041180332191288 ] ], [ [ 432536.654006219760049, 6065944.060123354196548 ], [ 432550.4173764406587, 6065933.449175487272441 ], [ 432561.777585418371018, 6065914.296486512757838 ], [ 432564.768506339867599, 6065908.345314186066389 ], [ 432577.680185586505104, 6065883.241452885791659 ], [ 432586.901164616807364, 6065865.919049480929971 ], [ 432591.020848545187619, 6065858.137591584585607 ], [ 432604.49834446341265, 6065833.033730284310877 ], [ 432610.655400012852624, 6065807.929868983104825 ], [ 432610.283165998873301, 6065782.826007682830095 ], [ 432609.910949214536231, 6065757.722146381624043 ], [ 432609.53871381393401, 6065732.618285080417991 ], [ 432612.024743815360125, 6065707.786551275290549 ], [ 432612.062674984859768, 6065707.514423780143261 ], [ 432616.561890954617411, 6065682.410562479868531 ], [ 432621.061116941273212, 6065657.306701177731156 ], [ 432625.56033789855428, 6065632.202839878387749 ], [ 432630.059566713753156, 6065607.098978577181697 ], [ 432634.377893673605286, 6065581.995117276906967 ], [ 432637.148323013854679, 6065560.56457551009953 ], [ 432637.62293903628597, 6065556.891255975700915 ], [ 432640.844946918543428, 6065531.787394675426185 ], [ 432644.078471062763128, 6065506.683533374220133 ], [ 432647.318303858279251, 6065481.579672073945403 ], [ 432650.570058499579318, 6065456.475810772739351 ], [ 432653.835666388855316, 6065431.371949472464621 ], [ 432655.210502482834272, 6065406.268088171258569 ], [ 432656.149780155566987, 6065381.164226869121194 ], [ 432656.924278571386822, 6065356.060365569777787 ], [ 432657.49781263578916, 6065330.956504268571734 ], [ 432662.27190221240744, 6065310.466727704741061 ], [ 432663.846467944851611, 6065305.852642968297005 ], [ 432668.434296068851836, 6065280.748781668022275 ], [ 432662.27190221240744, 6065276.16182338539511 ], [ 432637.148323013854679, 6065257.675413198769093 ], [ 432635.112886518181767, 6065255.644920366816223 ], [ 432612.024743815360125, 6065232.119689434766769 ], [ 432610.29426550748758, 6065230.54105906561017 ], [ 432586.901164616807364, 6065207.452760824002326 ], [ 432584.641514964750968, 6065205.437197765335441 ], [ 432561.77758541831281, 6065185.043022181838751 ], [ 432556.498369338223711, 6065180.333336465060711 ], [ 432536.654006219760049, 6065162.630818044766784 ], [ 432528.334084149450064, 6065155.229475163854659 ], [ 432511.530427021265496, 6065140.240103224292397 ], [ 432500.227023804560304, 6065130.125613862648606 ], [ 432486.406847822712734, 6065117.791039792820811 ], [ 432471.707201976387296, 6065105.021752562373877 ], [ 432461.283268624159973, 6065095.756776448339224 ], [ 432436.159689425723627, 6065099.677271826192737 ], [ 432412.595796764595434, 6065105.021752562373877 ], [ 432411.036110227112658, 6065105.375501440837979 ], [ 432410.202915055386256, 6065105.021752562373877 ], [ 432405.558805286418647, 6065079.917891262099147 ], [ 432411.036110227112658, 6065069.838010578416288 ], [ 432419.178203630726784, 6065054.814029960893095 ], [ 432418.974965919973329, 6065029.710168659687042 ], [ 432411.036110227112658, 6065016.491411123424768 ], [ 432403.898213687585667, 6065004.606307359412313 ], [ 432388.82145918085007, 6064979.50244605820626 ], [ 432385.912531028618105, 6064974.658876986242831 ], [ 432373.744699093163945, 6064954.39858475793153 ], [ 432360.788951830065344, 6064932.826358334161341 ], [ 432358.667939005419612, 6064929.294723456725478 ], [ 432343.591185114695691, 6064904.190862156450748 ], [ 432335.66537263157079, 6064890.993822488933802 ], [ 432328.514432882308029, 6064879.087000855244696 ], [ 432312.863872530055232, 6064853.983139554969966 ], [ 432310.541793433018029, 6064851.133368623442948 ], [ 432285.418214234523475, 6064837.243052643723786 ], [ 432270.29215015884256, 6064828.879278253763914 ], [ 432260.294635035970714, 6064823.351665110327303 ], [ 432235.17105583747616, 6064809.46627860981971 ], [ 432224.872928478638642, 6064803.775416952557862 ], [ 432210.047476638865191, 6064795.588349265046418 ], [ 432184.923897440428846, 6064791.033267864957452 ], [ 432159.800318241876084, 6064801.464182827621698 ], [ 432154.233559856424108, 6064803.775416952557862 ], [ 432134.676739043439738, 6064811.895124655216932 ], [ 432123.17251743801171, 6064803.775416952557862 ], [ 432109.55315984482877, 6064792.519208150915802 ], [ 432087.381250055506825, 6064778.671555652283132 ], [ 432084.429580646334216, 6064777.034559451974928 ], [ 432059.306001447781455, 6064768.320426031947136 ], [ 432034.182422249345109, 6064762.708427233621478 ], [ 432009.05884305073414, 6064757.09642843529582 ], [ 431993.26154276356101, 6064753.56769435107708 ], [ 431983.935263852239586, 6064751.484432102181017 ], [ 431958.811684653628618, 6064745.87246055342257 ], [ 431933.688105455192272, 6064740.260461755096912 ], [ 431908.56452625663951, 6064734.648462956771255 ], [ 431883.440947058144957, 6064729.036464157514274 ], [ 431880.877414260641672, 6064728.46383305080235 ], [ 431858.317367859592196, 6064723.633760809898376 ], [ 431833.193788661039434, 6064718.461065738461912 ], [ 431808.070209462544881, 6064713.57129136659205 ], [ 431782.946630264050327, 6064708.799937107600272 ], [ 431757.823051065497566, 6064704.279669123701751 ], [ 431742.949465500656515, 6064728.46383305080235 ], [ 431732.699471866944805, 6064747.838913584128022 ], [ 431729.682394835923333, 6064753.567694352008402 ], [ 431716.144852084922604, 6064778.671555652283132 ], [ 431707.575892668450251, 6064794.355855700559914 ], [ 431702.429610217397567, 6064803.775416952557862 ], [ 431688.71436834987253, 6064828.879278253763914 ], [ 431682.452313469955698, 6064840.341127668507397 ], [ 431674.999150894291233, 6064853.983139555901289 ], [ 431661.283909026707988, 6064879.087000855244696 ], [ 431657.328734271402936, 6064886.326403517276049 ], [ 431647.568667159182951, 6064904.190862156450748 ], [ 431633.853425291657913, 6064929.294723456725478 ], [ 431632.205155072908383, 6064932.311660453677177 ], [ 431620.138207836076617, 6064954.39858475793153 ], [ 431607.081575874355622, 6064978.374363449402153 ], [ 431606.471228665090166, 6064979.50244605820626 ], [ 431594.010740839468781, 6065004.606307359412313 ], [ 431607.081575874355622, 6065019.234783725813031 ], [ 431622.234179708175361, 6065029.710168659687042 ], [ 431632.205155072966591, 6065036.601319272071123 ], [ 431657.328734271402936, 6065054.003474090248346 ], [ 431658.48619492695434, 6065054.814029960893095 ], [ 431682.452313469955698, 6065071.639826139435172 ], [ 431694.332981822721194, 6065079.917891261167824 ], [ 431707.575892668450251, 6065089.18658541329205 ], [ 431730.346957529603969, 6065105.021752562373877 ], [ 431732.699471867003012, 6065106.6577103799209 ], [ 431757.823051065497566, 6065122.898900345899165 ], [ 431773.105574351735413, 6065130.125613862648606 ], [ 431782.946630264050327, 6065134.779196942225099 ], [ 431808.070209462544881, 6065146.659482847899199 ], [ 431829.780500779568683, 6065155.229475162923336 ], [ 431833.193788661097642, 6065156.751070280559361 ], [ 431857.399046607140917, 6065180.333336464129388 ], [ 431858.317367859592196, 6065181.470281980931759 ], [ 431883.440947058144957, 6065194.944757686927915 ], [ 431899.132274611503817, 6065205.437197765335441 ], [ 431883.440947058144957, 6065217.020389195531607 ], [ 431876.241483530960977, 6065230.54105906561017 ], [ 431862.443702190939803, 6065255.644920366816223 ], [ 431858.317367859592196, 6065263.164246349595487 ], [ 431848.667277885135263, 6065280.748781668022275 ], [ 431833.193788661097642, 6065299.701547489501536 ], [ 431828.025301330664661, 6065305.852642968297005 ], [ 431810.893819612800144, 6065330.956504268571734 ], [ 431808.070209462544881, 6065341.275185445323586 ], [ 431805.302780796191655, 6065356.060365568846464 ], [ 431806.05330927396426, 6065381.164226870052516 ], [ 431808.070209462544881, 6065402.084137534722686 ], [ 431808.473586463718675, 6065406.268088171258569 ], [ 431810.89386365347309, 6065431.371949471533298 ], [ 431813.314140843227506, 6065456.475810773670673 ], [ 431827.731553766061552, 6065481.579672073945403 ], [ 431833.193788661097642, 6065487.947594495490193 ], [ 431847.835411441046745, 6065506.683533374220133 ], [ 431858.317367859592196, 6065521.735739011317492 ], [ 431866.225005826738197, 6065531.787394675426185 ], [ 431882.313036127423402, 6065556.891255974769592 ], [ 431883.440947058144957, 6065560.247784131206572 ], [ 431890.748815927712712, 6065581.995117276906967 ], [ 431899.184601233515423, 6065607.098978577181697 ], [ 431907.620377204846591, 6065632.202839878387749 ], [ 431908.564526256697718, 6065635.012514640577137 ], [ 431925.7964635642129, 6065657.306701178662479 ], [ 431933.688105455250479, 6065663.827848471701145 ], [ 431958.811684653745033, 6065678.507198941893876 ], [ 431965.405506029259413, 6065682.410562479868531 ], [ 431983.935263852239586, 6065693.193212661892176 ], [ 432009.05884305073414, 6065706.925290215760469 ], [ 432010.142311064118985, 6065707.514423780143261 ], [ 432034.182422249286901, 6065720.586186124011874 ], [ 432059.306001447781455, 6065727.749706538394094 ], [ 432070.353627955191769, 6065707.514423780143261 ], [ 432083.980031689861789, 6065682.410562479868531 ], [ 432084.429580646334216, 6065682.122667378745973 ], [ 432109.55315984482877, 6065678.349262565374374 ], [ 432134.676739043381531, 6065681.652455161325634 ], [ 432156.46185862791026, 6065682.410562479868531 ], [ 432159.800318241876084, 6065682.506224265322089 ], [ 432184.923897440428846, 6065684.975755590945482 ], [ 432210.047476638865191, 6065688.112155670300126 ], [ 432235.17105583747616, 6065689.51498026587069 ], [ 432260.294635035970714, 6065688.176534032449126 ], [ 432269.489602075482253, 6065707.514423780143261 ], [ 432285.418214234523475, 6065723.610160963609815 ], [ 432294.358855061873328, 6065732.618285081349313 ], [ 432310.541793433018029, 6065748.867636202834547 ], [ 432318.110441138851456, 6065757.72214638069272 ], [ 432335.66537263157079, 6065775.557977320626378 ], [ 432341.461241481651086, 6065782.826007682830095 ], [ 432360.788951830065344, 6065805.459434479475021 ], [ 432362.785835759248585, 6065807.929868983104825 ], [ 432383.00061701994855, 6065833.033730284310877 ], [ 432385.912531028618105, 6065836.540943349711597 ], [ 432403.36935757054016, 6065858.137591584585607 ], [ 432411.036110227112658, 6065867.622474517673254 ], [ 432426.382846319989767, 6065883.241452885791659 ], [ 432436.159689425607212, 6065891.034664778038859 ], [ 432461.283268624218181, 6065904.786175000481308 ], [ 432467.817457515397109, 6065908.345314186066389 ], [ 432486.406847822712734, 6065918.003351893275976 ], [ 432511.530427021265496, 6065930.997321581467986 ], [ 432516.239089805516414, 6065933.449175487272441 ], [ 432536.654006219760049, 6065944.060123354196548 ] ], [ [ 431961.581772582372651, 6065230.54105906561017 ], [ 431958.811684653686825, 6065229.034143200144172 ], [ 431933.688105455192272, 6065215.369822584092617 ], [ 431915.369231473538093, 6065205.437197765335441 ], [ 431908.56452625663951, 6065189.943257953040302 ], [ 431903.258708791749086, 6065180.333336464129388 ], [ 431908.56452625663951, 6065173.511365057900548 ], [ 431917.154721058323048, 6065155.229475163854659 ], [ 431932.94852752686711, 6065130.125613862648606 ], [ 431933.688105455192272, 6065129.784788313321769 ], [ 431958.811684653686825, 6065125.512040259316564 ], [ 431983.935263852239586, 6065119.533338660374284 ], [ 432009.05884305073414, 6065110.312947793863714 ], [ 432020.143293071829248, 6065105.021752562373877 ], [ 432034.182422249286901, 6065097.63442363217473 ], [ 432047.051521881425288, 6065079.917891261167824 ], [ 432059.306001447781455, 6065065.606553334742785 ], [ 432083.968984350620303, 6065054.814029960893095 ], [ 432084.429580646334216, 6065054.085608059540391 ], [ 432084.836887885583565, 6065054.814029960893095 ], [ 432109.55315984482877, 6065075.434148406609893 ], [ 432112.500806310970802, 6065079.917891261167824 ], [ 432129.004274607636034, 6065105.021752562373877 ], [ 432134.676739043323323, 6065113.650287962518632 ], [ 432145.507742904126644, 6065130.125613862648606 ], [ 432159.800318241876084, 6065140.586042510345578 ], [ 432184.923897440428846, 6065154.660318518057466 ], [ 432185.997541302407626, 6065155.229475163854659 ], [ 432185.332331801822875, 6065180.333336464129388 ], [ 432184.923897440428846, 6065180.49811034835875 ], [ 432159.800318241876084, 6065194.162571641616523 ], [ 432134.676739043381531, 6065201.003087058663368 ], [ 432109.55315984482877, 6065202.46145277749747 ], [ 432084.429580646276008, 6065203.722182381898165 ], [ 432068.133392538758926, 6065205.437197765335441 ], [ 432059.306001447781455, 6065206.317677381448448 ], [ 432034.182422249286901, 6065222.047714411281049 ], [ 432015.056881453085225, 6065230.54105906561017 ], [ 432009.05884305073414, 6065233.204691322520375 ], [ 431983.935263852239586, 6065241.947825171984732 ], [ 431961.581772582372651, 6065230.54105906561017 ] ], [ [ 432888.384114999091253, 6065285.764552014879882 ], [ 432913.507694197644014, 6065283.711795546114445 ], [ 432938.631273396138567, 6065281.659055897966027 ], [ 432943.750488151912577, 6065280.74878166615963 ], [ 432963.754852594691329, 6065277.711442152038217 ], [ 432982.585064451908693, 6065280.748781668022275 ], [ 432988.878431793185882, 6065281.730007713660598 ], [ 433014.002010991738643, 6065286.832375785335898 ], [ 433039.125590190233197, 6065291.785026465542614 ], [ 433064.249169388785958, 6065296.711383818648756 ], [ 433089.372748587280512, 6065301.471110261045396 ], [ 433114.496327785833273, 6065295.646148744039237 ], [ 433139.619906984269619, 6065288.769960144534707 ], [ 433164.743486182880588, 6065281.893771545961499 ], [ 433168.926943849015515, 6065280.748781667090952 ], [ 433189.867065381375141, 6065273.127199555747211 ], [ 433208.431170161464252, 6065255.644920366816223 ], [ 433214.99064457998611, 6065246.774621767923236 ], [ 433227.030993855674751, 6065230.54105906561017 ], [ 433240.114223778480664, 6065212.883169441483915 ], [ 433245.646595704311039, 6065205.437197765335441 ], [ 433264.308571669855155, 6065180.333336464129388 ], [ 433265.237802976975217, 6065179.089398138225079 ], [ 433282.937086774618365, 6065155.229475162923336 ], [ 433290.361382175527979, 6065145.254532540217042 ], [ 433301.758048984163906, 6065130.125613862648606 ], [ 433315.484961374022532, 6065111.605514332652092 ], [ 433320.816618503187783, 6065105.021752562373877 ], [ 433315.484961374022532, 6065092.042236515320837 ], [ 433306.740739112836309, 6065079.917891261167824 ], [ 433290.361382175469771, 6065070.875471433624625 ], [ 433265.237802976975217, 6065056.896718384698033 ], [ 433261.482794095296413, 6065054.814029960893095 ], [ 433240.114223778480664, 6065042.961577550508082 ], [ 433216.220934071345255, 6065029.71016865875572 ], [ 433214.99064457998611, 6065029.028971393592656 ], [ 433189.867065381375141, 6065015.093742825090885 ], [ 433164.743486182880588, 6065008.324053358286619 ], [ 433139.619906984269619, 6065013.233041838742793 ], [ 433114.496327785891481, 6065018.70932412520051 ], [ 433089.372748587280512, 6065024.185604453086853 ], [ 433064.249169388785958, 6065029.661893647164106 ], [ 433064.130229154136032, 6065029.710168659687042 ], [ 433039.125590190233197, 6065040.833041459321976 ], [ 433014.002010991738643, 6065052.402196988463402 ], [ 432988.87843179324409, 6065046.382698732428253 ], [ 432963.754852594691329, 6065040.363199243322015 ], [ 432938.631273396138567, 6065035.997152868658304 ], [ 432913.507694197644014, 6065052.04584376886487 ], [ 432911.998282355023548, 6065054.814029960893095 ], [ 432898.298010566737503, 6065079.917891261167824 ], [ 432888.384114999033045, 6065098.059314707294106 ], [ 432884.576719328702893, 6065105.021752562373877 ], [ 432870.857365230680443, 6065130.125613862648606 ], [ 432863.260535800596699, 6065144.024489192292094 ], [ 432857.109785081585869, 6065155.229475163854659 ], [ 432843.348518084036186, 6065180.333336464129388 ], [ 432838.136956602102146, 6065189.85295033827424 ], [ 432829.585092042805627, 6065205.437197765335441 ], [ 432815.921171616355423, 6065230.54105906561017 ], [ 432824.185395013832022, 6065255.644920366816223 ], [ 432838.13695660198573, 6065263.385604464448988 ], [ 432863.260535800596699, 6065277.348090338520706 ], [ 432871.346029208507389, 6065280.748781667090952 ], [ 432888.384114999091253, 6065285.764552014879882 ] ], [ [ 435224.876980461878702, 6061697.603861239738762 ], [ 435237.059825477190316, 6061690.896615658886731 ], [ 435250.000559660431463, 6061686.835846757516265 ], [ 435268.433702169335447, 6061665.792754357680678 ], [ 435275.124138858926017, 6061649.931599264033139 ], [ 435286.309974880306982, 6061640.688893057405949 ], [ 435300.247718057478778, 6061628.957791475579143 ], [ 435308.531264684686903, 6061615.585031755268574 ], [ 435325.371297255915124, 6061594.13775784149766 ], [ 435327.83444445906207, 6061590.481170455925167 ], [ 435344.744867587753106, 6061565.377309154719114 ], [ 435350.494876454467885, 6061556.841315097175539 ], [ 435361.655308725894429, 6061540.273447854444385 ], [ 435375.618455652962439, 6061519.544899087399244 ], [ 435378.565749863919336, 6061515.169586553238332 ], [ 435395.476191002060659, 6061490.065725252963603 ], [ 435400.742034851573408, 6061482.248483079485595 ], [ 435412.386632140143774, 6061464.96186395175755 ], [ 435425.865614050067961, 6061444.952067071571946 ], [ 435429.29707327822689, 6061439.858002651482821 ], [ 435446.207496406917926, 6061414.754141350276768 ], [ 435450.989193248620722, 6061403.719102075323462 ], [ 435457.866175747534726, 6061389.650280049070716 ], [ 435459.051533510093577, 6061364.546418748795986 ], [ 435460.016380715358537, 6061339.442557446658611 ], [ 435460.5226355495397, 6061314.338696146383882 ], [ 435459.408079017768614, 6061289.234834846109152 ], [ 435457.382620543241501, 6061264.130973546765745 ], [ 435455.357162068597972, 6061239.02711224462837 ], [ 435453.331703593954444, 6061213.92325094435364 ], [ 435451.306245119427331, 6061188.819389643147588 ], [ 435450.989193248620722, 6061185.891023394651711 ], [ 435450.325395522697363, 6061188.819389643147588 ], [ 435443.150354066281579, 6061213.92325094435364 ], [ 435425.865614050067961, 6061233.81857259105891 ], [ 435423.715316469781101, 6061239.02711224462837 ], [ 435413.351400410116185, 6061264.130973545834422 ], [ 435402.987484488869086, 6061289.234834846109152 ], [ 435400.742034851573408, 6061294.673836560919881 ], [ 435392.623562033404596, 6061314.338696147315204 ], [ 435375.618455652962439, 6061333.90714568272233 ], [ 435369.464746029931121, 6061339.442557447589934 ], [ 435350.494876454526093, 6061347.008712018840015 ], [ 435325.371297256031539, 6061358.450828826986253 ], [ 435313.46252465917496, 6061364.546418748795986 ], [ 435300.247718057478778, 6061369.336925937794149 ], [ 435275.124138858926017, 6061378.444979254156351 ], [ 435250.000559660431463, 6061387.553674939088523 ], [ 435244.21796010970138, 6061389.650280049070716 ], [ 435224.876980461878702, 6061401.565113877877593 ], [ 435207.47647022397723, 6061414.754141349345446 ], [ 435199.753401263384148, 6061422.339796467684209 ], [ 435185.413940087077208, 6061439.858002651482821 ], [ 435174.629822064889595, 6061444.913353590294719 ], [ 435149.506242866336834, 6061459.794276628643274 ], [ 435142.793752059573308, 6061464.96186395175755 ], [ 435141.078718958073296, 6061490.065725252963603 ], [ 435137.422315294621512, 6061515.169586554169655 ], [ 435131.164439479762223, 6061540.273447854444385 ], [ 435124.382663667725865, 6061558.461812112480402 ], [ 435121.385941346117761, 6061565.377309154719114 ], [ 435110.963618689915165, 6061590.481170455925167 ], [ 435100.431961989437696, 6061615.585031756199896 ], [ 435124.382663667784072, 6061636.726316054351628 ], [ 435133.811862458474934, 6061640.688893057405949 ], [ 435149.506242866336834, 6061646.465288644656539 ], [ 435174.629822064831387, 6061655.676111740060151 ], [ 435190.96844032604713, 6061665.792754357680678 ], [ 435199.753401263384148, 6061670.105548175051808 ], [ 435220.984047177946195, 6061690.896615657955408 ], [ 435224.876980461878702, 6061697.603861239738762 ] ], [ [ 435425.865614050067961, 6060800.957128955051303 ], [ 435450.989193248620722, 6060811.711608001030982 ], [ 435476.112772447173484, 6060797.061131885275245 ], [ 435493.067670258344151, 6060787.157608831301332 ], [ 435501.236351645668037, 6060775.054067369550467 ], [ 435502.889291018247604, 6060762.053747530095279 ], [ 435501.236351645668037, 6060752.275667673908174 ], [ 435498.263512441364583, 6060736.949886229820549 ], [ 435494.316268329217564, 6060711.846024928614497 ], [ 435493.805618734448217, 6060686.742163628339767 ], [ 435484.383991869632155, 6060661.638302327133715 ], [ 435477.015147581347264, 6060636.534441026858985 ], [ 435476.112772447115276, 6060632.720805703662336 ], [ 435466.565201169112697, 6060611.430579725652933 ], [ 435455.085625335457735, 6060586.326718425378203 ], [ 435450.989193248620722, 6060573.468619525432587 ], [ 435444.595541082555428, 6060561.222857124172151 ], [ 435432.71543267252855, 6060536.118995823897421 ], [ 435425.865614050067961, 6060519.958688117563725 ], [ 435420.318742813717108, 6060511.015134522691369 ], [ 435402.148933059535921, 6060485.911273222416639 ], [ 435400.742034851573408, 6060469.69965984672308 ], [ 435394.980262534809299, 6060460.807411921210587 ], [ 435377.061183031299151, 6060435.703550620935857 ], [ 435375.618455653020646, 6060420.282031023874879 ], [ 435366.708132541622035, 6060410.599689319729805 ], [ 435351.953348459966946, 6060385.495828019455075 ], [ 435350.494876454526093, 6060370.843883123248816 ], [ 435335.973984201729763, 6060360.3919667173177 ], [ 435325.989728247513995, 6060335.288105418905616 ], [ 435325.371297255973332, 6060326.831040816381574 ], [ 435300.247718057478778, 6060325.148767134174705 ], [ 435297.191126458579674, 6060335.288105417042971 ], [ 435289.57566996559035, 6060360.391966718249023 ], [ 435281.841838701860979, 6060385.495828019455075 ], [ 435275.124138858926017, 6060404.528617765754461 ], [ 435272.927787893509958, 6060410.599689320661128 ], [ 435263.788585284841247, 6060435.703550620935857 ], [ 435251.138708382495679, 6060460.807411921210587 ], [ 435250.000559660431463, 6060463.394707427360117 ], [ 435241.083424453914631, 6060485.911273222416639 ], [ 435244.441302385763265, 6060511.015134522691369 ], [ 435250.000559660431463, 6060522.203296619467437 ], [ 435258.220511827035807, 6060536.118995823897421 ], [ 435271.289902116521262, 6060561.222857124172151 ], [ 435275.124138858926017, 6060566.716949850320816 ], [ 435288.809473077533767, 6060586.326718425378203 ], [ 435300.247718057478778, 6060602.716638039797544 ], [ 435306.329029136744794, 6060611.430579725652933 ], [ 435323.10690694960067, 6060636.534441026858985 ], [ 435325.371297255973332, 6060654.418041322380304 ], [ 435326.393337266752496, 6060661.638302327133715 ], [ 435328.938050781609491, 6060686.742163628339767 ], [ 435331.511222960543819, 6060711.846024928614497 ], [ 435334.118834559805691, 6060736.949886229820549 ], [ 435350.494876454526093, 6060754.896630126051605 ], [ 435362.170504804234952, 6060762.053747530095279 ], [ 435375.618455653020646, 6060770.30376236513257 ], [ 435400.742034851573408, 6060785.84428286831826 ], [ 435402.858441880671307, 6060787.157608831301332 ], [ 435425.865614050067961, 6060800.957128955051303 ] ] ] } }
]
}
